chunk_id,company,cik,filing_date,risk_category,sentiment,severity,contains_forward_looking_statement,key_entities,parse_error
AAPL_0001193125-21-001982_chunk000,Apple Inc.,0000320193,2021-01-05,none,positive,1,False,"Apple Inc.; Monica Lozano; Securities and Exchange Commission; $100,000; Non-Employee Director Plan",
AAPL_0000320193-21-000009_chunk000,Apple Inc.,0000320193,2021-01-27,none,positive,1,False,Apple Inc.; Securities Exchange Act of 1934; Securities Act of 1933,
AAPL_0001193125-21-032394_chunk000,Apple Inc.,0000320193,2021-02-08,none,positive,1,False,"Apple Inc.; Goldman Sachs & Co. LLC; J.P. Morgan Securities LLC; Morgan Stanley & Co. LLC; The Bank of New York Mellon Trust Company, N.A.; The SEC",
AAPL_0001193125-21-032394_chunk001,Apple Inc.,0000320193,2021-02-08,regulatory,neutral,2,False,Apple Inc.; Goldman Sachs & Co. LLC; J.P. Morgan Securities LLC; Morgan Stanley & Co. LLC,
AAPL_0001193125-21-032394_chunk002,Apple Inc.,0000320193,2021-02-08,none,neutral,1,False,Latham & Watkins LLP,
AAPL_0001193125-21-054710_chunk000,Apple Inc.,0000320193,2021-02-24,none,neutral,1,False,Apple Inc.; Ernst & Young LLP; Al Gore; Andrea Jung; Art Levinson; Monica Lozano; Ron Sugar; Sue Wagner,
AAPL_0001193125-21-054710_chunk001,Apple Inc.,0000320193,2021-02-24,leadership,negative,3,False,shareholder proposal; executive compensation program; Broker Non-Vote,
AAPL_0000320193-21-000055_chunk000,Apple Inc.,0000320193,2021-04-28,none,positive,1,False,Apple Inc.; Securities Exchange Act of 1934; Securities Act of 1933,
AAPL_0000320193-21-000063_chunk000,Apple Inc.,0000320193,2021-07-27,none,positive,1,False,Apple Inc.; Securities Exchange Act of 1934; Securities Act of 1933,
AAPL_0001193125-21-237787_chunk000,Apple Inc.,0000320193,2021-08-05,financial,neutral,2,False,"Apple Inc.; Goldman Sachs & Co. LLC; BofA Securities, Inc.; Barclays Capital Inc.; The Bank of New York Mellon Trust Company, N.A.; The Officer’s Certificate",
AAPL_0001193125-21-237787_chunk001,Apple Inc.,0000320193,2021-08-05,regulatory,neutral,2,False,"Apple Inc.; Goldman Sachs & Co. LLC; BofA Securities, Inc.; Barclays Capital Inc.; Latham & Watkins LLP",
AAPL_0000320193-21-000104_chunk000,Apple Inc.,0000320193,2021-10-28,none,positive,1,False,Apple Inc.,
AAPL_0001193125-21-328151_chunk000,Apple Inc.,0000320193,2021-11-12,none,positive,1,False,"Apple Inc.; Alex Gorsky; $100,000; Non-Employee Director Plan",
AAPL_0000320193-22-000006_chunk000,Apple Inc.,0000320193,2022-01-27,none,positive,1,False,Apple Inc.; Securities Exchange Act of 1934; Securities Act of 1933,
AAPL_0001193125-22-066169_chunk000,Apple Inc.,0000320193,2022-03-04,none,positive,1,False,Apple Inc.; 2022 Plan; 2014 Plan,
AAPL_0001193125-22-066169_chunk001,Apple Inc.,0000320193,2022-03-04,none,neutral,1,False,Apple; James Bell; Tim Cook; Al Gore; Alex Gorsky; Andrea Jung; Art Levinson; Monica Lozano; Ron Sugar; Sue Wagner,
AAPL_0001193125-22-066169_chunk002,Apple Inc.,0000320193,2022-03-04,regulatory,neutral,2,False,Ernst & Young LLP; Apple; executive compensation; 2022 Plan; shareholder proposal; Deeper Purpose; Transparency Reports; Forced Labor; Pay Equity; Civil Rights Audit,
AAPL_0001193125-22-066169_chunk003,Apple Inc.,0000320193,2022-03-04,none,neutral,1,False,shareholder; Civil Rights Audit; Report on Concealment Clauses; 2022 Employee Stock Plan; Performance Award Agreement,
AAPL_0000320193-22-000058_chunk000,Apple Inc.,0000320193,2022-04-28,none,positive,1,False,Apple Inc.; Securities Exchange Act of 1934; Securities Act of 1933,
AAPL_0000320193-22-000069_chunk000,Apple Inc.,0000320193,2022-07-28,none,positive,1,False,Apple Inc.; Securities Exchange Act of 1934; Securities Act of 1933,
AAPL_0001193125-22-214914_chunk000,Apple Inc.,0000320193,2022-08-08,financial,neutral,2,False,"Apple Inc.; Goldman Sachs & Co. LLC; BofA Securities, Inc.; J.P. Morgan Securities LLC; The Bank of New York Mellon Trust Company, N.A.; The SEC",
AAPL_0001193125-22-214914_chunk001,Apple Inc.,0000320193,2022-08-08,regulatory,neutral,2,False,"Apple Inc.; Goldman Sachs & Co. LLC; BofA Securities, Inc.; J.P. Morgan Securities LLC; Latham & Watkins LLP",
AAPL_0001193125-22-225365_chunk000,Apple Inc.,0000320193,2022-08-19,none,positive,1,False,Apple Inc.; Board of Directors; Compensation Committee; executive team,
AAPL_0001193125-22-225365_chunk001,Apple Inc.,0000320193,2022-08-19,operational,neutral,2,False,Apple; SEC; California Corporations Code,
AAPL_0001193125-22-225365_chunk002,Apple Inc.,0000320193,2022-08-19,none,neutral,1,False,Apple Inc.; SEC,
AAPL_0000320193-22-000107_chunk000,Apple Inc.,0000320193,2022-10-27,none,positive,1,False,Apple Inc.; Securities Exchange Act of 1934; Securities Act of 1933,
AAPL_0001193125-22-278435_chunk000,Apple Inc.,0000320193,2022-11-07,none,neutral,1,False,Apple Inc.; Securities Exchange Act of 1934; Securities Act of 1933,
AAPL_0000320193-23-000005_chunk000,Apple Inc.,0000320193,2023-02-02,none,positive,1,False,Apple Inc.; Securities Exchange Act of 1934; Securities Act of 1933,
AAPL_0001140361-23-011192_chunk000,Apple Inc.,0000320193,2023-03-10,none,positive,1,False,Apple Inc.; Ernst & Young LLP; SEC; Broker Non-Vote,
AAPL_0001140361-23-011192_chunk001,Apple Inc.,0000320193,2023-03-10,regulatory,negative,3,False,Apple; Board; shareholders; China,
AAPL_0000320193-23-000063_chunk000,Apple Inc.,0000320193,2023-05-04,none,positive,1,False,Apple Inc.; Securities Exchange Act of 1934; Securities Act of 1933,
AAPL_0001140361-23-023909_chunk000,Apple Inc.,0000320193,2023-05-10,financial,neutral,2,False,"Apple Inc.; Goldman Sachs & Co. LLC; Barclays Capital Inc.; J.P. Morgan Securities LLC; The Bank of New York Mellon Trust Company, N.A.; The Officer",
AAPL_0001140361-23-023909_chunk001,Apple Inc.,0000320193,2023-05-10,financial,neutral,2,False,Apple Inc.; Goldman Sachs & Co. LLC; Barclays Capital Inc.; J.P. Morgan Securities LLC; 2026 Notes; 2028 Notes; 2030 Notes; 2033 Notes; 2053 Notes,
AAPL_0001140361-23-023909_chunk002,Apple Inc.,0000320193,2023-05-10,none,neutral,1,False,Latham & Watkins LLP,
AAPL_0000320193-23-000075_chunk000,Apple Inc.,0000320193,2023-08-03,none,positive,1,False,Apple Inc.,
AAPL_0000320193-23-000104_chunk000,Apple Inc.,0000320193,2023-11-02,none,positive,1,False,Apple Inc.,
AAPL_0000320193-24-000005_chunk000,Apple Inc.,0000320193,2024-02-01,none,positive,1,False,Apple Inc.; Securities Exchange Act of 1934; Securities Act of 1933,
AAPL_0001140361-24-010155_chunk000,Apple Inc.,0000320193,2024-02-28,none,neutral,1,False,Apple Inc.; Ernst & Young LLP; Tim Cook; Alex Gorsky; Andrea Jung; Art Levinson; Monica Lozano; Ron Sugar; Sue Wagner,
AAPL_0001140361-24-010155_chunk001,Apple Inc.,0000320193,2024-02-28,regulatory,negative,3,False,shareholder proposal; EEO Policy Risk Report; Report on Ensuring Respect for Civil Liberties; Racial and Gender Pay Gaps; use of AI; Congruency Report on Privacy and Human Rights,
AAPL_0000320193-24-000067_chunk000,Apple Inc.,0000320193,2024-05-02,none,positive,1,False,Apple Inc.; Securities Exchange Act of 1934; Securities Act of 1933,
AAPL_0001140361-24-024352_chunk000,Apple Inc.,0000320193,2024-05-03,regulatory,neutral,2,False,Apple Inc.; District Court; California,
AAPL_0000320193-24-000080_chunk000,Apple Inc.,0000320193,2024-08-01,none,positive,1,False,Apple Inc.; Securities Exchange Act of 1934; Securities Act of 1933,
AAPL_0001140361-24-038403_chunk000,Apple Inc.,0000320193,2024-08-23,none,neutral,1,False,Apple Inc.; SEC,
AAPL_0001140361-24-038601_chunk000,Apple Inc.,0000320193,2024-08-26,leadership,positive,2,False,Apple Inc.; Luca Maestri; Tim Cook; Kevan Parekh,
AAPL_0001140361-24-040659_chunk000,Apple Inc.,0000320193,2024-09-10,regulatory,negative,5,True,European Commission; Apple Inc.; Ireland; General Court of the Court of Justice of the European Union; European Court of Justice,
AAPL_0001140361-24-040659_chunk001,Apple Inc.,0000320193,2024-09-10,regulatory,negative,4,True,Company; SEC; government,
AAPL_0000320193-24-000120_chunk000,Apple Inc.,0000320193,2024-10-31,none,positive,1,False,Apple Inc.,
ABBV_0001104659-21-001570_chunk000,AbbVie Inc.,0001551152,2021-01-06,none,neutral,1,False,AbbVie; executive officers,
ABBV_0001104659-21-003462_chunk000,AbbVie Inc.,0001551152,2021-01-12,none,neutral,1,False,AbbVie Inc.; Securities Exchange Act of 1934; Securities Act of 1933,
ABBV_0001551152-21-000003_chunk000,AbbVie Inc.,0001551152,2021-02-03,financial,neutral,2,False,AbbVie Inc.,
ABBV_0001104659-21-035654_chunk000,AbbVie Inc.,0001551152,2021-03-12,regulatory,neutral,2,False,AbbVie Inc.; Employee Retirement Income Security Act of 1974; Sarbanes-Oxley Act of 2002,
ABBV_0001104659-21-035654_chunk001,AbbVie Inc.,0001551152,2021-03-12,none,neutral,1,False,AbbVie Inc.; SEC; Regulation BTR,
ABBV_0001104659-21-052229_chunk000,AbbVie Inc.,0001551152,2021-04-20,regulatory,neutral,2,False,AbbVie Inc.; SEC; Notes,
ABBV_0001551152-21-000013_chunk000,AbbVie Inc.,0001551152,2021-04-30,financial,neutral,2,False,AbbVie Inc.,
ABBV_0001104659-21-063958_chunk000,AbbVie Inc.,0001551152,2021-05-10,none,neutral,1,False,AbbVie; Ernst & Young LLP; AbbVie’s Class III Directors; named executive officers; 2013 Incentive Stock Program; 2013 Employee Stock Purchase Plan for Non-U.S. Employees,
ABBV_0001104659-21-063958_chunk001,AbbVie Inc.,0001551152,2021-05-10,leadership,negative,4,False,stockholders; certificate of incorporation; lobbying report; independent chair,
ABBV_0001551152-21-000021_chunk000,AbbVie Inc.,0001551152,2021-07-30,financial,neutral,2,False,AbbVie Inc.,
ABBV_0001104659-21-107639_chunk000,AbbVie Inc.,0001551152,2021-08-19,regulatory,negative,4,True,"Pharmacyclics LLC; AbbVie Inc.; Alvogen Pine Brook LLC; Natco Pharma Ltd.; Janssen Biotech, Inc.",
ABBV_0001551152-21-000028_chunk000,AbbVie Inc.,0001551152,2021-10-29,financial,neutral,2,False,AbbVie Inc.,
ABBV_0001104659-21-150570_chunk000,AbbVie Inc.,0001551152,2021-12-16,none,positive,1,False,Robert A. Michael; AbbVie; Abbott Laboratories,
ABBV_0001104659-21-151213_chunk000,AbbVie Inc.,0001551152,2021-12-17,none,neutral,1,False,AbbVie Inc.; Securities Exchange Act of 1934,
ABBV_0001551152-22-000003_chunk000,AbbVie Inc.,0001551152,2022-02-02,none,neutral,1,False,AbbVie Inc.,
ABBV_0001104659-22-030613_chunk000,AbbVie Inc.,0001551152,2022-03-04,leadership,neutral,2,False,AbbVie Inc.; Edward M. Liddy,
ABBV_0001104659-22-045308_chunk000,AbbVie Inc.,0001551152,2022-04-13,leadership,negative,3,False,AbbVie; Michael E Severino; bioplatform innovation company,
ABBV_0001104659-22-048450_chunk000,AbbVie Inc.,0001551152,2022-04-21,financial,negative,4,True,AbbVie Inc.; Securities Exchange Act; GAAP; non-GAAP earnings; Acquired IPR&D,
ABBV_0001104659-22-048450_chunk001,AbbVie Inc.,0001551152,2022-04-21,regulatory,negative,4,True,AbbVie; Allergan; Securities and Exchange Commission,
ABBV_0001104659-22-048450_chunk002,AbbVie Inc.,0001551152,2022-04-21,none,neutral,1,False,,
ABBV_0001551152-22-000012_chunk000,AbbVie Inc.,0001551152,2022-04-29,financial,neutral,2,False,AbbVie Inc.; SEC; Form 8-K,
ABBV_0001551152-22-000010_chunk000,AbbVie Inc.,0001551152,2022-04-29,financial,neutral,2,False,AbbVie Inc.; SEC; Form 8-K,
ABBV_0001104659-22-058862_chunk000,AbbVie Inc.,0001551152,2022-05-11,none,neutral,2,False,AbbVie; Ernst & Young LLP; William H. L. Burnside; Thomas C. Freyman; Brett J. Hart; Edward J. Rapp,
ABBV_0001104659-22-058862_chunk001,AbbVie Inc.,0001551152,2022-05-11,none,neutral,2,False,stockholders; competition practices; political spending,
ABBV_0001104659-22-075039_chunk000,AbbVie Inc.,0001551152,2022-06-28,none,positive,1,False,Robert A. Michael; AbbVie; Scott T. Reents; Abbott Laboratories,
ABBV_0001104659-22-075519_chunk000,AbbVie Inc.,0001551152,2022-06-29,none,neutral,1,False,AbbVie Inc.,
ABBV_0001551152-22-000023_chunk000,AbbVie Inc.,0001551152,2022-07-06,financial,negative,4,True,AbbVie; Securities Exchange Act of 1934; Securities Act of 1933,
ABBV_0001551152-22-000023_chunk001,AbbVie Inc.,0001551152,2022-07-06,regulatory,negative,4,True,AbbVie; Allergan; FDA; U.S. Patent and Trademark Office,
ABBV_0001551152-22-000026_chunk000,AbbVie Inc.,0001551152,2022-07-29,none,neutral,1,False,AbbVie Inc.,
ABBV_0001551152-22-000034_chunk000,AbbVie Inc.,0001551152,2022-10-05,regulatory,negative,3,True,AbbVie; SEC; 2022; $40 million,
ABBV_0001551152-22-000034_chunk001,AbbVie Inc.,0001551152,2022-10-05,regulatory,negative,4,True,AbbVie; Allergan; FDA,
ABBV_0001104659-22-108910_chunk000,AbbVie Inc.,0001551152,2022-10-14,regulatory,neutral,3,True,AbbVie Inc.; Board of Directors; Company; stockholders; NEO,
ABBV_0001104659-22-108910_chunk001,AbbVie Inc.,0001551152,2022-10-14,none,positive,1,False,AbbVie Inc.; SEC; Exchange Act,
ABBV_0001104659-22-109061_chunk000,AbbVie Inc.,0001551152,2022-10-17,leadership,negative,2,False,Laura J. Schumacher; AbbVie,
ABBV_0001551152-22-000038_chunk000,AbbVie Inc.,0001551152,2022-10-28,financial,neutral,2,False,AbbVie Inc.; SEC; Form 8-K,
ABBV_0001104659-22-122661_chunk000,AbbVie Inc.,0001551152,2022-11-29,none,positive,1,False,AbbVie; Brian L. Durkin; Kevin K. Buckbee; Scott T. Reents,
ABBV_0001551152-23-000004_chunk000,AbbVie Inc.,0001551152,2023-01-06,financial,negative,4,True,AbbVie; IPR&D; GAAP; non-GAAP; diluted earnings per share; 2022; collaborations; licensing agreements; asset acquisitions,
ABBV_0001551152-23-000004_chunk001,AbbVie Inc.,0001551152,2023-01-06,regulatory,negative,4,True,AbbVie; Allergan; FDA,
ABBV_0001104659-23-002452_chunk000,AbbVie Inc.,0001551152,2023-01-10,regulatory,neutral,2,False,AbbVie Inc.; Securities Exchange Act of 1934; Securities Act of 1933,
ABBV_0001551152-23-000006_chunk000,AbbVie Inc.,0001551152,2023-02-09,financial,neutral,2,False,AbbVie Inc.,
ABBV_0001104659-23-037749_chunk000,AbbVie Inc.,0001551152,2023-03-28,financial,neutral,2,False,"AbbVie; JPMorgan Chase Bank, N.A.",
ABBV_0001104659-23-037749_chunk001,AbbVie Inc.,0001551152,2023-03-28,none,neutral,1,False,"AbbVie; lenders; JPMorgan Chase Bank, N.A.",
ABBV_0001551152-23-000015_chunk000,AbbVie Inc.,0001551152,2023-04-05,regulatory,negative,4,True,AbbVie; Securities Exchange Act of 1934; Securities Act of 1933,
ABBV_0001551152-23-000015_chunk001,AbbVie Inc.,0001551152,2023-04-05,regulatory,negative,4,True,AbbVie; Securities and Exchange Commission,
ABBV_0001551152-23-000019_chunk000,AbbVie Inc.,0001551152,2023-04-27,financial,neutral,2,False,AbbVie Inc.,
ABBV_0001104659-23-058520_chunk000,AbbVie Inc.,0001551152,2023-05-10,regulatory,neutral,2,False,AbbVie; Ernst & Young LLP; Robert J. Alpern; Melody B. Meyer; Frederick H. Waddell,
ABBV_0001104659-23-058520_chunk001,AbbVie Inc.,0001551152,2023-05-10,none,neutral,2,False,stockholders; political spending; lobbying; patent process,
ABBV_0001104659-23-076373_chunk000,AbbVie Inc.,0001551152,2023-06-29,leadership,positive,2,False,Robert A. Michael; AbbVie,
ABBV_0001551152-23-000026_chunk000,AbbVie Inc.,0001551152,2023-07-06,regulatory,negative,3,True,AbbVie; SEC; 2023; $280 million; GAAP; non-GAAP,
ABBV_0001551152-23-000026_chunk001,AbbVie Inc.,0001551152,2023-07-06,regulatory,negative,4,True,AbbVie; Securities and Exchange Commission,
ABBV_0001551152-23-000028_chunk000,AbbVie Inc.,0001551152,2023-07-27,financial,neutral,2,False,AbbVie Inc.,
ABBV_0001551152-23-000036_chunk000,AbbVie Inc.,0001551152,2023-10-04,regulatory,negative,3,True,AbbVie Inc.; Securities Exchange Act of 1934; Securities Act of 1933,
ABBV_0001551152-23-000036_chunk001,AbbVie Inc.,0001551152,2023-10-04,regulatory,negative,4,True,AbbVie; Securities and Exchange Commission,
ABBV_0001104659-23-108864_chunk000,AbbVie Inc.,0001551152,2023-10-12,leadership,positive,2,False,AbbVie; Jennifer Davis; Susan Quaggin; Procter & Gamble; Northwestern University Feinberg School of Medicine,
ABBV_0001551152-23-000040_chunk000,AbbVie Inc.,0001551152,2023-10-27,financial,neutral,2,False,AbbVie Inc.,
ABBV_0001104659-23-122241_chunk000,AbbVie Inc.,0001551152,2023-11-30,regulatory,negative,4,True,"AbbVie Inc.; ImmunoGen, Inc.; Securities Exchange Act of 1934; Securities Act of 1933",
ABBV_0001104659-23-122241_chunk001,AbbVie Inc.,0001551152,2023-11-30,regulatory,negative,4,True,"AbbVie Inc.; ImmunoGen, Inc.; SEC",
ABBV_0001104659-23-124047_chunk000,AbbVie Inc.,0001551152,2023-12-06,regulatory,neutral,3,True,"AbbVie Inc.; Cerevel Therapeutics Holdings, Inc.; Securities Exchange Act of 1934",
ABBV_0001104659-23-124047_chunk001,AbbVie Inc.,0001551152,2023-12-06,regulatory,negative,4,True,"AbbVie Inc.; Cerevel Therapeutics Holdings, Inc.; SEC",
ABBV_0001551152-24-000002_chunk000,AbbVie Inc.,0001551152,2024-01-05,financial,negative,4,True,AbbVie; IPR&D; GAAP; non-GAAP; diluted earnings per share; 2023; collaborations; licensing agreements; asset acquisitions,
ABBV_0001551152-24-000002_chunk001,AbbVie Inc.,0001551152,2024-01-05,regulatory,negative,4,True,AbbVie; Securities and Exchange Commission,
ABBV_0001551152-24-000007_chunk000,AbbVie Inc.,0001551152,2024-02-02,financial,neutral,2,False,AbbVie Inc.,
ABBV_0001104659-24-013692_chunk000,AbbVie Inc.,0001551152,2024-02-12,regulatory,negative,4,True,"AbbVie Inc.; ImmunoGen, Inc.; Securities Exchange Act of 1934; Securities Act of 1933",
ABBV_0001104659-24-013692_chunk001,AbbVie Inc.,0001551152,2024-02-12,regulatory,negative,3,False,AbbVie Inc.; Securities and Exchange Commission,
ABBV_0001104659-24-025262_chunk000,AbbVie Inc.,0001551152,2024-02-20,leadership,positive,2,True,AbbVie Inc.; Robert A. Michael; Richard A. Gonzalez; Abbott,
ABBV_0001104659-24-025262_chunk001,AbbVie Inc.,0001551152,2024-02-20,none,neutral,1,False,AbbVie Inc.,
ABBV_0001104659-24-027585_chunk000,AbbVie Inc.,0001551152,2024-02-26,financial,neutral,3,False,"AbbVie Inc.; Morgan Stanley & Co. LLC; J.P. Morgan Securities LLC; BofA Securities, Inc.; Citigroup Global Markets Inc.; Securities Act of 1933; AbbVie’s registration statement on Form S-3ASR; Prospectus Supplement",
ABBV_0001104659-24-027585_chunk001,AbbVie Inc.,0001551152,2024-02-26,financial,neutral,3,True,"AbbVie; U.S. Bank Trust Company; U.S. Bank National Association; ImmunoGen, Inc.; Cerevel Therapeutics Holdings, Inc.",
ABBV_0001104659-24-027585_chunk002,AbbVie Inc.,0001551152,2024-02-26,financial,neutral,2,False,"AbbVie Inc.; Morgan Stanley & Co. LLC; J.P. Morgan Securities LLC; BofA Securities, Inc.; Citigroup Global Markets Inc.; U.S. Bank Trust Company, National Association",
ABBV_0001104659-24-027585_chunk003,AbbVie Inc.,0001551152,2024-02-26,none,neutral,1,False,"Wachtell, Lipton, Rosen & Katz; 5.050% Note; 5.350% Note; 5.400% Note; 5.500% Note; 5.600% Note",
ABBV_0001551152-24-000013_chunk000,AbbVie Inc.,0001551152,2024-04-03,financial,negative,4,True,AbbVie; IPR&D; milestones expense; $164 million; GAAP; adjusted non-GAAP earnings; 2024,
ABBV_0001551152-24-000013_chunk001,AbbVie Inc.,0001551152,2024-04-03,regulatory,negative,4,True,AbbVie; Securities and Exchange Commission,
ABBV_0001551152-24-000016_chunk000,AbbVie Inc.,0001551152,2024-04-26,financial,neutral,2,False,AbbVie Inc.,
ABBV_0001104659-24-058808_chunk000,AbbVie Inc.,0001551152,2024-05-08,leadership,neutral,2,True,"AbbVie; Robert A. Michael; Richard A. Gonzalez; $1,700,000; $1,500,000",
ABBV_0001104659-24-058808_chunk001,AbbVie Inc.,0001551152,2024-05-08,regulatory,neutral,2,True,AbbVie; Ernst & Young LLP; Richard A. Gonzalez; Susan E. Quaggin; Rebecca B. Roberts; Glenn F. Tilton,
ABBV_0001104659-24-058808_chunk002,AbbVie Inc.,0001551152,2024-05-08,leadership,negative,3,False,stockholders; management; certificate of incorporation; simple majority voting; annual report on lobbying; patent process,
ABBV_0001551152-24-000024_chunk000,AbbVie Inc.,0001551152,2024-07-03,financial,negative,4,True,AbbVie; Securities Exchange Act of 1934; Securities Act of 1933,
ABBV_0001551152-24-000024_chunk001,AbbVie Inc.,0001551152,2024-07-03,regulatory,negative,4,True,AbbVie; Securities and Exchange Commission,
ABBV_0001551152-24-000026_chunk000,AbbVie Inc.,0001551152,2024-07-25,financial,neutral,2,False,AbbVie Inc.,
ABBV_0001104659-24-098564_chunk000,AbbVie Inc.,0001551152,2024-09-10,legal,neutral,2,False,AbbVie Inc.; SEC; 8-K,
ABBV_0001551152-24-000033_chunk000,AbbVie Inc.,0001551152,2024-10-03,regulatory,negative,3,True,AbbVie; IPR&D; GAAP; non-GAAP; diluted earnings per share; 2024; collaborations; licensing agreements; asset acquisitions,
ABBV_0001551152-24-000033_chunk001,AbbVie Inc.,0001551152,2024-10-03,regulatory,negative,4,True,AbbVie; Securities and Exchange Commission,
ABBV_0001551152-24-000036_chunk000,AbbVie Inc.,0001551152,2024-10-30,financial,neutral,2,False,AbbVie Inc.,
ABBV_0001104659-24-128413_chunk000,AbbVie Inc.,0001551152,2024-12-13,leadership,positive,2,True,Kevin K. Buckbee; David R. Purdue; AbbVie; Abbott Laboratories,
ABT_0001104659-21-007942_chunk000,ABBOTT LABORATORIES,0000001800,2021-01-27,none,positive,2,False,Abbott Laboratories; GAAP; non-GAAP financial measures,
ABT_0001104659-21-025772_chunk000,ABBOTT LABORATORIES,0000001800,2021-02-19,none,neutral,1,False,Phebe N. Novakovic; Abbott Laboratories; Board of Directors,
ABT_0001104659-21-052205_chunk000,ABBOTT LABORATORIES,0000001800,2021-04-20,none,positive,2,False,Abbott Laboratories; SEC; GAAP,
ABT_0001104659-21-054917_chunk000,ABBOTT LABORATORIES,0000001800,2021-04-26,none,positive,1,False,"Abbott; Robert J. Alpern, M.D.; Roxanne S. Austin; Sally E. Blount, Ph.D.; Robert B. Ford; Michelle A. Kumbier; Illinois Business Corporation Act; State of Illinois; Secretary of State",
ABT_0001104659-21-054917_chunk001,ABBOTT LABORATORIES,0000001800,2021-04-26,regulatory,neutral,2,False,Abbott; Ernst & Young LLP; shareholders; Abbott’s named executive officers; Abbott’s Articles,
ABT_0001104659-21-054917_chunk002,ABBOTT LABORATORIES,0000001800,2021-04-26,regulatory,negative,3,False,Abbott; shareholders; Board of Directors; lobbying policies; racial justice,
ABT_0001104659-21-054917_chunk003,ABBOTT LABORATORIES,0000001800,2021-04-26,none,neutral,1,False,Abbott Laboratories; shareholders; Board of Directors; XBRL,
ABT_0001104659-21-076394_chunk000,ABBOTT LABORATORIES,0000001800,2021-06-03,financial,negative,4,True,Abbott Laboratories; U.S. health authority,
ABT_0001104659-21-076394_chunk001,ABBOTT LABORATORIES,0000001800,2021-06-03,none,positive,1,False,Abbott,
ABT_0001104659-21-094680_chunk000,ABBOTT LABORATORIES,0000001800,2021-07-22,none,positive,2,False,Abbott Laboratories; GAAP; non-GAAP financial measures,
ABT_0001104659-21-111825_chunk000,ABBOTT LABORATORIES,0000001800,2021-09-01,none,positive,1,False,Abbott Laboratories; Patricia P. Gonzalez,
ABT_0001104659-21-127874_chunk000,ABBOTT LABORATORIES,0000001800,2021-10-20,none,positive,2,False,Abbott Laboratories; GAAP; non-GAAP financial measures,
ABT_0001104659-21-148608_chunk000,ABBOTT LABORATORIES,0000001800,2021-12-10,leadership,neutral,2,False,Abbott Laboratories; Miles D. White; Robert B. Ford,
ABT_0001104659-21-149094_chunk000,ABBOTT LABORATORIES,0000001800,2021-12-13,leadership,neutral,2,False,Roxanne S. Austin; Abbott Laboratories,
ABT_0001104659-22-007648_chunk000,ABBOTT LABORATORIES,0000001800,2022-01-26,regulatory,neutral,2,False,Abbott Laboratories; GAAP; non-GAAP financial measures,
ABT_0001104659-22-025072_chunk000,ABBOTT LABORATORIES,0000001800,2022-02-18,operational,negative,4,True,"Abbott; Similac; Sturgis, Michigan; U.S.; Canada",
ABT_0001104659-22-025612_chunk000,ABBOTT LABORATORIES,0000001800,2022-02-22,none,positive,1,False,Abbott; Abbott Laboratories; Board of Directors,
ABT_0001104659-22-047560_chunk000,ABBOTT LABORATORIES,0000001800,2022-04-20,regulatory,neutral,2,False,Abbott Laboratories; SEC; GAAP,
ABT_0001104659-22-054704_chunk000,ABBOTT LABORATORIES,0000001800,2022-05-02,regulatory,neutral,2,False,"ABBOTT LABORATORIES; United States; Securities and Exchange Commission; New York Stock Exchange; Chicago Stock Exchange, Inc.",
ABT_0001104659-22-054704_chunk001,ABBOTT LABORATORIES,0000001800,2022-05-02,none,neutral,1,False,"Abbott; Robert J. Alpern, M.D.; Sally E. Blount, Ph.s.D.; Robert B. Ford; Paola Gonzalez; Michelle A. Kumbier; Darren W. McDew; Nancy McKinstry; William A. Osborn; Michael F. Roman; Daniel J. Starks; John G. Stratton; Glenn F. Tilton",
ABT_0001104659-22-054704_chunk002,ABBOTT LABORATORIES,0000001800,2022-05-02,none,neutral,2,False,Abbott; Ernst & Young LLP; John G. Stratton; Glenn F. Tilton; shareholders; Abbott’s named executive officers; shareholders; shareholders; shareholders,
ABT_0001104659-22-054704_chunk003,ABBOTT LABORATORIES,0000001800,2022-05-02,regulatory,negative,3,False,Abbott; shareholders; Board of Directors; Rule 10b5-1 plans; lobbying policies; antimicrobial resistance,
ABT_0001104659-22-081006_chunk000,ABBOTT LABORATORIES,0000001800,2022-07-20,regulatory,neutral,2,True,Abbott Laboratories; SEC; GAAP,
ABT_0001104659-22-100434_chunk000,ABBOTT LABORATORIES,0000001800,2022-09-15,none,positive,1,False,Abbott Laboratories; Claire Babineaux-Fontenot,
ABT_0001628280-22-026588_chunk000,ABBOTT LABORATORIES,0000001800,2022-10-19,regulatory,neutral,2,False,Abbott Laboratories; SEC; GAAP,
ABT_0001104659-22-110612_chunk000,ABBOTT LABORATORIES,0000001800,2022-10-21,none,neutral,1,False,Abbott; named executive officers,
ABT_0001104659-22-125832_chunk000,ABBOTT LABORATORIES,0000001800,2022-12-09,none,positive,1,False,Abbott; Securities Exchange Act of 1934; Abbott Laboratories,
ABT_0001628280-23-001516_chunk000,ABBOTT LABORATORIES,0000001800,2023-01-25,regulatory,neutral,2,False,Abbott Laboratories; SEC; GAAP,
ABT_0001104659-23-023291_chunk000,ABBOTT LABORATORIES,0000001800,2023-02-17,none,positive,1,False,Abbott; Abbott Laboratories,
ABT_0001628280-23-012020_chunk000,ABBOTT LABORATORIES,0000001800,2023-04-19,regulatory,neutral,2,False,Abbott Laboratories; SEC; GAAP,
ABT_0001104659-23-054706_chunk000,ABBOTT LABORATORIES,0000001800,2023-05-02,none,positive,1,False,"Abbott; Robert J. Alpern, M.D.; Claire Babineaux-Fontenot; Sally E. Blount, Ph.s.d.; Robert B. Ford; Paola Gonzalez; Michelle A. Kumbier; Darren W. McDew; Nancy McKinstry; Michael G. O’Grady; Michael F. Roman; Daniel J. Starks; John G. Stratton",
ABT_0001104659-23-054706_chunk001,ABBOTT LABORATORIES,0000001800,2023-05-02,regulatory,neutral,2,False,Abbott; Ernst & Young LLP; John G. Stratton,
ABT_0001104659-23-054706_chunk002,ABBOTT LABORATORIES,0000001800,2023-05-02,regulatory,negative,3,False,Abbott; shareholders; Board of Directors; SEC; Abbott shareholders,
ABT_0001104659-23-069894_chunk000,ABBOTT LABORATORIES,0000001800,2023-06-09,regulatory,neutral,2,False,"ABBOTT LABORATORIES; SEC; United States; New York Stock Exchange; Chicago Stock Exchange, Inc.; ABT",
ABT_0001104659-23-069894_chunk001,ABBOTT LABORATORIES,0000001800,2023-06-09,none,neutral,1,False,Abbott; Securities Exchange Act of 1934; Section 13(a) of the Exchange Act,
ABT_0001104659-23-070203_chunk000,ABBOTT LABORATORIES,0000001800,2023-06-12,regulatory,neutral,2,False,"ABBOTT LABORATORIES; United States; Securities and Exchange Commission; New York Stock Exchange; Chicago Stock Exchange, Inc.",
ABT_0001104659-23-070203_chunk001,ABBOTT LABORATORIES,0000001800,2023-06-12,leadership,positive,2,False,"Robert E. Funck, Jr.; Philip P. Boudreau; John A. McCoy, Jr.; Abbott; Baxalta Incorporated",
ABT_0001104659-23-070203_chunk002,ABBOTT LABORATORIES,0000001800,2023-06-12,none,positive,1,False,Abbott; Baxalta; Mr. McCoy,
ABT_0001628280-23-025156_chunk000,ABBOTT LABORATORIES,0000001800,2023-07-20,regulatory,neutral,2,False,Abbott Laboratories; SEC; GAAP,
ABT_0001104659-23-097759_chunk000,ABBOTT LABORATORIES,0000001800,2023-09-01,regulatory,neutral,2,False,"ABBOTT LABORATORIES; United States; Securities and Exchange Commission; New York Stock Exchange; Chicago Stock Exchange, Inc.; ABT",
ABT_0001104659-23-097759_chunk001,ABBOTT LABORATORIES,0000001800,2023-09-01,none,neutral,1,False,Abbott; Michael F. Roman,
ABT_0001628280-23-034544_chunk000,ABBOTT LABORATORIES,0000001800,2023-10-18,regulatory,neutral,2,True,Abbott Laboratories; SEC; GAAP,
ABT_0001628280-24-002009_chunk000,ABBOTT LABORATORIES,0000001800,2024-01-24,regulatory,neutral,2,True,Abbott Laboratories; SEC; GAAP,
ABT_0001104659-24-007725_chunk000,ABBOTT LABORATORIES,0000001800,2024-01-29,financial,neutral,2,False,"Abbott Laboratories; JPMorgan Chase Bank, N.A.; Five Year Credit Agreement; SOFR rate",
ABT_0001104659-24-007725_chunk001,ABBOTT LABORATORIES,0000001800,2024-01-29,financial,neutral,2,False,"Abbott; JPMorgan Chase Bank, N.A.; SOFR rate",
ABT_0001628280-24-016497_chunk000,ABBOTT LABORATORIES,0000001800,2024-04-17,regulatory,neutral,2,False,Abbott Laboratories; SEC; GAAP,
ABT_0001104659-24-054016_chunk000,ABBOTT LABORATORIES,0000001800,2024-04-29,regulatory,neutral,2,False,"ABBOTT LABORATORIES; United States; Securities and Exchange Commission; New York Stock Exchange; Chicago Stock Exchange, Inc.",
ABT_0001104659-24-054016_chunk001,ABBOTT LABORATORIES,0000001800,2024-04-29,none,neutral,1,False,"Abbott; Robert J. Alpern, M.D.; Claire Babineaux-Fontenot; Sally E. Blount, Ph.0.D.; Robert B. Ford; Paola Gonzalez; Michelle A. Kumbier; Darren W. McDew; Nancy McKinstry; Michael G. O’Grady",
ABT_0001104659-24-054016_chunk002,ABBOTT LABORATORIES,0000001800,2024-04-29,none,positive,1,False,Ernst & Young LLP; Abbott; shareholders; named executive officers,
ABT_0001104659-24-055724_chunk000,ABBOTT LABORATORIES,0000001800,2024-05-01,leadership,neutral,2,False,"Robert E. Funck, Jr.; Abbott Laboratories",
ABT_0001628280-24-032182_chunk000,ABBOTT LABORATORIES,0000001800,2024-07-18,regulatory,neutral,2,False,Abbott Laboratories; SEC; GAAP,
ABT_0001628280-24-042893_chunk000,ABBOTT LABORATORIES,0000001800,2024-10-16,regulatory,neutral,2,False,Abbott Laboratories; SEC; GAAP,
ABT_0001104659-24-119717_chunk000,ABBOTT LABORATORIES,0000001800,2024-11-15,none,neutral,1,False,Abbott; named executive officers,
ACN_0001467373-21-000050_chunk000,Accenture plc,0001467373,2021-02-03,none,positive,1,False,Accenture; Jaime Ardila; Herbert Hainer; Nancy McKinstry; Beth E. Mooney; Gilles C. Pélisson; Paula A. Price; David Rowland; Arun Sarin; Julie Sweet,
ACN_0001467373-21-000050_chunk001,Accenture plc,0001467373,2021-02-03,regulatory,neutral,3,False,Accenture PLC; KPMG LLP; Joel Unruch,
ACN_0001467373-21-000050_chunk002,Accenture plc,0001467373,2021-02-03,none,neutral,1,False,Accenture PLC; Joel Unruch,
ACN_0001467373-21-000104_chunk000,Accenture plc,0001467373,2021-03-18,none,positive,2,False,Accenture; U.S. dollar; foreign currency exchange rates,
ACN_0001467373-21-000104_chunk001,Accenture plc,0001467373,2021-03-18,none,neutral,1,False,Securities Exchange Act of 1934; ACCENTURE PLC; Joel Unruch,
ACN_0001467373-21-000150_chunk000,Accenture plc,0001467373,2021-06-02,leadership,neutral,2,False,Accenture; David P. Rowland; Julie Sweet,
ACN_0001467373-21-000159_chunk000,Accenture plc,0001467373,2021-06-24,none,neutral,1,False,Accenture; Herbert Hainer,
ACN_0001467373-21-000159_chunk001,Accenture plc,0001467373,2021-06-24,none,neutral,1,False,Accenture; Joel Unruch,
ACN_0001467373-21-000218_chunk000,Accenture plc,0001467373,2021-09-23,none,neutral,1,False,Accenture; U.S. dollar; foreign currency exchange rates,
ACN_0001467373-21-000218_chunk001,Accenture plc,0001467373,2021-09-23,regulatory,neutral,2,False,Accenture PLC; Securities Exchange Act of 1934,
ACN_0001467373-21-000295_chunk000,Accenture plc,0001467373,2021-12-16,financial,neutral,2,False,Accenture; U.S. dollar; foreign currency exchange rates,
ACN_0001467373-21-000295_chunk001,Accenture plc,0001467373,2021-12-16,none,neutral,1,False,Securities Exchange Act of 1934; ACCENTURE PLC; Joel Unruch,
ACN_0001467373-22-000041_chunk000,Accenture plc,0001467373,2022-01-26,none,positive,1,False,Accenture; Jaime Ardila; Nancy McKinstry; Beth E. Mooney,
ACN_0001467373-22-000041_chunk001,Accenture plc,0001467373,2022-01-26,regulatory,neutral,3,False,Accenture; KPMG; Beth E. Mooney; Gilles C. Pélisson; Paula A. Price; Venkata (Murthy) Renduchintala; Arun Sarin; Julie Sweet; Frank K. Tang; Tracey T. Travis,
ACN_0001467373-22-000041_chunk002,Accenture plc,0001467373,2022-01-26,none,neutral,1,False,KPMG; Accenture; Irish law,
ACN_0001467373-22-000061_chunk000,Accenture plc,0001467373,2022-01-31,leadership,positive,2,False,Accenture plc; Manish Sharma; Jo Deblaere; Yusuf Tayob; Avnish Sharma,
ACN_0001467373-22-000061_chunk001,Accenture plc,0001467373,2022-01-31,none,positive,1,False,Accenture; Mr. Tayob; Joel Unruch,
ACN_0001467373-22-000127_chunk000,Accenture plc,0001467373,2022-03-01,regulatory,neutral,2,False,Accenture; Russia; Ukraine; Belarus,
ACN_0001467373-22-000131_chunk000,Accenture plc,0001467373,2022-03-03,regulatory,negative,4,False,Accenture plc; Russia,
ACN_0001467373-22-000143_chunk000,Accenture plc,0001467373,2022-03-17,none,positive,2,False,Accenture; U.S. dollar; foreign currency exchange rates,
ACN_0001467373-22-000143_chunk001,Accenture plc,0001467373,2022-03-17,regulatory,neutral,2,False,Securities Exchange Act of 1934; ACCENTURE PLC; Joel Unruch,
ACN_0001467373-22-000199_chunk000,Accenture plc,0001467373,2022-06-23,none,positive,2,False,Accenture; U.S. dollar,
ACN_0001467373-22-000199_chunk001,Accenture plc,0001467373,2022-06-23,regulatory,neutral,2,False,Securities Exchange Act of 1934; ACCENTURE PLC; Joel Unruch,
ACN_0001467373-22-000218_chunk000,Accenture plc,0001467373,2022-07-14,leadership,positive,2,False,Accenture; Leo Framil; Gianfranco Casati; Melissa Burgum; Richard Clark; Arthur Andersen,
ACN_0001467373-22-000218_chunk001,Accenture plc,0001467373,2022-07-14,none,neutral,1,False,Accenture PLC; Joel Unruch,
ACN_0001467373-22-000283_chunk000,Accenture plc,0001467373,2022-09-22,financial,neutral,2,False,Accenture; Securities Exchange Act of 1934,
ACN_0001467373-22-000283_chunk001,Accenture plc,0001467373,2022-09-22,none,neutral,1,False,Accenture PLC; Joel Unruch,
ACN_0001467373-22-000373_chunk000,Accenture plc,0001467373,2022-12-16,none,neutral,2,False,Accenture; Securities Exchange Act of 1934,
ACN_0001467373-22-000369_chunk000,Accenture plc,0001467373,2022-12-16,none,positive,2,False,Accenture; Securities Exchange Act of 1934,
ACN_0001467373-23-000071_chunk000,Accenture plc,0001467373,2023-02-01,none,positive,1,False,Accenture; Jaime Ardila; Nancy McKinstry; Beth E. Mooney; Gilles C. Pélisson; Paula A. Price; Venkata (Murthy) Renduchintala; Arun Sarin; Julie Sweet; Tracey T. Travis,
ACN_0001467373-23-000071_chunk001,Accenture plc,0001467373,2023-02-01,regulatory,neutral,3,True,Accenture; KPMG; Irish law; Board of Directors,
ACN_0001467373-23-000071_chunk002,Accenture plc,0001467373,2023-02-01,none,neutral,1,False,Accenture; Securities Exchange Act of 1934,
ACN_0001467373-23-000123_chunk000,Accenture plc,0001467373,2023-03-23,none,positive,2,False,Accenture; U.S. dollar; foreign currency exchange rates,
ACN_0001467373-23-000123_chunk001,Accenture plc,0001467373,2023-03-23,regulatory,neutral,2,False,ACCENTURE PLC; Securities Exchange Act of 1934,
ACN_0001467373-23-000139_chunk000,Accenture plc,0001467373,2023-04-14,leadership,positive,2,False,Accenture plc; Alan Jope; Unilever; Edinburgh University; Harvard Business School; University of Oxford,
ACN_0001467373-23-000139_chunk001,Accenture plc,0001467373,2023-04-14,none,neutral,1,False,Accenture; Securities Exchange Act of 1934,
ACN_0001467373-23-000220_chunk000,Accenture plc,0001467373,2023-06-22,none,positive,2,False,Accenture; U.S. dollar; foreign currency exchange rates,
ACN_0001467373-23-000220_chunk001,Accenture plc,0001467373,2023-06-22,none,neutral,1,False,Accenture PLC; Joel Unruch,
ACN_0001467373-23-000244_chunk000,Accenture plc,0001467373,2023-07-27,leadership,positive,2,True,Accenture; Manish Sharma; Jimmy Etheredge; John Walsh,
ACN_0001467373-23-000244_chunk001,Accenture plc,0001467373,2023-07-27,leadership,positive,2,True,Accenture; Mr. Etheredge; Steve Ferneyhough; Paul Daugherty; Karthik Narain,
ACN_0001467373-23-000244_chunk002,Accenture plc,0001467373,2023-07-27,leadership,positive,2,False,Accenture; Joel Unruch; Karthik Narain,
ACN_0001467373-23-000303_chunk000,Accenture plc,0001467373,2023-09-28,none,positive,2,False,Accenture; Securities Exchange Act of 1934,
ACN_0001467373-23-000303_chunk001,Accenture plc,0001467373,2023-09-28,none,neutral,1,False,Accenture PLC; Joel Unruch,
ACN_0001467373-23-000382_chunk000,Accenture plc,0001467373,2023-12-06,leadership,positive,2,False,Accenture plc; Dr. Martin Brudermüller; BASF SE,
ACN_0001467373-23-000401_chunk000,Accenture plc,0001467373,2023-12-19,none,positive,2,False,Accenture; U.S. dollar; foreign currency exchange rates,
ACN_0001467373-23-000401_chunk001,Accenture plc,0001467373,2023-12-19,regulatory,neutral,2,False,Act of 1934; ACCENTURE PLC; Joel Unruch,
ACN_0001467373-24-000032_chunk000,Accenture plc,0001467373,2024-01-31,none,positive,1,False,Accenture; SEC; 2024; Accenture plc; Amended 2010 SIP; Amended 2010 ESPP,
ACN_0001467373-24-000032_chunk001,Accenture plc,0001467373,2024-01-31,none,neutral,1,False,Accenture plc; Jaime Ardila; Martin Brudermüller; Alan Jope; Nancy McKinstry; Beth E. Mooney; Gilles C. Pélisson; Paula A. Price; SEC; 2024,
ACN_0001467373-24-000032_chunk002,Accenture plc,0001467373,2024-01-31,none,neutral,2,False,Accenture; KPMG; Arun Sarin; Paula A. Price; Venkata (Murthy) Renduchintala; Julie Sweet; Tracey T. Travis,
ACN_0001467373-24-000032_chunk003,Accenture plc,0001467373,2024-01-31,regulatory,neutral,2,False,Accenture plc; Irish law; Board; Shares; Ireland,
ACN_0001467373-24-000106_chunk000,Accenture plc,0001467373,2024-03-21,none,positive,2,False,Accenture; U.S. dollar; foreign currency exchange rates,
ACN_0001467373-24-000106_chunk001,Accenture plc,0001467373,2024-03-21,regulatory,neutral,2,False,Exchange Act of 1934; ACCENTURE PLC; Joel Unruch,
ACN_0001467373-24-000157_chunk000,Accenture plc,0001467373,2024-05-17,none,neutral,2,False,"Accenture plc; JPMorgan Chase Bank, N.A.; SOFR",
ACN_0001467373-24-000157_chunk001,Accenture plc,0001467373,2024-05-17,regulatory,neutral,2,False,"Accenture plc; JPMorgan Chase Bank, N.A.",
ACN_0001467373-24-000189_chunk000,Accenture plc,0001467373,2024-06-11,leadership,positive,2,False,Accenture; Angie Park; KC McClure; Jean-Marc Ollagnier; Mauro Macchi; Angela Beatty,
ACN_0001467373-24-000189_chunk001,Accenture plc,0001467373,2024-06-11,leadership,positive,2,False,Accenture; Angela Beatty; Ellyn Shook; Karthik Narain; Bhaskar Ghosh; Paul Daugherty; Atsushi Egawa; Ryoji Sekido; Leo Framil,
ACN_0001467373-24-000189_chunk002,Accenture plc,0001467373,2024-06-11,leadership,positive,2,False,Framil; Growth Markets; Accenture; Joel Unruch,
ACN_0001467373-24-000195_chunk000,Accenture plc,0001467373,2024-06-20,none,positive,2,False,Accenture; Securities Exchange Act of 1934,
ACN_0001467373-24-000195_chunk001,Accenture plc,0001467373,2024-06-20,none,neutral,1,False,Accenture PLC; Securities Exchange Act of 1934,
ACN_0001467373-24-000214_chunk000,Accenture plc,0001467373,2024-07-19,financial,neutral,2,True,"Accenture plc; Angie Park; KC McClure; Compensation, Culture & People Committee; $900,000; $2,975,000",
ACN_0001467373-24-000266_chunk000,Accenture plc,0001467373,2024-09-26,none,positive,2,False,Accenture; Securities Exchange Act of 1934,
ACN_0001467373-24-000266_chunk001,Accenture plc,0001467373,2024-09-26,none,neutral,1,False,Accenture plc; Joel Unruch,
ACN_0001467373-24-000268_chunk000,Accenture plc,0001467373,2024-09-30,regulatory,neutral,2,False,Accenture; KPMG LLP; SEC,
ACN_0001193125-24-232937_chunk000,Accenture plc,0001467373,2024-10-04,none,positive,2,False,"Accenture Capital Inc.; Accenture plc; J.P. Morgan Securities LLC; BofA Securities, Inc.; Citigroup Global Markets Inc.; BNP Paribas Securities Corp.; The Bank of New York Mellon Trust Company, N.A.",
ACN_0001193125-24-232937_chunk001,Accenture plc,0001467373,2024-10-04,none,neutral,1,False,"Accenture Capital Inc.; Accenture plc; J.P. Morgan Securities LLC; BofA Securities, Inc.; Citigroup Global Markets Inc.; BNP Paribas Securities Corp.; The Bank of New York Mellon Trust Company, N.A.; Arthur Cox LLP; Gibson, Dunn & Crutcher LLP",
ACN_0001193125-24-232937_chunk002,Accenture plc,0001467373,2024-10-04,none,neutral,1,False,Accenture PLC; Joel Unruch,
ACN_0001467373-24-000334_chunk000,Accenture plc,0001467373,2024-12-02,leadership,positive,2,False,Accenture plc; Masahiko Uotani; Jennifer Nason; Shiseido; J.P. Morgan,
ACN_0001467373-24-000351_chunk000,Accenture plc,0001467373,2024-12-19,none,positive,2,False,Accenture; U.S. dollar; foreign currency exchange rates,
ACN_0001467373-24-000351_chunk001,Accenture plc,0001467373,2024-12-19,none,neutral,1,False,ACCENTURE PLC,
ADBE_0000796343-21-000028_chunk000,ADOBE INC.,0000796343,2021-01-27,none,positive,1,True,Adobe Inc.; NASDAQ 100 Index,
ADBE_0000796343-21-000028_chunk001,ADOBE INC.,0000796343,2021-01-27,none,neutral,1,True,Adobe; NASDAQ 100 Index; Shantanu Narayen; John Murphy; Abhay Parasnis; Scott Belsky; Bryan Lamkin,
ADBE_0000796343-21-000028_chunk002,ADOBE INC.,0000796343,2021-01-27,regulatory,neutral,2,True,Company; SEC; 2021 Executive Annual Incentive Plan; GAAP; non-GAAP earnings per share,
ADBE_0000796343-21-000028_chunk003,ADOBE INC.,0000796343,2021-01-27,financial,neutral,3,True,Company; Shantanu Narayen; John Murphy; Abhay Parasnis; Scott Belsky; Digital Media; Digital Experience; FY21 Operating Plan,
ADBE_0000796343-21-000028_chunk004,ADOBE INC.,0000796343,2021-01-27,operational,neutral,2,True,Company; Committee; FY21 Operating Plan,
ADBE_0000796343-21-000028_chunk005,ADOBE INC.,0000796343,2021-01-27,none,neutral,1,False,2021 Performance Share Program; 2021 Executive Annual Incentive Plan; 2019 Equity Incentive Plan,
ADBE_0000796343-21-000063_chunk000,ADOBE INC.,0000796343,2021-03-23,none,neutral,2,False,Adobe Inc.; SEC; Exchange Act,
ADBE_0000796343-21-000063_chunk001,ADOBE INC.,0000796343,2021-03-23,operational,positive,2,False,company; GAAP; intangibles; revenue,
ADBE_0000796343-21-000063_chunk002,ADOBE INC.,0000796343,2021-03-23,financial,neutral,2,True,us; GAAP; investment gains and losses; income tax adjustments; non-GAAP tax rate,
ADBE_0000796343-21-000063_chunk003,ADOBE INC.,0000796343,2021-03-23,leadership,neutral,2,False,Adobe; John Murphy; Executive Vice President and Chief Financial Officer,
ADBE_0000796343-21-000106_chunk000,ADOBE INC.,0000796343,2021-04-22,none,neutral,1,False,Adobe Inc.; Securities and Exchange Commission; 6 million shares,
ADBE_0000796343-21-000106_chunk001,ADOBE INC.,0000796343,2021-04-22,regulatory,neutral,2,True,KPMG LLP; 2019 Equity Incentive Plan; Daniel Rosensweig; John Warnock; Kathleen Oberg; Dheeraj Pandey; David Ricks; Daley; Laura Desmond; Shantanu Narayen,
ADBE_0000796343-21-000106_chunk002,ADOBE INC.,0000796343,2021-04-22,none,neutral,1,False,X,
ADBE_0000796343-21-000128_chunk000,ADOBE INC.,0000796343,2021-05-28,regulatory,negative,3,False,"Adobe Inc.; Tutanota LLC; May 28, 2021; $565.00; June 4, 2021",
ADBE_0000796343-21-000134_chunk000,ADOBE INC.,0000796343,2021-06-02,leadership,positive,2,True,Adobe Inc.; David Wadhwani; Greylock Partners,
ADBE_0000796343-21-000134_chunk001,ADOBE INC.,0000796343,2021-06-02,none,positive,1,False,"Adobe; David Wadhwani; 30,925; RSUs; 2019 Equity Incentive Plan",
ADBE_0000796343-21-000146_chunk000,ADOBE INC.,0000796343,2021-06-17,operational,neutral,2,True,Adobe Inc.; Securities Exchange Act of 1934; Securities Act of 1933,
ADBE_0000796343-21-000146_chunk001,ADOBE INC.,0000796343,2021-06-17,operational,positive,2,True,company; GAAP; intangibles; revenue,
ADBE_0000796343-21-000146_chunk002,ADOBE INC.,0000796343,2021-06-17,regulatory,neutral,2,True,company; GAAP; tax legislation; major jurisdictions,
ADBE_0000796343-21-000146_chunk003,ADOBE INC.,0000796343,2021-06-17,none,neutral,1,False,Adobe,
ADBE_0000796343-21-000198_chunk000,ADOBE INC.,0000796343,2021-09-21,none,neutral,2,False,Adobe Inc.; SEC; U.S. Securities and Exchange Commission,
ADBE_0000796343-21-000198_chunk001,ADOBE INC.,0000796343,2021-09-21,operational,positive,2,False,company; GAAP; intangibles; revenue,
ADBE_0000796343-21-000198_chunk002,ADOBE INC.,0000796343,2021-09-21,regulatory,neutral,2,True,company; GAAP; tax legislation; major jurisdictions,
ADBE_0000796343-21-000198_chunk003,ADOBE INC.,0000796343,2021-09-21,none,positive,1,False,Adobe; SEC; GAAP,
ADBE_0000796343-21-000213_chunk000,ADOBE INC.,0000796343,2021-10-01,none,positive,2,False,"Adobe Inc.; Dan Durn; Applied Materials, Inc.; NXP Semiconductors N.V.; Freescale Semiconductor, Inc.; GlobalFoundries; Dan Durn",
ADBE_0000796343-21-000213_chunk001,ADOBE INC.,0000796343,2021-10-01,none,positive,1,False,"Adobe; Dan Durn; 46,039 restricted stock units; 2019 Equity Incentive Plan",
ADBE_0000796343-21-000221_chunk000,ADOBE INC.,0000796343,2021-10-22,none,positive,1,False,Adobe Inc.; John Murphy; Executive Vice President; Chief Financial Officer,
ADBE_0000796343-21-000237_chunk000,ADOBE INC.,0000796343,2021-11-23,none,positive,1,False,Adobe; James Daley,
ADBE_0000796343-21-000249_chunk000,ADOBE INC.,0000796343,2021-12-16,leadership,neutral,2,False,Adobe Inc.; Abhay Parasnis; Anil Chakravarthy; David Wadhwani,
ADBE_0000796343-21-000247_chunk000,ADOBE INC.,0000796343,2021-12-16,operational,neutral,2,True,Adobe Inc.; SEC; GAAP,
ADBE_0000796343-21-000247_chunk001,ADOBE INC.,0000796343,2021-12-16,operational,neutral,2,True,Company; GAAP; intangibles; non-GAAP measures,
ADBE_0000796343-21-000247_chunk002,ADOBE INC.,0000796343,2021-12-16,regulatory,neutral,2,True,us; GAAP; investment gains and losses; income tax adjustments; non-GAAP tax rate,
ADBE_0000796343-21-000247_chunk003,ADOBE INC.,0000796343,2021-12-16,none,neutral,1,False,Adobe; SEC; 8-K,
ADBE_0000796343-22-000011_chunk000,ADOBE INC.,0000796343,2022-01-10,leadership,neutral,2,False,"Adobe Inc.; Brett Biggs; Spencer Neumann; SEC; $120,000",
ADBE_0000796343-22-000011_chunk001,ADOBE INC.,0000796343,2022-01-10,none,neutral,1,False,Adobe; Brett Biggs; Spencer Neumann,
ADBE_0000796343-22-000027_chunk000,ADOBE INC.,0000796343,2022-01-18,none,positive,1,False,Adobe; Anil Chakravarthy; David Wadhwani; Shantanu Narayen,
ADBE_0000796343-22-000056_chunk000,ADOBE INC.,0000796343,2022-01-27,none,positive,1,True,Adobe Inc.; NASDAQ 100 Index,
ADBE_0000796343-22-000056_chunk001,ADOBE INC.,0000796343,2022-01-27,regulatory,neutral,2,True,Adobe; TSR Goal; Net New Sales Goal; Performance Shares; Company’s principal executive officer,
ADBE_0000796343-22-000056_chunk002,ADOBE INC.,0000796343,2022-01-27,none,positive,2,False,Adobe Systems; Securities and Exchange Commission; Shantanu Narayen; Daniel Durn; Abhay Parasnis; Adobe Systems; Scott Belsky,
ADBE_0000796343-22-000056_chunk003,ADOBE INC.,0000796343,2022-01-27,financial,positive,3,True,Shantanu Narayen; Daniel Durn; Anil Chakravarthy; Scott Belsky; Company; Board; GAAP; non-GAAP earnings per share; FY22 Operating Plan,
ADBE_0000796343-22-000056_chunk004,ADOBE INC.,0000796343,2022-01-27,financial,neutral,3,True,Anil Chakravarthy; Scott Belsky; The Maximum Award; Company; Committee; GAAP revenue; non-GAAP EPS; FY22 Operating Plan,
ADBE_0000796343-22-000056_chunk005,ADOBE INC.,0000796343,2022-01-27,none,neutral,1,False,Company; Regulators; Monetary Amounts,
ADBE_0000796343-22-000085_chunk000,ADOBE INC.,0000796343,2022-03-17,regulatory,negative,2,False,Adobe Inc.; Tutanota LLC; US Securities and Exchange Commission,
ADBE_0000796343-22-000087_chunk000,ADOBE INC.,0000796343,2022-03-22,none,positive,2,True,Adobe Inc.; SEC; Exchange Act,
ADBE_0000796343-22-000087_chunk001,ADOBE INC.,0000796343,2022-03-22,none,neutral,2,True,investors; analyst community; United States Dollar; non-United States Dollar; exchange rates; hedging effects; GAAP; restricted stock units; performance shares; employee stock purchases; unvested options; acquisitions; deferred compensation plan liability; intangibles; purchased technology; trademarks; customer contracts; competitors,
ADBE_0000796343-22-000087_chunk002,ADOBE INC.,0000796343,2022-03-22,regulatory,neutral,2,True,intangibles; investment gains and losses; income tax adjustments; non-GAAP tax rate; tax legislation; major jurisdictions; income tax provision,
ADBE_0000796343-22-000087_chunk003,ADOBE INC.,0000796343,2022-03-22,none,neutral,1,False,Adobe,
ADBE_0000796343-22-000123_chunk000,ADOBE INC.,0000796343,2022-04-19,none,neutral,1,False,Adobe Inc.; KPMG LLP,
ADBE_0000796343-22-000123_chunk001,ADOBE INC.,0000796343,2022-04-19,none,positive,1,False,John Warnock; KPMG LLP; executive officers,
ADBE_0000796343-22-000150_chunk000,ADOBE INC.,0000796343,2022-06-16,none,positive,2,True,"Adobe Inc.; SEC; June 16, 2022",
ADBE_0000796343-22-000150_chunk001,ADOBE INC.,0000796343,2022-06-16,none,neutral,2,True,investors; analyst community; United States Dollar; non-United States Dollar; exchange rates; hedging effects; GAAP; restricted stock units; performance shares; employee stock purchases; unvested options; acquisitions; deferred compensation plan liability; intangibles; purchased technology; trademarks; customer contracts; customer relationships,
ADBE_0000796343-22-000150_chunk002,ADOBE INC.,0000796343,2022-06-16,regulatory,neutral,2,True,intangibles; investment gains and losses; income tax adjustments; non-GAAP tax rate; tax legislation; major jurisdictions; income tax provision,
ADBE_0000796343-22-000150_chunk003,ADOBE INC.,0000796343,2022-06-16,none,neutral,1,False,Adobe; SEC; 8-K,
ADBE_0001193125-22-186450_chunk000,ADOBE INC.,0000796343,2022-07-01,financial,neutral,3,True,Adobe Inc.; Bank of America; Term SOFR; Adjusted Daily SOFR Rate; Base Rate; non-U.S. dollar,
ADBE_0001193125-22-186450_chunk001,ADOBE INC.,0000796343,2022-07-01,none,neutral,1,False,,Ollama request failed after 3 attempts: HTTP Error 500: Internal Server Error
ADBE_0001193125-22-186450_chunk002,ADOBE INC.,0000796343,2022-07-01,financial,neutral,2,False,"Company; Bank of America, N.A.; Prior Revolving Credit Agreement",
ADBE_0001140361-22-033412_chunk000,ADOBE INC.,0000796343,2022-09-15,regulatory,neutral,2,True,"Adobe Inc.; Saratoga Merger Sub I, Inc.; Figma, Inc.; Fortis Advisors LLC; Merger Sub II; Company Shares; $22.4795",
ADBE_0001140361-22-033412_chunk001,ADOBE INC.,0000796343,2022-09-15,regulatory,neutral,2,True,Company; Figma; Nasdaq; $65 million; Escrow Funds,
ADBE_0001140361-22-033412_chunk002,ADOBE INC.,0000796343,2022-09-15,regulatory,neutral,3,True,Figma Capital Stock; Figma Preferred Stock; Nasdaq; Company Shares; Merger Agreement; Dylan Field; Hart-Scott-Rodino Antitrust Improvements Act of 1976; Figma,
ADBE_0001140361-22-033412_chunk003,ADOBE INC.,0000796343,2022-09-15,regulatory,negative,4,True,Figma; Company; Escrow Funds; legal restraint,
ADBE_0001140361-22-033412_chunk004,ADOBE INC.,0000796343,2022-09-15,regulatory,negative,3,False,Company; Figma; SEC,
ADBE_0001140361-22-033412_chunk005,ADOBE INC.,0000796343,2022-09-15,regulatory,neutral,3,True,Figma; Key Stockholder; Figma Capital Stock; Figma Preferred Stock,
ADBE_0001140361-22-033412_chunk006,ADOBE INC.,0000796343,2022-09-15,operational,neutral,2,True,"Adobe Inc.; Figma, Inc.; Saratoga Merger Sub I, Inc.; Saratoga Merger Sub II, LLC; Fortis Advisors LLC",
ADBE_0001140361-22-033412_chunk007,ADOBE INC.,0000796343,2022-09-15,regulatory,negative,4,True,Company; Figma; SEC; U.S. government,
ADBE_0001140361-22-033412_chunk008,ADOBE INC.,0000796343,2022-09-15,regulatory,neutral,2,False,"Adobe Inc.; Figma; SEC; San Jose, California",
ADBE_0000796343-22-000183_chunk000,ADOBE INC.,0000796343,2022-09-15,none,positive,2,True,Adobe Inc.; SEC; U.S. Securities and Exchange Commission,
ADBE_0000796343-22-000183_chunk001,ADOBE INC.,0000796343,2022-09-15,none,neutral,2,True,investors; analyst community; United States Dollar; non-United States Dollar; exchange rates; hedging effects; GAAP; restricted stock units; performance shares; employee stock purchases; unvested options; acquisitions; deferred compensation plan liability; intangibles; technology; trademarks; customer contracts; competitors,
ADBE_0000796343-22-000183_chunk002,ADOBE INC.,0000796343,2022-09-15,regulatory,neutral,2,True,intangibles; investment gains and losses; income tax adjustments; non-GAAP tax rate; tax legislation; major jurisdictions; geographic earnings mix,
ADBE_0000796343-22-000183_chunk003,ADOBE INC.,0000796343,2022-09-15,none,neutral,1,False,Adobe,
ADBE_0000796343-22-000225_chunk000,ADOBE INC.,0000796343,2022-12-15,none,positive,2,True,"Adobe Inc.; SEC; December 15, 2022",
ADBE_0000796343-22-000225_chunk001,ADOBE INC.,0000796343,2022-12-15,financial,neutral,2,True,institutional investors; analyst community; United States Dollar; non-United States Dollar; exchange rates; hedging effects; restricted stock units; performance shares; employee stock purchases; GAAP; deferred compensation plan liability; intangibles; purchased technology; trademarks; customer contracts and relationships,
ADBE_0000796343-22-000225_chunk002,ADOBE INC.,0000796343,2022-12-15,none,neutral,2,False,Figma; non-GAAP financial measures; investment gains and losses; equity securities; income tax expense; GAAP taxable income,
ADBE_0000796343-22-000225_chunk003,ADOBE INC.,0000796343,2022-12-15,regulatory,neutral,2,False,Adobe; GAAP; non-GAAP measures,
ADBE_0001193125-23-010953_chunk000,ADOBE INC.,0000796343,2023-01-19,financial,neutral,3,True,"Adobe Inc.; Bank of America, N.A.; Figma, Inc.; Saratoga Merger Sub I, Inc.; Saratoga Merger Sub II, LLC; Fortis Advisors LLC",
ADBE_0001193125-23-010953_chunk001,ADOBE INC.,0000796343,2023-01-19,financial,negative,4,True,Company; lenders; Term Loan Credit Agreement; Merger Agreement,
ADBE_0001193125-23-010953_chunk002,ADOBE INC.,0000796343,2023-01-19,financial,neutral,3,False,"Company; Bank of America, N.A.",
ADBE_0000796343-23-000011_chunk000,ADOBE INC.,0000796343,2023-01-26,none,positive,1,True,Adobe Inc.; NASDAQ 100 Index; Adobe common stock,
ADBE_0000796343-23-000011_chunk001,ADOBE INC.,0000796343,2023-01-26,operational,neutral,2,True,Adobe; Digital Media; Digital Experience; ARR; Creative Cloud; Document Cloud; Enterprise Term License Agreements; 2022 Performance Share Program,
ADBE_0000796343-23-000011_chunk002,ADOBE INC.,0000796343,2023-01-26,operational,neutral,2,True,Adobe; Shantanu Narayen; Daniel Durn; Anil Chakravarthy; David Wadhwani; Scott Belsky,
ADBE_0000796343-23-000011_chunk003,ADOBE INC.,0000796343,2023-01-26,none,positive,2,True,Company; Board; GAAP revenue target; non-GAAP earnings per share target; principal executive officer; principal financial officer,
ADBE_0000796343-23-000011_chunk004,ADOBE INC.,0000796343,2023-01-26,none,neutral,1,True,Target; Shantanu Narayen; Daniel Durn; Anil Chakravarthy; David Wadhwani; Scott Belsky; Incentive Plan; Corporate Performance Result; Individual Performance Result; GAAP revenue; non-GAAP EPS; FY23 Operating Plan,
ADBE_0000796343-23-000011_chunk005,ADOBE INC.,0000796343,2023-01-26,none,neutral,1,False,Company; 2020; 202; 2022; 2022 Performance Share Program; Executive Annual Incentive Plan; 2019 Equity Incentive Plan,
ADBE_0000796343-23-000044_chunk000,ADOBE INC.,0000796343,2023-03-15,none,positive,2,True,Adobe Inc.; SEC; Exchange Act,
ADBE_0000796343-23-000044_chunk001,ADOBE INC.,0000796343,2023-03-15,none,neutral,2,True,investors; analyst community; United States Dollar; non-United States Dollar revenue; exchange rates; hedging effects; GAAP; restricted stock units; performance shares; employee stock purchases; unvested options; deferred compensation plan liability; intangibles; purchased technology; trademarks; customer contracts and relationships,
ADBE_0000796343-23-000044_chunk002,ADOBE INC.,0000796343,2023-03-15,none,neutral,2,True,Figma; intangibles; non-GAAP financial measures; investment gains and losses; income tax adjustments,bad risk_category 'finan01'
ADBE_0000796343-23-000044_chunk003,ADOBE INC.,0000796343,2023-03-15,regulatory,neutral,2,True,Adobe; GAAP; tax law changes; major jurisdictions,
ADBE_0000796343-23-000084_chunk000,ADOBE INC.,0000796343,2023-04-24,none,neutral,1,False,Adobe Inc.; Amy Banse; Brett Biggs; Melanie Boulden; Frank Calderoni; Laura Desmond; Shantanu Narayen; Spencer Neumann; Dheeraj Pandey; David Ricks; Daniel Rosensweig; John Warnock,
ADBE_0000796343-23-000084_chunk001,ADOBE INC.,0000796343,2023-04-24,regulatory,neutral,2,False,Daniel Rosensweig; John Warnock; KPMG LLP; 2019 Equity Incentive Plan,
ADBE_0000796343-23-000084_chunk002,ADOBE INC.,0000796343,2023-04-24,none,neutral,1,False,,
ADBE_0000796343-23-000133_chunk000,ADOBE INC.,0000796343,2023-06-15,none,positive,2,True,"Adobe Inc.; SEC; June 15, 2023",
ADBE_0000796343-23-000133_chunk001,ADOBE INC.,0000796343,2023-06-15,none,neutral,2,True,investors; analyst community; United States Dollar; non-United States Dollar; exchange rates; hedging effects; GAAP; restricted stock units; performance shares; employee stock purchases; unvested options; deferred compensation plan liability; intangibles; purchased technology; trademarks; customer contracts and relationships,
ADBE_0000796343-23-000133_chunk002,ADOBE INC.,0000796343,2023-06-15,none,neutral,2,True,Figma; intangibles; deal costs; professional fees; investment gains and losses; equity securities; tax provisions,bad risk_category 'finan01'
ADBE_0000796343-23-000133_chunk003,ADOBE INC.,0000796343,2023-06-15,regulatory,neutral,2,True,Adobe; GAAP; tax legislation; major jurisdictions,
ADBE_0000796343-23-000198_chunk000,ADOBE INC.,0000796343,2023-09-14,financial,neutral,2,True,"Adobe Inc.; Securities Act; US$3,000,000,000; national bank",
ADBE_0000796343-23-000198_chunk001,ADOBE INC.,0000796343,2023-09-14,regulatory,neutral,2,True,Adobe Inc.; SEC; U.S.; GAAP,
ADBE_0000796343-23-000198_chunk002,ADOBE INC.,0000796343,2023-09-14,none,positive,2,False,non-GAAP financial measures; stock-based compensation; deferred compensation; revenue growth rates; United States Dollar; exchange rates; acquisitions,
ADBE_0000796343-23-000198_chunk003,ADOBE INC.,0000796343,2023-09-14,financial,neutral,2,False,us; Figma; intangibles; deal costs; professional fees; equity investments; deferred compensation plan assets; investment partnerships,
ADBE_0000796343-23-000198_chunk004,ADOBE INC.,0000796343,2023-09-14,regulatory,neutral,2,True,non-GAAP tax rate; GAAP taxable income; major jurisdictions; investors,
ADBE_0000796343-23-000198_chunk005,ADOBE INC.,0000796343,2023-09-14,none,positive,2,False,Adobe; SEC; registrant,
ADBE_0000796343-23-000226_chunk000,ADOBE INC.,0000796343,2023-10-26,leadership,positive,2,False,Adobe Inc.; Cristiano Amon; SEC,
ADBE_0000796343-23-000226_chunk001,ADOBE INC.,0000796343,2023-10-26,none,positive,1,False,Adobe; Cristiano Amon,
ADBE_0000796343-23-000252_chunk000,ADOBE INC.,0000796343,2023-12-13,none,positive,2,True,"Adobe Inc.; SEC; December 13, 2023; financial results; fourth quarter; fiscal year 2023; GAAP; non-GAAP measures; operating decisions; research and development; sales and marketing; general and administrative expenses",
ADBE_0000796343-23-000252_chunk001,ADOBE INC.,0000796343,2023-12-13,none,positive,2,False,institutional investors; analyst community; United States Dollar; non-United States Dollar revenue; exchange rates; hedging effects; restricted stock units; performance shares; employee stock purchases; GAAP; deferred compensation plan liability; intangibles; purchased technology; trademarks; customer contracts and relationships,
ADBE_0000796343-23-000252_chunk002,ADOBE INC.,0000796343,2023-12-13,legal,negative,4,False,Figma; litigation,
ADBE_0000796343-23-000252_chunk003,ADOBE INC.,0000796343,2023-12-13,regulatory,negative,3,True,Adobe Inc.; Accounting Standards Codification (ASC) 450-20; non-GAAP tax rate; long-term projected non-GAAP tax rate; income tax effect; Executive Compensation Committee; Board of Directors,
ADBE_0000796343-23-000252_chunk004,ADOBE INC.,0000796343,2023-12-13,regulatory,neutral,4,True,Adobe Inc.; Federal Trade Commission; Executive Compensation Committee; Board of Directors; Change of Control Plan; FTC; Restore Online Shoppers’ Confidence Act,
ADBE_0000796343-23-000254_chunk000,ADOBE INC.,0000796343,2023-12-18,operational,negative,3,False,"Adobe Inc.; Saratoga Merger Sub I, Inc.; Saratoga Merger Sub II, LLC; Figma, Inc.; Fortis Advisors LLC; one billion dollars",
ADBE_0000796343-23-000254_chunk001,ADOBE INC.,0000796343,2023-12-18,regulatory,negative,3,False,"Adobe Inc.; Figma, Inc.; Saratoga Merger Sub I, Inc.; Saratoga Merger Sub II, LLC",
ADBE_0000796343-24-000024_chunk000,ADOBE INC.,0000796343,2024-01-26,none,positive,1,True,Adobe Inc.; NASDAQ-100 Index; Adobe common stock,
ADBE_0000796343-24-000024_chunk001,ADOBE INC.,0000796343,2024-01-26,operational,neutral,2,True,Adobe; TSR Goal; Digital Media; Document Cloud; Net New Sales Goal; fiscal year 2024; fiscal year 2022 Performance Share Program; Adobe’s 2023 Performance Share Program,
ADBE_0000796343-24-000024_chunk002,ADOBE INC.,0000796343,2024-01-26,none,positive,2,True,Adobe; Shantanu Narayen; Daniel Durn; Anil Chakravarthy; David Wadhwani; Scott Belsky; SEC; 50%; TSR Goal; Net New Sales Goal,
ADBE_0000796343-24-000024_chunk003,ADOBE INC.,0000796343,2024-01-26,none,positive,2,True,Company; Shantanu Narayen; Daniel Durn; Anil Chakravarthy; 2024 Executive Annual Incentive Plan; FY24 Initial Public Guidance,
ADBE_0000796343-24-000024_chunk004,ADOBE INC.,0000796343,2024-01-26,none,neutral,2,True,Shantanu Narayen; Daniel Durn; Anil Chakravarthy; David Wadhwati; Scott Belsky; Target Award; Corporate Performance Result; Individual Performance Result; Incentive Plan,
ADBE_0000796343-24-000024_chunk005,ADOBE INC.,0000796343,2024-01-26,none,neutral,1,False,SEC; 202; Executive Annual Incentive Plan; 2020 Equity Incentive Plan,
ADBE_0000796343-24-000057_chunk000,ADOBE INC.,0000796343,2024-03-14,none,positive,2,True,Adobe Inc.; SEC; U.S. Securities and Exchange Commission,
ADBE_0000796343-24-000057_chunk001,ADOBE INC.,0000796343,2024-03-14,none,neutral,2,True,investors; analyst community; United States Dollar; non-United States Dollar revenue; exchange rates; hedging effects; GAAP; restricted stock units; performance shares; employee stock purchases; deferred compensation plan liability; intangibles; purchased technology; trademarks; customer contracts and relationships,
ADBE_0000796343-24-000057_chunk002,ADOBE INC.,0000796343,2024-03-14,legal,negative,3,False,Figma; litigation,
ADBE_0000796343-24-000057_chunk003,ADOBE INC.,0000796343,2024-03-14,regulatory,negative,3,True,"Adobe; Board of Directors; common stock; March 14, 2024; $25 billion; March 14, 2028",
ADBE_0000796343-24-000057_chunk004,ADOBE INC.,0000796343,2024-03-14,none,positive,1,False,Adobe; SEC; stock repurchase program,
ADBE_0001193125-24-087244_chunk000,ADOBE INC.,0000796343,2024-04-04,regulatory,neutral,2,False,"Adobe Inc.; BofA Securities, Inc.; J.P. Morgan Securities LLC; SG Americas Securities, LLC; U.S. Bancorp Investments, Inc.; Wells Fargo Securities, LLC; Computershare Trust Company, N.A.; SEC",
ADBE_0001193125-24-087244_chunk001,ADOBE INC.,0000796343,2024-04-04,financial,neutral,3,True,Adobe; 2027 Notes; 2029 Notes; 2034 Notes; Officer’s Certificate; Indenture; underwriting discounts; $1.99 billion,
ADBE_0001193125-24-087244_chunk002,ADOBE INC.,0000796343,2024-04-04,financial,neutral,3,False,"Adobe Inc.; BofA Securities, Inc.; J.P. Morgan Securities LLC; SG Americas Securities, LLC; U.S. Bancorp Investments, Inc.; Wells Fargo Securities, LLC; Treasury Rate; Officer’s Certificate",
ADBE_0001193125-24-087244_chunk003,ADOBE INC.,0000796343,2024-04-04,none,neutral,1,False,"Adobe Inc.; BofA Securities, Inc.; J.P. Morgan Securities LLC; SG Americas Securities, LLC; U.S. Bancorp Investments, Inc.; Wells Fargo Securities, LLC",
ADBE_0000796343-24-000086_chunk000,ADOBE INC.,0000796343,2024-04-19,none,neutral,1,False,Adobe Inc.; Cristiano Amon; Amy Banse; Brett Biggs; Melanie Boulden; Frank Calderoni,
ADBE_0000796343-24-000086_chunk001,ADOBE INC.,0000796343,2024-04-19,none,neutral,2,False,KPMG LLP; Apple Inc.; Apple Inc. shareholders; Apple Inc. executive officers,
ADBE_0000796343-24-000086_chunk002,ADOBE INC.,0000796343,2024-04-19,none,neutral,2,False,Broker Non-Votes; SEC 8-K filing,
ADBE_0000796343-24-000140_chunk000,ADOBE INC.,0000796343,2024-06-13,none,positive,2,True,"Adobe Inc.; SEC; June 13, 2024",
ADBE_0000796343-24-000140_chunk001,ADOBE INC.,0000796343,2024-06-13,none,neutral,2,False,investors; analyst community; United States Dollar; non-United States Dollar; exchange rates; hedging effects; GAAP; restricted stock units; performance shares; employee stock purchases; unvested options; deferred compensation plan liability; intangibles; purchased technology; trademarks; customer contracts; acquisitions; capital expenditures,
ADBE_0000796343-24-000140_chunk002,ADOBE INC.,0000796343,2024-06-13,legal,negative,3,False,Figma; litigation,
ADBE_0000796343-24-000140_chunk003,ADOBE INC.,0000796343,2024-06-13,regulatory,negative,3,True,Adobe; U.S. Securities and Exchange Commission; ASC 450-20; non-GAAP tax rate; fiscal 2023; fiscal 2025,
ADBE_0000796343-24-000140_chunk004,ADOBE INC.,0000796343,2024-06-13,none,positive,1,False,Adobe,
ADBE_0000796343-24-000173_chunk000,ADOBE INC.,0000796343,2024-07-18,leadership,neutral,2,False,Adobe Inc.; Mark Garfield,
ADBE_0000796343-24-000192_chunk000,ADOBE INC.,0000796343,2024-08-08,none,positive,1,False,Adobe; Jillian Forusz; Mark Garfield; Penn State University; Deloitte; 2019 Equity Incentive Plan,
ADBE_0000796343-24-000192_chunk001,ADOBE INC.,0000796343,2024-08-08,none,positive,1,False,Ms. Forusz; Company,
ADBE_0000796343-24-000200_chunk000,ADOBE INC.,0000796343,2024-09-12,none,positive,2,True,Adobe Inc.; SEC; U.S. Securities and Exchange Commission,
ADBE_0000796343-24-000200_chunk001,ADOBE INC.,0000796343,2024-09-12,none,neutral,2,True,investors; analyst community; United States Dollar; non-United States Dollar; exchange rates; hedging effects; GAAP; restricted stock units; performance shares; employee stock purchases; unvested options; deferred compensation plan liability; intangibles; purchased technology; trademarks; customer contracts; acquisitions; capital expenditures,
ADBE_0000796343-24-000200_chunk002,ADOBE INC.,0000796343,2024-09-12,legal,negative,3,False,Figma; litigation,
ADBE_0000796343-24-000200_chunk003,ADOBE INC.,0000796343,2024-09-12,none,neutral,1,False,,no JSON object found in response
ADBE_0000796343-24-000200_chunk004,ADOBE INC.,0000796343,2024-09-12,none,positive,1,False,Adobe; SEC; GAAP,
ADBE_0000796343-24-000250_chunk000,ADOBE INC.,0000796343,2024-12-11,operational,neutral,2,True,Adobe Inc.; SEC; GAAP,
ADBE_0000796343-24-000250_chunk001,ADOBE INC.,0000796343,2024-12-11,none,positive,2,False,institutional investors; analyst community; United States Dollar; non-United States Dollar revenue; exchange rates; hedging effects; restricted stock units; performance shares; employee stock purchases; GAAP; deferred compensation plan liability; intangibles; purchased technology; trademarks; customer contracts and relationships,
ADBE_0000796343-24-000250_chunk002,ADOBE INC.,0000796343,2024-12-11,legal,negative,3,False,Figma; marketable equity investments; litigation,
ADBE_0000796343-24-000250_chunk003,ADOBE INC.,0000796343,2024-12-11,regulatory,neutral,3,True,"Accounting Standards Codification (ASC) 450-20; ASC 450-20, Loss Contingencies; long-term projected non-GAAP tax rate; fiscal 2023; fiscal 2025; geographic earnings mix; tax laws in major jurisdictions",
ADBE_0000796343-24-000250_chunk004,ADOBE INC.,0000796343,2024-12-11,none,positive,1,False,Adobe; SEC; 2024,
AMD_0000002488-21-000002_chunk000,ADVANCED MICRO DEVICES INC,0000002488,2021-01-06,none,positive,1,False,"Advanced Micro Devices, Inc.; Darren Grasby; Devinder Kumar; Mark D. Papermaster; Bloomberg Financial",
AMD_0000002488-21-000002_chunk001,ADVANCED MICRO DEVICES INC,0000002488,2021-01-06,none,positive,1,False,Mark D. Papermaster; Rick Bergman; Company,
AMD_0000002488-21-000005_chunk000,ADVANCED MICRO DEVICES INC,0000002488,2021-01-12,regulatory,neutral,2,True,"Advanced Micro Devices, Inc.; Xilinx, Inc.; Securities and Exchange Commission; Hart-Scott-Rodino Antitrust Improvements Act of 1976",
AMD_0000002488-21-000005_chunk001,ADVANCED MICRO DEVICES INC,0000002488,2021-01-12,none,neutral,1,False,Securities and Exchange Commission; Company; Xilinx; AMD.com; Xilinx.com,
AMD_0000002488-21-000005_chunk002,ADVANCED MICRO DEVICES INC,0000002488,2021-01-12,regulatory,neutral,3,True,Company; Xilinx; SEC; 2020 annual meeting of stockholders,
AMD_0000002488-21-000005_chunk003,ADVANCED MICRO DEVICES INC,0000002488,2021-01-12,regulatory,negative,4,True,Company; regulators; monetary amounts,
AMD_0000002488-21-000009_chunk000,ADVANCED MICRO DEVICES INC,0000002488,2021-01-26,financial,neutral,2,True,"Advanced Micro Devices, Inc.; Securities and Exchange Commission; U.S. Generally Accepted Accounting Principles; GAAP; non-GAAP financial measures",
AMD_0000002488-21-000009_chunk001,ADVANCED MICRO DEVICES INC,0000002488,2021-01-26,none,neutral,1,False,"January 2, 2021; Fourth Quarter and FY 2020; Exhibit No. 99.1; Exhibit No. 99.2",
AMD_0000002488-21-000033_chunk000,ADVANCED MICRO DEVICES INC,0000002488,2021-02-22,none,positive,2,True,"Advanced Micro Devices, Inc.; Bloomberg Financial; Lisa T. Su; Devinder Kumar; Rick Bergman; Darren Grasby; Mark D. Papermaster",
AMD_0001193125-21-073262_chunk000,ADVANCED MICRO DEVICES INC,0000002488,2021-03-08,regulatory,neutral,2,False,"Advanced Micro Devices, Inc.; Xilinx, Inc.; Securities and Exchange Commission",
AMD_0001193125-21-073262_chunk001,ADVANCED MICRO DEVICES INC,0000002488,2021-03-08,regulatory,neutral,2,True,Company; Xilinx; AMD.com; Xilinx.com; sec.gov; ir.AMD.com; ir.Xilinx.com,
AMD_0001193125-21-073262_chunk002,ADVANCED MICRO DEVICES INC,0000002488,2021-03-08,regulatory,negative,4,True,Company; Xilinx; regulators; stockholders; transaction,
AMD_0001193125-21-073262_chunk003,ADVANCED MICRO DEVICES INC,0000002488,2021-03-08,operational,neutral,3,True,"Advanced Micro Devices, Inc.; Xilinx, Inc.",
AMD_0000002488-21-000046_chunk000,ADVANCED MICRO DEVICES INC,0000002488,2021-04-08,regulatory,neutral,2,False,"Advanced Micro Devices, Inc.; Xilinx, Inc.; SEC; April 7, 2021",
AMD_0000002488-21-000046_chunk001,ADVANCED MICRO DEVICES INC,0000002488,2021-04-08,none,neutral,1,False,"Advanced Micro Devices, Inc.; Xilinx, Inc.",
AMD_0000002488-21-000054_chunk000,ADVANCED MICRO DEVICES INC,0000002488,2021-04-27,financial,neutral,2,True,"Advanced Micro Devices, Inc.; Securities and Exchange Commission; GAAP; tax rate",
AMD_0000002488-21-000054_chunk001,ADVANCED MICRO DEVICES INC,0000002488,2021-04-27,none,neutral,1,False,Company; SEC; 2021,
AMD_0000002488-21-000068_chunk000,ADVANCED MICRO DEVICES INC,0000002488,2021-05-13,operational,neutral,3,True,"Advanced Micro Devices, Inc.; GLOBALFOUNDRIES Inc.; $1.6 billion",
AMD_0001193125-21-169293_chunk000,ADVANCED MICRO DEVICES INC,0000002488,2021-05-21,none,positive,1,False,"Advanced Micro Devices, Inc.; Ernst & Young LLP; John E. Caldwell; Nora M. Denzel; Mark Durcan; Michael P. Gregoire; Joseph A. Householder; John W. Marren; Lisa T. Su; Abhi Y. Talwalkar",
AMD_0001193125-21-169293_chunk001,ADVANCED MICRO DEVICES INC,0000002488,2021-05-21,none,positive,1,False,Company; stockholders; named executive officers; Proxy,
AMD_0000002488-21-000103_chunk000,ADVANCED MICRO DEVICES INC,0000002488,2021-06-24,none,positive,2,False,"Advanced Micro Devices, Inc.; Lisa T. Su; Devinder Kumar; Rick Bergman; Darren Grasby; Mark Papermaster; Bloomberg Financial",
AMD_0000002488-21-000103_chunk001,ADVANCED MICRO DEVICES INC,0000002488,2021-06-24,none,neutral,1,False,Lisa T. Su; Devinder Kumar; Rick Bergman; Darren Grasby; Mark D. Papermaster; Company; S&P 500 Index,
AMD_0000002488-21-000103_chunk002,ADVANCED MICRO DEVICES INC,0000002488,2021-06-24,regulatory,neutral,2,True,Company; S&P 500 Index; named executive officer; non-GAAP EPS; fiscal 2023; fiscal 2022,
AMD_0000002488-21-000103_chunk003,ADVANCED MICRO DEVICES INC,0000002488,2021-06-24,none,neutral,1,True,"Company; executive officer; August 9, 2024; Stock Options; RSUs",
AMD_0000002488-21-000107_chunk000,ADVANCED MICRO DEVICES INC,0000002488,2021-06-30,regulatory,positive,2,True,"Advanced Micro Devices, Inc.; Xilinx, Inc.; U.K. Competition and Markets Authority; European Commission",
AMD_0000002488-21-000107_chunk001,ADVANCED MICRO DEVICES INC,0000002488,2021-06-30,regulatory,negative,4,True,Company; regulators; monetary amounts,
AMD_0000002488-21-000114_chunk000,ADVANCED MICRO DEVICES INC,0000002488,2021-07-27,financial,neutral,2,True,"Advanced Micro Devices, Inc.; Securities and Exchange Commission; GAAP; tax rate",
AMD_0000002488-21-000114_chunk001,ADVANCED MICRO DEVICES INC,0000002488,2021-07-27,none,neutral,1,False,"Company; SEC; July 27, 2021",
AMD_0000002488-21-000176_chunk000,ADVANCED MICRO DEVICES INC,0000002488,2021-10-26,financial,neutral,2,True,"Advanced Micro Devices, Inc.; Securities and Exchange Commission; U.S. Generally Accepted Accounting Principles; GAAP; non-GAAP financial measures",
AMD_0000002488-21-000176_chunk001,ADVANCED MICRO DEVICES INC,0000002488,2021-10-26,none,neutral,1,False,"Company; SEC; October 26, 2021",
AMD_0000002488-21-000205_chunk000,ADVANCED MICRO DEVICES INC,0000002488,2021-12-23,financial,neutral,3,True,"Advanced Micro Devices, Inc.; GLOBALFOUNDRIES Inc.; $2.1 billion",
AMD_0000002488-22-000009_chunk000,ADVANCED MICRO DEVICES INC,0000002488,2022-01-27,regulatory,neutral,3,True,"Advanced Micro Devices, Inc.; Xilinx, Inc.; National Anti-Monopoly Policy Bureau; State Administration for Market Regulation; Federal Trade Commission; Department of Justice; Hart-Scott-Rodino Antitrust Improvements Act",
AMD_0000002488-22-000009_chunk001,ADVANCED MICRO DEVICES INC,0000002488,2022-01-27,regulatory,negative,4,True,Xilinx; AMD; SEC; 8-K,
AMD_0000002488-22-000009_chunk002,ADVANCED MICRO DEVICES INC,0000002488,2022-01-27,operational,neutral,3,True,AMD,
AMD_0000002488-22-000014_chunk000,ADVANCED MICRO DEVICES INC,0000002488,2022-02-01,regulatory,neutral,2,True,"Advanced Micro Devices, Inc.; U.S. Generally Accepted Accounting Principles; non-GAAP tax rate; foreign withholding tax obligations",
AMD_0000002488-22-000014_chunk001,ADVANCED MICRO DEVICES INC,0000002488,2022-02-01,none,neutral,1,False,AMD; Securities and Exchange Commission; Securities Act of 1933; Securities and Exchange Act of 1934,
AMD_0000002488-22-000026_chunk000,ADVANCED MICRO DEVICES INC,0000002488,2022-02-10,regulatory,positive,2,True,AMD; FTC; Department of Justice; HSR Act; Xilinx,
AMD_0000002488-22-000026_chunk001,ADVANCED MICRO DEVICES INC,0000002488,2022-02-10,operational,negative,4,True,AMD; transaction; suppliers; customers; employers; regulators; tax treatment,
AMD_0000002488-22-000026_chunk002,ADVANCED MICRO DEVICES INC,0000002488,2022-02-10,regulatory,neutral,2,True,AMD; COVID-19,
AMD_0000002488-22-000031_chunk000,ADVANCED MICRO DEVICES INC,0000002488,2022-02-14,operational,neutral,2,False,AMD; Xilinx; U.S. Bank Trust Company; 2024 Supplemental Indenture; 2030 Supplemental Indenture,
AMD_0000002488-22-000031_chunk001,ADVANCED MICRO DEVICES INC,0000002488,2022-02-14,regulatory,neutral,3,True,AMD; Xilinx; Xilinx RSUs; Xilinx options,
AMD_0000002488-22-000031_chunk002,ADVANCED MICRO DEVICES INC,0000002488,2022-02-14,leadership,positive,2,False,AMD; Jon Olson; Elizabeth Vanderslice; Lisa Su; John Caldwell; Victor Peng,
AMD_0000002488-22-000031_chunk003,ADVANCED MICRO DEVICES INC,0000002488,2022-02-14,none,neutral,1,False,AMD; Dr. Lisa Su; John Caldwell; Jon Olson; Elizabeth Vanderslice,
AMD_0000002488-22-000054_chunk000,ADVANCED MICRO DEVICES INC,0000002488,2022-02-28,none,positive,1,True,"Advanced Micro Devices, Inc.; Lisa T. Su; Bloomberg Financial",
AMD_0001193125-22-123652_chunk000,ADVANCED MICRO DEVICES INC,0000002488,2022-04-27,none,neutral,1,False,"Advanced Micro Devices, Inc.; Xilinx, Inc.; Securities and Exchange Commission",
AMD_0001193125-22-123652_chunk001,ADVANCED MICRO DEVICES INC,0000002488,2022-04-27,regulatory,neutral,2,True,Xilinx; Ernst & Young LLP,
AMD_0001193125-22-123652_chunk002,ADVANCED MICRO DEVICES INC,0000002488,2022-04-27,none,neutral,1,False,,
AMD_0000002488-22-000074_chunk000,ADVANCED MICRO DEVICES INC,0000002488,2022-05-03,financial,neutral,2,True,"Advanced Micro Devices, Inc.; Wells Fargo Bank, National Association; Wells Fargo Securities, LLC; $3.0 billion; Revolving Facility; Existing Credit Agreement",
AMD_0000002488-22-000074_chunk001,ADVANCED MICRO DEVICES INC,0000002488,2022-05-03,financial,neutral,3,True,Company; lenders; Credit Agreement; SOFR,
AMD_0000002488-22-000074_chunk002,ADVANCED MICRO DEVICES INC,0000002488,2022-05-03,regulatory,neutral,2,True,AMD; Xilinx; U.S. Generally Accepted Accounting Principles; non-GAAP tax rate; foreign withholding tax obligations,
AMD_0000002488-22-000074_chunk003,ADVANCED MICRO DEVICES INC,0000002488,2022-05-03,financial,neutral,3,False,"Advanced Micro Devices, Inc.; Wells Fargo Bank, National Association",
AMD_0001193125-22-156161_chunk000,ADVANCED MICRO DEVICES INC,0000002488,2022-05-20,none,positive,1,False,"Advanced Micro Devices, Inc.; Ernst & Young LLP; John E. Caldwell; Nora M. Denzel; Mark Durcan; Michael P. Gregoire; Joseph A. Householder; John W. Marren; Jon A. Olson; Lisa T. Su; Abhi Y. Talwalkar; Elizabeth W. Vanderslice",
AMD_0001193125-22-156161_chunk001,ADVANCED MICRO DEVICES INC,0000002488,2022-05-20,regulatory,positive,2,False,Ernst & Young LLP; Company; stockholders; named executive officers; Broker; Non-Votes,
AMD_0001193125-22-167938_chunk000,ADVANCED MICRO DEVICES INC,0000002488,2022-06-06,financial,neutral,2,True,"Advanced Micro Devices, Inc.; Xilinx, Inc.; Securities and Exchange Commission; Delaware",
AMD_0001193125-22-167938_chunk001,ADVANCED MICRO DEVICES INC,0000002488,2022-06-06,none,neutral,1,False,AMD; Xilinx,
AMD_0001193125-22-170212_chunk000,ADVANCED MICRO DEVICES INC,0000002488,2022-06-08,regulatory,neutral,2,True,"Advanced Micro Devices, Inc.; Barclays Capital Inc.; BofA Securities, Inc.; Credit Suisse Securities (USA) LLC; J.P. Morgan Securities LLC; Wells Fargo Securities, LLC; Securities Act of 1933; SEC",
AMD_0001193125-22-170212_chunk001,ADVANCED MICRO DEVICES INC,0000002488,2022-06-08,regulatory,neutral,2,True,Company; Securities and Exchange Commission; Private Securities Litigation Reform Act of 1995,
AMD_0001193125-22-170212_chunk002,ADVANCED MICRO DEVICES INC,0000002488,2022-06-08,none,neutral,1,True,"Advanced Micro Devices, Inc.; Barclays Capital Inc.; BofA Securities, Inc.; Credit Suisse Securities (USA) LLC; J.P. Morgan Securities LLC; Wells Fargo Securities, LLC",
AMD_0001193125-22-171108_chunk000,ADVANCED MICRO DEVICES INC,0000002488,2022-06-09,financial,neutral,3,False,"Advanced Micro Devices, Inc.; U.S. Bank Trust Company, National Association; $1 billion; 3.924% Senior Notes; 2032 Notes; 4.393% Senior Notes; 2052 Notes",
AMD_0001193125-22-171108_chunk001,ADVANCED MICRO DEVICES INC,0000002488,2022-06-09,regulatory,neutral,2,True,Company; Treasury Rate; 2032 Notes; 2052 Notes; Change of Control Triggering Event; Indenture,
AMD_0001193125-22-171108_chunk002,ADVANCED MICRO DEVICES INC,0000002488,2022-06-09,financial,negative,4,False,Company; SEC; Indenture; Notes; Securities Act,
AMD_0001193125-22-171108_chunk003,ADVANCED MICRO DEVICES INC,0000002488,2022-06-09,financial,neutral,3,False,Company; U.S. Bank Trust Company; Latham & Watkins LLP,
AMD_0000002488-22-000112_chunk000,ADVANCED MICRO DEVICES INC,0000002488,2022-06-28,none,positive,2,False,"Advanced Micro Devices, Inc.; Lisa T. Su; Devinder Kumar; Rick Bergman; Darren Grasby; Mark Papermaster; Bloomberg Financial",
AMD_0000002488-22-000112_chunk001,ADVANCED MICRO DEVICES INC,0000002488,2022-06-28,regulatory,neutral,2,True,Lisa T. Su; Devinder Kumar; Rick Bergman; Darren Grasby; Mark D. Papermaster; S&P 500 Index,
AMD_0000002488-22-000112_chunk002,ADVANCED MICRO DEVICES INC,0000002488,2022-06-28,regulatory,neutral,2,True,"Company; named executive officers; PRSUs; fiscal 2024 earnings; fiscal 2023 earnings; fair market value; August 9, 2025",
AMD_0000002488-22-000112_chunk003,ADVANCED MICRO DEVICES INC,0000002488,2022-06-28,none,neutral,1,False,"August 9, 2023; August 9, 2024; August 9, 2025; August 9, 2026",
AMD_0000002488-22-000120_chunk000,ADVANCED MICRO DEVICES INC,0000002488,2022-08-02,financial,neutral,2,True,Company; AMD; U.S. Generally Accepted Accounting Principles; GAAP; non-GAAP financial measures; tax rate,
AMD_0000002488-22-000120_chunk001,ADVANCED MICRO DEVICES INC,0000002488,2022-08-02,none,neutral,1,False,"Advanced Micro Devices, Inc.; Securities Exchange Act of 1934; Devinder Kumar",
AMD_0000002488-22-000163_chunk000,ADVANCED MICRO DEVICES INC,0000002488,2022-10-06,none,neutral,1,False,"Advanced Micro Devices, Inc.; Securities and Exchange Act of 1934; Securities Act of 1933",
AMD_0000002488-22-000168_chunk000,ADVANCED MICRO DEVICES INC,0000002488,2022-11-01,financial,neutral,2,True,Company; AMD; U.S. Generally Accepted Accounting Principles; GAAP; non-GAAP financial measures; tax rate,
AMD_0000002488-22-000168_chunk001,ADVANCED MICRO DEVICES INC,0000002488,2022-11-01,none,neutral,1,False,"Advanced Micro Devices, Inc.; Securities Exchange Act of 1934; Devinder Kumar",
AMD_0000002488-22-000172_chunk000,ADVANCED MICRO DEVICES INC,0000002488,2022-11-08,regulatory,neutral,2,False,"Advanced Micro Devices, Inc.; Securities Act of 1933; national bank",
AMD_0000002488-22-000176_chunk000,ADVANCED MICRO DEVICES INC,0000002488,2022-11-16,none,neutral,1,False,"Advanced Micro Devices, Inc.; John Caldwell; Nora Denzel",
AMD_0000002488-23-000003_chunk000,ADVANCED MICRO DEVICES INC,0000002488,2023-01-11,none,positive,1,False,"Advanced Micro Devices, Inc.; Devinder Kumar; Jean Hu; Marvell Technology, Inc.; QLogic Corporation; Conexant Systems, Inc.; Fortinet, Inc.",
AMD_0000002488-23-000003_chunk001,ADVANCED MICRO DEVICES INC,0000002488,2023-01-11,none,positive,2,False,"Fortinet, Inc.; Ms. Hu; $725,000; $5,000,000; $12,000,000; $2,000,000; 2023; 2004 Equity Incentive Plan",
AMD_0000002488-23-000003_chunk002,ADVANCED MICRO DEVICES INC,0000002488,2023-01-11,none,neutral,1,False,"Advanced Micro Devices, Inc.; Jean Hu; Devinder Kumar",
AMD_0000002488-23-000007_chunk000,ADVANCED MICRO DEVICES INC,0000002488,2023-01-31,financial,neutral,2,True,"Advanced Micro Devices, Inc.; Xilinx",
AMD_0000002488-23-000007_chunk001,ADVANCED MICRO DEVICES INC,0000002488,2023-01-31,none,neutral,1,False,AMD,
AMD_0000002488-23-000042_chunk000,ADVANCED MICRO DEVICES INC,0000002488,2023-02-21,legal,positive,2,True,"Advanced Micro Devices, Inc.; Mr. Devinder Kumar; AMD; Retirement Transition Agreement",
AMD_0000002488-23-000042_chunk001,ADVANCED MICRO DEVICES INC,0000002488,2023-02-21,legal,negative,3,False,"Advanced Micro Devices, Inc.; Devinder Kumar",
AMD_0000002488-23-000040_chunk000,ADVANCED MICRO DEVICES INC,0000002488,2023-02-21,none,positive,1,True,"Advanced Micro Devices, Inc.; Devinder Kumar; Rick Bergman; Darren Grasby; Mark D. Papermaster; Lisa T. Su",
AMD_0000002488-23-000074_chunk000,ADVANCED MICRO DEVICES INC,0000002488,2023-05-02,financial,neutral,2,True,Company; AMD; U.S. Generally Accepted Accounting Principles; GAAP,
AMD_0000002488-23-000074_chunk001,ADVANCED MICRO DEVICES INC,0000002488,2023-05-02,none,neutral,1,False,"Advanced Micro Devices, Inc.; Jean Hu; Securities Exchange Act of 1934",
AMD_0001193125-23-151810_chunk000,ADVANCED MICRO DEVICES INC,0000002488,2023-05-23,none,positive,1,False,"Advanced Micro Devices, Inc.; Securities and Exchange Commission; Nora M. Denzel",
AMD_0001193125-23-151810_chunk001,ADVANCED MICRO DEVICES INC,0000002488,2023-05-23,none,positive,1,False,"Advanced Micro Devices, Inc.; Ernst & Young LLP; Elizabeth W. Vanderslice",
AMD_0001193125-23-151810_chunk002,ADVANCED MICRO DEVICES INC,0000002488,2023-05-23,none,positive,1,False,"Advanced Micro Devices, Inc.; AMD",
AMD_0000002488-23-000123_chunk000,ADVANCED MICRO DEVICES INC,0000002488,2023-07-10,none,positive,2,True,"Advanced Micro Devices, Inc.; Mark D. Papermaster; Victor Peng; Lisa T. Su; Jean Hu; AMD; 2023 Equity Incentive Plan",
AMD_0000002488-23-000123_chunk001,ADVANCED MICRO DEVICES INC,0000002488,2023-07-10,regulatory,neutral,2,True,Papermaster; Peng; Mr. Grasby; Company; S&P 500 Index,
AMD_0000002488-23-000123_chunk002,ADVANCED MICRO DEVICES INC,0000002488,2023-07-10,regulatory,neutral,2,True,"Company; Ms. Hu; Messrs. Papermaster; Messrs. Peng; August 9, 2024; August 9, 2025; August 9, 2026; August 9, 2027",
AMD_0000002488-23-000123_chunk003,ADVANCED MICRO DEVICES INC,0000002488,2023-07-10,none,neutral,1,False,Company; Mr. Darren Grasby; Ms. Hu; Messrs. Papermaster and Peng; Mr. Grasby,
AMD_0000002488-23-000135_chunk000,ADVANCED MICRO DEVICES INC,0000002488,2023-08-01,financial,neutral,2,True,Company; AMD; U.S. Generally Accepted Accounting Principles; GAAP,
AMD_0000002488-23-000135_chunk001,ADVANCED MICRO DEVICES INC,0000002488,2023-08-01,none,neutral,1,False,"Advanced Micro Devices, Inc.; Jean Hu; Securities Exchange Act of 1934",
AMD_0000002488-23-000192_chunk000,ADVANCED MICRO DEVICES INC,0000002488,2023-10-31,financial,neutral,2,True,Company; AMD; U.S. Generally Accepted Accounting Principles; GAAP; non-GAAP financial measures,
AMD_0000002488-23-000192_chunk001,ADVANCED MICRO DEVICES INC,0000002488,2023-10-31,none,neutral,1,False,"Advanced Micro Devices, Inc.; Jean Hu; Securities Exchange Act of 1934",
AMD_0000002488-24-000009_chunk000,ADVANCED MICRO DEVICES INC,0000002488,2024-01-30,financial,neutral,2,True,"Advanced Micro Devices, Inc.; U.S. Generally Accepted Accounting Principles; non-GAAP financial measures",
AMD_0000002488-24-000009_chunk001,ADVANCED MICRO DEVICES INC,0000002488,2024-01-30,none,neutral,1,False,"Janu024; January 3, 2024; Fourth Quarter and FY 2023",
AMD_0001628280-24-005593_chunk000,ADVANCED MICRO DEVICES INC,0000002488,2024-02-20,regulatory,neutral,2,True,"Advanced Micro Devices, Inc.; Lisa T. Su; Bloomberg Financial",
AMD_0001628280-24-005593_chunk001,ADVANCED MICRO DEVICES INC,0000002488,2024-02-20,none,neutral,1,False,"Advanced Micro Devices, Inc.",
AMD_0000002488-24-000054_chunk000,ADVANCED MICRO DEVICES INC,0000002488,2024-04-30,financial,neutral,2,True,Company; AMD; GAAP; tax rate; free cash flow,
AMD_0000002488-24-000054_chunk001,ADVANCED MICRO DEVICES INC,0000002488,2024-04-30,none,neutral,1,False,"Advanced Micro Devices, Inc.; Jean Hu; Securities Exchange Act of 1934",
AMD_0000002488-24-000076_chunk000,ADVANCED MICRO DEVICES INC,0000002488,2024-05-13,none,positive,1,False,"Advanced Micro Devices, Inc.; Ernst & Young LLP; Nora M. Denzel; Mark Durcan; Michael P. Gregoire; Joseph A. Householder; John W. Marren; Jon A. Olson; Lisa T. Su; Abhi Y. Talwalkar; Elizabeth W. Vanderslice",
AMD_0000002488-24-000076_chunk001,ADVANCED MICRO DEVICES INC,0000002488,2024-05-13,none,neutral,2,False,Ernst & Young LLP; Company,
AMD_0000002488-24-000109_chunk000,ADVANCED MICRO DEVICES INC,0000002488,2024-07-02,financial,neutral,2,True,"Advanced Micro Devices, Inc.; Lisa T. Su; Jean Hu; Philip Guido; Forrest Norrod",
AMD_0000002488-24-000109_chunk001,ADVANCED MICRO DEVICES INC,0000002488,2024-07-02,regulatory,neutral,2,True,Ms. Hu; Messrs. Guido; Norrod; Company; S&P 500 Index,
AMD_0000002488-24-000109_chunk002,ADVANCED MICRO DEVICES INC,0000002488,2024-07-02,regulatory,neutral,2,True,"Company; Ms. Hu; Messrs. Guido; Norrod; August 9, 2025; August 9, 2026; August 9, 2027; August 9, 2028",
AMD_0000002488-24-000109_chunk003,ADVANCED MICRO DEVICES INC,0000002488,2024-07-02,none,neutral,1,False,Company; Ms. Hu; Messrs. Guido; Norrod,
AMD_0000002488-24-000115_chunk000,ADVANCED MICRO DEVICES INC,0000002488,2024-07-22,leadership,negative,2,False,"Advanced Micro Devices, Inc.; Victor Peng",
AMD_0000002488-24-000121_chunk000,ADVANCED MICRO DEVICES INC,0000002488,2024-07-30,financial,neutral,2,True,"Advanced Micro Devices, Inc.; U.S. Generally Accepted Accounting Principles; AMD",
AMD_0000002488-24-000121_chunk001,ADVANCED MICRO DEVICES INC,0000002488,2024-07-30,none,neutral,1,False,"Advanced Micro Devices, Inc.; Jean Hu; Securities Exchange Act of 1934",
AMD_0001193125-24-202457_chunk000,ADVANCED MICRO DEVICES INC,0000002488,2024-08-19,regulatory,neutral,3,True,"Advanced Micro Devices, Inc.; ZT Group Int’l, Inc.; Frank Zhang; $4.9 billion; Nasdaq Global Select Market",
AMD_0001193125-24-202457_chunk001,ADVANCED MICRO DEVICES INC,0000002488,2024-08-19,regulatory,neutral,3,True,Buyer; Company; Sellers; SEC; Securities Act; Form S-3,
AMD_0001193125-24-202457_chunk002,ADVANCED MICRO DEVICES INC,0000002488,2024-08-19,legal,negative,3,False,Buyer; Company; SEC; Form 8-K,
AMD_0001193125-24-202457_chunk003,ADVANCED MICRO DEVICES INC,0000002488,2024-08-19,regulatory,negative,4,True,"Advanced Micro Devices, Inc.; ZT Group Int’l, Inc; AMD; ZT Systems; regulatory approvals; transaction",
AMD_0001193125-24-202457_chunk004,ADVANCED MICRO DEVICES INC,0000002488,2024-08-19,regulatory,negative,4,True,"Advanced Micro Devices, Inc.; ZT Group Int’l, Inc.; Frank Zhang; regulators",
AMD_0001193125-24-202457_chunk005,ADVANCED MICRO DEVICES INC,0000002488,2024-08-19,none,neutral,1,False,"Advanced Micro Devices, Inc.; ZT Group Int’l, Inc.",
AMD_0000002488-24-000161_chunk000,ADVANCED MICRO DEVICES INC,0000002488,2024-10-29,financial,neutral,2,True,"Advanced Micro Devices, Inc.; Securities Exchange Act of 1934",
AMD_0000002488-24-000161_chunk001,ADVANCED MICRO DEVICES INC,0000002488,2024-10-29,financial,neutral,2,False,"Advanced Micro Devices, Inc.; Jean Hu; Securities Exchange Act of 1934",
AMD_0000002488-24-000172_chunk000,ADVANCED MICRO DEVICES INC,0000002488,2024-11-18,leadership,neutral,2,True,"Advanced Micro Devices, Inc.; AMD; Philip Carter; Skyworks Solutions, Inc.; $400,000; $250,000; $375,000; $1,125,000",
AMD_0000002488-24-000172_chunk001,ADVANCED MICRO DEVICES INC,0000002488,2024-11-18,none,positive,1,False,"Philip Carter; Advanced Micro Devices, Inc.",
AMGN_0000318154-21-000005_chunk000,AMGEN INC,0000318154,2021-02-02,none,positive,2,True,Amgen Inc.; Securities and Exchange Commission; Regulation G,
AMGN_0000318154-21-000005_chunk001,AMGEN INC,0000318154,2021-02-02,operational,neutral,3,False,Company; GAAP; non-GAAP; tax rate(s),
AMGN_0000318154-21-000005_chunk002,AMGEN INC,0000318154,2021-02-02,regulatory,neutral,2,True,BeiGene; U.S. marginal tax rate,
AMGN_0001193125-21-068571_chunk000,AMGEN INC,0000318154,2021-03-04,regulatory,neutral,3,True,"Amgen Inc.; Five Prime Therapeutics, Inc.; Franklin Acquisition Sub, Inc.; DGCL",
AMGN_0001193125-21-068571_chunk001,AMGEN INC,0000318154,2021-03-04,regulatory,neutral,3,True,Five Prime; Amgen; Purchaser; U.S. Federal Trade Commission; Hart-Scott-Rodino Antitrust Improvements Act of 1976,
AMGN_0001193125-21-068571_chunk002,AMGEN INC,0000318154,2021-03-04,legal,negative,4,True,Five Prime; Amgen; SEC,
AMGN_0001193125-21-068571_chunk003,AMGEN INC,0000318154,2021-03-04,regulatory,negative,4,True,"Amgen; Five Prime; $76,000,000",
AMGN_0001193125-21-068571_chunk004,AMGEN INC,0000318154,2021-03-04,regulatory,neutral,3,True,"Five Prime; Amgen; $76,000,000",
AMGN_0001193125-21-068571_chunk005,AMGEN INC,0000318154,2021-03-04,none,neutral,1,False,Five Prime; Amgen; SEC; www.sec.gov; https://investors.amgen.com/financials/sec-filings; Five Prime,
AMGN_0001193125-21-068571_chunk006,AMGEN INC,0000318154,2021-03-04,regulatory,negative,4,True,Five Prime; Amgen; bemarituzumab,
AMGN_0001193125-21-068571_chunk007,AMGEN INC,0000318154,2021-03-04,regulatory,negative,5,True,Amgen; Five Prime; bemarituzumab,
AMGN_0001193125-21-068571_chunk008,AMGEN INC,0000318154,2021-03-04,regulatory,negative,4,True,"Amgen Inc.; Five Prime Therapeutics, Inc.; COVID-19",
AMGN_0001193125-21-118557_chunk000,AMGEN INC,0000318154,2021-04-16,regulatory,neutral,2,False,"Amgen Inc.; Franklin Acquisition Sub, Inc.; Five Prime Therapeutics, Inc.; American Stock Transfer & Trust Company, LLC; DGCL",
AMGN_0001193125-21-118557_chunk001,AMGEN INC,0000318154,2021-04-16,legal,neutral,2,False,DGCL; Purchaser; Five Prime; Amgen,
AMGN_0001193125-21-118557_chunk002,AMGEN INC,0000318154,2021-04-16,regulatory,neutral,2,True,Amgen; Five Prime; $1.9 billion,
AMGN_0001193125-21-118557_chunk003,AMGEN INC,0000318154,2021-04-16,none,positive,1,False,"Amgen; Five Prime; Franklin Acquisition Sub, Inc.; Five Prime Therapeutics, Inc.",
AMGN_0000318154-21-000017_chunk000,AMGEN INC,0000318154,2021-04-27,none,positive,2,True,Amgen Inc.; Securities and Exchange Commission; GAAP; Free Cash Flow,
AMGN_0000318154-21-000017_chunk001,AMGEN INC,0000318154,2021-04-27,operational,neutral,3,False,Company; U.S. marginal tax rate,
AMGN_0000318154-21-000017_chunk002,AMGEN INC,0000318154,2021-04-27,operational,neutral,2,True,BeiGene; GAAP; non-GAAP; U.S. marginal tax rate; equity securities; strategic investments; Company,
AMGN_0001193125-21-166678_chunk000,AMGEN INC,0000318154,2021-05-19,none,positive,1,False,"Company; Dr. Wanda M. Austin; Mr. Robert A. Bradway; Dr. Brian J. Druker; Mr. Robert A. Eckert; Mr0.69; Mr. Greg C. Garland; Dr. Charles M. Holley, Jr.; Dr. Tyler Jacks; Ms. Ellen J. Kullman; Ms. Amy E. Miles; Dr. Ronald D. Sugar; Dr. R. Sanders Williams",
AMGN_0001193125-21-166678_chunk001,AMGEN INC,0000318154,2021-05-19,none,positive,1,False,Ernst & Young LLP; Sanders Williams,
AMGN_0001193125-21-177693_chunk000,AMGEN INC,0000318154,2021-06-01,regulatory,neutral,3,True,"Amgen Inc.; Kyowa Kirin Co., Ltd.; $400 million; KHK4083; U.S.; South Korea; Ex-U.S Territory",
AMGN_0001193125-21-177693_chunk001,AMGEN INC,0000318154,2021-06-01,regulatory,neutral,2,False,Amgen; KKC; Securities Exchange Act of 1934; Securities Act of 1933,
AMGN_0001193125-21-225743_chunk000,AMGEN INC,0000318154,2021-07-27,regulatory,neutral,2,True,"Amgen Inc.; Teneobio, Inc.; Fortis Advisors LLC",
AMGN_0001193125-21-225743_chunk001,AMGEN INC,0000318154,2021-07-27,regulatory,neutral,3,True,Amgen; Teneobio; AbbVie; Hart-Scott-Rodino Antitrust Improvements Act of 1976,
AMGN_0001193125-21-225743_chunk002,AMGEN INC,0000318154,2021-07-27,regulatory,neutral,2,False,"Amgen; Teneobio; TeneoTwo, Inc.; TeneoFour, Inc.; TeneoTen, Inc.; AbbVie; TNB-486; TNB-383B",
AMGN_0001193125-21-225743_chunk003,AMGEN INC,0000318154,2021-07-27,none,neutral,1,False,,
AMGN_0001193125-21-229599_chunk000,AMGEN INC,0000318154,2021-07-30,leadership,neutral,2,False,Amgen Inc.; Medtronic plc; GE Healthcare Systems; GE Healthcare; Intel Corporation; Compute Health Acquisition Corporation,
AMGN_0001193125-21-229599_chunk001,AMGEN INC,0000318154,2021-07-30,none,positive,1,False,Dr. Ishrak; Company,
AMGN_0000318154-21-000031_chunk000,AMGEN INC,0000318154,2021-08-03,none,positive,2,True,Amgen Inc.; Securities and Exchange Commission; GAAP; Free Cash Flow,
AMGN_0000318154-21-000031_chunk001,AMGEN INC,0000318154,2021-08-03,operational,neutral,3,False,Company; intangible assets; R&D technology rights; cost savings initiatives; employees; investment transactions; legal proceedings,
AMGN_0000318154-21-000031_chunk002,AMGEN INC,0000318154,2021-08-03,regulatory,neutral,2,True,Company; U.S. marginal tax rate; BeiGene,
AMGN_0000318154-21-000031_chunk003,AMGEN INC,0000318154,2021-08-03,none,neutral,1,False,Interactive Data File; Inline XBRL document,
AMGN_0001193125-21-240434_chunk000,AMGEN INC,0000318154,2021-08-09,financial,neutral,2,False,"Amgen Inc.; The Bank of New York Mellon Trust Company, N.A.; 2028 Notes; 2032 Notes; 2041 Notes; 2052 Notes",
AMGN_0001193125-21-240434_chunk001,AMGEN INC,0000318154,2021-08-09,financial,neutral,3,False,Company; Citigroup Global Markets Inc.; Morgan Stanley & Co. LLC; Barclays Capital Inc.; Goldman Sachs & Co. LLC,
AMGN_0001193125-21-240434_chunk002,AMGEN INC,0000318154,2021-08-09,none,neutral,1,False,"Company; Citigroup Global Markets Inc.; Morgan Stanley & Co. LLC; Barclays Capital Inc.; Goldman Sachs & Co. LLC; The Bank of New York Mellon Trust Company, N.A.; Latham & Watkins LLP",
AMGN_0000318154-21-000042_chunk000,AMGEN INC,0000318154,2021-11-02,none,positive,2,True,Amgen Inc.; Securities and Exchange Commission; GAAP,
AMGN_0000318154-21-000042_chunk001,AMGEN INC,0000318154,2021-11-02,operational,neutral,3,True,Company; intangible assets; license and collaboration agreement; cost savings initiatives,
AMGN_0000318154-21-000042_chunk002,AMGEN INC,0000318154,2021-11-02,regulatory,neutral,2,True,BeiGene; U.S. marginal tax rate,
AMGN_0000318154-21-000042_chunk003,AMGEN INC,0000318154,2021-11-02,operational,neutral,2,False,Interactive Data File; Securities Exchange Act of 1934; Securities Act of 1933,
AMGN_0001193125-22-023401_chunk000,AMGEN INC,0000318154,2022-01-31,regulatory,neutral,2,False,Novartis Pharma AG; Amgen Inc.; U.S. Collaboration Agreement,
AMGN_0001193125-22-023401_chunk001,AMGEN INC,0000318154,2022-01-31,regulatory,neutral,2,False,Amgen; Consolidated Financial Statements; Form 10-Q,
AMGN_0000318154-22-000005_chunk000,AMGEN INC,0000318154,2022-02-07,none,positive,2,True,Amgen Inc.; Securities and Exchange Commission; GAAP; Free Cash Flow,
AMGN_0000318154-22-000005_chunk001,AMGEN INC,0000318154,2022-02-07,operational,neutral,3,False,Company; intangible assets; license and collaboration agreement; cost savings initiatives; employees; investment transactions,
AMGN_0000318154-22-000005_chunk002,AMGEN INC,0000318154,2022-02-07,regulatory,neutral,2,True,Company; BeiGene; U.S. marginal tax rate,
AMGN_0000318154-22-000005_chunk003,AMGEN INC,0000318154,2022-02-07,none,neutral,1,False,Interactive Data File; Inline XBRL document,
AMGN_0001193125-22-048514_chunk000,AMGEN INC,0000318154,2022-02-22,none,neutral,1,False,"Amgen Inc.; The Bank of New York Mellon Trust Company, N.A.; 2029 Notes; 2032 Notes; 2052 Notes; 2062 Notes; Registration Statement; Form 8-K; Indenture",
AMGN_0001193125-22-048514_chunk001,AMGEN INC,0000318154,2022-02-22,financial,neutral,3,False,"Company; BofA Securities, Inc.; Morgan Stanley & Co. LLC; Citigroup Global Markets Inc.; Goldman Sachs & Co. LLC; The Bank of New York Mellon Trust Company, N.A.",
AMGN_0001193125-22-048514_chunk002,AMGEN INC,0000318154,2022-02-22,none,neutral,1,False,"The Bank of New York Mellon Trust Company, N.A.; Latham & Watkins LLP",
AMGN_0001193125-22-052558_chunk000,AMGEN INC,0000318154,2022-02-25,operational,neutral,3,True,"Amgen Inc.; Bank of America, N.A.; Morgan Stanley & Co. LLC; Goldman Sachs & Co. LLC; $6 billion",
AMGN_0001193125-22-052558_chunk001,AMGEN INC,0000318154,2022-02-25,regulatory,negative,3,False,Company; Financial Institutions; ASR Agreement,
AMGN_0000318154-22-000019_chunk000,AMGEN INC,0000318154,2022-04-27,none,positive,2,True,Amgen Inc.; Securities and Exchange Commission; GAAP; Free Cash Flow,
AMGN_0000318154-22-000019_chunk001,AMGEN INC,0000318154,2022-04-27,regulatory,neutral,2,False,Company; GAAP; intangible assets; acquisitions; R&D assets; cost savings initiatives; employees; investment transactions; legal proceedings,
AMGN_0000318154-22-000019_chunk002,AMGEN INC,0000318154,2022-04-27,regulatory,neutral,2,True,Company; U.S. marginal tax rate,
AMGN_0000318154-22-000019_chunk003,AMGEN INC,0000318154,2022-04-27,none,neutral,1,False,Securities Exchange Act of 1934; Securities Act of 1933; Company,
AMGN_0001193125-22-154061_chunk000,AMGEN INC,0000318154,2022-05-18,none,positive,1,False,"Company; Dr. Wanda M. Austin; Mr. Robert A. Bradway; Dr. Brian J. Druker; Mr. Robert A. Eckert; Mr. Greg C. Garland; Dr. Charles M. Holley, Jr.; Dr. S. Omar Ishrak; Dr. Tyler Jacks; Ms. Ellen J. Kullman; Ms. Amy E. Miles; Dr. Ronald D. Sugar; Dr. R. Sanders Williams",
AMGN_0001193125-22-154061_chunk001,AMGEN INC,0000318154,2022-05-18,none,positive,1,False,Dr. Ronald D. Sugar; Dr. R. Sanders Williams; Ernst & Young LLP; Broker; Non-Votes,
AMGN_0001193125-22-211269_chunk000,AMGEN INC,0000318154,2022-08-03,leadership,positive,2,False,Amgen Inc.; Michael V. Drake; University of California; Ohio State University; UC Irvine; Common Stock,
AMGN_0001193125-22-211269_chunk001,AMGEN INC,0000318154,2022-08-03,none,positive,1,False,Dr. Drake; Company,
AMGN_0001193125-22-211860_chunk000,AMGEN INC,0000318154,2022-08-04,regulatory,neutral,2,True,"Amgen Inc.; Carnation Merger Sub, Inc.; ChemoCentryx, Inc.; $52.00; Shares",
AMGN_0001193125-22-211860_chunk001,AMGEN INC,0000318154,2022-08-04,regulatory,neutral,3,True,Amgen; ChemoCentryx; U.S. Federal Trade Commission; Securities and Exchange Commission,
AMGN_0001193125-22-211860_chunk002,AMGEN INC,0000318154,2022-08-04,legal,negative,4,True,Amgen; ChemoCentryx; FDA,
AMGN_0001193125-22-211860_chunk003,AMGEN INC,0000318154,2022-08-04,regulatory,negative,4,True,ChemoCentryx; Amgen; Merger Agreement; ChemoCentryx Stockholder Approval,
AMGN_0001193125-22-211860_chunk004,AMGEN INC,0000318154,2022-08-04,regulatory,neutral,2,True,Amgen; ChemoCentryx; SEC,
AMGN_0001193125-22-211860_chunk005,AMGEN INC,0000318154,2022-08-04,legal,neutral,2,True,Amgen; ChemoCentryx; SEC; Securities Exchange Act of 1934,
AMGN_0001193125-22-211860_chunk006,AMGEN INC,0000318154,2022-08-04,regulatory,negative,4,True,Amgen; ChemoCentryx; SEC; FDA,
AMGN_0001193125-22-211860_chunk007,AMGEN INC,0000318154,2022-08-04,regulatory,negative,4,True,ChemoCentryx; Amgen; SEC; COVID-19,
AMGN_0000318154-22-000039_chunk000,AMGEN INC,0000318154,2022-08-04,none,positive,2,True,Amgen Inc.; Securities and Exchange Commission; GAAP,
AMGN_0000318154-22-000039_chunk001,AMGEN INC,0000318154,2022-08-04,operational,neutral,3,False,Company; intangible assets; GAAP; non-GAAP financial measures; cost savings initiatives; equity method investments; foreign currency translation adjustments; legal proceedings,
AMGN_0000318154-22-000039_chunk002,AMGEN INC,0000318154,2022-08-04,regulatory,neutral,2,True,Company; U.S. marginal tax rate,
AMGN_0000318154-22-000039_chunk003,AMGEN INC,0000318154,2022-08-04,none,neutral,1,False,Company; Securities Exchange Act of 1934; Securities Act of 1933,
AMGN_0001193125-22-224115_chunk000,AMGEN INC,0000318154,2022-08-18,regulatory,neutral,2,False,"Amgen Inc.; The Bank of New York Mellon Trust Company, N.A.; 2029 Notes; 2033 Notes; 2053 Notes",
AMGN_0001193125-22-224115_chunk001,AMGEN INC,0000318154,2022-08-18,financial,neutral,3,False,"Company; BofA Securities, Inc.; Morgan Stanley & Co. LLC; Credit Suisse Securities (USA) LLC; Deutsche Bank Securities Inc.; The Bank of New York Mellon Trust Company, N.A.",
AMGN_0001193125-22-224115_chunk002,AMGEN INC,0000318154,2022-08-18,none,neutral,1,False,"Trust Company, N.A.; Latham & Watkins LLP",
AMGN_0001193125-22-265755_chunk000,AMGEN INC,0000318154,2022-10-20,none,positive,1,False,"Amgen Inc.; ChemoCentryx, Inc.",
AMGN_0000318154-22-000053_chunk000,AMGEN INC,0000318154,2022-11-03,none,positive,2,True,Amgen Inc.; Securities and Exchange Commission; U.S. Generally Accepted Accounting Principles; Foreign Currency Impact,
AMGN_0000318154-22-000053_chunk001,AMGEN INC,0000318154,2022-11-03,operational,neutral,3,False,Company; intangible assets; R&D assets; employees,
AMGN_0000318154-22-000053_chunk002,AMGEN INC,0000318154,2022-11-03,regulatory,neutral,2,True,Company; U.S. marginal tax rate; intangible assets; cost savings initiatives,
AMGN_0000318154-22-000053_chunk003,AMGEN INC,0000318154,2022-11-03,regulatory,neutral,2,False,Company; Securities Exchange Act of 1934; Securities Act of 1933,
AMGN_0001193125-22-297131_chunk000,AMGEN INC,0000318154,2022-12-02,regulatory,neutral,1,False,"Amgen; Irish Takeover Panel Act, 1997; Takeover Rules 2022",
AMGN_0001193125-22-302256_chunk000,AMGEN INC,0000318154,2022-12-12,regulatory,neutral,3,True,"Amgen Inc.; Horizon Therapeutics plc; Pillartree Limited; Irish Takeover Panel Act 1997; Irish Takeover Rules, 2022",
AMGN_0001193125-22-302256_chunk001,AMGEN INC,0000318154,2022-12-12,regulatory,neutral,3,True,Horizon; Amgen; Irish High Court; Nasdaq; France; Germany; Denmark; Italy,
AMGN_0001193125-22-302256_chunk002,AMGEN INC,0000318154,2022-12-12,regulatory,neutral,3,True,Amgen; Horizon; Acquirer Sub,
AMGN_0001193125-22-302256_chunk003,AMGEN INC,0000318154,2022-12-12,regulatory,neutral,3,True,"Horizon; Amgen; New York City; June 12, 2023; December 12, 2023",
AMGN_0001193125-22-302256_chunk004,AMGEN INC,0000318154,2022-12-12,regulatory,negative,5,True,Amgen; Horizon; U.S. antitrust laws; HSR Act; Court,
AMGN_0001193125-22-302256_chunk005,AMGEN INC,0000318154,2022-12-12,regulatory,negative,5,True,Amgen; Horizon; SEC; U.S. Securities and Exchange Commission,
AMGN_0001193125-22-302256_chunk006,AMGEN INC,0000318154,2022-12-12,financial,neutral,3,True,Amgen; Citibank; Bank of America; Horizon,
AMGN_0001193125-22-302256_chunk007,AMGEN INC,0000318154,2022-12-12,none,neutral,1,False,,"bad risk_category 'finan0.0,'; bad sentiment ''; bad severity None; bad contains_forward_looking_statement None"
AMGN_0001193125-22-302256_chunk008,AMGEN INC,0000318154,2022-12-12,regulatory,neutral,2,False,Amgen; Horizon; Irish Takeover Rules,
AMGN_0001193125-22-302256_chunk009,AMGEN INC,0000318154,2022-12-12,regulatory,neutral,3,False,Horizon; Irish Takeover Rules; Irish Takeover Panel,
AMGN_0001193125-22-302256_chunk010,AMGEN INC,0000318154,2022-12-12,operational,negative,4,True,Horizon; Amgen,
AMGN_0001193125-22-302256_chunk011,AMGEN INC,0000318154,2022-12-12,regulatory,negative,4,True,Horizon; Amgen; SEC; 8-K,
AMGN_0001193125-22-302256_chunk012,AMGEN INC,0000318154,2022-12-12,none,neutral,1,True,"Amgen Inc.; Pillartree Limited; Horizon Therapeutics plc; Citibank, N.A.; Bank of America, N.A.",
AMGN_0001193125-22-311112_chunk000,AMGEN INC,0000318154,2022-12-22,financial,neutral,3,True,"Amgen; Citibank; Bank of America; Goldman Sachs Bank USA; Mizuho Bank, Ltd.; Horizon Therapeutics plc",
AMGN_0001193125-22-311112_chunk001,AMGEN INC,0000318154,2022-12-22,financial,neutral,3,True,Amgen; Citibank; SOFR; federal funds rate; long-term unsecured debt,
AMGN_0001193125-22-311112_chunk002,AMGEN INC,0000318154,2022-12-22,financial,negative,3,True,Amgen; Horizon; Pillartree Limited,
AMGN_0001193125-22-311112_chunk003,AMGEN INC,0000318154,2022-12-22,regulatory,negative,4,True,Horizon; Amgen; Pillartree Limited; SEC; COVID-19,
AMGN_0001193125-22-311112_chunk004,AMGEN INC,0000318154,2022-12-22,financial,neutral,2,True,"Horizon; Amgen; Citibank, N.A.; Bank of America, N.A.; Goldman Sachs Bank USA; Mizuho Bank, Ltd.",
AMGN_0000318154-23-000011_chunk000,AMGEN INC,0000318154,2023-01-31,regulatory,neutral,2,True,"BeiGene, Ltd.; Amgen Inc.; Securities and Exchange Commission",
AMGN_0000318154-23-000011_chunk001,AMGEN INC,0000318154,2023-01-31,financial,positive,2,True,Company; GAAP; foreign currency exchange rates; debt obligations,
AMGN_0000318154-23-000011_chunk002,AMGEN INC,0000318154,2023-01-31,operational,neutral,3,False,Company; Horizon Therapeutics plc; equity securities,
AMGN_0000318154-23-000011_chunk003,AMGEN INC,0000318154,2023-01-31,regulatory,neutral,2,False,Company; U.S. marginal tax rate; intangible assets; cost savings initiatives,
AMGN_0000318154-23-000011_chunk004,AMGEN INC,0000318154,2023-01-31,regulatory,negative,4,True,Company; Horizon; Federal Trade Commission; Hart-Scott-Rodino Antitrust Improvements Act of 1976; Pillartree Limited,
AMGN_0000318154-23-000011_chunk005,AMGEN INC,0000318154,2023-01-31,regulatory,neutral,3,True,"BeiGene, Ltd.; Amgen Inc.; U.S. Securities and Exchange Commission",
AMGN_0001193125-23-040753_chunk000,AMGEN INC,0000318154,2023-02-16,none,neutral,1,False,,no JSON object found in response
AMGN_0001193125-23-040753_chunk001,AMGEN INC,0000318154,2023-02-16,regulatory,neutral,2,True,"Company; Citigroup Global Markets Inc.; BofA Securities, Inc.; Goldman Sachs & Co. LLC; Mizuho Securities USA LLC",
AMGN_0001193125-23-058235_chunk000,AMGEN INC,0000318154,2023-03-02,regulatory,neutral,2,False,"Amgen Inc.; The Bank of New York Mellon Trust Company, N.A.; Net Cash Proceed",
AMGN_0001193125-23-058235_chunk001,AMGEN INC,0000318154,2023-03-02,operational,neutral,2,True,Company; Horizon Therapeutics plc; Net Cash Proceeds,
AMGN_0001193125-23-058235_chunk002,AMGEN INC,0000318154,2023-03-02,regulatory,negative,4,True,Company; Horizon Therapeutics plc; Special Mandatory Redemption End Date; Officer’s Certificate; Indenture,
AMGN_0001193125-23-058235_chunk003,AMGEN INC,0000318154,2023-03-02,financial,neutral,3,False,"Company; Citibank; Bank of America; Bank of New York Mellon Trust Company, N.A.",
AMGN_0001193125-23-058235_chunk004,AMGEN INC,0000318154,2023-03-02,none,neutral,1,False,Latham & Watkins LLP; Company,
AMGN_0001193125-23-066144_chunk000,AMGEN INC,0000318154,2023-03-09,financial,neutral,3,True,"Amgen Inc.; Citibank; JPMorgan Chase Bank, N.A.; Adjusted Term SOFR Rate; EURIBOR Rate; federal funds rate; senior long-term unsecured debt",
AMGN_0001193125-23-066144_chunk001,AMGEN INC,0000318154,2023-03-09,financial,neutral,3,True,Company; Citibank; Bank of America; Horizon Therapeutics plc; term loan credit facility; senior notes,
AMGN_0001193125-23-066144_chunk002,AMGEN INC,0000318154,2023-03-09,none,positive,1,False,"Amgen Inc.; Banks; Citibank, N.A.; JPMorgan Chase Bank, N.A.",
AMGN_0000318154-23-000026_chunk000,AMGEN INC,0000318154,2023-04-27,regulatory,neutral,2,True,Company; Securities and Exchange Commission; U.S. Generally Accepted Accounting Principles; Free Cash Flow; Total Revenues; Product Sales Adjusted for Foreign Exchange Impact,
AMGN_0000318154-23-000026_chunk001,AMGEN INC,0000318154,2023-04-27,operational,neutral,3,False,Company; intangible assets; restructuring; severance and benefits,
AMGN_0000318154-23-000026_chunk002,AMGEN INC,0000318154,2023-04-27,regulatory,neutral,2,False,Company; U.S. marginal tax rate,
AMGN_0000318154-23-000026_chunk003,AMGEN INC,0000318154,2023-04-27,none,neutral,1,False,,
AMGN_0001193125-23-146219_chunk000,AMGEN INC,0000318154,2023-05-16,regulatory,negative,5,False,Amgen; Horizon; FTC; U.S. District Court for the Northern District of Illinois,
AMGN_0001193125-23-147662_chunk000,AMGEN INC,0000318154,2023-05-18,regulatory,negative,4,False,Amgen; Horizon; FTC; U.S. District Court for the Northern District of Illinois,
AMGN_0001193125-23-150659_chunk000,AMGEN INC,0000318154,2023-05-22,none,positive,1,False,"Company; Dr. Wanda M. Austin; Mr. Robert A. Bradway; Dr. Michael V. Drake; Dr. Brian J. Druker; Mr. Robert A. Eckert; Mr. Greg C. Garland; Mr. Charles M. Holley, Jr.; Dr. S. Omar Ishrak; Dr. Tyler Jacks; Ms. Ellen J. Kullman; Ms. Amy E. Miles; Dr. Ronald D. Sugar",
AMGN_0001193125-23-150659_chunk001,AMGEN INC,0000318154,2023-05-22,none,positive,1,False,Dr. Ronald D. Sugar; Dr. R. Sanders Williams; Ernst & Young LLP; stockholders,
AMGN_0001193125-23-160316_chunk000,AMGEN INC,0000318154,2023-06-05,regulatory,negative,4,True,Amgen Inc.; Horizon Therapeutics plc; Pillartree Limited; U.S. Federal Trade Commission; U.01 District Court for the Northern District of Illinois,
AMGN_0001193125-23-160316_chunk001,AMGEN INC,0000318154,2023-06-05,regulatory,negative,4,True,Horizon; Amgen; FTC,
AMGN_0001193125-23-160316_chunk002,AMGEN INC,0000318154,2023-06-05,regulatory,negative,4,True,Horizon; Amgen; Acquirer Sub; SEC; COVID-19,
AMGN_0001193125-23-160316_chunk003,AMGEN INC,0000318154,2023-06-05,none,neutral,1,True,Horizon; Amgen,
AMGN_0000318154-23-000049_chunk000,AMGEN INC,0000318154,2023-08-03,none,positive,2,True,Company; Securities and Exchange Commission; U.S. Generally Accepted Accounting Principles; Free Cash Flow; Total Revenues; Product Sales Adjusted for Foreign Exchange Impact,
AMGN_0000318154-23-000049_chunk001,AMGEN INC,0000318154,2023-08-03,operational,neutral,3,False,Company; intangible assets; restructuring; severance and benefits,
AMGN_0000318154-23-000049_chunk002,AMGEN INC,0000318154,2023-08-03,financial,neutral,3,False,Company; U.S. marginal tax rate; Horizon Therapeutics plc,
AMGN_0000318154-23-000049_chunk003,AMGEN INC,0000318154,2023-08-03,none,neutral,1,False,Interactive Data File; Inline XBRL document,
AMGN_0001193125-23-203033_chunk000,AMGEN INC,0000318154,2023-08-04,none,positive,1,False,"Amgen Inc.; Matthew C. Busch; Linda H. Louie; $450,000; Brigham Young University",
AMGN_0001193125-23-227040_chunk000,AMGEN INC,0000318154,2023-09-01,regulatory,negative,4,True,Amgen; Horizon; FTC; U.S. District Court for the Northern District of Illinois; Ireland,
AMGN_0001193125-23-228161_chunk000,AMGEN INC,0000318154,2023-09-05,regulatory,neutral,2,False,Amgen; Horizon; FTC; Irish High Court,
AMGN_0001193125-23-233011_chunk000,AMGEN INC,0000318154,2023-09-12,legal,neutral,2,False,Amgen; Pillartree Limited; Horizon Therapeutics plc; Irish High Court,
AMGN_0001193125-23-251090_chunk000,AMGEN INC,0000318154,2023-10-05,regulatory,neutral,2,False,Amgen; Pillartree Limited; Acquirer Sub; Horizon Therapeutics plc; High Court of Ireland; Registrar of Companies in Ireland,
AMGN_0001193125-23-252361_chunk000,AMGEN INC,0000318154,2023-10-06,legal,positive,2,False,Irish High Court; Scheme; Amgen; Horizon; Ordinary Shares; Consideration; Amgen Common Stock; Court Order,
AMGN_0001193125-23-252361_chunk001,AMGEN INC,0000318154,2023-10-06,financial,neutral,3,False,Amgen; Horizon; Citibank; Bank of America; Nasdaq,
AMGN_0001193125-23-252361_chunk002,AMGEN INC,0000318154,2023-10-06,financial,neutral,3,False,"Amgen; Citibank; Bank of America; Goldman Sachs Bank USA; Mizuho Bank, Ltd.; Horizon Therapeutics plc.",
AMGN_0001193125-23-252361_chunk003,AMGEN INC,0000318154,2023-10-06,none,neutral,1,False,Amgen; SEC,
AMGN_0000318154-23-000061_chunk000,AMGEN INC,0000318154,2023-10-31,regulatory,neutral,2,True,Company; Securities and Exchange Commission; Generally Accepted Accounting Principles; Free Cash Flow,
AMGN_0000318154-23-000061_chunk001,AMGEN INC,0000318154,2023-10-31,regulatory,neutral,3,True,Company; intangible assets; GAAP; restructuring; investment transactions; equity securities; foreign currency translation adjustments; legal proceedings,
AMGN_0000318154-23-000061_chunk002,AMGEN INC,0000318154,2023-10-31,regulatory,neutral,2,False,Company; U.S. marginal tax rate; tax jurisdictions,
AMGN_0001193125-23-295027_chunk000,AMGEN INC,0000318154,2023-12-14,none,positive,1,False,Amgen; David M. Reese; James Bradner; Robert A. Bradway,
AMGN_0000318154-24-000004_chunk000,AMGEN INC,0000318154,2024-02-06,none,neutral,2,True,"Company; Securities and Exchange Commission; GAAP; Earnings Before Interest, Taxes, Depreciation and Amortization (EBITDA); Free Cash Flow (FCF); debt leverage ratio",
AMGN_0000318154-24-000004_chunk001,AMGEN INC,0000318154,2024-02-06,operational,neutral,3,True,Company; intangible assets; inventory; restructuring; severance and benefits,
AMGN_0000318154-24-000004_chunk002,AMGEN INC,0000318154,2024-02-06,financial,negative,3,True,Company; U.S. marginal tax rate; Horizon Therapeutics plc,
AMGN_0000318154-24-000004_chunk003,AMGEN INC,0000318154,2024-02-06,regulatory,negative,3,False,Interactive Data File; Securities Exchange Act of 1934; Securities Act of 1933,
AMGN_0000318154-24-000018_chunk000,AMGEN INC,0000318154,2024-05-02,regulatory,neutral,2,True,Company; Securities and Exchange Commission; GAAP,
AMGN_0000318154-24-000018_chunk001,AMGEN INC,0000318154,2024-05-02,regulatory,neutral,3,True,Company; GAAP; intangible assets; inventory; restructuring; senior notes; bridge credit agreement; term loan credit agreement,
AMGN_0000318154-24-000018_chunk002,AMGEN INC,0000318154,2024-05-02,regulatory,neutral,2,False,Company; U.S. marginal tax rate; GAAP; non-GAAP results; tax jurisdictions,
AMGN_0001193125-24-153221_chunk000,AMGEN INC,0000318154,2024-06-03,none,positive,1,False,Amgen Inc.; Securities and Exchange Commission,
AMGN_0001193125-24-153221_chunk001,AMGEN INC,0000318154,2024-06-03,none,neutral,1,False,"Dr. Wanda M. Austin; Mr. Robert A. Bradway; Dr. Michael V. Drake; Dr. Brian J. Druker; Mr. Robert A. Eckert; Mr. Greg C. Garland; Mr. Charles M. Holley, Jr.; Dr. S. Omar Ishrak; Dr. Tyler Jacks; Dr. Mary E. Klotman; Ms. Ellen J. Kullman; Ms. Amy E. Miles; Dr. Klotman",
AMGN_0001193125-24-153221_chunk002,AMGEN INC,0000318154,2024-06-03,none,positive,1,False,Klotman; Amgen Inc.; Ernst & Young LLP,
AMGN_0000318154-24-000033_chunk000,AMGEN INC,0000318154,2024-08-06,regulatory,neutral,2,True,Company; Securities and Exchange Commission; Generally Accepted Accounting Principles; Free Cash Flow,
AMGN_0000318154-24-000033_chunk001,AMGEN INC,0000318154,2024-08-06,regulatory,neutral,3,True,Company; intangible assets; inventory; GAAP; senior notes; bridge credit agreement; term loan credit agreement,
AMGN_0000318154-24-000033_chunk002,AMGEN INC,0000318154,2024-08-06,regulatory,neutral,2,False,Company; GAAP; tax jurisdictions,
AMGN_0000318154-24-000042_chunk000,AMGEN INC,0000318154,2024-10-30,regulatory,neutral,2,True,Company; Securities and Exchange Commission; GAAP,
AMGN_0000318154-24-000042_chunk001,AMGEN INC,0000318154,2024-10-30,regulatory,neutral,3,False,Company; Horizon Therapeutics plc; senior notes; bridge credit agreement; term loan credit agreement,
AMGN_0000318154-24-000042_chunk002,AMGEN INC,0000318154,2024-10-30,none,neutral,1,False,Company; GAAP; tax jurisdictions,
AMZN_0001193125-21-018066_chunk000,AMAZON COM INC,0001018724,2021-01-27,none,neutral,1,False,"Amazon.com, Inc.; Securities and Exchange Commission; United States",
AMZN_0001193125-21-018066_chunk001,AMAZON COM INC,0001018724,2021-01-27,none,neutral,1,False,,
AMZN_0001018724-21-000002_chunk000,AMAZON COM INC,0001018724,2021-02-02,regulatory,neutral,2,False,"Amazon.com, Inc.; SEC; United States; Washington, D.C.; Delaware; 98109-5210; Seattle; Washington; Nasdaq Global Select Market",
AMZN_0001018724-21-000002_chunk001,AMAZON COM INC,0001018724,2021-02-02,none,neutral,1,False,emerging growth company,
AMZN_0001104659-21-050346_chunk000,AMAZON COM INC,0001018724,2021-04-15,regulatory,neutral,2,False,"Amazon.com, Inc.; Securities Exchange Act of 1934; Nasdaq Global Select Market",
AMZN_0001104659-21-050346_chunk001,AMAZON COM INC,0001018724,2021-04-15,none,neutral,1,False,,
AMZN_0001018724-21-000008_chunk000,AMAZON COM INC,0001018724,2021-04-29,regulatory,neutral,2,False,"Amazon.com, Inc.; SEC; United States; Washington, D.C.; Delaware; 98109-5210; Seattle; Washington; Nasdaq Global Select Market",
AMZN_0001018724-21-000008_chunk001,AMAZON COM INC,0001018724,2021-04-29,none,neutral,1,False,,
AMZN_0001193125-21-159084_chunk000,AMAZON COM INC,0001018724,2021-05-12,regulatory,neutral,1,False,"Amazon.com, Inc.; SEC; United States",
AMZN_0001193125-21-159084_chunk001,AMAZON COM INC,0001018724,2021-05-12,none,neutral,1,False,,
AMZN_0001018724-21-000012_chunk000,AMAZON COM INC,0001018724,2021-05-28,regulatory,neutral,2,False,"Amazon.com, Inc.; SEC; United States; Washington, D.C.; Delaware; 98109-5210; Seattle; Washington; Nasdaq Global Select Market",
AMZN_0001018724-21-000012_chunk001,AMAZON COM INC,0001018724,2021-05-28,none,neutral,1,False,,
AMZN_0001018724-21-000016_chunk000,AMAZON COM INC,0001018724,2021-07-02,regulatory,neutral,2,False,"Amazon.com, Inc.; SEC; United States; Washington, D.C.; Delaware; 98109-5210; Seattle; Washington; Nasdaq Global Select Market",
AMZN_0001018724-21-000016_chunk001,AMAZON COM INC,0001018724,2021-07-02,none,neutral,1,False,,
AMZN_0001018724-21-000018_chunk000,AMAZON COM INC,0001018724,2021-07-29,regulatory,neutral,2,False,"Amazon.com, Inc.; SEC; United States; Washington, D.C.; Delaware; 98109-5210; Seattle; Washington; Nasdaq Global Select Market",
AMZN_0001018724-21-000018_chunk001,AMAZON COM INC,0001018724,2021-07-29,none,neutral,1,False,,
AMZN_0001018724-21-000022_chunk000,AMAZON COM INC,0001018724,2021-09-20,regulatory,neutral,2,False,"Amazon.com, Inc.; SEC; United States; Washington, D.C.; Delaware; 98109-5210; Seattle; Washington; Nasdaq Global Select Market",
AMZN_0001018724-21-000022_chunk001,AMAZON COM INC,0001018724,2021-09-20,none,neutral,1,False,,
AMZN_0001018724-21-000026_chunk000,AMAZON COM INC,0001018724,2021-10-28,regulatory,neutral,2,False,"Amazon.com, Inc.; SEC; United States; Washington, D.C.; Delaware; 98109-5210; Seattle; Washington; Nasdaq Global Select Market",
AMZN_0001018724-21-000026_chunk001,AMAZON COM INC,0001018724,2021-10-28,none,neutral,1,False,,
AMZN_0001018724-21-000030_chunk000,AMAZON COM INC,0001018724,2021-11-12,regulatory,neutral,2,False,"Amazon.com, Inc.; SEC; United States; Washington, D.C.; Delaware; 98109-5210; Seattle; Washington; Nasdaq Global Select Market",
AMZN_0001018724-21-000030_chunk001,AMAZON COM INC,0001018724,2021-11-12,none,neutral,1,False,,
AMZN_0001018724-22-000002_chunk000,AMAZON COM INC,0001018724,2022-02-03,regulatory,neutral,2,False,"Amazon.com, Inc.; SEC; United States; Washington, D.C.; Delaware; 98109-5210; Seattle; Washington; Nasdaq Global Select Market",
AMZN_0001018724-22-000002_chunk001,AMAZON COM INC,0001018724,2022-02-03,none,neutral,1,False,,
AMZN_0001018724-22-000009_chunk000,AMAZON COM INC,0001018724,2022-03-09,regulatory,neutral,2,False,"Amazon.com, Inc.; SEC; United States; Washington, D.C.; Delaware; 98109-5210; Seattle; Washington; Nasdaq Global Select Market",
AMZN_0001018724-22-000009_chunk001,AMAZON COM INC,0001018724,2022-03-09,none,neutral,1,False,,
AMZN_0001193125-22-104336_chunk000,AMAZON COM INC,0001018724,2022-04-13,regulatory,neutral,2,False,"Amazon.com, Inc.; SEC; United States; Washington, D.C.; Nasdaq Global Select Market",
AMZN_0001193125-22-104336_chunk001,AMAZON COM INC,0001018724,2022-04-13,none,neutral,1,False,,
AMZN_0001104659-22-045579_chunk000,AMAZON COM INC,0001018724,2022-04-14,regulatory,neutral,2,False,"Amazon.com, Inc.; SEC; United States; Washington, D.C.; Delaware; 98109-5210; 266-1000; Nasdaq Global Select Market",
AMZN_0001104659-22-045579_chunk001,AMAZON COM INC,0001018724,2022-04-14,regulatory,neutral,2,False,emerging growth company; SEC; Exchange Act,
AMZN_0001018724-22-000011_chunk000,AMAZON COM INC,0001018724,2022-04-28,regulatory,neutral,2,False,"Amazon.com, Inc.; SEC; United States; Washington, D.C.; Delaware; 98109-5210; Seattle; Washington; Nasdaq Global Select Market",
AMZN_0001018724-22-000011_chunk001,AMAZON COM INC,0001018724,2022-04-28,none,neutral,1,False,,
AMZN_0001104659-22-065872_chunk000,AMAZON COM INC,0001018724,2022-05-27,regulatory,neutral,2,False,"Amazon.com, Inc.; SEC; United States; Washington, D.C.; Delaware; 98109-5210; Seattle; Washington; Nasdaq Global Select Market",
AMZN_0001104659-22-065872_chunk001,AMAZON COM INC,0001018724,2022-05-27,regulatory,neutral,2,False,emerging growth company; Securities and Exchange Commission; Exchange Act,
AMZN_0001018724-22-000015_chunk000,AMAZON COM INC,0001018724,2022-06-03,regulatory,neutral,2,False,"Amazon.com, Inc.; SEC; United States; Washington, D.C.; Delaware; 98109-5210; Seattle; Washington; Nasdaq Global Select Market",
AMZN_0001018724-22-000015_chunk001,AMAZON COM INC,0001018724,2022-06-03,none,neutral,1,False,,
AMZN_0001018724-22-000017_chunk000,AMAZON COM INC,0001018724,2022-07-28,regulatory,neutral,2,False,"Amazon.com, Inc.; SEC; United States; Washington, D.C.; Delaware; 98109-5210; Seattle; Washington; Nasdaq Global Select Market",
AMZN_0001018724-22-000017_chunk001,AMAZON COM INC,0001018724,2022-07-28,none,neutral,1,False,,
AMZN_0001018724-22-000021_chunk000,AMAZON COM INC,0001018724,2022-10-27,regulatory,neutral,2,False,"Amazon.com, Inc.; SEC; United States; Washington, D.C.; Delaware; 98109-5210; Seattle; Washington; Nasdaq Global Select Market",
AMZN_0001018724-22-000021_chunk001,AMAZON COM INC,0001018724,2022-10-27,none,neutral,1,False,,
AMZN_0001193125-22-289041_chunk000,AMAZON COM INC,0001018724,2022-11-18,regulatory,neutral,2,False,"Amazon.com, Inc.; United States; Securities and Exchange Commission; Nasdaq Global Select Market",
AMZN_0001193125-22-289041_chunk001,AMAZON COM INC,0001018724,2022-11-18,none,neutral,1,False,,
AMZN_0001193125-22-296602_chunk000,AMAZON COM INC,0001018724,2022-12-01,regulatory,neutral,2,False,"Amazon.com, Inc.; United States; Securities and Exchange Commission; Nasdaq Global Select Market",
AMZN_0001193125-22-296602_chunk001,AMAZON COM INC,0001018724,2022-12-01,none,neutral,1,False,,
AMZN_0001193125-23-000849_chunk000,AMAZON COM INC,0001018724,2023-01-03,regulatory,neutral,2,False,"Amazon.com, Inc.; United States; Securities and Exchange Commission; Nasdaq Global Select Market",
AMZN_0001193125-23-000849_chunk001,AMAZON COM INC,0001018724,2023-01-03,none,neutral,1,False,emerging growth company,
AMZN_0001193125-23-003621_chunk000,AMAZON COM INC,0001018724,2023-01-06,regulatory,neutral,2,False,"Amazon.com, Inc.; United States; Securities and Exchange Commission; Washington, D.C.; Delaware; 91-1646860; 410 Terry Avenue North, Seattle, Washington; 98109-5210",
AMZN_0001193125-23-003621_chunk001,AMAZON COM INC,0001018724,2023-01-06,none,neutral,1,False,,
AMZN_0001018724-23-000002_chunk000,AMAZON COM INC,0001018724,2023-02-02,regulatory,neutral,2,False,"Amazon.com, Inc.; SEC; United States; Washington, D.C.; Delaware; 98109-5210; Seattle; Washington; Nasdaq Global Select Market",
AMZN_0001018724-23-000002_chunk001,AMAZON COM INC,0001018724,2023-02-02,none,neutral,1,False,,
AMZN_0001104659-23-044715_chunk000,AMAZON COM INC,0001018724,2023-04-13,regulatory,neutral,2,False,"Amazon.com, Inc.; SEC; United States; Washington, D.C.; Delaware; 98109-5210; 266-1000",
AMZN_0001104659-23-044715_chunk001,AMAZON COM INC,0001018724,2023-04-13,regulatory,neutral,2,False,emerging growth company; Exchange Act,
AMZN_0001018724-23-000006_chunk000,AMAZON COM INC,0001018724,2023-04-27,regulatory,neutral,2,False,"Amazon.com, Inc.; SEC; United States; Washington, D.C.; Delaware; 98109-5210; Seattle; Washington; Nasdaq Global Select Market",
AMZN_0001018724-23-000006_chunk001,AMAZON COM INC,0001018724,2023-04-27,none,neutral,1,False,,
AMZN_0001104659-23-065457_chunk000,AMAZON COM INC,0001018724,2023-05-26,regulatory,neutral,2,False,"Amazon.com, Inc.; United States; Securities and Exchange Commission; Washington, D.C.; Delaware; 98109-5210; Seattle; 266-1000; Nasdaq Global Select Market",
AMZN_0001104659-23-065457_chunk001,AMAZON COM INC,0001018724,2023-05-26,none,neutral,1,False,,
AMZN_0001018724-23-000010_chunk000,AMAZON COM INC,0001018724,2023-08-03,regulatory,neutral,2,False,"Amazon.com, Inc.; SEC; United States; Washington, D.C.; Delaware; 98109-5210; Seattle; Washington; Nasdaq Global Select Market",
AMZN_0001018724-23-000010_chunk001,AMAZON COM INC,0001018724,2023-08-03,none,neutral,1,False,,
AMZN_0001018724-23-000014_chunk000,AMAZON COM INC,0001018724,2023-09-13,regulatory,neutral,2,False,"Amazon.com, Inc.; SEC; United States; Washington, D.C.; Delaware; 98109-5210; Seattle; Washington; Nasdaq Global Select Market",
AMZN_0001018724-23-000014_chunk001,AMAZON COM INC,0001018724,2023-09-13,none,neutral,1,False,,
AMZN_0001018724-23-000016_chunk000,AMAZON COM INC,0001018724,2023-10-26,regulatory,neutral,2,False,"Amazon.com, Inc.; SEC; United States; Washington, D.C.; Delaware; 98109-5210; Seattle; Washington; Nasdaq Global Select Market",
AMZN_0001018724-23-000016_chunk001,AMAZON COM INC,0001018724,2023-10-26,none,neutral,1,False,,
AMZN_0001104659-23-113444_chunk000,AMAZON COM INC,0001018724,2023-11-01,none,neutral,1,False,"Amazon.com, Inc.; United States; Securities and Exchange Commission; D.C.; Washington; Delaware; Amazon.com, Inc.; Nasdaq Global Select Market",
AMZN_0001104659-23-113444_chunk001,AMAZON COM INC,0001018724,2023-11-01,none,neutral,1,False,emerging growth company,
AMZN_0001018724-24-000006_chunk000,AMAZON COM INC,0001018724,2024-02-01,regulatory,neutral,2,False,"Amazon.com, Inc.; SEC; United States; Washington, D.C.; Delaware; 98109-5210; Seattle; Washington; Nasdaq Global Select Market",
AMZN_0001018724-24-000006_chunk001,AMAZON COM INC,0001018724,2024-02-01,none,neutral,1,False,,
AMZN_0001104659-24-045915_chunk000,AMAZON COM INC,0001018724,2024-04-11,regulatory,neutral,2,False,"Amazon.com, Inc.; SEC; United States; D.C.; Washington; Delaware; Amazon.com, Inc. (Exact name of registrant as specified in its charter); Delaware (State or other jurisdiction of incorporation); 91-1646860 (Company's unique identification number); 410 Terry Avenue North, Seattle, Washington 98109-5210 (Company's principal executive offices address); 266-1000 (Company's telephone number, including area code)",
AMZN_0001104659-24-045915_chunk001,AMAZON COM INC,0001018724,2024-04-11,none,neutral,1,False,,
AMZN_0001018724-24-000081_chunk000,AMAZON COM INC,0001018724,2024-04-30,regulatory,neutral,2,False,"Amazon.com, Inc.; SEC; United States; Washington, D.C.; Delaware; 98109-5210; Seattle; Washington; Nasdaq Global Select Market",
AMZN_0001018724-24-000081_chunk001,AMAZON COM INC,0001018724,2024-04-30,none,neutral,1,False,,
AMZN_0001104659-24-057026_chunk000,AMAZON COM INC,0001018724,2024-05-03,regulatory,neutral,2,False,"Amazon.com, Inc.; United States; Securities and Exchange Commission; D.C.; Washington; Delaware; Amazon.com, Inc. (Exact name of registrant as specified in its charter); Delaware (State or other jurisdiction of incorporation); 91-1646860; 410 Terry Avenue North, Seattle, Washington 98109-5210; 266-1000; Nasdaq Global Select Market",
AMZN_0001104659-24-057026_chunk001,AMAZON COM INC,0001018724,2024-05-03,none,neutral,1,False,,
AMZN_0001104659-24-061143_chunk000,AMAZON COM INC,0001018724,2024-05-14,regulatory,neutral,2,False,"Amazon.com, Inc.; SEC; United States; Delaware; Nasdaq Global Select Market",
AMZN_0001104659-24-061143_chunk001,AMAZON COM INC,0001018724,2024-05-14,none,neutral,1,False,,
AMZN_0001104659-24-065117_chunk000,AMAZON COM INC,0001018724,2024-05-24,regulatory,neutral,2,False,"Amazon.com, Inc.; SEC; United States; Washington, D.C.; Delaware; 98109-5210; 266-1000; Nasdaq Global Select Market",
AMZN_0001104659-24-065117_chunk001,AMAZON COM INC,0001018724,2024-05-24,none,neutral,1,False,,
AMZN_0001018724-24-000128_chunk000,AMAZON COM INC,0001018724,2024-08-01,regulatory,neutral,2,False,"Amazon.com, Inc.; SEC; United States; Washington, D.C.; Delaware; 98109-5210; Seattle; Washington; Nasdaq Global Select Market",
AMZN_0001018724-24-000128_chunk001,AMAZON COM INC,0001018724,2024-08-01,none,neutral,1,False,,
AMZN_0001018724-24-000158_chunk000,AMAZON COM INC,0001018724,2024-10-31,regulatory,neutral,2,False,"Amazon.com, Inc.; SEC; United States; Washington, D.C.; Delaware; 98109-5210; Seattle; Washington; Nasdaq Global Select Market",
AMZN_0001018724-24-000158_chunk001,AMAZON COM INC,0001018724,2024-10-31,none,neutral,1,False,,
AVGO_0001193125-21-000394_chunk000,Broadcom Inc.,0001730168,2021-01-04,financial,neutral,3,True,"Broadcom Inc.; Broadcom Corporation; CA, Inc.",
AVGO_0001193125-21-000394_chunk001,Broadcom Inc.,0001730168,2021-01-04,operational,negative,4,True,Broadcom; COVID-19; global economy; significant customers; contract manufacturing; outsourced supply chain; significant suppliers,
AVGO_0001193125-21-000394_chunk002,Broadcom Inc.,0001730168,2021-01-04,none,neutral,1,False,,no JSON object found in response
AVGO_0001193125-21-000394_chunk003,Broadcom Inc.,0001730168,2021-01-04,regulatory,neutral,3,True,Broadcom Inc.; SEC; COVID-19,
AVGO_0001193125-21-001276_chunk000,Broadcom Inc.,0001730168,2021-01-05,financial,neutral,3,True,"Broadcom Inc.; Broadcom; CA, Inc.; Broadcom Corporation; $750 million; $2.75 billion; $1.75 billion; $3.0 billion; $1.75 billion; $3.5 billion",
AVGO_0001193125-21-001276_chunk001,Broadcom Inc.,0001730168,2021-01-05,operational,negative,4,True,Broadcom; COVID-19; U.S. Securities Exchange Act of 1934; U.S. Securities Act of 1933,
AVGO_0001193125-21-001276_chunk002,Broadcom Inc.,0001730168,2021-01-05,none,neutral,1,False,,no JSON object found in response
AVGO_0001193125-21-001276_chunk003,Broadcom Inc.,0001730168,2021-01-05,regulatory,negative,4,True,Broadcom Inc.; SEC; COVID-19,
AVGO_0001193125-21-003380_chunk000,Broadcom Inc.,0001730168,2021-01-07,operational,negative,4,True,Broadcom; COVID-19; global economy; significant customers; contract manufacturing; suppliers; government regulations; trade restrictions; debt; distributors; senior management; qualified personnel,
AVGO_0001193125-21-003380_chunk001,Broadcom Inc.,0001730168,2021-01-07,none,negative,4,True,our company; governmental and regulatory authorities; contract manufacturers; customers; competitors; third-party software providers; intellectual property holders; foreign exchange markets; tax authorities,bad risk_category 'multiple'
AVGO_0001193125-21-003380_chunk002,Broadcom Inc.,0001730168,2021-01-07,regulatory,neutral,2,True,Broadcom; SEC; 2021 Annual Meeting of Stockholders,
AVGO_0001193125-21-003380_chunk003,Broadcom Inc.,0001730168,2021-01-07,none,neutral,1,False,Broadcom; SEC; Investor Relations,
AVGO_0001193125-21-011422_chunk000,Broadcom Inc.,0001730168,2021-01-19,financial,neutral,2,False,"Broadcom Inc.; Broadcom Technologies Inc.; Broadcom Corporation; Wilmington Trust, National Association; Tender Offer Notes",
AVGO_0001193125-21-011422_chunk001,Broadcom Inc.,0001730168,2021-01-19,regulatory,neutral,3,True,Company; Regulation S; Securities Act; 2028 Notes; 2031 Notes; 2033 Notes; 2041 Notes; 2051 Notes; Change of Control Triggering Event,
AVGO_0001193125-21-011422_chunk002,Broadcom Inc.,0001730168,2021-01-19,financial,negative,4,False,Company; Guarantors; Indenture,
AVGO_0001193125-21-011422_chunk003,Broadcom Inc.,0001730168,2021-01-19,financial,negative,4,True,"Company; Guarantors; Morgan Stanley & Co. LLC; BNP Paribas Securities Corp.; RBC Capital Markets, LLC; SMBC Nikko Securities America, Inc.; Truist Securities, Inc.",
AVGO_0001193125-21-011422_chunk004,Broadcom Inc.,0001730168,2021-01-19,financial,neutral,3,True,"Company; Bank of America, N.A.; Credit Agreement; revolving lenders; Eurocurrency rate",
AVGO_0001193125-21-011422_chunk005,Broadcom Inc.,0001730168,2021-01-19,financial,neutral,3,True,Company; lenders; Credit Agreement; Eurocurrency rate; interest coverage ratio,
AVGO_0001193125-21-011422_chunk006,Broadcom Inc.,0001730168,2021-01-19,financial,neutral,2,False,"Company; Bank of America, N.A.; $5.0 billion; $2.0 billion; $7.75 billion; $1,818,750,000; $4,068,750,000",
AVGO_0001193125-21-011422_chunk007,Broadcom Inc.,0001730168,2021-01-19,financial,neutral,3,True,"Broadcom Inc.; Broadcom Corporation; CA, Inc.; November 2019 Credit Agreement; May 2019 Credit Agreement",
AVGO_0001193125-21-011422_chunk008,Broadcom Inc.,0001730168,2021-01-19,operational,negative,4,True,"Broadcom Inc.; Broadcom Corporation; CA, Inc.",
AVGO_0001193125-21-011422_chunk009,Broadcom Inc.,0001730168,2021-01-19,none,neutral,1,False,,no JSON object found in response
AVGO_0001193125-21-011422_chunk010,Broadcom Inc.,0001730168,2021-01-19,regulatory,negative,4,True,"Company; Guarantors; Wilmington Trust; National Association; Morgan Stanley & Co. LLC; BNP Paribas Securities Corp.; RBC Capital Markets, LLC; SMBC Nikko Securities America, Inc.; Truist Securities, Inc.",
AVGO_0001193125-21-011422_chunk011,Broadcom Inc.,0001730168,2021-01-19,none,neutral,1,False,"Stanley & Co. LLC; BNP Paribas Securities Corp.; RBC Capital Markets, LLC; SMBC Nikko Securities America, Inc.; Truist Securities, Inc.; Broadcom Inc.; Bank of America, N.A.",
AVGO_0001193125-21-025889_chunk000,Broadcom Inc.,0001730168,2021-02-02,regulatory,neutral,2,False,"Broadcom Inc.; Broadcom Corporation; CA, Inc.; Wilmington Trust, National Association",
AVGO_0001193125-21-025889_chunk001,Broadcom Inc.,0001730168,2021-02-02,operational,negative,4,True,Broadcom; COVID-19; global economy; contract manufacturing; suppliers; government regulations; trade restrictions; senior management; acquisitions,
AVGO_0001193125-21-025889_chunk002,Broadcom Inc.,0001730168,2021-02-02,regulatory,negative,4,True,SEC; COVID-19; global business environment,
AVGO_0001193125-21-025889_chunk003,Broadcom Inc.,0001730168,2021-02-02,financial,neutral,2,True,Broadcom Inc.; SEC,
AVGO_0001730168-21-000026_chunk000,Broadcom Inc.,0001730168,2021-03-04,financial,neutral,2,False,Broadcom Inc.; Mandatory Convertible Preferred Stock; 8.00% Mandatory Convertible Preferred Stock; common stock; dividends,
AVGO_0001730168-21-000026_chunk001,Broadcom Inc.,0001730168,2021-03-04,operational,negative,4,True,Broadcom; COVID-19; global economy; contract manufacturing; suppliers; government regulations; trade restrictions; senior management; acquisitions,
AVGO_0001730168-21-000026_chunk002,Broadcom Inc.,0001730168,2021-03-04,none,negative,5,True,company; regulatory bodies; governmental approvals; acquired businesses; legal proceedings; semiconductor industry; competitors; contract manufacturers; service providers; intellectual property; third-party software; customers; privacy laws; foreign exchange rates; tax legislation; COVID-19 pandemic,bad risk_category 'multiple'
AVGO_0001730168-21-000026_chunk003,Broadcom Inc.,0001730168,2021-03-04,none,neutral,1,True,,
AVGO_0001193125-21-081796_chunk000,Broadcom Inc.,0001730168,2021-03-16,operational,negative,3,True,Broadcom Inc.; Securities Act of 1933; Securities Act of 1934; COVID-19,
AVGO_0001193125-21-081796_chunk001,Broadcom Inc.,0001730168,2021-03-16,operational,negative,4,True,COVID-19; global economy; significant customers; contract manufacturing; suppliers; government regulations; trade restrictions; distributors; senior management; acquisitions; legal proceedings; semiconductor industry; competitive performance; intellectual property; third-party software; customer product warranty and indemnification claims; market acceptance; technological advances; privacy and data security laws; security breaches; foreign exchange rates; income provision,
AVGO_0001193125-21-081796_chunk002,Broadcom Inc.,0001730168,2021-03-16,regulatory,negative,4,True,Broadcom Inc.; SEC; COVID-19,
AVGO_0001193125-21-098755_chunk000,Broadcom Inc.,0001730168,2021-03-30,regulatory,neutral,2,True,Broadcom Inc.; Securities Act of 1933; Securities Exchange Act of 1934; Rule 144A; Regulation S,
AVGO_0001193125-21-098755_chunk001,Broadcom Inc.,0001730168,2021-03-30,operational,negative,4,True,Broadcom; COVID-19; global economy; government regulations; trade tensions; senior management; acquisitions; legal proceedings; semiconductor industry,
AVGO_0001193125-21-098755_chunk002,Broadcom Inc.,0001730168,2021-03-30,regulatory,negative,4,True,Broadcom Inc.; SEC; COVID-19,
AVGO_0001193125-21-102518_chunk000,Broadcom Inc.,0001730168,2021-03-31,regulatory,neutral,2,False,"Broadcom Inc.; Broadcom Corporation; CA, Inc.; Broadcom Corporation; Broadcom Corporation; Broadcom Corporation; Broadcom Corporation",
AVGO_0001193125-21-102518_chunk001,Broadcom Inc.,0001730168,2021-03-31,financial,neutral,3,False,"CA, Inc.; Broadcom Corporation; Company; Wilmington Trust, National Association; Securities Act; Regulation S",
AVGO_0001193125-21-102518_chunk002,Broadcom Inc.,0001730168,2021-03-31,financial,neutral,3,True,Company; New 2033 Notes; New 2 endnotes; Change of Control Triggering Event,
AVGO_0001193125-21-102518_chunk003,Broadcom Inc.,0001730168,2021-03-31,regulatory,negative,4,True,"Company; BofA Securities, Inc.; HSBC Securities (USA) Inc.; New Notes; Indenture",
AVGO_0001193125-21-102518_chunk004,Broadcom Inc.,0001730168,2021-03-31,financial,negative,4,True,"Company; Bank of America, N.A.; Existing Specified Notes",
AVGO_0001193125-21-102518_chunk005,Broadcom Inc.,0001730168,2021-03-31,none,neutral,1,False,,no JSON object found in response
AVGO_0001193125-21-102518_chunk006,Broadcom Inc.,0001730168,2021-03-31,operational,negative,4,True,Broadcom; COVID-19; global economy; government regulations; trade restrictions; semiconductor industry; senior management,
AVGO_0001193125-21-102518_chunk007,Broadcom Inc.,0001730168,2021-03-31,operational,negative,4,True,Company; Wilmington Trust; 3.419% Senior Notes; 3.469% Senior Notes; COVID-19,
AVGO_0001193125-21-102518_chunk008,Broadcom Inc.,0001730168,2021-03-31,none,neutral,1,False,"Company; BofA Securities, Inc.; HSBC Securities (USA) Inc.",
AVGO_0001730168-21-000071_chunk000,Broadcom Inc.,0001730168,2021-04-05,leadership,neutral,2,False,"Broadcom; Mr. Hock E. Tan; Dr. Charlie B. Kawwas; Mr. Thomas H. Krause, Jr.; PricewaterhouseCoopers LLP",
AVGO_0001730168-21-000071_chunk001,Broadcom Inc.,0001730168,2021-04-05,regulatory,neutral,2,False,Broadcom; PricewaterhouseCoopers LLP; Broadcom's named executive officers,
AVGO_0001730168-21-000071_chunk002,Broadcom Inc.,0001730168,2021-04-05,none,neutral,1,False,Broadcom,
AVGO_0001730168-21-000110_chunk000,Broadcom Inc.,0001730168,2021-06-03,financial,neutral,2,False,Broadcom Inc.; Securities Exchange Act of 1934; Mandatory Convertible Preferred Stock; common stock,
AVGO_0001730168-21-000110_chunk001,Broadcom Inc.,0001730168,2021-06-03,none,positive,2,False,Broadcom Inc.,
AVGO_0001730168-21-000121_chunk000,Broadcom Inc.,0001730168,2021-09-02,financial,neutral,2,False,Broadcom Inc.; Mandatory Convertible Preferred Stock; common stock,
AVGO_0001193125-21-271676_chunk000,Broadcom Inc.,0001730168,2021-09-13,operational,neutral,2,True,Broadcom Inc.; Securities Act of 1933; Securities Act of 1934; COVID-19,
AVGO_0001193125-21-271676_chunk001,Broadcom Inc.,0001730168,2021-09-13,operational,negative,5,True,COVID-19; global economy; significant customers; contract manufacturing; suppliers; government regulations; trade tensions; senior management; acquisitions; legal proceedings; semiconductor industry; competitive performance; intellectual property; third-party software; customer product warranty; privacy and data security laws; foreign exchange rates,
AVGO_0001193125-21-271676_chunk002,Broadcom Inc.,0001730168,2021-09-13,regulatory,negative,4,True,Broadcom Inc.; SEC; COVID-19,
AVGO_0001193125-21-284581_chunk000,Broadcom Inc.,0001730168,2021-09-28,regulatory,neutral,2,True,Broadcom Inc.; Securities Act of 1933; Securities Exchange Act of 1934; Regulation S,
AVGO_0001193125-21-284581_chunk001,Broadcom Inc.,0001730168,2021-09-28,operational,negative,5,True,Broadcom; United States Securities Exchange Act of 1934; United States Securities Act of 1933; COVID-19; global economy; global political and economic conditions; government regulations; trade restrictions; trade tensions; Broadcom's significant customers; contract manufacturing; outsourced supply chain; limited number of suppliers; semiconductor industry; design wins,
AVGO_0001193125-21-284581_chunk002,Broadcom Inc.,0001730168,2021-09-28,none,negative,4,True,Broadcom Inc.; SEC; COVID-19,bad risk_category 'multiple'
AVGO_0001193125-21-284581_chunk003,Broadcom Inc.,0001730168,2021-09-28,none,neutral,1,False,Broadcom Inc.,
AVGO_0001193125-21-287948_chunk000,Broadcom Inc.,0001730168,2021-09-30,regulatory,neutral,2,False,"Broadcom Inc.; Broadcom Corporation; CA, Inc.; 3.125% Senior Notes due 2025; 4.700% Senior Notes due 2025; 3.150% Senior Notes due 2025; 4.250% Senior Notes due 2026; 3.459% Senior Notes due 2026; 4.110% Senior Notes due 2028; 3.500% Senior Notes due 2028",
AVGO_0001193125-21-287948_chunk001,Broadcom Inc.,0001730168,2021-09-30,financial,neutral,3,False,"Broadcom Corporation; the Company; CA, Inc.",
AVGO_0001193125-21-287948_chunk002,Broadcom Inc.,0001730168,2021-09-30,regulatory,neutral,2,True,"Company; Wilmington Trust, National Association; 2035 New Notes; 2036 New Notes; U.S.; Regulation S",
AVGO_0001193125-21-287948_chunk003,Broadcom Inc.,0001730168,2021-09-30,financial,negative,4,True,Company; New Notes; Indenture,
AVGO_0001193125-21-287948_chunk004,Broadcom Inc.,0001730168,2021-09-30,financial,negative,4,True,Company; BNP Paribas Securities Corp.; J.P. Morgan Securities LLC; TD Securities (USA) LLC; New Notes; registration default,
AVGO_0001193125-21-287948_chunk005,Broadcom Inc.,0001730168,2021-09-30,operational,negative,4,True,Broadcom; COVID-19; global economy; significant customers; contract manufacturing; outsourced supply chain; limited number of suppliers,
AVGO_0001193125-21-287948_chunk006,Broadcom Inc.,0001730168,2021-09-30,none,neutral,1,False,,no JSON object found in response
AVGO_0001193125-21-287948_chunk007,Broadcom Inc.,0001730168,2021-09-30,regulatory,negative,3,True,Securities and Exchange Commission; COVID-19; BNP Paribas Securities Corp.; J.P. Morgan Securities LLC; TD Securities (USA) LLC,
AVGO_0001730168-21-000148_chunk000,Broadcom Inc.,0001730168,2021-12-09,financial,neutral,2,False,Broadcom Inc.; Mandatory Convertible Preferred Stock; common stock,
AVGO_0001730168-22-000015_chunk000,Broadcom Inc.,0001730168,2022-03-03,financial,neutral,2,False,Broadcom Inc.; Mandatory Convertible Preferred Stock; common stock,
AVGO_0001193125-22-090874_chunk000,Broadcom Inc.,0001730168,2022-03-31,regulatory,neutral,2,True,Broadcom Inc.; Securities Act of 1933; Securities Act of 1934; Rule 144A; Regulation S,
AVGO_0001193125-22-090874_chunk001,Broadcom Inc.,0001730168,2022-03-31,operational,negative,4,True,Broadcom; COVID-19; government regulations; trade tensions; global economic conditions; semiconductor industry; senior management; share repurchase program; distributors; resellers; acquisitions; legal proceedings; operating results; manufacturing facilities; outsourced service providers,
AVGO_0001193125-22-090874_chunk002,Broadcom Inc.,0001730168,2022-03-31,operational,negative,4,True,Broadcom Inc.; SEC; COVID-19,
AVGO_0001193125-22-092425_chunk000,Broadcom Inc.,0001730168,2022-04-01,financial,neutral,3,True,Broadcom Inc.; Securities Act; Regulation S,
AVGO_0001193125-22-092425_chunk001,Broadcom Inc.,0001730168,2022-04-01,regulatory,negative,4,True,Broadcom; COVID-19; government regulations; trade restrictions; global economic conditions; semiconductor industry; senior management,
AVGO_0001193125-22-092425_chunk002,Broadcom Inc.,0001730168,2022-04-01,regulatory,negative,4,True,Securities and Exchange Commission; COVID-19,
AVGO_0001193125-22-092425_chunk003,Broadcom Inc.,0001730168,2022-04-01,none,neutral,1,False,Broadcom Inc.,
AVGO_0001730168-22-000059_chunk000,Broadcom Inc.,0001730168,2022-04-05,none,positive,1,False,Broadcom Inc.; PricewaterhouseCoopers LLP; Diane M. Bryant; Gayla J. Delly; Raul J. Fernandez; Eddy W. Hartenstein; Check Kian Low; Justine F. Page; Henry Samueli; Hock E. Tan; Harry L. You,
AVGO_0001730168-22-000059_chunk001,Broadcom Inc.,0001730168,2022-04-05,none,neutral,2,False,PricewaterhouseCoopers LLP; Broadcom,
AVGO_0001193125-22-105918_chunk000,Broadcom Inc.,0001730168,2022-04-15,financial,neutral,3,True,"Broadcom Inc.; Wilmington Trust, National Association; $1,950 million; 2029 Notes; 2032 Notes; Securities Act of 1933; Regulation S",
AVGO_0001193125-22-105918_chunk001,Broadcom Inc.,0001730168,2022-04-15,financial,neutral,3,True,Company; Notes; tax law; jurisdiction; Additional Amounts; Indenture; Change of Control Triggering Event; subsidiaries,
AVGO_0001193125-22-105918_chunk002,Broadcom Inc.,0001730168,2022-04-15,regulatory,negative,4,True,"Company; BofA Securities, Inc.; HSBC Securities (USA) Inc.; RBC Capital Markets, LLC; Notes; Securities Act",
AVGO_0001193125-22-105918_chunk003,Broadcom Inc.,0001730168,2022-04-15,regulatory,neutral,2,True,Broadcom Inc.; SEC; U.S. Securities and Exchange Commission; Regulation S; Rule 144A,
AVGO_0001193125-22-105918_chunk004,Broadcom Inc.,0001730168,2022-04-15,operational,negative,4,True,Broadcom; COVID-19; semiconductor industry,
AVGO_0001193125-22-105918_chunk005,Broadcom Inc.,0001730168,2022-04-15,operational,negative,4,True,company; SEC; governmental and regulatory approvals; contract manufacturers; competitors; customers; third-party software; litigation; foreign exchange rates; tax legislation; COVID-19,
AVGO_0001193125-22-105918_chunk006,Broadcom Inc.,0001730168,2022-04-15,regulatory,neutral,2,True,"Broadcom Inc.; Securities and Exchange Commission; Wilmington Trust, National Association; BofA Securities, Inc.; HSBC Securities (USA) Inc.; RBC Capital Markets, LLC",
AVGO_0001193125-22-108067_chunk000,Broadcom Inc.,0001730168,2022-04-18,financial,neutral,2,False,"Broadcom Inc.; CA, Inc.; $49,686,000; $479,609,000; $302,581,000; $847,001,000; $823,316,000; $215,416,000; $606,305,000; $1,655,420,000; $1,118,175,000; $1,855,742,000",
AVGO_0001193125-22-108067_chunk001,Broadcom Inc.,0001730168,2022-04-18,financial,neutral,3,True,"Company; Wilmington Trust, National Association; 4.110% Senior Notes; 4.150% Senior Notes; Regulation S; tax law",
AVGO_0001193125-22-108067_chunk002,Broadcom Inc.,0001730168,2022-04-18,financial,neutral,3,True,Company; Barclays Capital Inc.; BBVA Securities Inc.; BNP Paribas Securities Corp.; J.P. Morgan Securities LLC,
AVGO_0001193125-22-108067_chunk003,Broadcom Inc.,0001730168,2022-04-18,regulatory,negative,4,True,Company; Barclays Capital Inc.; BBVA Securities Inc.; BNP Paribas Securities Corp.; J.P. Morgan Securities LLC; New Notes; registration default,
AVGO_0001193125-22-108067_chunk004,Broadcom Inc.,0001730168,2022-04-18,regulatory,negative,4,True,Broadcom; COVID-19; government regulations; global economic conditions; senior management,
AVGO_0001193125-22-108067_chunk005,Broadcom Inc.,0001730168,2022-04-18,operational,negative,4,True,Securities and Exchange Commission; COVID-19,
AVGO_0001193125-22-108067_chunk006,Broadcom Inc.,0001730168,2022-04-18,none,neutral,1,False,"Securities and Exchange Commission; Wilmington Trust, National Association; Barclays Capital Inc.; BBVA Securities Inc.; BNP Paribas Securities Corp.; J.P. Morgan Securities LLC",
AVGO_0001193125-22-161016_chunk000,Broadcom Inc.,0001730168,2022-05-26,regulatory,neutral,3,True,"Broadcom Inc.; VMware, Inc.; Verona Holdco, Inc.; Holdco; Merger Sub 1; Merger Sub 2; Merger Sub 3; Broadcom",
AVGO_0001193125-22-161016_chunk001,Broadcom Inc.,0001730168,2022-05-26,regulatory,neutral,3,True,"VMware; Broadcom; July 5, 2022; $142.50; 0.25200 shares; Broadcom Common Stock; fiscal year 2023",
AVGO_0001193125-22-161016_chunk002,Broadcom Inc.,0001730168,2022-05-26,regulatory,neutral,3,True,Broadcom; VMware; SEC; United States Hart-Scott-Rodino Antitrust Improvements Act of 1016; European Union,
AVGO_0001193125-22-161016_chunk003,Broadcom Inc.,0001730168,2022-05-26,regulatory,negative,4,True,VMware; Broadcom; Merger Sub 1; Merger Sub 2; Merger Sub 3; Holdco,
AVGO_0001193125-22-161016_chunk004,Broadcom Inc.,0001730168,2022-05-26,legal,negative,3,True,"Michael S. Dell; Susan Lieberman Dell; Broadcom; VMware; Silver Lake Partners IV, L.P.; Silver Lake Technology Investors IV, L.P.; SLP V; SLP IV; SLP V DE; SLSPV-2; Silver Lake Group, L.L.C.",
AVGO_0001193125-22-161016_chunk005,Broadcom Inc.,0001730168,2022-05-26,financial,neutral,3,True,Broadcom; SLP Stockholders; VMware; SL; SLSPV-2; Silver Lake Group; L.L.C.,
AVGO_0001193125-22-161016_chunk006,Broadcom Inc.,0001730168,2022-05-26,legal,negative,3,True,"Broadcom Inc.; Michael S. Dell; Susan Lieberman Dell Separate Property Trust; Silver Lake Partners IV, L.P.; Silver Lake Technology Investors IV, L.P.; Silver Lake Partners V DE (AIV), L.P.; Silver Lake Technology Investors V, L.P.; SL SPV-2, L.P.; Silver Lake Group, L.L.C.",
AVGO_0001193125-22-161016_chunk007,Broadcom Inc.,0001730168,2022-05-26,regulatory,negative,5,True,Broadcom; regulators; monetary amounts,
AVGO_0001193125-22-161016_chunk008,Broadcom Inc.,0001730168,2022-05-26,regulatory,neutral,2,True,Broadcom; VMware; SEC; U.S. Securities Act of 1933,
AVGO_0001193125-22-161016_chunk009,Broadcom Inc.,0001730168,2022-05-26,none,neutral,1,False,"Broadcom; VMware; SEC; 2022 Annual Meeting of Stockholders; 2021 Annual Meeting of Stockholders; 2022 Annual Report on Form 10-K; 2021 Annual Report on Form 10-K; April 22, 2022; May 2, 2022",
AVGO_0001193125-22-161016_chunk010,Broadcom Inc.,0001730168,2022-05-26,none,neutral,1,False,Broadcom; VMware,
AVGO_0001193125-22-160371_chunk000,Broadcom Inc.,0001730168,2022-05-26,regulatory,neutral,2,True,"Broadcom Inc.; VMware, Inc.; Holdco; Verona Merger Sub, Inc.; Barcelona Merger Sub 2, Inc.; Barcelona Merger Sub 3, LLC",
AVGO_0001193125-22-160371_chunk001,Broadcom Inc.,0001730168,2022-05-26,regulatory,negative,4,True,"Broadcom Inc.; VMware, Inc.; U.S. Securities Exchange Act of 1934; U.S. Securities Act of 1933",
AVGO_0001193125-22-160371_chunk002,Broadcom Inc.,0001730168,2022-05-26,regulatory,neutral,3,True,Broadcom; VMware; SEC; Form S-4,
AVGO_0001193125-22-160371_chunk003,Broadcom Inc.,0001730168,2022-05-26,regulatory,neutral,2,False,Broadcom; VMware; SEC; U.S. Securities Act of 1933; 2022 Annual Meeting of Stockholders,
AVGO_0001193125-22-160371_chunk004,Broadcom Inc.,0001730168,2022-05-26,none,neutral,1,False,"Broadcom; VMware; SEC; 2022; 2021; 2022; 2021; Janu01/28/2022; January 28, 2022; March 24, 2022; April 22, 2022; May 2, 2022",
AVGO_0001193125-22-160304_chunk000,Broadcom Inc.,0001730168,2022-05-26,financial,neutral,2,False,Broadcom Inc.; Securities Exchange Act of 1934; Mandatory Convertible Preferred Stock; common stock,
AVGO_0001140361-22-025654_chunk000,Broadcom Inc.,0001730168,2022-07-11,leadership,neutral,2,False,Broadcom Inc.; Thomas H. Krause; Hock E. Tan; Charlie B. Kawwas,
AVGO_0001730168-22-000091_chunk000,Broadcom Inc.,0001730168,2022-09-01,financial,neutral,2,False,Broadcom Inc.; Mandatory Convertible Preferred Stock; common stock,
AVGO_0001730168-22-000101_chunk000,Broadcom Inc.,0001730168,2022-11-02,none,positive,1,True,"Broadcom Inc.; Hock E. Tan; Charlie B. Kawwas; VMware, Inc.",
AVGO_0001730168-22-000101_chunk001,Broadcom Inc.,0001730168,2022-11-02,none,positive,1,True,"Mr. Tan; Dr. Kawwas; Company; Shares; SEC; 300,000; 1,000,000",
AVGO_0001730168-22-000101_chunk002,Broadcom Inc.,0001730168,2022-11-02,regulatory,neutral,2,True,Mr. Tan; Dr. Kawwas; $161 million; $48 million,
AVGO_0001730168-22-000101_chunk003,Broadcom Inc.,0001730168,2022-11-02,regulatory,neutral,3,True,Mr. Tan; Dr. Kawwas; SEC; Change in Control,
AVGO_0001730168-22-000101_chunk004,Broadcom Inc.,0001730168,2022-11-02,regulatory,neutral,2,True,Br Oadcom Inc.; Cover Page Interactive Data File,
AVGO_0001730168-22-000110_chunk000,Broadcom Inc.,0001730168,2022-12-08,financial,positive,2,False,Broadcom Inc.; Securities Exchange Act of 1934,
AVGO_0001730168-23-000004_chunk000,Broadcom Inc.,0001730168,2023-03-02,financial,neutral,2,False,Broadcom Inc.; Securities Exchange Act of 1934,
AVGO_0001730168-23-000052_chunk000,Broadcom Inc.,0001730168,2023-04-06,none,neutral,1,False,"Broadcom Inc.; Diane M. Bryant; Gayla J. Delly; Raul J. Fernandez; Eddy W. Hartenstein; Check Kian Low; Justine F. Page; Henry Samueli, Ph.0.D.; Hock E. Tan; Harry L. You",
AVGO_0001730168-23-000052_chunk001,Broadcom Inc.,0001730168,2023-04-06,leadership,negative,4,True,Broadcom; PricewaterhouseCoopers LLP; Broadcom; Broadcom; Broadcom,
AVGO_0001730168-23-000054_chunk000,Broadcom Inc.,0001730168,2023-05-23,regulatory,neutral,2,False,Broadcom Inc.; Apple Inc.,
AVGO_0001730168-23-000062_chunk000,Broadcom Inc.,0001730168,2023-06-01,financial,neutral,2,False,Broadcom Inc.; Securities Exchange Act of 1934,
AVGO_0001140361-23-040084_chunk000,Broadcom Inc.,0001730168,2023-08-16,none,neutral,1,False,,no JSON object found in response
AVGO_0001140361-23-040084_chunk001,Broadcom Inc.,0001730168,2023-08-16,financial,neutral,3,True,Broadcom; Barcelona Merger Sub; VMware; Term A-2 Facility; Term A-3 Facility; Term A-5 Facility; Credit Agreement,
AVGO_0001140361-23-040084_chunk002,Broadcom Inc.,0001730168,2023-08-16,financial,neutral,3,False,Broadcom; Credit Agreement; senior unsecured bridge facility,
AVGO_0001140361-23-040084_chunk003,Broadcom Inc.,0001730168,2023-08-16,regulatory,negative,4,True,"Broadcom; VMware; Bank of America, N.A.",
AVGO_0001140361-23-040084_chunk004,Broadcom Inc.,0001730168,2023-08-16,none,negative,4,True,Broadcom; VMware; SEC,bad risk_category 'multiple'
AVGO_0001730168-23-000074_chunk000,Broadcom Inc.,0001730168,2023-08-31,financial,neutral,2,False,Broadcom Inc.; Securities Exchange Act of 1934,
AVGO_0001140361-23-048712_chunk000,Broadcom Inc.,0001730168,2023-10-18,regulatory,neutral,3,True,"Broadcom Inc.; VMware, Inc.; Verona Holdco, Inc.; Verona Merger Sub, Inc.; Barcelona Merger Sub 2, Inc.; Barcelona Merger Sub 3, LLC",
AVGO_0001140361-23-048712_chunk001,Broadcom Inc.,0001730168,2023-10-18,regulatory,negative,5,True,Broadcom; SEC; Form S-4,
AVGO_0001140361-23-048712_chunk002,Broadcom Inc.,0001730168,2023-10-18,none,neutral,2,True,Broadcom; VMware; Securities and Exchange Commission; U.S. Securities Act of 1033,
AVGO_0001140361-23-048712_chunk003,Broadcom Inc.,0001730168,2023-10-18,none,neutral,1,False,Broadcom; VMware; SEC; U.S. government,
AVGO_0001140361-23-050217_chunk000,Broadcom Inc.,0001730168,2023-10-30,regulatory,negative,4,True,"Broadcom Inc.; VMware, Inc.; U.S. Securities Exchange Act of 1934; U.S. Securities Act of 1933",
AVGO_0001140361-23-050217_chunk001,Broadcom Inc.,0001730168,2023-10-30,regulatory,neutral,3,True,Broadcom; VMware; SEC; U.S. Securities Act of 1933,
AVGO_0001140361-23-050217_chunk002,Broadcom Inc.,0001730168,2023-10-30,none,neutral,1,False,"Broadcom; VMware; SEC; October 3, 2022; October 30, 2023; Broadcom Inc.; Broadcom’s website; VMware’s website",
AVGO_0001140361-23-054354_chunk000,Broadcom Inc.,0001730168,2023-11-22,none,positive,1,False,"Broadcom Inc.; VMware, Inc.; Verona Holdco, Inc.; Barcelona Merger Sub 2, Inc.; Barcelona Merger Sub 3, LLC",
AVGO_0001140361-23-054354_chunk001,Broadcom Inc.,0001730168,2023-11-22,none,neutral,1,False,VMware; Broadcom; Common Shares; VMware Board of Directors,
AVGO_0001140361-23-054354_chunk002,Broadcom Inc.,0001730168,2023-11-22,financial,neutral,3,True,Broadcom; VMware; U.S. Securities and Exchange Commission; Credit Agreement,
AVGO_0001140361-23-054354_chunk003,Broadcom Inc.,0001730168,2023-11-22,regulatory,negative,4,True,Broadcom; VMware; U.S. Securities Exchange Act of 1934; U.S. Securities Act of 1933,
AVGO_0001140361-23-054354_chunk004,Broadcom Inc.,0001730168,2023-11-22,regulatory,neutral,3,True,"Broadcom Inc.; VMware, Inc.; Verona Holdco, Inc.; Verona Merger Sub, Inc.; Barcelona Merger Sub, Inc.; Broadcom Inc.",
AVGO_0001140361-23-054354_chunk005,Broadcom Inc.,0001730168,2023-11-22,regulatory,neutral,2,False,"Broadcom; Bank of America; Verona Merger Sub; Barcelona Merger Sub 2, Inc.; Barcelona Merger Sub 3, LLC",
AVGO_0001730168-23-000093_chunk000,Broadcom Inc.,0001730168,2023-12-07,financial,negative,4,True,Broadcom Inc.; VMware; $1.3 billion,
AVGO_0001730168-23-000093_chunk001,Broadcom Inc.,0001730168,2023-12-07,none,neutral,1,False,Broadcom Inc.,
AVGO_0001140361-24-006447_chunk000,Broadcom Inc.,0001730168,2024-02-08,none,neutral,1,False,VMware; Broadcom; PricewaterhouseCoopers LLP; SEC,
AVGO_0001140361-24-006724_chunk000,Broadcom Inc.,0001730168,2024-02-09,leadership,neutral,2,False,Broadcom Inc.; Kenneth Y. Hao; Silver Lake; Raul Fernandez,
AVGO_0001730168-24-000012_chunk000,Broadcom Inc.,0001730168,2024-03-07,financial,neutral,2,False,Broadcom Inc.; Securities Exchange Act of 1934,
AVGO_0001730168-24-000055_chunk000,Broadcom Inc.,0001730168,2024-04-24,none,positive,1,False,"Broadcom; PricewaterhouseCoopers LLP; Henry Samueli, Ph.0D",
AVGO_0001730168-24-000077_chunk000,Broadcom Inc.,0001730168,2024-06-12,financial,neutral,2,False,"Broadcom Inc.; Securities Exchange Act of 1934; June 12, 2024; $5.25; July 11, 2024; July 12, 2024; July 15, 2024",
AVGO_0001140361-24-032566_chunk000,Broadcom Inc.,0001730168,2024-07-08,none,positive,1,False,"Broadcom Inc.; VMware, Inc.",
AVGO_0001140361-24-033072_chunk000,Broadcom Inc.,0001730168,2024-07-12,financial,neutral,3,True,"Broadcom Inc.; BofA Securities, Inc.; BNP Paribas Securities Corp.; HSBC Securities (USA) Inc.; State of Delaware; Securities Act of 1933",
AVGO_0001140361-24-033072_chunk001,Broadcom Inc.,0001730168,2024-07-12,financial,neutral,3,True,"Company; Wilmington Trust, National Association; U.S. Securities and Exchange Commission; 2027 Notes; 2029 Notes; 2031 Notes",
AVGO_0001140361-24-033072_chunk002,Broadcom Inc.,0001730168,2024-07-12,none,neutral,1,False,"Broadcom Inc.; BofA Securities, Inc.; BNP Paribas Securities Corp.; HSBC Securities (USA) Inc.; Wilmington Trust, National Association; Wachtell, Lipton, Rosen & Katz",
AVGO_0001730168-24-000095_chunk000,Broadcom Inc.,0001730168,2024-09-05,financial,neutral,2,False,Broadcom Inc.; Securities Exchange Act of 1934,
AVGO_0001193125-24-231159_chunk000,Broadcom Inc.,0001730168,2024-10-02,financial,neutral,2,False,"Broadcom Inc.; J.P. Morgan Securities LLC; TD Securities (USA) LLC; Truist Securities, Inc.; U.S. Securities and Exchange Commission; Wilmington Trust, National Association; 2028 Notes; 2030 Notes; 2032 Notes; 2034 Notes; Securities Act of 1933; Form S-3ASR; Registration Statement",
AVGO_0001193125-24-231159_chunk001,Broadcom Inc.,0001730168,2024-10-02,financial,neutral,2,False,"Broadcom Inc.; Wilmington Trust, National Association; J.P. Morgan Securities LLC; TD Securities (USA) LLC; Truist Securities, Inc.",
AVGO_0001193125-24-231159_chunk002,Broadcom Inc.,0001730168,2024-10-02,none,neutral,1,False,"Securities, Inc.; Broadcom Inc.; Wilmington Trust, National Association; Wachtell, Lipton, Rosen & Katz",
AVGO_0001730168-24-000125_chunk000,Broadcom Inc.,0001730168,2024-12-12,financial,neutral,2,False,Broadcom Inc.; Securities Exchange Act of 1934,
BAC_0000070858-21-000004_chunk000,BANK OF AMERICA CORP /DE/,0000070858,2021-01-19,regulatory,neutral,2,False,Bank of America Corporation; New York Stock Exchange; Floating Rate Non-Cumulative Preferred Stock; Series E; 6.200% Non-Cumulative Preferred Stock; Series CC,
BAC_0000070858-21-000004_chunk001,BANK OF AMERICA CORP /DE/,0000070858,2021-01-19,none,neutral,1,False,Bank of America Corporation; BAC Capital Trust XIII; BAC Capital Trust XIV; BAC/PF; BAC/PG; MER PrK,
BAC_0000070858-21-000004_chunk002,BANK OF AMERICA CORP /DE/,0000070858,2021-01-19,none,positive,1,False,Bank of America Corporation; New York Stock Exchange,
BAC_0000070858-21-000004_chunk003,BANK OF AMERICA CORP /DE/,0000070858,2021-01-19,financial,neutral,2,True,"Corporation; Board of Directors; common stock; $0.18; March 26, 2021",
BAC_0000070858-21-000004_chunk004,BANK OF AMERICA CORP /DE/,0000070858,2021-01-19,none,positive,1,False,"Corporation; Board of Directors; common stock; shareholders; March 26, 2021; March 5, 2021; $0.18; $2.9 billion; $0.3 billion",
BAC_0001193125-21-020850_chunk000,BANK OF AMERICA CORP /DE/,0000070858,2021-01-28,regulatory,neutral,2,False,"Bank of America Corporation; New York Stock Exchange; Floating Rate Non-Cumulative Preferred Stock, Series E; 6.200% Non-Cumulative Preferred Stock, Series CC",
BAC_0001193125-21-020850_chunk001,BANK OF AMERICA CORP /DE/,0000070858,2021-01-28,financial,neutral,3,False,Bank of America Corporation; BAC Capital Trust XIII; BAC Capital Trust XIV; BAC/PF; BAC/PG; MER PrK,
BAC_0001193125-21-020850_chunk002,BANK OF AMERICA CORP /DE/,0000070858,2021-01-28,regulatory,neutral,2,False,Bank of America Corporation; New York Stock Exchange; BofA Finance LLC; Series PP Preferred Stock,
BAC_0001193125-21-020850_chunk003,BANK OF AMERICA CORP /DE/,0000070858,2021-01-28,regulatory,neutral,3,False,Corporation; Series PP Preferred Stock; Delaware; Securities and Exchange Commission; Depositary Shares; Underwriting Agreement,
BAC_0001193125-21-020850_chunk004,BANK OF AMERICA CORP /DE/,0000070858,2021-01-28,none,neutral,1,False,"Corporation; Computershare Inc.; Computershare Trust Company, N.A.; McGuireWoods LLP",
BAC_0000070858-21-000016_chunk000,BANK OF AMERICA CORP /DE/,0000070858,2021-02-12,regulatory,neutral,2,False,Bank of America Corporation; Securities and Exchange Commission; New York Stock Exchange,
BAC_0000070858-21-000016_chunk001,BANK OF AMERICA CORP /DE/,0000070858,2021-02-12,none,neutral,1,False,Bank of America Corporation; BAC Capital Trust XIII; BAC Capital Trust XIV; BAC Finance LLC,
BAC_0000070858-21-000016_chunk002,BANK OF AMERICA CORP /DE/,0000070858,2021-02-12,none,neutral,1,False,Bank of America Corporation; Brian T. Moynihan,
BAC_0000070858-21-000016_chunk003,BANK OF AMERICA CORP /DE/,0000070858,2021-02-12,operational,positive,2,True,"JPMorgan Chase & Co.; Coronavirus Aid, Relief and Economic Security Act; $23 billion; small businesses",
BAC_0000070858-21-000016_chunk004,BANK OF AMERICA CORP /DE/,0000070858,2021-02-12,none,positive,1,False,Company; Mr. Moynihan; International Business Council; Bank Policy Institute; Sustainable Markets Initiative; Chief Executive Magazine; 2020 CEO of the Year; CDFIs; Minority Depository Institutions; not-for-profit hospitals; skilled nursing facilities; manufacturers of healthcare equipment and supplies,
BAC_0000070858-21-000016_chunk005,BANK OF AMERICA CORP /DE/,0000070858,2021-02-12,regulatory,neutral,3,True,Bank of America; Mr. Moynihan,
BAC_0001193125-21-087250_chunk000,BANK OF AMERICA CORP /DE/,0000070858,2021-03-19,regulatory,neutral,2,False,"Bank of America Corporation; Securities and Exchange Commission; North Tryon Street; Charlotte, North Carolina; 704; 386-5681; New York Stock Exchange; BAC PrE; BAC PrA; Floating Rate Non-Cumulative Preferred Stock, Series E; 6.000% Non-Cumulative Preferred Stock, Series EE",
BAC_0001193125-21-087250_chunk001,BANK OF AMERICA CORP /DE/,0000070858,2021-03-19,financial,neutral,3,False,Bank of America Corporation; BAC Capital Trust XIII; BAC Capital Trust XIV; BAC/PF; BAC/PG; MER PrK,
BAC_0001193125-21-087250_chunk002,BANK OF AMERICA CORP /DE/,0000070858,2021-03-19,regulatory,neutral,2,False,Bank of America Corporation; Board of Governors of the Federal Reserve System; Federal Deposit Insurance Corporation; Office of the Comptroller of the Currency; Banking Agencies,
BAC_0001193125-21-087250_chunk003,BANK OF AMERICA CORP /DE/,0000070858,2021-03-19,financial,neutral,2,True,Bank of America Corporation; FRB; OCC,
BAC_0001193125-21-087250_chunk004,BANK OF AMERICA CORP /DE/,0000070858,2021-03-19,regulatory,negative,3,True,Bank of America; SEC,
BAC_0000070858-21-000048_chunk000,BANK OF AMERICA CORP /DE/,0000070858,2021-04-15,regulatory,neutral,2,False,Bank of America Corporation; Securities and Exchange Commission; New York Stock Exchange,
BAC_0000070858-21-000048_chunk001,BANK OF AMERICA CORP /DE/,0000070858,2021-04-15,none,neutral,1,False,Bank of America Corporation; BAC Capital Trust XIII; BAC Capital Trust XIV; BAC Finance LLC,
BAC_0000070858-21-000048_chunk002,BANK OF AMERICA CORP /DE/,0000070858,2021-04-15,none,positive,2,False,Bank of America Corporation; New York Stock Exchange,
BAC_0000070858-21-000048_chunk003,BANK OF AMERICA CORP /DE/,0000070858,2021-04-15,regulatory,neutral,2,True,Corporation; Securities Exchange Act of 1934; Board of Directors; common stock; $25 billion,
BAC_0000070858-21-000048_chunk004,BANK OF AMERICA CORP /DE/,0000070858,2021-04-15,none,neutral,1,False,Company; SEC; Exhibit 99.4,
BAC_0000070858-21-000055_chunk000,BANK OF AMERICA CORP /DE/,0000070858,2021-04-22,none,positive,2,False,"Bank of America Corporation; Internal Revenue Code of 1986; Series B Preferred Stock; Series 1, 2, 4, and 5 Preferred Stock",
BAC_0000070858-21-000055_chunk001,BANK OF AMERICA CORP /DE/,0000070858,2021-04-22,none,neutral,1,False,,no JSON object found in response
BAC_0000070858-21-000055_chunk002,BANK OF AMERICA CORP /DE/,0000070858,2021-04-22,none,neutral,2,False,Bank of America Corporation; Michael D. White; Thomas D. Woods; R. David Yost; Maria T. Zuber,
BAC_0000070858-21-000055_chunk003,BANK OF AMERICA CORP /DE/,0000070858,2021-04-22,none,neutral,1,False,Bank of America Corporation,
BAC_0000070858-21-000072_chunk000,BANK OF AMERICA CORP /DE/,0000070858,2021-06-28,regulatory,neutral,2,False,Bank of America Corporation; New York Stock Exchange; Floating Rate Non-Cumulative Preferred Stock; Series E; 6.000% Non-Cumulative Preferred Stock; Series GG,
BAC_0000070858-21-000072_chunk001,BANK OF AMERICA CORP /DE/,0000070858,2021-06-28,none,neutral,1,False,Bank of America Corporation; BAC Capital Trust XIII; BAC Capital Trust XIV; BofA Finance LLC,
BAC_0000070858-21-000072_chunk002,BANK OF AMERICA CORP /DE/,0000070858,2021-06-28,financial,negative,3,True,Bank of America Corporation; New York Stock Exchange; Federal Reserve Board,
BAC_0000070858-21-000072_chunk003,BANK OF AMERICA CORP /DE/,0000070858,2021-06-28,none,neutral,1,False,,
BAC_0000070858-21-000074_chunk000,BANK OF AMERICA CORP /DE/,0000070858,2021-06-29,regulatory,neutral,2,False,Bank of America Corporation; New York Stock Exchange; Floating Rate Non-Cumulative Preferred Stock; Series E; 6.000% Non-Cumulative Preferred Stock; Series GG,
BAC_0000070858-21-000074_chunk001,BANK OF AMERICA CORP /DE/,0000070858,2021-06-29,none,neutral,1,False,Bank of America Corporation; BAC Capital Trust XIII; BAC Capital Trust XIV; BofA Finance LLC,
BAC_0000070858-21-000074_chunk002,BANK OF AMERICA CORP /DE/,0000070858,2021-06-29,legal,negative,3,True,Bank of America Corporation; Tutanota LLC; New York Stock Exchange,
BAC_0000070858-21-000074_chunk003,BANK OF AMERICA CORP /DE/,0000070858,2021-06-29,none,neutral,1,False,Corporation; Tutanota,
BAC_0000070858-21-000079_chunk000,BANK OF AMERICA CORP /DE/,0000070858,2021-07-14,regulatory,neutral,2,False,Bank of America Corporation; New York Stock Exchange; Floating Rate Non-Cumulative Preferred Stock; Series E; 6.000% Non-Cumulative Preferred Stock; Series GG,
BAC_0000070858-21-000079_chunk001,BANK OF AMERICA CORP /DE/,0000070858,2021-07-14,none,neutral,1,False,Bank of America Corporation; BAC Capital Trust XIII; BAC Capital Trust XIV; BAC Finance LLC,
BAC_0000070858-21-000079_chunk002,BANK OF AMERICA CORP /DE/,0000070858,2021-07-14,none,positive,2,False,"Bank of America Corporation; New York Stock Exchange; 5.375% Non-Cumulative Preferred Stock, Series KK; 5.000% Non-Cumulative Preferred Stock, Series LL; 4.375% Non-Cumulative Preferred Stock, Series NN; 4.125% Non-Cumulative Preferred Stock, Series PP",
BAC_0000070858-21-000079_chunk003,BANK OF AMERICA CORP /DE/,0000070858,2021-07-14,regulatory,neutral,2,True,Corporation; Securities Exchange Act of 1934; Securities Act of 1933,
BAC_0001193125-21-257413_chunk000,BANK OF AMERICA CORP /DE/,0000070858,2021-08-26,regulatory,neutral,2,False,Bank of America Corporation; Securities and Exchange Commission; New York Stock Exchange,
BAC_0001193125-21-257413_chunk001,BANK OF AMERICA CORP /DE/,0000070858,2021-08-26,financial,neutral,2,False,Bank of America Corporation; BAC Capital Trust XIII; BAC Capital Trust XIV; BofA Finance LLC; BAC/31B,
BAC_0001193125-21-257413_chunk002,BANK OF AMERICA CORP /DE/,0000070858,2021-08-26,leadership,negative,3,False,Bank of America Corporation; Anne Finucane; Thomas Montag,
BAC_0001193125-21-257413_chunk003,BANK OF AMERICA CORP /DE/,0000070858,2021-08-26,none,neutral,1,False,,
BAC_0000070858-21-000089_chunk000,BANK OF AMERICA CORP /DE/,0000070858,2021-09-10,regulatory,neutral,2,False,Bank of America Corporation; New York Stock Exchange; Floating Rate Non-Cumulative Preferred Stock; Series E; 6.000% Non-Cumulative Preferred Stock; Series GG,
BAC_0000070858-21-000089_chunk001,BANK OF AMERICA CORP /DE/,0000070858,2021-09-10,none,neutral,1,False,Bank of America Corporation; BAC Capital Trust XIII; BAC Capital Trust XIV; BofA Finance LLC,
BAC_0000070858-21-000089_chunk002,BANK OF AMERICA CORP /DE/,0000070858,2021-09-10,none,neutral,1,False,Bank of America Corporation; New York Stock Exchange,
BAC_0000070858-21-000093_chunk000,BANK OF AMERICA CORP /DE/,0000070858,2021-09-14,regulatory,neutral,2,False,Bank of America Corporation; Securities and Exchange Commission; New York Stock Exchange,
BAC_0000070858-21-000093_chunk001,BANK OF AMERICA CORP /DE/,0000070858,2021-09-14,none,neutral,1,False,Bank of America Corporation; BAC Capital Trust XIII; BAC Capital Trust XIV; BofA Finance LLC,
BAC_0000070858-21-000093_chunk002,BANK OF AMERICA CORP /DE/,0000070858,2021-09-14,leadership,neutral,2,False,Bank of America Corporation; Paul M. Donofrio; Alastair Borthwick,
BAC_0000070858-21-000093_chunk003,BANK OF AMERICA CORP /DE/,0000070858,2021-09-14,leadership,positive,2,False,Mr. Borthwick; Global Commercial Banking; Bank of America Corporation,
BAC_0000070858-21-000098_chunk000,BANK OF AMERICA CORP /DE/,0000070858,2021-10-14,regulatory,neutral,2,False,Bank of America Corporation; Securities and Exchange Commission; United States; New York Stock Exchange,
BAC_0000070858-21-000098_chunk001,BANK OF AMERICA CORP /DE/,0000070858,2021-10-14,none,neutral,1,False,Bank of America Corporation; BAC Capital Trust XIII; BAC Capital Trust XIV; BAC Finance LLC,
BAC_0000070858-21-000098_chunk002,BANK OF AMERICA CORP /DE/,0000070858,2021-10-14,none,positive,2,False,Bank of America Corporation; New York Stock Exchange; Series KK; Series LL; Series NN; Series PP; Series QQ; Series RR; Series SS,
BAC_0000070858-21-000098_chunk003,BANK OF AMERICA CORP /DE/,0000070858,2021-10-14,regulatory,neutral,2,True,Corporation; Securities Exchange Act of 1934; Securities Act of 1933,
BAC_0000070858-21-000101_chunk000,BANK OF AMERICA CORP /DE/,0000070858,2021-10-20,regulatory,neutral,2,False,Bank of America Corporation; New York Stock Exchange; Floating Rate Non-Cumulative Preferred Stock; Series E; 6.000% Non-Cumulative Preferred Stock; Series GG,
BAC_0000070858-21-000101_chunk001,BANK OF AMERICA CORP /DE/,0000070858,2021-10-20,none,neutral,1,False,Bank of America Corporation; BAC Capital Trust XIII; BAC Capital Trust XIV; BofA Finance LLC,
BAC_0000070858-21-000101_chunk002,BANK OF AMERICA CORP /DE/,0000070858,2021-10-20,leadership,neutral,2,False,Bank of America Corporation; Paul M. Donofrio; Alastair M. Borthwick,
BAC_0000070858-21-000101_chunk003,BANK OF AMERICA CORP /DE/,0000070858,2021-10-20,leadership,negative,3,False,Mr. Donofrio; the Corporation; $25 billion,
BAC_0001193125-21-308073_chunk000,BANK OF AMERICA CORP /DE/,0000070858,2021-10-26,regulatory,neutral,2,False,Bank of America Corporation; Securities and Exchange Commission; New York Stock Exchange,
BAC_0001193125-21-308073_chunk001,BANK OF AMERICA CORP /DE/,0000070858,2021-10-26,financial,neutral,2,False,Bank of America Corporation; BAC Capital Trust XIII; BAC Capital Trust XIV; BofA Finance LLC; BAC/31B; BAC/PF; BAC/PG; MER PrK; BAC PrM,
BAC_0001193125-21-308073_chunk002,BANK OF AMERICA CORP /DE/,0000070858,2021-10-26,regulatory,negative,4,True,Bank of America Corporation; New York Stock Exchange; Series QQ Preferred Stock,
BAC_0001193125-21-308073_chunk003,BANK OF AMERICA CORP /DE/,0000070858,2021-10-26,financial,neutral,3,False,"Corporation; Series QQ Preferred Stock; Delaware; Securities and Exchange Commission; Depositary Shares; $25,000; 52,000,000",
BAC_0001193125-21-308073_chunk004,BANK OF AMERICA CORP /DE/,0000070858,2021-10-26,none,positive,1,False,"Series QQ Preferred Stock; Computershare Inc.; Computershare Trust Company, N.A.; McGuireWoods LLP",
BAC_0000070858-22-000009_chunk000,BANK OF AMERICA CORP /DE/,0000070858,2022-01-19,regulatory,neutral,2,False,Bank of America Corporation; New York Stock Exchange; Floating Rate Non-Cumulative Preferred Stock; Series E; 6.000% Non-Cumulative Preferred Stock; Series GG,
BAC_0000070858-22-000009_chunk001,BANK OF AMERICA CORP /DE/,0000070858,2022-01-19,none,neutral,1,False,Bank of America Corporation; BAC Capital Trust XIII; BAC Capital Trust XIV; BAC Finance LLC,
BAC_0000070858-22-000009_chunk002,BANK OF AMERICA CORP /DE/,0000070858,2022-01-19,none,positive,2,False,Bank of America Corporation; New York Stock Exchange; Preferred Stock; Series KK; Series LL; Series NN; Series PP; Series QQ,
BAC_0000070858-22-000009_chunk003,BANK OF AMERICA CORP /DE/,0000070858,2022-01-19,regulatory,neutral,2,True,Corporation; Securities Exchange Act of 1934; Securities Act of 1933,
BAC_0000070858-22-000009_chunk004,BANK OF AMERICA CORP /DE/,0000070858,2022-01-19,none,neutral,1,False,,
BAC_0001193125-22-017096_chunk000,BANK OF AMERICA CORP /DE/,0000070858,2022-01-25,regulatory,neutral,2,False,Bank of America Corporation; Securities and Exchange Commission; New York Stock Exchange,
BAC_0001193125-22-017096_chunk001,BANK OF AMERICA CORP /DE/,0000070858,2022-01-25,financial,neutral,2,False,Bank of America Corporation; BAC Capital Trust XIII; BAC Capital Trust XIV; BofA Finance LLC,
BAC_0001193125-22-017096_chunk002,BANK OF AMERICA CORP /DE/,0000070858,2022-01-25,regulatory,neutral,2,False,Bank of America Corporation; New York Stock Exchange,
BAC_0001193125-22-017096_chunk003,BANK OF AMERICA CORP /DE/,0000070858,2022-01-25,regulatory,neutral,2,False,"Corporation; Series RR Preferred Stock; Delaware; Secretary of State; $25,000; 1,750,000 Depositary Shares",
BAC_0001193125-22-017096_chunk004,BANK OF AMERICA CORP /DE/,0000070858,2022-01-25,regulatory,neutral,2,False,"Computershare Inc.; Computershare Trust Company, N.A.; Series RR Preferred Stock; McGuireWoods LLP",
BAC_0001193125-22-023436_chunk000,BANK OF AMERICA CORP /DE/,0000070858,2022-01-31,regulatory,neutral,2,False,Bank of America Corporation; Securities and Exchange Commission; New York Stock Exchange,
BAC_0001193125-22-023436_chunk001,BANK OF AMERICA CORP /DE/,0000070858,2022-01-31,financial,neutral,2,False,Bank of America Corporation; BAC Capital Trust XIII; BAC Capital Trust XIV; BofA Finance LLC; BAC/31B; BAC/PF; BAC/PG; MER PrK; BAC PrM,
BAC_0001193125-22-023436_chunk002,BANK OF AMERICA CORP /DE/,0000070858,2022-01-31,regulatory,neutral,2,False,Bank of America Corporation; New York Stock Exchange; Series SS Preferred Stock,
BAC_0001193125-22-023436_chunk003,BANK OF AMERICA CORP /DE/,0000070858,2022-01-31,regulatory,negative,3,False,Corporation; Delaware; Series SS Preferred Stock; Depositary Shares; Secretary of State,
BAC_0001193125-22-023436_chunk004,BANK OF AMERICA CORP /DE/,0000070858,2022-01-31,none,neutral,1,False,"Corporation; Computershare Inc.; Computershare Trust Company, N.A.; McGuireWoods LLP",
BAC_0000070858-22-000055_chunk000,BANK OF AMERICA CORP /DE/,0000070858,2022-02-04,regulatory,neutral,2,False,Bank of America Corporation; New York Stock Exchange; Floating Rate Non-Cumulative Preferred Stock; Series E; 6.000% Non-Cumulative Preferred Stock; Series GG,
BAC_0000070858-22-000055_chunk001,BANK OF AMERICA CORP /DE/,0000070858,2022-02-04,none,neutral,1,False,Bank of America Corporation; BAC Capital Trust XIII; BAC Capital Trust XIV; BAC/31B; BAC/PF; BAC/PG; BAC PrB; BAC PrK; BAC PrL; BML PrG; BML PrH; BML PrJ; BML PrL; MER PrK,
BAC_0000070858-22-000055_chunk002,BANK OF AMERICA CORP /DE/,0000070858,2022-02-04,none,positive,2,False,Bank of America Corporation; Brian T. Moynihan,
BAC_0000070858-22-000055_chunk003,BANK OF AMERICA CORP /DE/,0000070858,2022-02-04,none,positive,1,True,Bank of America; shareholders; employees; clients,
BAC_0000070858-22-000055_chunk004,BANK OF AMERICA CORP /DE/,0000070858,2022-02-04,none,positive,1,True,"Bank of America; Mr. Moynihan; $450 million; 100 equity funds; 60,000 individuals and families; $2 billion; Equality Progress Sustainability Bond; World Economic Forum’s International Business Council; The Clearing House; Sustainable Markets Initiative",
BAC_0000070858-22-000055_chunk005,BANK OF AMERICA CORP /DE/,0000070858,2022-02-04,regulatory,neutral,3,True,Bank of America; Mr. Moynihan,
BAC_0000070858-22-000069_chunk000,BANK OF AMERICA CORP /DE/,0000070858,2022-02-25,leadership,neutral,1,False,Bank of America Corporation; Susan S. Bies,
BAC_0000070858-22-000079_chunk000,BANK OF AMERICA CORP /DE/,0000070858,2022-04-18,regulatory,neutral,2,False,Bank of America Corporation; New York Stock Exchange; Floating Rate Non-Cumulative Preferred Stock; Series E; 6.000% Non-Cumulative Preferred Stock; Series GG,
BAC_0000070858-22-000079_chunk001,BANK OF AMERICA CORP /DE/,0000070858,2022-04-18,none,neutral,1,False,Bank of America Corporation; BAC Capital Trust XIII; BAC Capital Trust XIV; BAC Finance LLC,
BAC_0000070858-22-000079_chunk002,BANK OF AMERICA CORP /DE/,0000070858,2022-04-18,none,positive,2,False,Bank of America Corporation; New York Stock Exchange,
BAC_0000070858-22-000079_chunk003,BANK OF AMERICA CORP /DE/,0000070858,2022-04-18,none,neutral,1,False,the Corporation; the Corporation's website,
BAC_0000070858-22-000079_chunk004,BANK OF AMERICA CORP /DE/,0000070858,2022-04-18,none,neutral,1,False,,
BAC_0001193125-22-115192_chunk000,BANK OF AMERICA CORP /DE/,0000070858,2022-04-22,none,neutral,1,False,"Bank of America Corporation; Securities and Exchange Commission; North Tryon Street; Charlotte, North Carolina; 704; 386-5681",
BAC_0001193125-22-115192_chunk001,BANK OF AMERICA CORP /DE/,0000070858,2022-04-22,financial,neutral,2,False,Bank of America Corporation; BAC Capital Trust XIII; BAC Capital Trust XIV; BofA Finance LLC; BML PrG; BML PrH; BML PrJ; BML PrL; BAC/31B; BAC PrB; BAC PrK; BAC PrL; BAC/PF; BAC/PG; MER PrK,
BAC_0001193125-22-115192_chunk002,BANK OF AMERICA CORP /DE/,0000070858,2022-04-22,regulatory,neutral,2,False,"Bank of America Corporation; New York Stock Exchange; 5.375% Non-Cumulative Preferred Stock, Series KK; 5.000% Non-Cumulative Preferred Stock, Series LL; 4.375% Non-Cumulative Preferred Stock, Series NN; 4.125% Non-Cumulative Preferred Stock, Series PP; 4.250% Non-Cumulative Preferred Stock, Series QQ; 4.750% Non-Cumulative Preferred Stock, Series SS",
BAC_0001193125-22-115192_chunk003,BANK OF AMERICA CORP /DE/,0000070858,2022-04-22,regulatory,neutral,2,False,"Corporation; State of Delaware; Series TT Preferred Stock; 2,000,000 Depositary Shares",
BAC_0001193125-22-115192_chunk004,BANK OF AMERICA CORP /DE/,0000070858,2022-04-22,regulatory,neutral,2,False,"Computershare Inc.; Computershare Trust Company, N.A.; Series TT Preferred Stock",
BAC_0000070858-22-000082_chunk000,BANK OF AMERICA CORP /DE/,0000070858,2022-04-27,none,neutral,1,False,"Bank of America Corporation; Sharon L. Allen; Frank P. Bramble, Sr.; Pierre J.P. de Weck; Arnold W. Donald; Linda P. Hudson; Monica C. Lozano; Brian T. Moynihan; Lionel L. Nowell III; Denise L. Ramos",
BAC_0000070858-22-000082_chunk001,BANK OF AMERICA CORP /DE/,0000070858,2022-04-27,none,neutral,2,False,"Tesla, Inc.; Elon Musk; Securities and Exchange Commission; Denise L. Ramos; Clayton S. Rose; Michael D. White; R. David Yost; Maria T. Zuber",
BAC_0000070858-22-000082_chunk002,BANK OF AMERICA CORP /DE/,0000070858,2022-04-27,none,neutral,2,False,"628,255,157; 5,075,283,972; 70,482,062; 905,720,191; 192,495,032; 5,530,542,590; 50,983,567",
BAC_0000070858-22-000105_chunk000,BANK OF AMERICA CORP /DE/,0000070858,2022-07-18,regulatory,neutral,2,False,Bank of America Corporation; New York Stock Exchange; Floating Rate Non-Cumulative Preferred Stock; Series E; 6.000% Non-Cumulative Preferred Stock; Series GG,
BAC_0000070858-22-000105_chunk001,BANK OF AMERICA CORP /DE/,0000070858,2022-07-18,none,neutral,1,False,Bank of America Corporation; BAC Capital Trust XIII; BAC Capital Trust XIV; BAC Finance LLC,
BAC_0000070858-22-000105_chunk002,BANK OF AMERICA CORP /DE/,0000070858,2022-07-18,none,positive,2,False,Bank of America Corporation; New York Stock Exchange; Series KK; Series LL; Series NN; Series PP; Series QQ; Series SS,
BAC_0000070858-22-000105_chunk003,BANK OF AMERICA CORP /DE/,0000070858,2022-07-18,none,neutral,1,False,Corporation; Securities Exchange Act of 1934; Securities Act of 1933,
BAC_0000070858-22-000105_chunk004,BANK OF AMERICA CORP /DE/,0000070858,2022-07-18,none,neutral,1,False,,
BAC_0000070858-22-000119_chunk000,BANK OF AMERICA CORP /DE/,0000070858,2022-09-14,regulatory,neutral,2,False,Bank of America Corporation; New York Stock Exchange; Floating Rate Non-Cumulative Preferred Stock; Series E; 6.000% Non-Cumulative Preferred Stock; Series GG,
BAC_0000070858-22-000119_chunk001,BANK OF AMERICA CORP /DE/,0000070858,2022-09-14,none,neutral,1,False,Bank of America Corporation; BAC Capital Trust XIII; BAC Capital Trust XIV; BofA Finance LLC,
BAC_0000070858-22-000119_chunk002,BANK OF AMERICA CORP /DE/,0000070858,2022-09-14,leadership,positive,2,False,Bank of America Corporation; José (Joe) E. Almeida,
BAC_0000070858-22-000119_chunk003,BANK OF AMERICA CORP /DE/,0000070858,2022-09-14,none,positive,1,False,Baxter International Inc.; José E. Almeida; U.S. Securities and Exchange Commission,
BAC_0001193125-22-259199_chunk000,BANK OF AMERICA CORP /DE/,0000070858,2022-10-07,regulatory,neutral,2,False,Bank of America Corporation; Securities and Exchange Commission; United States; North Tryon Street; Charlotte; North Carolina; New York Stock Exchange,
BAC_0001193125-22-259199_chunk001,BANK OF AMERICA CORP /DE/,0000070858,2022-10-07,financial,neutral,2,False,Bank of America Corporation; New York Stock Exchange; BAC Capital Trust XIII; BAC Capital Trust XIV; BofA Finance LLC,
BAC_0001193125-22-259199_chunk002,BANK OF AMERICA CORP /DE/,0000070858,2022-10-07,regulatory,negative,4,False,Bank of America Corporation; Ambac Assurance Corporation,
BAC_0001193125-22-259199_chunk003,BANK OF AMERICA CORP /DE/,0000070858,2022-10-07,financial,negative,4,True,Ambac Corporation; SEC; $3 billion; $1.84 billion; Countrywide entities; legacy entities; bond insurance policies; residential mortgage loans; third quarter of 2022; $354 million; after tax basis,
BAC_0000070858-22-000125_chunk000,BANK OF AMERICA CORP /DE/,0000070858,2022-10-17,regulatory,neutral,2,False,Bank of America Corporation; New York Stock Exchange; Floating Rate Non-Cumulative Preferred Stock; Series E; 6.000% Non-Cumulative Preferred Stock; Series GG,
BAC_0000070858-22-000125_chunk001,BANK OF AMERICA CORP /DE/,0000070858,2022-10-17,none,neutral,1,False,Bank of America Corporation; BAC Capital Trust XIII; BAC Capital Trust XIV; BAC Finance LLC,
BAC_0000070858-22-000125_chunk002,BANK OF AMERICA CORP /DE/,0000070858,2022-10-17,none,positive,2,False,Bank of America Corporation; New York Stock Exchange; Non-Cumulative Preferred Stock; Series KK; Series LL; Series NN; Series PP; Series QQ; Series SS,
BAC_0000070858-22-000125_chunk003,BANK OF AMERICA CORP /DE/,0000070858,2022-10-17,none,neutral,1,False,Corporation; Securities Exchange Act of 1934; Securities Act of 1933,
BAC_0000070858-22-000125_chunk004,BANK OF AMERICA CORP /DE/,0000070858,2022-10-17,none,neutral,1,False,,
BAC_0000070858-22-000147_chunk000,BANK OF AMERICA CORP /DE/,0000070858,2022-12-16,regulatory,neutral,2,False,Bank of America Corporation; U.S. Securities and Exchange Commission; Delaware General Corporation Law,
BAC_0000070858-22-000147_chunk001,BANK OF AMERICA CORP /DE/,0000070858,2022-12-16,regulatory,neutral,3,False,SEC; corporation; stockholders; directors; federal securities laws; U.S. banking laws,
BAC_0000070858-22-000147_chunk002,BANK OF AMERICA CORP /DE/,0000070858,2022-12-16,regulatory,neutral,2,False,Bank of America Corporation; Board of Directors,
BAC_0000070858-23-000005_chunk000,BANK OF AMERICA CORP /DE/,0000070858,2023-01-13,regulatory,neutral,2,False,Bank of America Corporation; New York Stock Exchange; Floating Rate Non-Cumulative Preferred Stock; Series E; 6.000% Non-Cumulative Preferred Stock; Series GG,
BAC_0000070858-23-000005_chunk001,BANK OF AMERICA CORP /DE/,0000070858,2023-01-13,none,neutral,1,False,Bank of America Corporation; BAC Capital Trust XIII; BAC Capital Trust XIV; BAC Finance LLC,
BAC_0000070858-23-000005_chunk002,BANK OF AMERICA CORP /DE/,0000070858,2023-01-13,none,positive,2,False,Bank of America Corporation; New York Stock Exchange,
BAC_0000070858-23-000005_chunk003,BANK OF AMERICA CORP /DE/,0000070858,2023-01-13,none,positive,1,False,Corporation; Securities Exchange Act of 1934; Securities Act of 1933,
BAC_0000070858-23-000005_chunk004,BANK OF AMERICA CORP /DE/,0000070858,2023-01-13,none,neutral,1,False,Securities Act of 1933; Exhibit 99.1; Exhibit 99.2; Exhibit 99.3,
BAC_0000070858-23-000008_chunk000,BANK OF AMERICA CORP /DE/,0000070858,2023-02-03,regulatory,neutral,2,False,Bank of America Corporation; New York Stock Exchange; Floating Rate Non-Cumulative Preferred Stock; Series E; 6.000% Non-Cumulative Preferred Stock; Series GG,
BAC_0000070858-23-000008_chunk001,BANK OF AMERICA CORP /DE/,0000070858,2023-02-03,none,neutral,1,False,Bank of America Corporation; BAC Capital Trust XIII; BAC Capital Trust XIV; BofA Finance LLC,
BAC_0000070858-23-000008_chunk002,BANK OF AMERICA CORP /DE/,0000070858,2023-02-03,leadership,neutral,2,False,Bank of America Corporation; Brian T. Moynihan,
BAC_0000070858-23-000008_chunk003,BANK OF AMERICA CORP /DE/,0000070858,2023-02-03,none,positive,2,True,Bank of America; KBW Bank Index; $27.5 billion; $22/hour; $25/hour; $700 billion; $300 billion; 2025,
BAC_0000070858-23-000008_chunk004,BANK OF AMERICA CORP /DE/,0000070858,2023-02-03,none,positive,1,True,Bank of America; Euromoney; Mr. Moynihan,
BAC_0000070858-23-000008_chunk005,BANK OF AMERICA CORP /DE/,0000070858,2023-02-03,financial,neutral,3,True,Bank of America; Mr. Moynihan,
BAC_0001193125-23-088102_chunk000,BANK OF AMERICA CORP /DE/,0000070858,2023-03-31,regulatory,neutral,2,False,Bank of America Corporation; Securities and Exchange Commission; New York Stock Exchange,
BAC_0001193125-23-088102_chunk001,BANK OF AMERICA CORP /DE/,0000070858,2023-03-31,financial,neutral,2,False,Bank of America Corporation; New York Stock Exchange; BAC Capital Trust XIII; BAC Capital Trust XIV; BofA Finance LLC,
BAC_0001193125-23-088102_chunk002,BANK OF AMERICA CORP /DE/,0000070858,2023-03-31,regulatory,neutral,2,True,Bank of America Corporation; CME Term SOFR; New York Stock Exchange,
BAC_0001193125-23-088102_chunk003,BANK OF AMERICA CORP /DE/,0000070858,2023-03-31,regulatory,neutral,3,False,Bank of America Corporation; CME; SOFR; CUSIP numbers; BAC; BofA Finance LLC,
BAC_0000070858-23-000131_chunk000,BANK OF AMERICA CORP /DE/,0000070858,2023-04-18,regulatory,neutral,2,False,Bank of America Corporation; New York Stock Exchange; Floating Rate Non-Cumulative Preferred Stock; Series E; 6.000% Non-Cumulative Preferred Stock; Series GG,
BAC_0000070858-23-000131_chunk001,BANK OF AMERICA CORP /DE/,0000070858,2023-04-18,none,neutral,1,False,Bank of America Corporation; BAC Capital Trust XIII; BAC Capital Trust XIV; BAC Finance LLC,
BAC_0000070858-23-000131_chunk002,BANK OF AMERICA CORP /DE/,0000070858,2023-04-18,none,positive,2,False,Bank of America Corporation; New York Stock Exchange; Non-Cumulative Preferred Stock; Series KK; Series LL; Series NN; Series PP; Series QQ; Series SS,
BAC_0000070858-23-000131_chunk003,BANK OF AMERICA CORP /DE/,0000070858,2023-04-18,none,neutral,1,False,Corporation; SEC; Securities Exchange Act of 1934; Corporation’s website,
BAC_0000070858-23-000131_chunk004,BANK OF AMERICA CORP /DE/,0000070858,2023-04-18,none,neutral,1,False,,
BAC_0000070858-23-000137_chunk000,BANK OF AMERICA CORP /DE/,0000070858,2023-04-28,none,positive,1,False,Bank of America Corporation; PricewaterhouseCoopers LLP,
BAC_0000070858-23-000137_chunk001,BANK OF AMERICA CORP /DE/,0000070858,2023-04-28,none,neutral,2,False,"Corporation; Sharon L. Allen; José E. Almeida; Frank P. Bramble, Sr.; Pierre J.P. de Weck; Arnold W. Donald; Linda P. Hudson; Monica C. Lozano; Brian T. Moynihan; Lionel L. Nowell III; Denise L. Ramos; Clayton S. Rose; Michael D. White; Thomas D. Woods",
BAC_0000070858-23-000137_chunk002,BANK OF AMERICA CORP /DE/,0000070858,2023-04-28,none,neutral,2,False,Bank of America Corporation; Michael D. White; Thomas D. Woods; Maria T. Zuber; Say on Pay; Say on Frequency; independent registered public accounting firm; Equity Plan; shareholder proposal; greenhouse gas reduction targets,
BAC_0000070858-23-000137_chunk003,BANK OF AMERICA CORP /DE/,0000070858,2023-04-28,regulatory,neutral,3,False,Bank of America Corporation; shareholders; executives,
BAC_0001193125-23-175255_chunk000,BANK OF AMERICA CORP /DE/,0000070858,2023-06-26,none,neutral,1,False,Bank of America Corporation; Securities and Exchange Commission; United States; North Tryon Street; Charlotte; North Carolina; 704; 386-5681; 17 CFR; 230.425; 17 CFR 240.14a-12; 17 CFR 240.14d-2(b); 17 CFR 240.13e-4(c); BAC; BAC PrE; BAC PrB,
BAC_0001193125-23-175255_chunk001,BANK OF AMERICA CORP /DE/,0000070858,2023-06-26,financial,neutral,2,False,Bank of America Corporation; BAC Capital Trust XIII; BAC Capital Trust XIV; BofA Finance LLC; BAC/31B,
BAC_0001193125-23-175255_chunk002,BANK OF AMERICA CORP /DE/,0000070858,2023-06-26,regulatory,negative,4,True,Bank of America Corporation; BAC; BofA Finance LLC; The Depository Trust Company; USD LIBOR ICE Swap Rate benchmarks,
BAC_0001193125-23-175255_chunk003,BANK OF AMERICA CORP /DE/,0000070858,2023-06-26,regulatory,neutral,3,False,Bank of America Corporation; BAC; BofA Finance LLC; USD LIBOR ICE Swap Rate benchmarks; The Depository Trust Company,
BAC_0000070858-23-000161_chunk000,BANK OF AMERICA CORP /DE/,0000070858,2023-07-05,regulatory,neutral,2,False,Bank of America Corporation; New York Stock Exchange; Floating Rate Non-Cumulative Preferred Stock; Series E; 6.000% Non-Cumulative Preferred Stock; Series GG,
BAC_0000070858-23-000161_chunk001,BANK OF AMERICA CORP /DE/,0000070858,2023-07-05,none,neutral,1,False,Bank of America Corporation; BAC Capital Trust XIII; BAC Capital Trust XIV; BofA Finance LLC,
BAC_0000070858-23-000161_chunk002,BANK OF AMERICA CORP /DE/,0000070858,2023-07-05,financial,positive,2,True,"Bank of America Corporation; New York Stock Exchange; 5.375% Non-Cumulative Preferred Stock, Series KK; 5.000% Non-Cumulative Preferred Stock, Series LL; 4.375% Non-Cumulative Preferred Stock, Series NN; 4.125% Non-Cumulative Preferred Stock, Series PP; 4.250% Non-Cumulative Preferred Stock, Series QQ; 4.750% Non-Cumulative Preferred Stock, Series SS",
BAC_0000070858-23-000161_chunk003,BANK OF AMERICA CORP /DE/,0000070858,2023-07-05,none,neutral,1,False,Bank of America Corporation,
BAC_0000070858-23-000166_chunk000,BANK OF AMERICA CORP /DE/,0000070858,2023-07-18,regulatory,neutral,2,False,Bank of America Corporation; New York Stock Exchange; Floating Rate Non-Cumulative Preferred Stock; Series E; 6.000% Non-Cumulative Preferred Stock; Series GG,
BAC_0000070858-23-000166_chunk001,BANK OF AMERICA CORP /DE/,0000070858,2023-07-18,none,neutral,1,False,Bank of America Corporation; BAC Capital Trust XIII; BAC Capital Trust XIV; BAC Finance LLC,
BAC_0000070858-23-000166_chunk002,BANK OF AMERICA CORP /DE/,0000070858,2023-07-18,none,positive,2,False,Bank of America Corporation; New York Stock Exchange,
BAC_0000070858-23-000166_chunk003,BANK OF AMERICA CORP /DE/,0000070858,2023-07-18,none,neutral,1,False,Corporation; Securities Exchange Act of 1934; Securities Act of 1933,
BAC_0000070858-23-000166_chunk004,BANK OF AMERICA CORP /DE/,0000070858,2023-07-18,none,neutral,1,False,,
BAC_0000070858-23-000245_chunk000,BANK OF AMERICA CORP /DE/,0000070858,2023-09-29,leadership,negative,3,False,"Bank of America Corporation; Frank P. Bramble, Sr.",
BAC_0000070858-23-000264_chunk000,BANK OF AMERICA CORP /DE/,0000070858,2023-10-17,regulatory,neutral,2,False,Bank of America Corporation; New York Stock Exchange; Floating Rate Non-Cumulative Preferred Stock; Series E; 6.000% Non-Cumulative Preferred Stock; Series GG,
BAC_0000070858-23-000264_chunk001,BANK OF AMERICA CORP /DE/,0000070858,2023-10-17,none,neutral,1,False,Bank of America Corporation; BAC Capital Trust XIII; BAC Capital Trust XIV; BAC Finance LLC,
BAC_0000070858-23-000264_chunk002,BANK OF AMERICA CORP /DE/,0000070858,2023-10-17,none,positive,2,False,Bank of America Corporation; New York Stock Exchange; Non-Cumulative Preferred Stock; Series KK; Series LL; Series NN; Series PP; Series QQ; Series SS,
BAC_0000070858-23-000264_chunk003,BANK OF AMERICA CORP /DE/,0000070858,2023-10-17,none,neutral,1,False,"Corporation; SEC; October 17, 2023",
BAC_0000070858-23-000264_chunk004,BANK OF AMERICA CORP /DE/,0000070858,2023-10-17,none,neutral,1,False,,
BAC_0000070858-24-000006_chunk000,BANK OF AMERICA CORP /DE/,0000070858,2024-01-08,regulatory,negative,4,True,Bank of America Corporation; Bloomberg Index Services Limited; BSBY; SOFR; ASC 848,
BAC_0000070858-24-000006_chunk001,BANK OF AMERICA CORP /DE/,0000070858,2024-01-08,regulatory,negative,3,True,Bank of America; SEC; 2023,
BAC_0000070858-24-000011_chunk000,BANK OF AMERICA CORP /DE/,0000070858,2024-01-12,regulatory,neutral,2,False,Bank of America Corporation; New York Stock Exchange; Floating Rate Non-Cumulative Preferred Stock; Series E; 6.000% Non-Cumulative Preferred Stock; Series GG,
BAC_0000070858-24-000011_chunk001,BANK OF AMERICA CORP /DE/,0000070858,2024-01-12,none,neutral,1,False,Bank of America Corporation; BAC Capital Trust XIII; BAC Capital Trust XIV; BAC Finance LLC,
BAC_0000070858-24-000011_chunk002,BANK OF AMERICA CORP /DE/,0000070858,2024-01-12,none,positive,2,False,Bank of America Corporation; New York Stock Exchange,
BAC_0000070858-24-000011_chunk003,BANK OF AMERICA CORP /DE/,0000070858,2024-01-12,none,positive,1,False,Corporation; Securities Exchange Act of 1934; Corporation’s website,
BAC_0000070858-24-000011_chunk004,BANK OF AMERICA CORP /DE/,0000070858,2024-01-12,none,neutral,1,False,Securities Act of 1933; Exhibit 99.1; Exhibit 99.2; Exhibit 99.3,
BAC_0000070858-24-000027_chunk000,BANK OF AMERICA CORP /DE/,0000070858,2024-02-02,regulatory,neutral,2,False,Bank of America Corporation; New York Stock Exchange; Floating Rate Non-Cumulative Preferred Stock; Series E; 6.000% Non-Cumulative Preferred Stock; Series GG,
BAC_0000070858-24-000027_chunk001,BANK OF AMERICA CORP /DE/,0000070858,2024-02-02,none,neutral,1,False,Bank of America Corporation; BAC Capital Trust XIII; BAC Capital Trust XIV; BAC Finance LLC; BAC PrB; BAC PrK; BAC PrL; BML PrG; BML PrH; BML PrJ; BML PrL; BAC/31B; BAC/PF; BAC/PG; MER PrK; BAC PrM,
BAC_0000070858-24-000027_chunk002,BANK OF AMERICA CORP /DE/,0000070858,2024-02-02,leadership,neutral,2,False,Bank of America Corporation; Brian T. Moynihan,
BAC_0000070858-24-000027_chunk003,BANK OF AMERICA CORP /DE/,0000070858,2024-02-02,financial,positive,2,True,Bank of America; Federal Deposit Insurance Corporation; $2.1 billion; $1.6 billion; $26.5 billion; $292 billion; $897 billion; $12 billion,
BAC_0000070858-24-000027_chunk004,BANK OF AMERICA CORP /DE/,0000070858,2024-02-02,none,positive,1,True,Bank of America; clients; Consumer and Wealth Management; Global Markets; Euromoney magazine; entrepreneurs,
BAC_0000070858-24-000027_chunk005,BANK OF AMERICA CORP /DE/,0000070858,2024-02-02,financial,neutral,3,True,Bank of America; Mr. Moynihan,
BAC_0000070858-24-000144_chunk000,BANK OF AMERICA CORP /DE/,0000070858,2024-04-16,regulatory,neutral,2,False,Bank of America Corporation; New York Stock Exchange; Floating Rate Non-Cumulative Preferred Stock; Series E; 6.000% Non-Cumulative Preferred Stock; Series GG,
BAC_0000070858-24-000144_chunk001,BANK OF AMERICA CORP /DE/,0000070858,2024-04-16,none,neutral,1,False,Bank of America Corporation; BAC Capital Trust XIII; BAC Capital Trust XIV; BAC Finance LLC,
BAC_0000070858-24-000144_chunk002,BANK OF AMERICA CORP /DE/,0000070858,2024-04-16,none,positive,2,False,Bank of America Corporation; New York Stock Exchange,
BAC_0000070858-24-000144_chunk003,BANK OF AMERICA CORP /DE/,0000070858,2024-04-16,none,neutral,1,False,Corporation; Securities Exchange Act of 1934; Securities Act of 1933,
BAC_0000070858-24-000144_chunk004,BANK OF AMERICA CORP /DE/,0000070858,2024-04-16,none,neutral,1,False,,
BAC_0000070858-24-000149_chunk000,BANK OF AMERICA CORP /DE/,0000070858,2024-04-26,none,neutral,1,False,Bank of America Corporation; Sharon L. Allen; José E. Almeida; Pierre J.P. de We,
BAC_0000070858-24-000149_chunk001,BANK OF AMERICA CORP /DE/,0000070858,2024-04-26,none,neutral,1,False,José E. Almeida; Pierre J.P. de Weck; Arnold W. Donald; 0; Linda P. Hudson; Monica C. Lozano; Brian T. Moynihan; Lionel L. Nowell III; Denise L. Ramos; Clayton S. Rose; Michael D. White; Thomas D. Woods; Maria T. Zuber; Say on Pay; independent registered public accounting firm; 2024; corporation; executive compensation; broker non-votes,
BAC_0000070858-24-000149_chunk002,BANK OF AMERICA CORP /DE/,0000070858,2024-04-26,regulatory,neutral,3,False,Bank of America Corporation; SEC; shareholders,
BAC_0000070858-24-000149_chunk003,BANK OF AMERICA CORP /DE/,0000070858,2024-04-26,none,neutral,1,False,Bank of America Corporation,
BAC_0001193125-24-136240_chunk000,BANK OF AMERICA CORP /DE/,0000070858,2024-05-10,regulatory,negative,3,False,Bank of America Corporation; Tutanota LLC; Tutanota,
BAC_0001193125-24-165715_chunk000,BANK OF AMERICA CORP /DE/,0000070858,2024-06-21,none,neutral,1,False,"Bank of America Corporation; Securities and Exchange Commission; United States; North Tryon Street; Charlotte; North Carolina; 704; 386-5681; New York Stock Exchange; Floating Rate Non-Cumulative Preferred Stock, Series E; 6.000% Non-Cumulative Preferred Stock, Series GG",
BAC_0001193125-24-165715_chunk001,BANK OF AMERICA CORP /DE/,0000070858,2024-06-21,financial,neutral,3,False,Bank of America Corporation; BAC Capital Trust XIII; BAC Capital Trust XIV; BofA Finance LLC; BAC/31B,
BAC_0001193125-24-165715_chunk002,BANK OF AMERICA CORP /DE/,0000070858,2024-06-21,regulatory,neutral,2,True,Bank of America Corporation; Bloomberg Index Services Limited; Canadian dollar Bankers’ Acceptance,
BAC_0001193125-24-165715_chunk003,BANK OF AMERICA CORP /DE/,0000070858,2024-06-21,regulatory,neutral,2,True,Bank of America Corporation; Refinitiv Benchmark Services (UK) Limited; Canadian Dollar Offered Rate; Three-Month CDOR,
BAC_0000070858-24-000180_chunk000,BANK OF AMERICA CORP /DE/,0000070858,2024-06-28,regulatory,neutral,2,False,Bank of America Corporation; Delaware General Corporation Law,
BAC_0000070858-24-000180_chunk001,BANK OF AMERICA CORP /DE/,0000070858,2024-06-28,none,neutral,1,False,Bank of America Corporation; Board of Directors,
BAC_0000070858-24-000178_chunk000,BANK OF AMERICA CORP /DE/,0000070858,2024-06-28,regulatory,neutral,2,False,Bank of America Corporation; New York Stock Exchange; Floating Rate Non-Cumulative Preferred Stock; Series E; 6.000% Non-Cumulative Preferred Stock; Series GG,
BAC_0000070858-24-000178_chunk001,BANK OF AMERICA CORP /DE/,0000070858,2024-06-28,none,neutral,1,False,Bank of America Corporation; BAC Capital Trust XIII; BAC Capital Trust XIV; BAC Finance LLC,
BAC_0000070858-24-000178_chunk002,BANK OF AMERICA CORP /DE/,0000070858,2024-06-28,financial,positive,2,True,Bank of America Corporation; New York Stock Exchange; Federal Reserve Board,
BAC_0000070858-24-000178_chunk003,BANK OF AMERICA CORP /DE/,0000070858,2024-06-28,regulatory,positive,2,True,Bank of America Corporation; Federal Reserve Board; $197 billion; 11.9%; 3.2%; 10.7%,
BAC_0000070858-24-000186_chunk000,BANK OF AMERICA CORP /DE/,0000070858,2024-07-16,regulatory,neutral,2,False,Bank of America Corporation; New York Stock Exchange; Floating Rate Non-Cumulative Preferred Stock; Series E; 6.000% Non-Cumulative Preferred Stock; Series GG,
BAC_0000070858-24-000186_chunk001,BANK OF AMERICA CORP /DE/,0000070858,2024-07-16,none,neutral,1,False,Bank of America Corporation; BAC Capital Trust XIII; BAC Capital Trust XIV; BAC Finance LLC,
BAC_0000070858-24-000186_chunk002,BANK OF AMERICA CORP /DE/,0000070858,2024-07-16,none,positive,2,False,Bank of America Corporation; New York Stock Exchange; Series KK; Series LL; Series NN; Series PP; Series QQ; Series SS,
BAC_0000070858-24-000186_chunk003,BANK OF AMERICA CORP /DE/,0000070858,2024-07-16,none,neutral,1,False,Corporation; Securities Exchange Act of 1934; Corporation’s website,
BAC_0000070858-24-000186_chunk004,BANK OF AMERICA CORP /DE/,0000070858,2024-07-16,none,neutral,1,False,,
BAC_0000070858-24-000194_chunk000,BANK OF AMERICA CORP /DE/,0000070858,2024-07-24,regulatory,neutral,2,False,Bank of America Corporation; New York Stock Exchange; Floating Rate Non-Cumulative Preferred Stock; Series E; 6.000% Non-Cumulative Preferred Stock; Series GG,
BAC_0000070858-24-000194_chunk001,BANK OF AMERICA CORP /DE/,0000070858,2024-07-24,none,neutral,1,False,Bank of America Corporation; BAC Capital Trust XIII; BAC Capital Trust XIV; BAC Finance LLC,
BAC_0000070858-24-000194_chunk002,BANK OF AMERICA CORP /DE/,0000070858,2024-07-24,none,neutral,1,False,Bank of America Corporation; New York Stock Exchange,
BAC_0000070858-24-000194_chunk003,BANK OF AMERICA CORP /DE/,0000070858,2024-07-24,none,positive,1,False,Bank of America Corporation,
BAC_0000070858-24-000266_chunk000,BANK OF AMERICA CORP /DE/,0000070858,2024-10-15,regulatory,neutral,2,False,Bank of America Corporation; New York Stock Exchange; Floating Rate Non-Cumulative Preferred Stock; Series E; 6.000% Non-Cumulative Preferred Stock; Series GG,
BAC_0000070858-24-000266_chunk001,BANK OF AMERICA CORP /DE/,0000070858,2024-10-15,none,neutral,1,False,Bank of America Corporation; BAC Capital Trust XIII; BAC Capital Trust XIV; BAC Finance LLC,
BAC_0000070858-24-000266_chunk002,BANK OF AMERICA CORP /DE/,0000070858,2024-10-15,none,positive,2,False,Bank of America Corporation; New York Stock Exchange,
BAC_0000070858-24-000266_chunk003,BANK OF AMERICA CORP /DE/,0000070858,2024-10-15,none,neutral,1,False,Corporation; Securities Exchange Act of 1934; Securities Act of 1933,
BAC_0000070858-24-000266_chunk004,BANK OF AMERICA CORP /DE/,0000070858,2024-10-15,none,neutral,1,False,,
BRK-B_0001193125-21-009818_chunk000,BERKSHIRE HATHAWAY INC,0001067983,2021-01-15,financial,neutral,2,False,"Berkshire Hathaway Inc.; Berkshire Hathaway Finance Corporation; J.P. Morgan Securities plc; Merrill Lynch International; Bank of New York Mellon Trust Company, N.A.",
BRK-B_0001193125-21-009818_chunk001,BERKSHIRE HATHAWAY INC,0001067983,2021-01-15,regulatory,neutral,2,False,"Berkshire Hathaway Inc.; Berkshire Hathaway Finance Corporation; J.P. Morgan Securities plc; Merrill Lynch International; BofA Securities, Inc.; BHFC",
BRK-B_0001193125-21-009818_chunk002,BERKSHIRE HATHAWAY INC,0001067983,2021-01-15,none,neutral,1,False,"away Finance Corporation; Berkshire Hathaway Inc.; BofA Securities, Inc.; J.P. Morgan Securities LLC; Bank of New York Mellon Trust Company, N.A.; Munger, Tolles & Olson LLP",
BRK-B_0001193125-21-063192_chunk000,BERKSHIRE HATHAWAY INC,0001067983,2021-03-01,regulatory,neutral,2,False,Berkshire Hathaway Inc.; Nebraska; New York Stock Exchange; BRK.A; BRK.B; BRK23; BRK27; BRK35,
BRK-B_0001193125-21-063192_chunk001,BERKSHIRE HATHAWAY INC,0001067983,2021-03-01,none,neutral,1,False,Berkshire Hathaway Inc.; New York Stock Exchange; 1.125% Senior Notes; 1.625% Senior Notes; 1.300% Senior Notes; 2.150% Senior Notes; 0.625% Senior Notes; BRK23A; BRK24; BRK25; BRK27; BRK28; BRK29; BRK35; BRK39; BRK41; BRK59,
BRK-B_0001193125-21-117638_chunk000,BERKSHIRE HATHAWAY INC,0001067983,2021-04-15,financial,neutral,2,False,"Berkshire Hathaway Inc.; J.P. Morgan Securities plc; Merrill Lynch International; Mizuho Securities USA LLC; Berkshire Hathaway Finance Corporation; The Bank of New York Mellon Trust Company, N.A.",
BRK-B_0001193125-21-117638_chunk001,BERKSHIRE HATHAWAY INC,0001067983,2021-04-15,regulatory,neutral,2,False,"Berkshire Hathaway Inc.; J.P. Morgan Securities plc; Merrill Lynch International; Mizuho Securities USA LLC; Bank of New York Mellon Trust Company, N.A.",
BRK-B_0001193125-21-117638_chunk002,BERKSHIRE HATHAWAY INC,0001067983,2021-04-15,none,neutral,1,False,"Berkshire Hathaway Inc.; Munger, Tolles & Olson LLP",
BRK-B_0001193125-21-151913_chunk000,BERKSHIRE HATHAWAY INC,0001067983,2021-05-05,regulatory,neutral,2,False,Berkshire Hathaway Inc.; Nebraska; New York Stock Exchange; BRK.A; BRK.B; BRK23; BRK27; BRK35,
BRK-B_0001193125-21-151913_chunk001,BERKSHIRE HATHAWAY INC,0001067983,2021-05-05,operational,neutral,2,False,Berkshire Hathaway Inc.; New York Stock Exchange; 1.125% Senior Notes; 1.625% Senior Notes; 1.300% Senior Notes; 2.150% Senior Notes; 0.625% Senior Notes; BRK23A; BRK25; BRK35; BRK28; BRK39; BRK41; BRK59,
BRK-B_0001193125-21-151913_chunk002,BERKSHIRE HATHAWAY INC,0001067983,2021-05-05,none,neutral,1,False,,no JSON object found in response
BRK-B_0001193125-21-240173_chunk000,BERKSHIRE HATHAWAY INC,0001067983,2021-08-09,none,neutral,1,False,Berkshire Hathaway Inc.; Nebraska; New York Stock Exchange; BRK.A; BRK.B; BRK23; BRK27; BRK35,
BRK-B_0001193125-21-240173_chunk001,BERKSHIRE HATHAWAY INC,0001067983,2021-08-09,none,neutral,1,False,Berkshire Hathaway Inc.; New York Stock Exchange; 1.125% Senior Notes; 1.625% Senior Notes; 1.300% Senior Notes; 2.150% Senior Notes; 0.625% Senior Notes; BRK23A; BRK25; BRK35; BRK28; BRK59,
BRK-B_0001193125-21-303124_chunk000,BERKSHIRE HATHAWAY INC,0001067983,2021-10-20,regulatory,neutral,2,False,Berkshire Hathaway Inc.; Nebraska; New York Stock Exchange; BRK.A; BRK.B; BRK23; BRK27; BRK35,
BRK-B_0001193125-21-303124_chunk001,BERKSHIRE HATHAWAY INC,0001067983,2021-10-20,leadership,positive,2,False,Berkshire Hathaway; Susan A. Buffett; Christopher C. Davis; New York Stock Exchange,
BRK-B_0001193125-21-303124_chunk002,BERKSHIRE HATHAWAY INC,0001067983,2021-10-20,leadership,positive,2,False,Berkshire Hathaway Inc.; Ms. Buffett; Mr. Davis,
BRK-B_0001193125-21-322221_chunk000,BERKSHIRE HATHAWAY INC,0001067983,2021-11-08,none,neutral,1,False,Berkshire Hathaway Inc.; Nebraska; New York Stock Exchange; BRK.A; BRK.B; BRK23; BRK27; BRK35,
BRK-B_0001193125-21-322221_chunk001,BERKSHIRE HATHAWAY INC,0001067983,2021-11-08,none,neutral,1,False,Berkshire Hathaway Inc.; New York Stock Exchange; 1.125% Senior Notes; 1.625% Senior Notes; 1.300% Senior Notes; 2.150% Senior Notes; 0.625% Senior Notes; BRK23A; BRK24; BRK25; BRK27; BRK28; BRK29; BRK35; BRK39; BRK41; BRK59,
BRK-B_0001193125-22-016941_chunk000,BERKSHIRE HATHAWAY INC,0001067983,2022-01-25,financial,neutral,2,False,"Berkshire Hathaway Inc.; J.P. Morgan Securities plc; Merrill Lynch International; Mizuho Securities USA LLC; Berkshire Hathaway Finance Corporation; The Bank of New York Mellon Trust Company, N.A.",
BRK-B_0001193125-22-016941_chunk001,BERKSHIRE HATHAWAY INC,0001067983,2022-01-25,none,neutral,1,False,Berkshire; 2029 Notes; 2032 Notes; 2037 Notes; 2042 Notes; 2052 Notes,
BRK-B_0001193125-22-016941_chunk002,BERKSHIRE HATHAWAY INC,0001067983,2022-01-25,none,neutral,1,False,"Berkshire Hathaway Inc.; J.P. Morgan Securities plc; Merrill Lynch International; Mizuho Securities USA LLC; Bank of New York Mellon Trust Company, N.A.",
BRK-B_0001193125-22-016941_chunk003,BERKSHIRE HATHAWAY INC,0001067983,2022-01-25,none,positive,1,False,"Berkshire Hathaway Inc.; Munger, Tolles & Olson LLP",
BRK-B_0001193125-22-046708_chunk000,BERKSHIRE HATHAWAY INC,0001067983,2022-02-18,none,neutral,1,False,Berkshire Hathaway Inc.; Nebraska; New York Stock Exchange; BRK.A; BRK.B; BRK23; BRK27; BRK35,
BRK-B_0001193125-22-046708_chunk001,BERKSHIRE HATHAWAY INC,0001067983,2022-02-18,leadership,negative,4,False,Berkshire Hathaway; Thomas S. Murphy; New York Stock Exchange,
BRK-B_0001193125-22-046708_chunk002,BERKSHIRE HATHAWAY INC,0001067983,2022-02-18,none,neutral,2,False,Berkshire Hathaway; NYSE; Thomas S. Murphy,
BRK-B_0001193125-22-060362_chunk000,BERKSHIRE HATHAWAY INC,0001067983,2022-03-01,none,neutral,1,False,Berkshire Hathaway Inc.; Nebraska; New York Stock Exchange; BRK.A; BRK.B; BRK23; BRK27; BRK35,
BRK-B_0001193125-22-060362_chunk001,BERKSHIRE HATHAWAY INC,0001067983,2022-03-01,regulatory,neutral,2,False,Berkshire Hathaway Inc.; New York Stock Exchange; Senior Notes,
BRK-B_0001193125-22-076089_chunk000,BERKSHIRE HATHAWAY INC,0001067983,2022-03-15,financial,neutral,2,False,"Berkshire Hathaway Finance Corporation; BHFC; Berkshire Hathaway Inc.; BofA Securities, Inc.; J.P. Morgan Securities LLC; The Bank of New York Mellon Trust Company, N.A.",
BRK-B_0001193125-22-076089_chunk001,BERKSHIRE HATHAWAY INC,0001067983,2022-03-15,regulatory,neutral,2,False,"Berkshire Hathaway Finance Corporation; Berkshire Hathaway Inc.; BofA Securities, Inc.; J.P. Morgan Securities LLC; The Bank of New York Mellon Trust Company, N.A.",
BRK-B_0001193125-22-076089_chunk002,BERKSHIRE HATHAWAY INC,0001067983,2022-03-15,none,neutral,1,False,"Berkshire Hathaway Finance Corporation; Munger, Tolles & Olson LLP",
BRK-B_0001193125-22-079550_chunk000,BERKSHIRE HATHAWAY INC,0001067983,2022-03-18,financial,neutral,2,False,"Berkshire Hathaway Finance Corporation; Berkshire Hathaway Inc.; J.P. Morgan Securities plc; Merrill Lynch International; The Bank of New York Mellon Trust Company, N.A.",
BRK-B_0001193125-22-079550_chunk001,BERKSHIRE HATHAWAY INC,0001067983,2022-03-18,regulatory,neutral,2,False,"Berkshire Hathaway Finance Corporation; Berkshire Hathaway Inc.; J.P. Morgan Securities plc; Merrill Lynch International; The Bank of New York Mellon Trust Company, N.A.",
BRK-B_0001193125-22-079550_chunk002,BERKSHIRE HATHAWAY INC,0001067983,2022-03-18,none,neutral,1,False,"Berkshire Hathaway Finance Corporation; Munger, Tolles & Olson LLP",
BRK-B_0001193125-22-140533_chunk000,BERKSHIRE HATHAWAY INC,0001067983,2022-05-04,regulatory,neutral,2,False,Berkshire Hathaway Inc.; Nebraska; New York Stock Exchange; BRK.A; BRK.B; BRK23; BRK23A; BRK24,
BRK-B_0001193125-22-140533_chunk001,BERKSHIRE HATHAWAY INC,0001067983,2022-05-04,legal,neutral,2,False,Berkshire Hathaway Inc.; New York Stock Exchange; BRK23A; BRK24; BRK25; BRK27; BRK28; BRK30; BRK34; BRK35; BRK39; BRK41; BRK59,
BRK-B_0001193125-22-140533_chunk002,BERKSHIRE HATHAWAY INC,0001067983,2022-05-04,none,neutral,1,False,Berkshire Hathaway Inc.; Delaware; Delaware Court of Chancery; Securities Act of 1933,
BRK-B_0001193125-22-140533_chunk003,BERKSHIRE HATHAWAY INC,0001067983,2022-05-04,regulatory,positive,2,False,Wallace R. Weitz; New York Stock Exchange (NYSE); Warren E. Buffett; Charles T. Munger; Gregory E. Abel; Howard G. Buffett; Susan A. Buffett; Stephen B. Burke; Kenneth I. Chenault; Christopher C. Davis; Susan L. Decker; David S. Gottesman; Charlotte Guyman; Ajit Jain; Ronald L. Olson; Meryl B. Witmer,
BRK-B_0001193125-22-140533_chunk004,BERKSHIRE HATHAWAY INC,0001067983,2022-05-04,none,positive,1,False,Berkshire Hathaway Inc.; NYSE,
BRK-B_0001193125-22-257636_chunk000,BERKSHIRE HATHAWAY INC,0001067983,2022-10-04,regulatory,neutral,2,False,Berkshire Hathaway Inc.; Nebraska; New York Stock Exchange; BRK.A; BRK.B; BRK23; BRK23A; BRK24,
BRK-B_0001193125-22-257636_chunk001,BERKSHIRE HATHAWAY INC,0001067983,2022-10-04,leadership,negative,4,False,BRK23A; BRK24; BRK25; BRK27; BRK28; BRK30; BRK34; BRK35; BRK39; BRK41; BRK59; David S. Gottesman; New York Stock Exchange; NYSE Listed Company Manual,
BRK-B_0001193125-22-257636_chunk002,BERKSHIRE HATHAWAY INC,0001067983,2022-10-04,regulatory,negative,4,False,Berkshire Hathaway; NYSE,
BRK-B_0001193125-22-280284_chunk000,BERKSHIRE HATHAWAY INC,0001067983,2022-11-08,regulatory,neutral,2,False,Berkshire Hathaway Inc.; Nebraska; New York Stock Exchange; BRK.A; BRK.B; BRK23; BRK23A; BRK24,
BRK-B_0001193125-22-280284_chunk001,BERKSHIRE HATHAWAY INC,0001067983,2022-11-08,none,neutral,1,False,Berkshire Hathaway Inc.; New York Stock Exchange; BRK23A; BRK24; BRK25; BRK27; BRK28; BRK30; BRK34; BRK35; BRK39; BRK41; BRK59,
BRK-B_0001193125-22-301017_chunk000,BERKSHIRE HATHAWAY INC,0001067983,2022-12-08,none,neutral,1,False,"Berkshire Hathaway Inc.; Berkshire Hathaway Finance Corporation; The Bank of New York Mellon Trust Company, N.A.; Merrill Lynch International; Mizuho Securities USA LLC",
BRK-B_0001193125-22-301017_chunk001,BERKSHIRE HATHAWAY INC,0001067983,2022-12-08,none,neutral,1,False,Berkshire; 2029 Notes; 2032 Notes; 2042 Notes; 2052 Notes,
BRK-B_0001193125-22-301017_chunk002,BERKSHIRE HATHAWAY INC,0001067983,2022-12-08,regulatory,neutral,2,False,"Berkshire Hathaway Inc.; Merrill Lynch International; Mizuho Securities USA LLC; Bank of New York Mellon Trust Company, N.A.",
BRK-B_0001193125-22-301017_chunk003,BERKSHIRE HATHAWAY INC,0001067983,2022-12-08,none,neutral,1,False,"Berkshire Hathaway Inc.; Munger, Tolles & Olson LLP",
BRK-B_0001193125-22-308039_chunk000,BERKSHIRE HATHAWAY INC,0001067983,2022-12-19,regulatory,neutral,2,False,Berkshire Hathaway Inc.; Nebraska; New York Stock Exchange; BRK.A; BRK.B; BRK23; BRK23A; BRK24,
BRK-B_0001193125-22-308039_chunk001,BERKSHIRE HATHAWAY INC,0001067983,2022-12-19,leadership,neutral,2,False,"Berkshire Hathaway; Thomas S. Murphy, Jr.; David Gottesman; New York Stock Exchange",
BRK-B_0001193125-22-308039_chunk002,BERKSHIRE HATHAWAY INC,0001067983,2022-12-19,leadership,positive,2,False,Berkshire Hathaway; Mr. Murphy,
BRK-B_0001193125-23-056259_chunk000,BERKSHIRE HATHAWAY INC,0001067983,2023-03-01,regulatory,neutral,2,False,Berkshire Hathaway Inc.; Nebraska; New York Stock Exchange; BRK.A; BRK.B; BRK23; BRK24; BRK25,
BRK-B_0001193125-23-056259_chunk001,BERKSHIRE HATHAWAY INC,0001067983,2023-03-01,none,neutral,1,False,Berkshire Hathaway Inc.; New York Stock Exchange; BRK24; BRK25; BRK27; BRK28; BRK30; BRK34; BRK35; BRK39; BRK41; BRK59,
BRK-B_0001193125-23-108422_chunk000,BERKSHIRE HATHAWAY INC,0001067983,2023-04-20,regulatory,neutral,2,False,"Berkshire Hathaway Inc.; Merrill Lynch International; Mizuho Securities USA LLC; Berkshire Hathaway Finance Corporation; The Bank of New York Mellon Trust Company, N.A.",
BRK-B_0001193125-23-108422_chunk001,BERKSHIRE HATHAWAY INC,0001067983,2023-04-20,regulatory,neutral,2,False,Berkshire Hathaway; 2030 Notes; 2033 Notes; 2053 Notes; Indenture; Underwriting Agreement,
BRK-B_0001193125-23-108422_chunk002,BERKSHIRE HATHAWAY INC,0001067983,2023-04-20,regulatory,neutral,2,False,"Berkshire Hathaway Inc.; Merrill Lynch International; Mizuho Securities USA LLC; Bank of New York Mellon Trust Company, N.A.",
BRK-B_0001193125-23-130806_chunk000,BERKSHIRE HATHAWAY INC,0001067983,2023-05-02,regulatory,neutral,2,False,Berkshire Hathaway Inc.; Nebraska; New York Stock Exchange; BRK.A; BRK.B; BRK24; BRK25; BRK27,
BRK-B_0001193125-23-130806_chunk001,BERKSHIRE HATHAWAY INC,0001067983,2023-05-02,operational,negative,5,False,Berkshire Hathaway Inc.; New York Stock Exchange; United States Bankruptcy Court for the District of New Jersey,
BRK-B_0001193125-23-140854_chunk000,BERKSHIRE HATHAWAY INC,0001067983,2023-05-10,regulatory,neutral,2,False,Berkshire Hathaway Inc.; Nebraska; New York Stock Exchange; BRK.A; BRK.B; BRK24; BRK25; BRK27,
BRK-B_0001193125-23-140854_chunk001,BERKSHIRE HATHAWAY INC,0001067983,2023-05-10,regulatory,neutral,2,False,Berkshire Hathaway Inc.; SEC; New York Stock Exchange; Berkshire 25; Berkshire 27; Berkshire 28; Berkshire 30; Berkshire 34; Berkshire 35; Berkshire 39; Berkshire 41; Berkshire 59,
BRK-B_0001193125-23-140854_chunk002,BERKSHIRE HATHAWAY INC,0001067983,2023-05-10,regulatory,neutral,2,True,Berkshire Hathaway Inc.; SEC; DGCL,
BRK-B_0001193125-23-140854_chunk003,BERKSHIRE HATHAWAY INC,0001067983,2023-05-10,regulatory,neutral,2,False,"Warren E. Buffett; Charles T. Munger; Gregory E. Abel; Howard G. Buffett; Susan A. Buffett; Stephen B. Burke; Kenneth I. Chenault; Christopher C. Davis; Susan L. Decker; Charlotte Guyman; Ajit Jain; Thomas S. Murphy, Jr.; Ronald L. Olson; Wallace R. Weitz; Meryl B. Witmer",
BRK-B_0001193125-23-140854_chunk004,BERKSHIRE HATHAWAY INC,0001067983,2023-05-10,none,neutral,2,False,"Berkshire Hathaway Inc.; SEC; May 6, 2023",
BRK-B_0001193125-23-204791_chunk000,BERKSHIRE HATHAWAY INC,0001067983,2023-08-07,regulatory,neutral,2,False,Berkshire Hathaway Inc.; Nebraska; New York Stock Exchange; BRK.A; BRK.B; BRK24; BRK25; BRK27,
BRK-B_0001193125-23-204791_chunk001,BERKSHIRE HATHAWAY INC,0001067983,2023-08-07,none,neutral,1,False,Berkshire Hathaway Inc.; New York Stock Exchange; BRK25; BRK27; BRK28; BRK30; BRK34; BRK35; BRK39; BRK41; BRK59,
BRK-B_0001193125-23-272204_chunk000,BERKSHIRE HATHAWAY INC,0001067983,2023-11-07,regulatory,neutral,2,False,Berkshire Hathaway Inc.; Nebraska; New York Stock Exchange; BRK.A; BRK.B; BRK24; BRK25; BRK27; BRK28,
BRK-B_0001193125-23-272204_chunk001,BERKSHIRE HATHAWAY INC,0001067983,2023-11-07,none,neutral,1,False,Berkshire Hathaway Inc.; New York Stock Exchange,
BRK-B_0001193125-23-285240_chunk000,BERKSHIRE HATHAWAY INC,0001067983,2023-11-29,financial,neutral,3,False,"Berkshire Hathaway Inc.; Merrill Lynch International; Mizuho Securities USA LLC; Berkshire Hathaway Finance Corporation; The Bank of New York Mellon Trust Company, N.A.",
BRK-B_0001193125-23-285240_chunk001,BERKSHIRE HATHAWAY INC,0001067983,2023-11-29,regulatory,neutral,2,False,Berkshire; 2026 Notes; 2028 Notes; 2033 Notes; 2043 Notes; 2058 Notes; Indenture; Underwriting Agreement,
BRK-B_0001193125-23-285240_chunk002,BERKSHIRE HATHAWAY INC,0001067983,2023-11-29,financial,neutral,2,False,"Berkshire Hathaway Inc.; Merrill Lynch International; Mizuho Securities USA LLC; Bank of New York Mellon Trust Company, N.A.",
BRK-B_0001193125-23-286867_chunk000,BERKSHIRE HATHAWAY INC,0001067983,2023-12-01,regulatory,neutral,2,False,Berkshire Hathaway Inc.; Nebraska; New York Stock Exchange; BRK.A; BRK.B; BRK24; BRK25; BRK27; BRK28,
BRK-B_0001193125-23-286867_chunk001,BERKSHIRE HATHAWAY INC,0001067983,2023-12-01,leadership,negative,4,False,Berkshire Hathaway Inc.; Charles T. Munger; New York Stock Exchange,
BRK-B_0001193125-24-005943_chunk000,BERKSHIRE HATHAWAY INC,0001067983,2024-01-10,regulatory,neutral,2,False,Berkshire Hathaway Inc.; Nebraska; New York Stock Exchange; BRK.A; BRK.B; BRK24; BRK25; BRK27,
BRK-B_0001193125-24-005943_chunk001,BERKSHIRE HATHAWAY INC,0001067983,2024-01-10,legal,negative,4,False,Berkshire Hathaway; Pilot Corporation; Delaware; New York Stock Exchange,
BRK-B_0001193125-24-045977_chunk000,BERKSHIRE HATHAWAY INC,0001067983,2024-02-26,regulatory,neutral,2,False,Berkshire Hathaway Inc.; Nebraska; New York Stock Exchange; BRK.A; BRK.B; BRK24; BRK25; BRK27,
BRK-B_0001193125-24-045977_chunk001,BERKSHIRE HATHAWAY INC,0001067983,2024-02-26,none,neutral,1,False,Berkshire Hathaway Inc.; New York Stock Exchange; Senior Notes,
BRK-B_0001193125-24-116833_chunk000,BERKSHIRE HATHAWAY INC,0001067983,2024-04-26,financial,neutral,2,False,"Berkshire Hathaway Inc.; Berkshire Hathaway Finance Corporation; The Bank of New York Mellon Trust Company, N.A.; Merrill Lynch International; Mizuho Securities USA LLC",
BRK-B_0001193125-24-116833_chunk001,BERKSHIRE HATHAWAY INC,0001067983,2024-04-26,none,neutral,1,False,Berkshire; 2029 Notes; 2030 Notes; 2031 Notes; 2034 Notes; 2044 Notes; 2054 Notes; Indenture; 2027 Notes Officers’ Certificate; 2029 Notes Officers’ Certificate; 2030 Notes Officers’ Certificate,
BRK-B_0001193125-24-116833_chunk002,BERKSHIRE HATHAWAY INC,0001067983,2024-04-26,none,neutral,1,False,"Berkshire Hathaway Inc.; Merrill Lynch International; Mizuho Securities USA LLC; Bank of New York Mellon Trust Company, N.A.",
BRK-B_0001193125-24-116833_chunk003,BERKSHIRE HATHAWAY INC,0001067983,2024-04-26,none,neutral,1,False,"Berkshire Hathaway Inc.; Munger, Tolles & Olson LLP",
BRK-B_0001193125-24-133049_chunk000,BERKSHIRE HATHAWAY INC,0001067983,2024-05-07,regulatory,neutral,2,False,Berkshire Hathaway Inc.; Nebraska; New York Stock Exchange; BRK.A; BRK.B; BRK25; BRK27; BRK28,
BRK-B_0001193125-24-133049_chunk001,BERKSHIRE HATHAWAY INC,0001067983,2024-05-07,operational,neutral,2,False,Berkshire Hathaway Inc.; New York Stock Exchange; BRK27; BRK28; BRK30; BRK34; BRK35; BRK39; BRK41; BRK59,
BRK-B_0001193125-24-133049_chunk002,BERKSHIRE HATHAWAY INC,0001067983,2024-05-07,regulatory,negative,4,True,"Berkshire Hathaway Energy; Warren E. Buffett; Gregory E. Abel; Howard G. Buffett; Susan A. Buffett; Stephen B. Burke; Kenneth I. Chenault; Christopher C. Davis; Susan L. Decker; Charlotte Guyman; Ajit Jain; Thomas S. Murphy, Jr.; Ronald L. Olson; Wallace R. Weitz; Meryl B. Witmer",
BRK-B_0001193125-24-133049_chunk003,BERKSHIRE HATHAWAY INC,0001067983,2024-05-07,none,neutral,2,False,"Berkshire Hathaway Inc.; SEC; May 4, 2024",
BRK-B_0001193125-24-193776_chunk000,BERKSHIRE HATHAWAY INC,0001067983,2024-08-05,regulatory,neutral,2,False,Berkshire Hathaway Inc.; Nebraska; New York Stock Exchange; BRK.A; BRK.B; BRK25; BRK27; BRK28,
BRK-B_0001193125-24-193776_chunk001,BERKSHIRE HATHAWAY INC,0001067983,2024-08-05,none,neutral,1,False,Berkshire Hathaway Inc.; New York Stock Exchange; BRK27; BRK28; BRK30; BRK34; BRK35; BRK39; BRK41; BRK59,
BRK-B_0001193125-24-241941_chunk000,BERKSHIRE HATHAWAY INC,0001067983,2024-10-23,financial,neutral,2,False,"Berkshire Hathaway Inc.; Berkshire Hathaway Finance Corporation; The Bank of New York Mellon Trust Company, N.A.; Merrill Lynch International; Mizuho Securities USA LLC",
BRK-B_0001193125-24-241941_chunk001,BERKSHIRE HATHAWAY INC,0001067983,2024-10-23,none,neutral,1,False,Berkshire; 2029 Notes; 2031 Notes; 2034 Notes; 2044 Notes; 2052 Notes; 2054 Notes; Indenture; Officers’ Certificates,
BRK-B_0001193125-24-241941_chunk002,BERKSHIRE HATHAWAY INC,0001067983,2024-10-23,none,neutral,1,False,"Berkshire Hathaway Inc.; Merrill Lynch International; Mizuho Securities USA LLC; Bank of New York Mellon Trust Company, N.A.",
BRK-B_0001193125-24-241941_chunk003,BERKSHIRE HATHAWAY INC,0001067983,2024-10-23,none,positive,1,False,Berkshire Hathaway Inc.; Baker & McKenzie LLP,
BRK-B_0001193125-24-250195_chunk000,BERKSHIRE HATHAWAY INC,0001067983,2024-11-04,regulatory,neutral,2,False,Berkshire Hathaway Inc.; SEC; Nebraska; New York Stock Exchange; BRK.A; BRK.B; BRK25; BRK27; BRK28,
BRK-B_0001193125-24-250195_chunk001,BERKSHIRE HATHAWAY INC,0001067983,2024-11-04,none,neutral,1,False,Berkshire Hathaway Inc.; New York Stock Exchange; BRK27; BRK28; BRK30; BRK34; BRK35; BRK39; BRK41; BRK59,
CAT_0000018230-21-000026_chunk000,CATERPILLAR INC,0000018230,2021-01-29,financial,neutral,2,False,Caterpillar Inc.; SEC; Form 8-K,
CAT_0000018230-21-000039_chunk000,CATERPILLAR INC,0000018230,2021-02-09,none,neutral,1,False,Caterpillar Inc.; Secretary of State of the State of Delaware; Corporation Service Company,
CAT_0000018230-21-000106_chunk000,CATERPILLAR INC,0000018230,2021-03-03,none,positive,1,False,Caterpillar Inc.; Gerald Johnson; Securities and Exchange Commission,
CAT_0001104659-21-035534_chunk000,CATERPILLAR INC,0000018230,2021-03-12,financial,neutral,3,True,"Caterpillar Inc.; BofA Securities, Inc.; J.P. Morgan Securities LLC; MUFG Securities Americas Inc.; U.S. Bank National Association; $500 million; $2,000; $1,000; 1.900% Senior Notes; 2.600% Notes; 2031; 2022",
CAT_0001104659-21-035534_chunk001,CATERPILLAR INC,0000018230,2021-03-12,none,neutral,1,False,"Caterpillar Inc.; BofA Securities, Inc.; J.P. Morgan Securities LLC; MUFG Securities Americas Inc.; Jennifer K. Schott",
CAT_0001104659-21-035534_chunk002,CATERPILLAR INC,0000018230,2021-03-12,legal,neutral,2,False,LLC; MUFG Securities Americas Inc.; Jennifer K. Schott,
CAT_0000018230-21-000138_chunk000,CATERPILLAR INC,0000018230,2021-04-16,none,neutral,1,False,Caterpillar Inc.; Mr. Juan Gallardo; Mr. William A. Osborn; Mr. David W. MacLennan,
CAT_0000018230-21-000145_chunk000,CATERPILLAR INC,0000018230,2021-04-29,none,neutral,1,False,Caterpillar Inc.; SEC; Form 8-K,
CAT_0000018230-21-000171_chunk000,CATERPILLAR INC,0000018230,2021-06-09,none,positive,1,False,Caterpillar Inc.; SEC,
CAT_0000018230-21-000174_chunk000,CATERPILLAR INC,0000018230,2021-06-11,none,neutral,1,False,"Caterp011,725; David L. Calhoun; Daniel M. Dickinson; Gerald Johnson; David W. MacLennan; Debra L. Reed-Klages; Edward B. Rust, Jr.; D. James Umpleby III; Miles D. White; Rayford Wilkins, Jr.; PricewaterhouseCoopers LLP",
CAT_0000018230-21-000174_chunk001,CATERPILLAR INC,0000018230,2021-06-11,regulatory,negative,4,False,PricewaterhouseCoopers LLP; Caterpillar; Company; Board of Directors; shareholders; executive compensation; diversity and inclusion; public benefit corporation; governing documents; shareholder action by written consent,
CAT_0000018230-21-000174_chunk002,CATERPILLAR INC,0000018230,2021-06-11,none,neutral,1,False,"Broker Non-Votes; 145,937,468; 216,533,274; 2,345,767; 78,787,443",
CAT_0000018230-21-000218_chunk000,CATERPILLAR INC,0000018230,2021-07-30,none,neutral,1,False,Caterpillar Inc.; SEC; Form 8-K,
CAT_0000018230-21-000233_chunk000,CATERPILLAR INC,0000018230,2021-09-08,financial,negative,4,False,registrant; 364-Day Credit Agreement; Local Currency Addendum; Japan Local Currency Addendum; Second Amended and Restated Credit Agreement; Five-Year Facility,
CAT_0000018230-21-000251_chunk000,CATERPILLAR INC,0000018230,2021-10-28,none,neutral,1,False,Caterpillar Inc.; SEC; Form 8-K,
CAT_0000018230-22-000014_chunk000,CATERPILLAR INC,0000018230,2022-01-28,none,neutral,1,False,Caterpillar Inc.; SEC; Form 8-K,
CAT_0000018230-22-000019_chunk000,CATERPILLAR INC,0000018230,2022-02-07,leadership,positive,1,False,Miles D. White; Caterpillar Inc.,
CAT_0000018230-22-000021_chunk000,CATERPILLAR INC,0000018230,2022-02-08,leadership,negative,3,False,Caterpillar Inc.,
CAT_0000018230-22-000048_chunk000,CATERPILLAR INC,0000018230,2022-02-15,none,positive,1,False,"Caterpillar Inc.; William E. Schaupp; PPG Industries, Inc.",
CAT_0000018230-22-000107_chunk000,CATERPILLAR INC,0000018230,2022-04-28,financial,neutral,2,False,Caterpillar Inc.; SEC,
CAT_0000018230-22-000146_chunk000,CATERPILLAR INC,0000018230,2022-06-14,none,neutral,1,False,"Caterp022, Inc.; Securities and Exchange Commission; Caterpillar Inc.; David L. Calhoun; Gerald Johnson; Debra L. Reed-Klages; Edward B. Rust, Jr.",
CAT_0000018230-22-000146_chunk001,CATERPILLAR INC,0000018230,2022-06-14,regulatory,neutral,3,False,PricewaterhouseCoopers LLP; Caterpillar; Board of Directors,
CAT_0000018230-22-000146_chunk002,CATERPILLAR INC,0000018230,2022-06-14,none,neutral,1,False,"Caterpillar Inc; SEC; June 8, 2022",
CAT_0000018230-22-000178_chunk000,CATERPILLAR INC,0000018230,2022-08-02,none,neutral,1,False,Caterpillar Inc.; SEC; Form 8-K,
CAT_0000018230-22-000199_chunk000,CATERPILLAR INC,0000018230,2022-09-06,regulatory,neutral,2,False,"Caterpillar Inc.; Caterpillar Financial Services Corporation; Caterpillar International Finance Designated Activity Company; Caterpillar Finance Kabushiki Kaisha; Citibank, N.A.; Citibank Europe PLC, UK Branch; MUFG Bank, Ltd.",
CAT_0000018230-22-000199_chunk001,CATERPILLAR INC,0000018230,2022-09-06,financial,neutral,3,True,Caterpillar; Cat Financial; $9 billion; interest coverage ratio; leverage ratio,
CAT_0000018230-22-000199_chunk002,CATERPILLAR INC,0000018230,2022-09-06,financial,neutral,3,False,Caterpillar; lenders; agents; 364-Day Facility; Local Currency Addendum; Japan Local Currency Addendum; Third Amended and Restated Credit Agreement; Five-Year Facility,
CAT_0000018230-22-000199_chunk003,CATERPILLAR INC,0000018230,2022-09-06,regulatory,neutral,2,False,Japan; Local Currency; Credit Agreement; Five-Year Facility,
CAT_0000018230-22-000202_chunk000,CATERPILLAR INC,0000018230,2022-09-08,regulatory,positive,2,False,U.S. Internal Revenue Service; Caterpillar SARL; IRS,
CAT_0000018230-22-000212_chunk000,CATERPILLAR INC,0000018230,2022-10-13,leadership,positive,2,False,Caterpillar Inc.; Jim Umpleby,
CAT_0000018230-22-000216_chunk000,CATERPILLAR INC,0000018230,2022-10-27,none,neutral,1,False,Caterpillar Inc.; SEC; Form 8-K,
CAT_0000018230-23-000005_chunk000,CATERPILLAR INC,0000018230,2023-01-31,financial,neutral,2,False,Caterpillar Inc.; SEC,
CAT_0000018230-23-000007_chunk000,CATERPILLAR INC,0000018230,2023-02-02,none,positive,1,False,"Caterpillar Inc.; Edward Rust; Judith Marks; James Fish, Jr.",
CAT_0000018230-23-000017_chunk000,CATERPILLAR INC,0000018230,2023-04-27,none,positive,2,False,Caterpillar Inc.; SEC; Form 8-K,
CAT_0001104659-23-072533_chunk000,CATERPILLAR INC,0000018230,2023-06-20,none,positive,1,False,"Caterp03, 2023 Long-Term Incentive Plan; Caterpillar Inc.; Kelly A. Ayotte; David L. Calhoun; Daniel M. Dickinson; James C. Fish, Jr.; Gerald Johnson",
CAT_0001104659-23-072533_chunk001,CATERPILLAR INC,0000018230,2023-06-20,none,neutral,1,False,PricewaterhouseCoopers LLP; Company; shareholders; executive compensation,
CAT_0001104659-23-072533_chunk002,CATERPILLAR INC,0000018230,2023-06-20,regulatory,negative,4,False,Caterpillar Inc.; shareholders; Board of Directors; Paris Agreement; conflict-affected areas; high-risk areas; merger,
CAT_0001104659-23-072533_chunk003,CATERPILLAR INC,0000018230,2023-06-20,none,positive,2,False,Caterpillar Inc.; SEC; 8-K,
CAT_0000018230-23-000044_chunk000,CATERPILLAR INC,0000018230,2023-08-01,financial,neutral,2,False,Caterpillar Inc.; SEC; Form 8-K,
CAT_0000018230-23-000049_chunk000,CATERPILLAR INC,0000018230,2023-08-09,leadership,negative,2,False,Caterpillar Inc.; Kelly A. Ayotte; New Hampshire,
CAT_0001104659-23-097732_chunk000,CATERPILLAR INC,0000018230,2023-09-01,regulatory,neutral,2,False,"Caterpillar Inc.; Caterpillar Financial Services Corporation; Caterpillar International Finance Designated Activity Company; Caterpillar Finance Kabushiki Kaisha; Citibank, N.A.; Citibank Europe PLC; MUFG Bank, Ltd.",
CAT_0001104659-23-097732_chunk001,CATERPILLAR INC,0000018230,2023-09-01,financial,neutral,3,True,Caterpillar; Cat Financial; $9 billion; interest coverage ratio; leverage ratio,
CAT_0001104659-23-097732_chunk002,CATERPILLAR INC,0000018230,2023-09-01,financial,neutral,3,False,Caterpillar; 364-Day Facility; Local Currency Addendum; Japan Local Currency Addendum; Three-Year Facility Amendment; Five-Year Facility Amendment,
CAT_0000018230-23-000051_chunk000,CATERPILLAR INC,0000018230,2023-10-16,leadership,positive,2,False,Caterpillar Inc.; Joseph E. Creed; D. James Umpleby III; Andrew Bonfield; Suzette Long; Cheryl Johnson,
CAT_0000018230-23-000051_chunk001,CATERPILLAR INC,0000018230,2023-10-16,none,neutral,1,False,Caterpillar Inc.,
CAT_0000018230-23-000054_chunk000,CATERPILLAR INC,0000018230,2023-10-31,financial,neutral,2,False,Caterpillar Inc.; SEC; Form 8-K,
CAT_0000018230-23-000058_chunk000,CATERPILLAR INC,0000018230,2023-12-14,leadership,positive,2,False,Caterpillar Inc.; Joseph E. Creed; Jason Kaiser,
CAT_0000018230-24-000005_chunk000,CATERPILLAR INC,0000018230,2024-02-05,none,neutral,1,False,Caterpillar Inc.; SEC; Form 8-K,
CAT_0000018230-24-000012_chunk000,CATERPILLAR INC,0000018230,2024-04-03,none,positive,1,False,Caterpillar Inc.; David L. Calhoun,
CAT_0000018230-24-000016_chunk000,CATERPILLAR INC,0000018230,2024-04-25,none,neutral,1,False,Caterpillar Inc.; SEC; Form 8-K,
CAT_0001104659-24-071748_chunk000,CATERPILLAR INC,0000018230,2024-06-14,none,neutral,1,False,"Caterp0112,2024 Annual Shareholders Meeting; Daniel M. Dickinson; James C. Fish, Jr.; Gerald Johnson; David W. MacLennan; Judith F. Marks; Debra L. Reed-Klages; Susan C. Schwab; D. James Umpleby III; Rayford Wilkins, Jr.; PricewaterhouseCoopers LLP",
CAT_0001104659-24-071748_chunk001,CATERPILLAR INC,0000018230,2024-06-14,financial,neutral,3,True,"Company; shareholders; Board of Directors; common stock; $1.41; July 22, 2024; August 20, 2024",
CAT_0001104659-24-071748_chunk002,CATERPILLAR INC,0000018230,2024-06-14,none,positive,2,False,"Caterpillar Inc.; SEC; June 12, 2024",
CAT_0000018230-24-000042_chunk000,CATERPILLAR INC,0000018230,2024-08-06,financial,neutral,2,False,Caterpillar Inc.; SEC,
CAT_0001104659-24-096572_chunk000,CATERPILLAR INC,0000018230,2024-09-04,financial,neutral,3,True,"Caterpillar Inc.; Caterpillar Financial Services Corporation; Caterpillar International Finance Designated Activity Company; Caterpillar Finance Kabushiki Kaisha; Citibank, N.A.; Citibank Europe PLC, UK Branch; MUFG Bank, Ltd.",
CAT_0001104659-24-096572_chunk001,CATERPILLAR INC,0000018230,2024-09-04,financial,neutral,3,True,Caterpillar; Cat Financial; $9 billion; interest coverage ratio; leverage ratio,
CAT_0001104659-24-096572_chunk002,CATERPILLAR INC,0000018230,2024-09-04,financial,negative,4,False,Caterpillar; 364-Day Facility; Local Currency Addendum; Japan Local Currency Addendum; Three-Year Facility Amendment; Five-Year Facility Amendment,
CAT_0000018230-24-000047_chunk000,CATERPILLAR INC,0000018230,2024-10-11,none,positive,1,False,Caterpillar Inc.; Nazzic Keene; Securities and Exchange Commission,
CAT_0000018230-24-000050_chunk000,CATERPILLAR INC,0000018230,2024-10-30,financial,neutral,3,False,Caterpillar Inc.; SEC; Form 8-K,
COST_0001193125-21-017361_chunk000,COSTCO WHOLESALE CORP /NEW,0000909832,2021-01-26,none,positive,1,False,Costco Wholesale Corporation; KPMG LLP; Susan L. Decker; Kenneth D. Denman; Richard A. Galanti; W. Craig Jelinek; Sally Jewell; Charles T. Munger; Jeffrey S. Raikes,
COST_0001193125-21-016502_chunk000,COSTCO WHOLESALE CORP /NEW,0000909832,2021-01-26,none,positive,1,False,Company,
COST_0001193125-21-069673_chunk000,COSTCO WHOLESALE CORP /NEW,0000909832,2021-03-04,none,neutral,1,False,Company,
COST_0001193125-21-116374_chunk000,COSTCO WHOLESALE CORP /NEW,0000909832,2021-04-14,none,positive,1,False,Company,
COST_0001193125-21-175491_chunk000,COSTCO WHOLESALE CORP /NEW,0000909832,2021-05-27,none,neutral,1,False,Company,
COST_0001193125-21-214773_chunk000,COSTCO WHOLESALE CORP /NEW,0000909832,2021-07-14,none,positive,1,False,"Company; Board of Directors; shareholders; July 13, 2021; July 30, 2021; August 13, 2021; 79 cents; common stock",
COST_0001193125-21-265542_chunk000,COSTCO WHOLESALE CORP /NEW,0000909832,2021-09-03,regulatory,neutral,2,False,Costco Wholesale Corporation; Securities and Exchange Commission; United States,
COST_0001193125-21-265542_chunk001,COSTCO WHOLESALE CORP /NEW,0000909832,2021-09-03,none,positive,1,False,Joseph Portera; Eastern & Canadian Divisions; Yoram Rubananko; Southeast Region; W. Craig Jelinek,
COST_0001193125-21-280728_chunk000,COSTCO WHOLESALE CORP /NEW,0000909832,2021-09-23,none,neutral,1,False,Company,
COST_0001193125-21-297919_chunk000,COSTCO WHOLESALE CORP /NEW,0000909832,2021-10-13,none,positive,1,False,Company,
COST_0001193125-21-325451_chunk000,COSTCO WHOLESALE CORP /NEW,0000909832,2021-11-10,none,positive,2,True,Chief Executive Officer; Compensation Committee; Board of Directors; pre-tax income; sales; environmental and social objectives,
COST_0001193125-21-352764_chunk000,COSTCO WHOLESALE CORP /NEW,0000909832,2021-12-09,none,neutral,1,False,Company,
COST_0001193125-22-013868_chunk000,COSTCO WHOLESALE CORP /NEW,0000909832,2022-01-20,none,positive,1,False,"Company; Board of Directors; shareholders; January 20, 2022; February 18, 2022; February 4, 2022",
COST_0001193125-22-016856_chunk000,COSTCO WHOLESALE CORP /NEW,0000909832,2022-01-25,none,positive,1,False,Costco Wholesale Corporation; KPMG LLP; Susan L. Decker; Kenneth D. Denman; Richard A. Galanti; Hamilton E. James; W. Craig Jelinek; Sally Jewell; Charles T. Munger; Jeffrey S. Raikes,
COST_0001193125-22-016856_chunk001,COSTCO WHOLESALE CORP /NEW,0000909832,2022-01-25,regulatory,neutral,3,False,Charles T. Munger; Jeffrey S. Raikes; John W. Stanton; Maggie Wilderotter; Auditors; Shareholders; SEC; GHG emissions; racial justice; food equity,
COST_0001193125-22-027035_chunk000,COSTCO WHOLESALE CORP /NEW,0000909832,2022-02-03,none,positive,1,False,Ron Vachris; Craig Jelinek; Company,
COST_0001193125-22-065629_chunk000,COSTCO WHOLESALE CORP /NEW,0000909832,2022-03-04,none,neutral,1,False,Company,
COST_0001193125-22-070653_chunk000,COSTCO WHOLESALE CORP /NEW,0000909832,2022-03-09,leadership,positive,2,False,James Murphy; Pierre Riel; Craig Jelinek,
COST_0001193125-22-104414_chunk000,COSTCO WHOLESALE CORP /NEW,0000909832,2022-04-13,none,positive,1,False,Company,
COST_0001193125-22-143698_chunk000,COSTCO WHOLESALE CORP /NEW,0000909832,2022-05-06,none,positive,1,False,"Russ Miller; W. Craig Jelinek; Southwest Division; Mexico; Senior Vice President, Western Canada Region",
COST_0001193125-22-161034_chunk000,COSTCO WHOLESALE CORP /NEW,0000909832,2022-05-26,none,neutral,1,False,Company,
COST_0001193125-22-192921_chunk000,COSTCO WHOLESALE CORP /NEW,0000909832,2022-07-13,none,positive,1,False,Company,
COST_0001193125-22-249988_chunk000,COSTCO WHOLESALE CORP /NEW,0000909832,2022-09-23,none,neutral,1,False,Company,
COST_0001193125-22-261321_chunk000,COSTCO WHOLESALE CORP /NEW,0000909832,2022-10-12,none,positive,1,False,Company,
COST_0001193125-22-281298_chunk000,COSTCO WHOLESALE CORP /NEW,0000909832,2022-11-09,financial,neutral,3,True,company; Chief Executive Officer; President; Compensation Committee; Nominating and Governance Committee; sales; pre-tax income; environmental and social objectives,
COST_0001193125-22-281298_chunk001,COSTCO WHOLESALE CORP /NEW,0000909832,2022-11-09,none,positive,1,False,company; executive officers; environmental and social objectives,
COST_0000909832-22-000029_chunk000,COSTCO WHOLESALE CORP /NEW,0000909832,2022-12-09,none,neutral,1,False,Company,
COST_0000909832-23-000004_chunk000,COSTCO WHOLESALE CORP /NEW,0000909832,2023-01-19,none,positive,1,False,Company; Board of Directors; shareholders,
COST_0000909832-23-000007_chunk000,COSTCO WHOLESALE CORP /NEW,0000909832,2023-01-25,none,neutral,1,False,Costco Wholesale Corporation; KPMG LLP; Susan L. Decker; Kenneth D. Denman; Richard A. Galanti; Hamilton E. James; W. Craig Jelinek; Sally Jewell; Charles T. Munger; Jeffrey S. Raikes,
COST_0000909832-23-000007_chunk001,COSTCO WHOLESALE CORP /NEW,0000909832,2023-01-25,regulatory,neutral,3,True,Charles T. Munger; Jeffrey S. Raikes; John W. Stanton; Ron M. Vachris; Maggie Wilderotter; Board of Directors; shareholders; executive compensation; state policies restricting reproductive rights,
COST_0000909832-23-000010_chunk000,COSTCO WHOLESALE CORP /NEW,0000909832,2023-03-03,none,neutral,1,False,Company,
COST_0000909832-23-000019_chunk000,COSTCO WHOLESALE CORP /NEW,0000909832,2023-04-19,none,positive,1,False,Company,
COST_0000909832-23-000025_chunk000,COSTCO WHOLESALE CORP /NEW,0000909832,2023-05-25,none,neutral,1,False,Company,
COST_0000909832-23-000034_chunk000,COSTCO WHOLESALE CORP /NEW,0000909832,2023-08-10,regulatory,neutral,2,False,Costco Wholesale Corporation; Securities Exchange Act of 1934,
COST_0000909832-23-000034_chunk001,COSTCO WHOLESALE CORP /NEW,0000909832,2023-08-10,none,neutral,1,False,Costco Wholesale Corporation,
COST_0000909832-23-000036_chunk000,COSTCO WHOLESALE CORP /NEW,0000909832,2023-08-17,none,neutral,1,False,Helena Buonanno Foulkes; Board of Directors; Company,
COST_0000909832-23-000038_chunk000,COSTCO WHOLESALE CORP /NEW,0000909832,2023-09-26,none,neutral,1,False,,
COST_0000909832-23-000047_chunk000,COSTCO WHOLESALE CORP /NEW,0000909832,2023-10-20,leadership,neutral,2,True,"Craig Jelinek; Ron Vachris; Company; Compensation Committee; Fiscal 2024; $1,150,000; $10.4 million",
COST_0000909832-23-000049_chunk000,COSTCO WHOLESALE CORP /NEW,0000909832,2023-11-24,leadership,neutral,2,True,"Compensation Committee; Board of Directors; Ron Vachris; Craig Jelinek; $232,000; $80,000; $40,000; $220,000; $93,333",
COST_0000909832-23-000049_chunk001,COSTCO WHOLESALE CORP /NEW,0000909832,2023-11-24,none,neutral,1,False,Craig Jelinek; Compensation Committee,
COST_0000909832-23-000062_chunk000,COSTCO WHOLESALE CORP /NEW,0000909832,2023-12-14,none,positive,1,False,Company; Board of Directors; shareholders,
COST_0000909832-24-000005_chunk000,COSTCO WHOLESALE CORP /NEW,0000909832,2024-01-22,leadership,positive,2,False,Helena Buonanno Foulnes; Board of Directors,
COST_0000909832-24-000003_chunk000,COSTCO WHOLESALE CORP /NEW,0000909832,2024-01-22,none,neutral,1,False,Costco Wholesale Corporation; KPMG LLP; Susan L. Decker; Kenneth D. Denman; Helena B. Foulkes; Richard A. Galanti; Hamilton E. James; W. Craig Jelinek; Sally Jewell; Jeffrey S. Raikes; John W. Stanton,
COST_0000909832-24-000003_chunk001,COSTCO WHOLESALE CORP /NEW,0000909832,2024-01-22,regulatory,neutral,2,False,Jeffrey S. Raikes; John W. Stanton; Ron M. Vachris; Maggie Wilderotter; Shareholders; SEC; Auditors; Company,
COST_0000909832-24-000008_chunk000,COSTCO WHOLESALE CORP /NEW,0000909832,2024-02-09,leadership,positive,2,True,Costco; Richard Galanti; Gary Millerchip; The Kroger Co.; Kroger Personal Finance,
COST_0000909832-24-000008_chunk001,COSTCO WHOLESALE CORP /NEW,0000909832,2024-02-09,regulatory,neutral,2,False,"Company; SEC; February 6, 2024",
COST_0000909832-24-000012_chunk000,COSTCO WHOLESALE CORP /NEW,0000909832,2024-03-07,none,neutral,1,False,Company,
COST_0000909832-24-000020_chunk000,COSTCO WHOLESALE CORP /NEW,0000909832,2024-04-10,none,positive,1,False,Company,
COST_0000909832-24-000026_chunk000,COSTCO WHOLESALE CORP /NEW,0000909832,2024-05-30,none,neutral,1,False,Company,
COST_0000909832-24-000036_chunk000,COSTCO WHOLESALE CORP /NEW,0000909832,2024-07-10,none,positive,1,False,Company,
COST_0000909832-24-000039_chunk000,COSTCO WHOLESALE CORP /NEW,0000909832,2024-09-20,none,positive,1,False,Costco Wholesale Corporation,
COST_0000909832-24-000043_chunk000,COSTCO WHOLESALE CORP /NEW,0000909832,2024-09-26,operational,neutral,2,False,Company; SEC; 2024,
COST_0000909832-24-000052_chunk000,COSTCO WHOLESALE CORP /NEW,0000909832,2024-10-17,none,positive,1,False,Company,
COST_0000909832-24-000054_chunk000,COSTCO WHOLESALE CORP /NEW,0000909832,2024-11-07,financial,neutral,3,True,"Company; Chief Executive Officer; Compensation Committee; Nominating and Governance Committee; $232,000; $80,000; $40,000; $250,000; $100,000",
COST_0000909832-24-000075_chunk000,COSTCO WHOLESALE CORP /NEW,0000909832,2024-12-12,none,neutral,1,False,Company,
CRM_0001193125-21-045220_chunk000,"SALESFORCE.COM, INC.",0001108524,2021-02-16,regulatory,neutral,3,True,"salesforce.com, inc.; Slack Technologies, Inc.; DOJ; HSR Act",
CRM_0001193125-21-045220_chunk001,"SALESFORCE.COM, INC.",0001108524,2021-02-16,regulatory,negative,4,True,Company; Slack; SEC; U.S. Securities and Exchange Commission,
CRM_0001193125-21-045220_chunk002,"SALESFORCE.COM, INC.",0001108524,2021-02-16,operational,neutral,3,True,Company; Securities and Exchange Commission; Slack; U.S. Securities Act of 1933,
CRM_0001193125-21-045220_chunk003,"SALESFORCE.COM, INC.",0001108524,2021-02-16,none,neutral,1,False,Company; Slack; SEC; Investor Relations department; Salesforce.com; Slackhq.com,
CRM_0001193125-21-045220_chunk004,"SALESFORCE.COM, INC.",0001108524,2021-02-16,regulatory,neutral,2,True,Slack; SEC,
CRM_0001108524-21-000007_chunk000,"SALESFORCE.COM, INC.",0001108524,2021-02-25,none,positive,1,False,"salesforce.com, inc.; Joe Allanson",
CRM_0001108524-21-000009_chunk000,"SALESFORCE.COM, INC.",0001108524,2021-03-12,regulatory,neutral,2,False,"salesforce.com, inc.; Court of Chancery of the State of Delaware; federal district courts of the United States of America; Securities Act of 1933; Securities Act of 1034; Delaware General Corporation Law",
CRM_0001108524-21-000017_chunk000,"SALESFORCE.COM, INC.",0001108524,2021-03-26,none,positive,2,True,"salesforce.com, inc.; Marc Benioff; Amy Weaver; Parker Harris; Srinivas Tallapragada; Bret Taylor; Mark Hawkins",
CRM_0001108524-21-000017_chunk001,"SALESFORCE.COM, INC.",0001108524,2021-03-26,none,neutral,1,True,"Mark Hawkins; Marc Benioff; Amy Weaver; Parker Harris; Srinivas Tallapragada; Bret Taylor; SEC; 8-K; $250,000; $661,000; $1,550,000; $1,000,000; $215.17; performance-based condition; standard four-year vesting schedule",
CRM_0001108524-21-000017_chunk002,"SALESFORCE.COM, INC.",0001108524,2021-03-26,regulatory,neutral,2,True,"salesforce.com, inc.; Todd Machtmes; NASDAQ-100 Index; TSR",
CRM_0001108524-21-000024_chunk000,"SALESFORCE.COM, INC.",0001108524,2021-05-12,regulatory,negative,3,False,"salesforce.com, inc.; Tutanota LLC; Securities Exchange Act of 1934",
CRM_0001108524-21-000027_chunk000,"SALESFORCE.COM, INC.",0001108524,2021-05-27,none,positive,1,False,"salesforce.com, inc.; Joe Allanson",
CRM_0001108524-21-000033_chunk000,"SALESFORCE.COM, INC.",0001108524,2021-06-14,none,neutral,1,False,"salesforce.com, inc.; Marc Benioff; Craig Conway; Parker Harris; Alan Hassenfeld; Neelie Kroes; Colin Powell; Sanford Robertson; John V. Roos; Robin Washington; Maynard Webb; Susan Wojcicki; Ernst & Young LLP",
CRM_0001108524-21-000033_chunk001,"SALESFORCE.COM, INC.",0001108524,2021-06-14,operational,neutral,2,False,"Ernst & Young LLP; salesforce.com, inc.; Todd Machtmes",
CRM_0001193125-21-204769_chunk000,"SALESFORCE.COM, INC.",0001108524,2021-06-30,financial,neutral,3,True,"salesforce.com, inc.; Citigroup Global Markets Inc.; BofA Securities, Inc.; J.P. Morgan Securities LLC; SEC; Form S-3",
CRM_0001193125-21-204769_chunk001,"SALESFORCE.COM, INC.",0001108524,2021-06-30,regulatory,positive,2,True,"Company; Skyline Strategies I Inc.; Skyline Strategies II LLC; Slack Technologies, Inc.; Citigroup Global Markets Inc.; BofA Securities, Inc.; J.P. Morgan Securities LLC",
CRM_0001193125-21-204769_chunk002,"SALESFORCE.COM, INC.",0001108524,2021-06-30,operational,negative,4,True,Salesforce; Slack; SEC; Form S-4,
CRM_0001193125-21-204769_chunk003,"SALESFORCE.COM, INC.",0001108524,2021-06-30,regulatory,neutral,2,True,Salesforce; Slack; SEC,
CRM_0001193125-21-204769_chunk004,"SALESFORCE.COM, INC.",0001108524,2021-06-30,none,positive,1,False,Salesforce; Slack; SEC,
CRM_0001193125-21-213170_chunk000,"SALESFORCE.COM, INC.",0001108524,2021-07-12,regulatory,neutral,2,False,"salesforce.com, inc.; U.S. Bank National Association; SEC",
CRM_0001193125-21-213170_chunk001,"SALESFORCE.COM, INC.",0001108524,2021-07-12,regulatory,neutral,2,True,"Company; Securities and Exchange Commission; Skyline Strategies I Inc.; Skyline Strategies II LLC; Slack Technologies, Inc.",
CRM_0001193125-21-213170_chunk002,"SALESFORCE.COM, INC.",0001108524,2021-07-12,regulatory,neutral,3,True,"Company; Slack Technologies, Inc.; Mandatorily Redeemable Notes; Sustainability Notes; Trustee; Base Indenture; Second Supplemental Indenture",
CRM_0001193125-21-213170_chunk003,"SALESFORCE.COM, INC.",0001108524,2021-07-12,regulatory,neutral,2,False,"salesforce.com, inc.; U.S. Bank National Association; Bank of America, N.A.; Citigroup Global Markets Inc.; JPMorgan Chase Bank, N.A.",
CRM_0001193125-21-213170_chunk004,"SALESFORCE.COM, INC.",0001108524,2021-07-12,legal,negative,3,True,"salesforce.com, inc.; U.S. Bank National Association; Wachtell, Lipton, Rosen & Katz",
CRM_0001193125-21-213170_chunk005,"SALESFORCE.COM, INC.",0001108524,2021-07-12,regulatory,negative,4,True,Salesforce; Slack; SEC; COVID-19,
CRM_0001193125-21-213170_chunk006,"SALESFORCE.COM, INC.",0001108524,2021-07-12,regulatory,neutral,2,True,Salesforce; Slack; SEC,
CRM_0001193125-21-213170_chunk007,"SALESFORCE.COM, INC.",0001108524,2021-07-12,none,neutral,1,False,Salesforce; Slack,
CRM_0001193125-21-218021_chunk000,"SALESFORCE.COM, INC.",0001108524,2021-07-19,regulatory,neutral,3,True,Salesforce; Slack; DOJ; HSR Act,
CRM_0001193125-21-220235_chunk000,"SALESFORCE.COM, INC.",0001108524,2021-07-21,financial,neutral,3,True,"salesforce.com, inc.; Slack Technologies, Inc.; Slack; Slack Class B common stock; Slack Shares; Company Shares; Merger Consideration",
CRM_0001193125-21-220235_chunk001,"SALESFORCE.COM, INC.",0001108524,2021-07-21,financial,neutral,3,True,Company; Slack; Merger Sub II; U.S. Bank National Association; Convertible Notes; Slack Shares,
CRM_0001193125-21-220235_chunk002,"SALESFORCE.COM, INC.",0001108524,2021-07-21,regulatory,neutral,2,False,"Slack Technologies, Inc.; U.S. Bank National Association; Salesforce",
CRM_0001193125-21-220235_chunk003,"SALESFORCE.COM, INC.",0001108524,2021-07-21,regulatory,neutral,2,False,"Slack Technologies, Inc.; U.S. Bank National Association; Salesforce.com, Inc.; Skyline Strategies II LLC",
CRM_0001108524-21-000042_chunk000,"SALESFORCE.COM, INC.",0001108524,2021-08-18,leadership,neutral,2,True,"salesforce.com, inc.; Joe Allanson; Sundeep Reddy; McKesson Corporation; Georgia State University; Emory University; $528,572; $100,000; $1,750,000",
CRM_0001108524-21-000042_chunk001,"SALESFORCE.COM, INC.",0001108524,2021-08-18,none,positive,1,False,"salesforce.com, inc.; Amy Weaver",
CRM_0001108524-21-000044_chunk000,"SALESFORCE.COM, INC.",0001108524,2021-08-25,none,positive,1,False,"salesforce.com, inc.; Joe Allanson",
CRM_0001193125-21-280079_chunk000,"SALESFORCE.COM, INC.",0001108524,2021-09-23,none,positive,1,False,"salesforce.com, inc.; Amy Weaver",
CRM_0001193125-21-280853_chunk000,"SALESFORCE.COM, INC.",0001108524,2021-09-24,none,positive,1,False,"salesforce.com, inc.; Amy Weaver",
CRM_0001193125-21-343775_chunk000,"SALESFORCE.COM, INC.",0001108524,2021-11-30,leadership,positive,2,True,"salesforce.com, inc.; Bret Taylor; Marc Benioff; Twitter, Inc.; Axon Enterprise, Inc.",
CRM_0001193125-21-343775_chunk001,"SALESFORCE.COM, INC.",0001108524,2021-11-30,none,positive,2,False,"Salesforce; Laura Alber; Oscar Munoz; $3,000,000; $2,000,000; $250,000; Kellie Munoz",
CRM_0001193125-21-343775_chunk002,"SALESFORCE.COM, INC.",0001108524,2021-11-30,none,positive,1,False,"salesforce.com, inc.; Todd Machtmes; Ms. Alber; Mr. Munoz; Mr. Taylor",
CRM_0001108524-21-000051_chunk000,"SALESFORCE.COM, INC.",0001108524,2021-11-30,none,positive,1,False,"salesforce.com, inc.; Sundeep Reddy",
CRM_0001108524-22-000010_chunk000,"SALESFORCE.COM, INC.",0001108524,2022-03-01,none,positive,1,False,"salesforce.com, inc.; Sundeep Reddy",
CRM_0001193125-22-094496_chunk000,"Salesforce, Inc.",0001108524,2022-04-04,none,neutral,1,False,"Salesforce, Inc.; Delaware Secretary of State",
CRM_0001108524-22-000019_chunk000,"Salesforce, Inc.",0001108524,2022-05-31,none,positive,1,False,"Salesforce, Inc.; Securities Exchange Act of 1934; Securities Act of 1933",
CRM_0001108524-22-000030_chunk000,"Salesforce, Inc.",0001108524,2022-06-13,none,neutral,1,False,"Salesforce, Inc.; Marc Benioff; Bret Taylor; Laura Alber; Craig Conway; Parker Harris; Alan Hassenfeld; Neelie Kroes; Oscar Munoz; Sanford Robertson; John V. Roos; Robin Washington; Maynard Webb; Susan Wojcicki",
CRM_0001108524-22-000030_chunk001,"Salesforce, Inc.",0001108524,2022-06-13,regulatory,neutral,2,False,Susan Wojcicki; Google; Ernst & Young LLP; 2013 Equity Incentive Plan; 2004 Employee Stock Purchase Plan,
CRM_0001108524-22-000030_chunk002,"Salesforce, Inc.",0001108524,2022-06-13,none,neutral,1,False,"Salesforce, Inc.; Securities Exchange Act of 1934; Todd Machtmes",
CRM_0001193125-22-214922_chunk000,"Salesforce, Inc.",0001108524,2022-08-08,leadership,positive,2,False,"Salesforce, Inc.; Brian Millham; Gavin Patterson",
CRM_0001193125-22-214922_chunk001,"Salesforce, Inc.",0001108524,2022-08-08,none,positive,1,False,Mr. Patterson; Company,
CRM_0001108524-22-000038_chunk000,"Salesforce, Inc.",0001108524,2022-08-24,financial,neutral,2,False,"Salesforce, Inc.; Securities Exchange Act of 1934; Exchange Act",
CRM_0001108524-22-000038_chunk001,"Salesforce, Inc.",0001108524,2022-08-24,regulatory,neutral,2,False,"Salesforce, Inc.; Sundeep Reddy",
CRM_0001108524-22-000047_chunk000,"Salesforce, Inc.",0001108524,2022-09-21,none,positive,1,False,"Salesforce, Inc.; Amy Weaver",
CRM_0001108524-22-000049_chunk000,"Salesforce, Inc.",0001108524,2022-11-10,leadership,negative,3,False,"Salesforce, Inc.; Gavin Patterson; Todd Machtmes",
CRM_0001108524-22-000054_chunk000,"Salesforce, Inc.",0001108524,2022-11-23,leadership,negative,3,False,"Salesforce, Inc.; Gavin Patterson; Todd Machtmes",
CRM_0001108524-22-000059_chunk000,"Salesforce, Inc.",0001108524,2022-11-30,leadership,neutral,2,False,"Salesforce, Inc.; Bret Taylor; Marc Benioff",
CRM_0001108524-22-000058_chunk000,"Salesforce, Inc.",0001108524,2022-11-30,none,positive,1,False,"Salesforce, Inc.; Securities Exchange Act of 1934; Securities Act of 1933",
CRM_0001108524-22-000063_chunk000,"Salesforce, Inc.",0001108524,2022-12-16,regulatory,neutral,2,False,"Salesforce, Inc.; Securities and Exchange Commission; universal proxy",
CRM_0001108524-23-000003_chunk000,"Salesforce, Inc.",0001108524,2023-01-04,operational,negative,4,True,"Salesforce, Inc.; Marc Benioff; $1.4 billion; $2.1 billion; fiscal 2024; fiscal 2026",
CRM_0001108524-23-000003_chunk001,"Salesforce, Inc.",0001108524,2023-01-04,operational,negative,4,True,Salesforce; Marc Benioff; SEC,
CRM_0001108524-23-000003_chunk002,"Salesforce, Inc.",0001108524,2023-01-04,none,neutral,1,False,"Salesforce, Inc.; Marc Benioff; Amy Weaver",
CRM_0001193125-23-017661_chunk000,"Salesforce, Inc.",0001108524,2023-01-27,leadership,positive,2,False,"Salesforce, Inc.; Alan Hassenfeld; Sanford Robertson; Arnold Donald; Sachin Mehra; Mason Morfit; ValueAct Capital Management L.P.",
CRM_0001193125-23-017661_chunk001,"Salesforce, Inc.",0001108524,2023-01-27,regulatory,neutral,2,False,"Salesforce, Inc.; ValueAct Capital Management L.P.; Mr. Morfit; Mr. Hassenfeld; Mr. Robertson; Mr. Donald; Mr. Mehra",
CRM_0001193125-23-017661_chunk002,"Salesforce, Inc.",0001108524,2023-01-27,none,positive,1,False,"Salesforce, Inc.; ValueAct Capital Management L.P.",
CRM_0001108524-23-000007_chunk000,"Salesforce, Inc.",0001108524,2023-03-01,financial,neutral,3,True,"Salesforce, Inc.; Securities Exchange Act of 1934",
CRM_0001108524-23-000007_chunk001,"Salesforce, Inc.",0001108524,2023-03-01,regulatory,neutral,2,False,"Salesforce, Inc.; Sundeep Reddy",
CRM_0001108524-23-000021_chunk000,"Salesforce, Inc.",0001108524,2023-05-31,none,positive,1,False,"Salesforce, Inc.; Securities Exchange Act of 1934; Securities Act of 1933",
CRM_0001108524-23-000029_chunk000,"Salesforce, Inc.",0001108524,2023-06-12,none,neutral,1,False,"Salesforce, Inc.; Marc Benioff; Laura Alber; Craig Conway; Arnold Donald; Parker Harris; Neelie Kroes; Sachin Mehra; Mason Morfit; Oscar Munoz; John V. Roos; Robin Washington; Maynard Webb; Susan Wojcicki",
CRM_0001108524-23-000029_chunk001,"Salesforce, Inc.",0001108524,2023-06-12,none,neutral,1,False,,no JSON object found in response
CRM_0001108524-23-000029_chunk002,"Salesforce, Inc.",0001108524,2023-06-12,none,neutral,1,False,"Salesforce, Inc.; Todd Machtmes; Executive Vice President and General Counsel",
CRM_0001108524-23-000037_chunk000,"Salesforce, Inc.",0001108524,2023-08-30,none,positive,1,False,"Salesforce, Inc.; Securities Exchange Act of 1934; Securities Act of 1933",
CRM_0001108524-23-000046_chunk000,"Salesforce, Inc.",0001108524,2023-11-29,none,positive,1,False,"Salesforce, Inc.; Securities Exchange Act of 1934; Sundeep Reddy",
CRM_0001108524-24-000002_chunk000,"Salesforce, Inc.",0001108524,2024-02-28,financial,neutral,2,True,"Salesforce, Inc.; Securities Exchange Act of 1934; Securities Act of 1933; $0.40; $8.0 billion; $10.0 billion",
CRM_0001108524-24-000002_chunk001,"Salesforce, Inc.",0001108524,2024-02-28,none,neutral,1,False,"Salesforce, Inc.; Sundeep Reddy",
CRM_0001108524-24-000007_chunk000,"Salesforce, Inc.",0001108524,2024-05-29,none,positive,1,False,"Salesforce, Inc.; Securities Exchange Act of 1934; Securities Act of 1933",
CRM_0001108524-24-000014_chunk000,"Salesforce, Inc.",0001108524,2024-07-01,none,neutral,1,False,"Salesforce, Inc.; Marc Benioff; Laura Alber; Craig Conway; Arnold Donald; Parker Harris; Neelie Kroes; Sachin Mehra; Mason Morfit; Oscar Munoz; John V. Roos; Robin Washington; Maynard Webb; Susan Wojcicki",
CRM_0001108524-24-000014_chunk001,"Salesforce, Inc.",0001108524,2024-07-01,operational,neutral,2,True,Susan Wojcicki; Ernst & Young LLP; Google; stockholders; directors; officers; executive severance arrangements; viewpoint restriction risks,
CRM_0001108524-24-000014_chunk002,"Salesforce, Inc.",0001108524,2024-07-01,none,neutral,1,False,Salesforce; Delaware; Secretary of State,
CRM_0001108524-24-000014_chunk003,"Salesforce, Inc.",0001108524,2024-07-01,legal,neutral,2,False,"Salesforce, Inc.; Sabastian Niles",
CRM_0001108524-24-000020_chunk000,"Salesforce, Inc.",0001108524,2024-08-28,leadership,neutral,2,False,"Salesforce, Inc.; Amy Weaver; Chief Financial Officer",
CRM_0001108524-24-000020_chunk001,"Salesforce, Inc.",0001108524,2024-08-28,leadership,neutral,2,False,"Salesforce, Inc.; Ms. Weaver",
CRM_0001108524-24-000024_chunk000,"Salesforce, Inc.",0001108524,2024-09-05,financial,neutral,2,False,"Salesforce, Inc.; Own Data Company Ltd.",
CRM_0001193125-24-251243_chunk000,"Salesforce, Inc.",0001108524,2024-11-05,financial,neutral,3,True,"Salesforce, Inc.; Bank of America, N.A.; Citibank, N.A.; $3.0 billion; $5.0 billion; letters of credit; swingline loans; alternate base rate; secured overnight financing rate; benchmark rate",
CRM_0001193125-24-251243_chunk001,"Salesforce, Inc.",0001108524,2024-11-05,financial,neutral,2,False,"Salesforce, Inc.; Bank of America, N.A.; Amy Weaver",
CRM_0001108524-24-000033_chunk000,"Salesforce, Inc.",0001108524,2024-12-03,none,positive,1,False,"Salesforce, Inc.; Securities Exchange Act of 1934; Securities Act of 1933",
CRM_0001108524-24-000036_chunk000,"Salesforce, Inc.",0001108524,2024-12-10,regulatory,neutral,2,False,"Salesforce, Inc.; Securities Exchange Act of 1934; Delaware General Corporation Law",
CSCO_0001193125-21-004250_chunk000,"CISCO SYSTEMS, INC.",0000858877,2021-01-07,leadership,positive,2,False,"Cisco Systems, Inc.; John D. Harris II; Raytheon Company; Raytheon International, Inc.; $80,000; $230,000; Cisco Deferred Compensation Plan",
CSCO_0001193125-21-004250_chunk001,"CISCO SYSTEMS, INC.",0000858877,2021-01-07,none,neutral,1,False,Cisco; Mr. Harris,
CSCO_0001193125-21-034339_chunk000,"CISCO SYSTEMS, INC.",0000858877,2021-02-09,none,neutral,2,True,"Cisco Systems, Inc.; Securities Exchange Act of 1934; Securities Act of 1933",
CSCO_0001193125-21-034339_chunk001,"CISCO SYSTEMS, INC.",0000858877,2021-02-09,operational,neutral,3,False,Cisco; GAAP; non-GAAP; intangible assets; contingent consideration; restructuring activities,
CSCO_0001193125-21-034339_chunk002,"CISCO SYSTEMS, INC.",0000858877,2021-02-09,financial,negative,4,True,Cisco; U.S. Securities and Exchange Commission; U.S. GAAP,
CSCO_0001193125-21-034339_chunk003,"CISCO SYSTEMS, INC.",0000858877,2021-02-09,financial,negative,4,True,"Cisco; SEC; fiscal second quarter; January 23, 2021",
CSCO_0001193125-21-056977_chunk000,"CISCO SYSTEMS, INC.",0000858877,2021-02-25,none,neutral,1,False,"Cisco Systems, Inc.; Irving Tan",
CSCO_0001193125-21-073328_chunk000,"CISCO SYSTEMS, INC.",0000858877,2021-03-08,leadership,positive,2,False,"Cisco Systems, Inc.; Maria Martinez; Salesforce; Microsoft Corporation; Embrace Networks, Inc.; Motorola, Inc.; AT&T Inc./Bell Laboratories; McKesson Corporation; Plantronics, Inc.; Intuit Inc.",
CSCO_0001193125-21-073328_chunk001,"CISCO SYSTEMS, INC.",0000858877,2021-03-08,none,positive,1,False,"Tessel; Cisco; non-employee; directors; $80,000; $230,000; $25,000",
CSCO_0001193125-21-162081_chunk000,"CISCO SYSTEMS, INC.",0000858877,2021-05-14,financial,neutral,3,True,"Cisco Systems, Inc.; Bank of America, N.A.; Standard & Poor’s Financial Services, LLC; Moody’s Investors Service, Inc.",
CSCO_0001193125-21-162081_chunk001,"CISCO SYSTEMS, INC.",0000858877,2021-05-14,operational,neutral,3,True,"Cisco; BofA Securities, Inc.; Deutsche Bank Securities Inc.; Citibank, N.A.; J.P. Morgan Securities LLC; Wells Fargo Securities, LLC; SONIA; Sterling",
CSCO_0001193125-21-162081_chunk002,"CISCO SYSTEMS, INC.",0000858877,2021-05-14,financial,neutral,2,False,"Cisco Systems, Inc.; Bank of America, N.A.",
CSCO_0001193125-21-166614_chunk000,"CISCO SYSTEMS, INC.",0000858877,2021-05-19,none,neutral,2,True,"Cisco Systems, Inc.; Securities Exchange Act of 1934; Securities Act of 1933",
CSCO_0001193125-21-166614_chunk001,"CISCO SYSTEMS, INC.",0000858877,2021-05-19,operational,neutral,3,False,Cisco; GAAP; share-based compensation; acquisition-related intangible assets; foreign currency transactions,
CSCO_0001193125-21-166614_chunk002,"CISCO SYSTEMS, INC.",0000858877,2021-05-19,operational,negative,3,True,Cisco; U.S. Securities and Exchange Commission; U.S. GAAP,
CSCO_0001193125-21-166614_chunk003,"CISCO SYSTEMS, INC.",0000858877,2021-05-19,financial,negative,4,True,Cisco; SEC; fiscal third quarter,
CSCO_0001193125-21-203324_chunk000,"CISCO SYSTEMS, INC.",0000858877,2021-06-29,none,positive,1,False,"Cisco Systems, Inc.; Maria Martinez; Securities and Exchange Commission; Rule 10b5-1",
CSCO_0001193125-21-250360_chunk000,"CISCO SYSTEMS, INC.",0000858877,2021-08-18,none,neutral,2,True,"Cisco Systems, Inc.; Securities Exchange Act of 1934; Securities Act of 1933",
CSCO_0001193125-21-250360_chunk001,"CISCO SYSTEMS, INC.",0000858877,2021-08-18,operational,neutral,3,True,Cisco; GAAP; intangible assets; contingent consideration; restructuring activities,
CSCO_0001193125-21-250360_chunk002,"CISCO SYSTEMS, INC.",0000858877,2021-08-18,operational,negative,3,True,Cisco; U.S. Securities and Exchange Commission; U.S. GAAP,
CSCO_0001193125-21-250360_chunk003,"CISCO SYSTEMS, INC.",0000858877,2021-08-18,financial,negative,4,True,Cisco,
CSCO_0001193125-21-284199_chunk000,"CISCO SYSTEMS, INC.",0000858877,2021-09-27,none,positive,1,False,"Cisco Systems, Inc.; Charles Robbins; Securities and Exchange Commission",
CSCO_0001193125-21-332467_chunk000,"CISCO SYSTEMS, INC.",0000858877,2021-11-17,none,neutral,2,True,"Cisco Systems, Inc.; Securities Exchange Act of 1934; Securities Act of 1933",
CSCO_0001193125-21-332467_chunk001,"CISCO SYSTEMS, INC.",0000858877,2021-11-17,operational,neutral,2,False,Cisco; GAAP; intangible assets; contingent consideration; restructuring activities,
CSCO_0001193125-21-332467_chunk002,"CISCO SYSTEMS, INC.",0000858877,2021-11-17,operational,negative,3,True,Cisco; U.S. Securities and Exchange Commission; U.S. GAAP,
CSCO_0001193125-21-332467_chunk003,"CISCO SYSTEMS, INC.",0000858877,2021-11-17,regulatory,negative,4,True,Cisco; SEC,
CSCO_0001193125-21-356837_chunk000,"CISCO SYSTEMS, INC.",0000858877,2021-12-14,none,neutral,1,False,"Cisco Systems, Inc.; M. Michele Burns; Wesley G. Bush; Michael D. Capellas; Mark Garrett; John D. Harris II; Kristina M. Johnson; Roderick C. McGeary; Charles H. Robbins; Brenton L. Saunders; Lisa T. Su; Marianna Tessel",
CSCO_0001193125-21-356837_chunk001,"CISCO SYSTEMS, INC.",0000858877,2021-12-14,none,neutral,2,False,Cisco; PricewaterhouseCoopers LLP; Prat Bhatt; Senior Vice President and Chief Accounting Officer; Cisco stock; Securities and Exchange Commission; Rule 10b5-1,
CSCO_0001193125-21-361182_chunk000,"CISCO SYSTEMS, INC.",0000858877,2021-12-17,none,positive,1,False,"Cisco Systems, Inc.; Maria Martinez; Securities and Exchange Commission",
CSCO_0001193125-22-023458_chunk000,"CISCO SYSTEMS, INC.",0000858877,2022-01-31,leadership,neutral,2,False,"Cisco Systems, Inc.; Gerri Elliott; Jeff Sharritts",
CSCO_0001193125-22-037227_chunk000,"CISCO SYSTEMS, INC.",0000858877,2022-02-11,leadership,neutral,2,False,"Cisco Systems, Inc.",
CSCO_0001193125-22-044372_chunk000,"CISCO SYSTEMS, INC.",0000858877,2022-02-16,none,neutral,2,True,"Cisco Systems, Inc.; Securities Exchange Act of 1934; Securities Act of 1933",
CSCO_0001193125-22-044372_chunk001,"CISCO SYSTEMS, INC.",0000858877,2022-02-16,operational,neutral,3,False,Cisco; GAAP; intangible assets; contingent consideration; restructuring activities,
CSCO_0001193125-22-044372_chunk002,"CISCO SYSTEMS, INC.",0000858877,2022-02-16,operational,negative,3,True,Cisco; U.S. Securities and Exchange Commission; U.S. GAAP,
CSCO_0001193125-22-044372_chunk003,"CISCO SYSTEMS, INC.",0000858877,2022-02-16,regulatory,negative,3,True,Cisco; SEC,
CSCO_0001193125-22-086807_chunk000,"CISCO SYSTEMS, INC.",0000858877,2022-03-28,none,positive,1,False,"Cisco Systems, Inc.; R. Scott Herren; Securities and Exchange Commission",
CSCO_0001193125-22-154039_chunk000,"CISCO SYSTEMS, INC.",0000858877,2022-05-18,none,neutral,2,True,"Cisco Systems, Inc.; Securities Exchange Act of 1934; Securities Act of 1933",
CSCO_0001193125-22-154039_chunk001,"CISCO SYSTEMS, INC.",0000858877,2022-05-18,regulatory,neutral,2,False,Cisco; GAAP; share-based compensation; acquisition-related intangible assets; Russia-Ukraine war,
CSCO_0001193125-22-154039_chunk002,"CISCO SYSTEMS, INC.",0000858877,2022-05-18,operational,negative,3,True,Cisco; Russia; Ukraine; tax matters,
CSCO_0001193125-22-154039_chunk003,"CISCO SYSTEMS, INC.",0000858877,2022-05-18,operational,negative,4,True,Cisco; U.S. Securities and Exchange Commission; Russia-Ukraine war,
CSCO_0001193125-22-176552_chunk000,"CISCO SYSTEMS, INC.",0000858877,2022-06-17,none,positive,1,False,"Jeffery Sharritts; Cisco Systems, Inc.",
CSCO_0001193125-22-223250_chunk000,"CISCO SYSTEMS, INC.",0000858877,2022-08-17,operational,neutral,2,True,"Cisco Systems, Inc.; Securities Exchange Act of 1934; Securities Act of 1933",
CSCO_0001193125-22-223250_chunk001,"CISCO SYSTEMS, INC.",0000858877,2022-08-17,operational,neutral,3,True,Cisco; GAAP; share-based compensation; acquisition-related intangible assets; Russia-Ukraine war,
CSCO_0001193125-22-223250_chunk002,"CISCO SYSTEMS, INC.",0000858877,2022-08-17,operational,negative,4,True,Cisco; Russia; Ukraine; assets; litigation; employees; severance costs,
CSCO_0001193125-22-223250_chunk003,"CISCO SYSTEMS, INC.",0000858877,2022-08-17,operational,negative,4,True,Cisco; Russia-Ukraine war,
CSCO_0001193125-22-228572_chunk000,"CISCO SYSTEMS, INC.",0000858877,2022-08-24,leadership,positive,2,False,"Cisco Systems, Inc.; Sarah Rae Murphy; United Airlines Holdings, Inc.; 2022 Annual Meeting; $80,000; $245,000; Cisco’s Deferred Compensation Plan",
CSCO_0001193125-22-228572_chunk001,"CISCO SYSTEMS, INC.",0000858877,2022-08-24,none,positive,1,False,"Cisco; Ms. Murphy; $25,000",
CSCO_0000858877-22-000015_chunk000,"CISCO SYSTEMS, INC.",0000858877,2022-09-15,none,positive,1,False,"Cisco Systems, Inc.; Charles Robbins; Securities and Exchange Commission",
CSCO_0000858877-22-000018_chunk000,"CISCO SYSTEMS, INC.",0000858877,2022-10-04,regulatory,neutral,2,False,"Cisco Systems, Inc.; Citibank, N.A.; J.P. Morgan Securities LLC; Goldman Sachs & Co. LLC; BofA Securities, Inc.; $10,000,000,000",
CSCO_0001628280-22-030151_chunk000,"CISCO SYSTEMS, INC.",0000858877,2022-11-16,none,neutral,1,False,"Prat Bhatt; Cisco Systems, Inc.; M. Victoria Wong",
CSCO_0001193125-22-286782_chunk000,"CISCO SYSTEMS, INC.",0000858877,2022-11-16,none,neutral,2,True,"Cisco Systems, Inc.; Securities Exchange Act of 1934; Securities Act of 1933",
CSCO_0001193125-22-286782_chunk001,"CISCO SYSTEMS, INC.",0000858877,2022-11-16,financial,neutral,3,False,Cisco; GAAP; share-based compensation; acquisition-related intangible assets; Russia-Ukraine war costs,
CSCO_0001193125-22-286782_chunk002,"CISCO SYSTEMS, INC.",0000858877,2022-11-16,operational,negative,4,True,Cisco; Russia; Ukraine; assets; litigation; employees; revenue,
CSCO_0001193125-22-286782_chunk003,"CISCO SYSTEMS, INC.",0000858877,2022-11-16,operational,negative,4,True,Cisco; U.S. government; Russia; Ukraine,
CSCO_0001193125-22-286782_chunk004,"CISCO SYSTEMS, INC.",0000858877,2022-11-16,regulatory,negative,3,True,Cisco; Securities and Exchange Commission,
CSCO_0000858877-22-000027_chunk000,"CISCO SYSTEMS, INC.",0000858877,2022-12-09,none,neutral,1,False,"Cisco Systems, Inc.; M. Michele Burns; Wesley G. Bush; Michael D. Capellas; Mark Garrett; John D. Harris II; Dr. Kristina M. Johnson; Roderick C. McGeary; Sarah Rae Murphy; Charles H. Robbins; Brenton L. Saunders; Dr. Lisa T. Su; Marianna Tessel",
CSCO_0000858877-22-000027_chunk001,"CISCO SYSTEMS, INC.",0000858877,2022-12-09,regulatory,neutral,3,False,Cisco; PricewaterhouseCoopers LLP; Global Reporting Initiative,
CSCO_0000858877-22-000029_chunk000,"CISCO SYSTEMS, INC.",0000858877,2022-12-16,legal,neutral,2,False,"Cisco Systems, Inc.; Deborah L. Stahlkopf; Prat Bhatt; Securities and Exchange Commission",
CSCO_0001193125-23-040212_chunk000,"CISCO SYSTEMS, INC.",0000858877,2023-02-15,none,neutral,2,True,"Cisco Systems, Inc.; Securities Exchange Act of 1934; Securities Act of 1933",
CSCO_0001193125-23-040212_chunk001,"CISCO SYSTEMS, INC.",0000858877,2023-02-15,regulatory,neutral,2,True,Cisco; GAAP; share-based compensation; acquisition-related intangible assets; Russia-Ukraine war,
CSCO_0001193125-23-040212_chunk002,"CISCO SYSTEMS, INC.",0000858877,2023-02-15,operational,negative,4,True,Cisco; Russia; Ukraine; assets; litigation; equity investments; tax effects,
CSCO_0001193125-23-040212_chunk003,"CISCO SYSTEMS, INC.",0000858877,2023-02-15,operational,negative,3,True,Cisco; Russia-Ukraine war,
CSCO_0000858877-23-000006_chunk000,"CISCO SYSTEMS, INC.",0000858877,2023-02-21,leadership,neutral,2,False,"Bausch + Lomb Corporation; Cisco Systems, Inc.",
CSCO_0000858877-23-000009_chunk000,"CISCO SYSTEMS, INC.",0000858877,2023-03-10,regulatory,neutral,2,False,"Cisco Systems, Inc.; Delaware General Corporation Law; Securities Exchange Act of 1934",
CSCO_0000858877-23-000009_chunk001,"CISCO SYSTEMS, INC.",0000858877,2023-03-10,none,neutral,1,False,"Cisco Systems, Inc.",
CSCO_0001193125-23-147021_chunk000,"CISCO SYSTEMS, INC.",0000858877,2023-05-17,none,neutral,2,True,"Cisco Systems, Inc.; Securities Exchange Act of 1934; Securities Act of 1933",
CSCO_0001193125-23-147021_chunk001,"CISCO SYSTEMS, INC.",0000858877,2023-05-17,regulatory,neutral,2,True,Cisco; GAAP; share-based compensation; acquisition-related intangible assets; foreign,
CSCO_0001193125-23-147021_chunk002,"CISCO SYSTEMS, INC.",0000858877,2023-05-17,operational,negative,4,True,Cisco; Russia; Ukraine; assets; litigation; investments,
CSCO_0001193125-23-147021_chunk003,"CISCO SYSTEMS, INC.",0000858877,2023-05-17,regulatory,neutral,3,True,Cisco; U.S. Internal Revenue Service; U.S. Treasury Department,
CSCO_0000858877-23-000016_chunk000,"CISCO SYSTEMS, INC.",0000858877,2023-07-19,none,positive,1,False,"Cisco Systems, Inc.; M. Victoria Wong; KPMG LLP",
CSCO_0001193125-23-214316_chunk000,"CISCO SYSTEMS, INC.",0000858877,2023-08-16,none,neutral,1,True,"Cisco Systems, Inc.; Securities Exchange Act of 1934; Securities Act of 1933",
CSCO_0001193125-23-214316_chunk001,"CISCO SYSTEMS, INC.",0000858877,2023-08-16,regulatory,neutral,2,True,Cisco; GAAP; share-based compensation; acquisition-related intangible assets; Russia-Ukraine war,
CSCO_0001193125-23-214316_chunk002,"CISCO SYSTEMS, INC.",0000858877,2023-08-16,operational,negative,4,True,Cisco; Russia; Ukraine; assets; litigation; employees; investments,
CSCO_0001193125-23-214316_chunk003,"CISCO SYSTEMS, INC.",0000858877,2023-08-16,operational,negative,4,True,Cisco; U.S. Internal Revenue Service; U.S. Treasury Department,
CSCO_0001193125-23-239165_chunk000,"CISCO SYSTEMS, INC.",0000858877,2023-09-21,regulatory,neutral,2,True,"Cisco Systems, Inc.; Splunk Inc.; Spirit Merger Corp.; DGCL; Splunk Common Stock",
CSCO_0001193125-23-239165_chunk001,"CISCO SYSTEMS, INC.",0000858877,2023-09-21,none,positive,2,False,Cisco; Splunk; Merger Consideration; Splunk Common Stock; restricted stock units,
CSCO_0001193125-23-239165_chunk002,"CISCO SYSTEMS, INC.",0000858877,2023-09-21,regulatory,neutral,3,True,Splunk; Nasdaq Global Select Market; Securities Exchange Act of 1934,
CSCO_0001193125-23-239165_chunk003,"CISCO SYSTEMS, INC.",0000858877,2023-09-21,regulatory,neutral,3,True,Splunk; Company; SEC; Hart-Scott-Rodino Antitrust Improvements Act of 1976,
CSCO_0001193125-23-239165_chunk004,"CISCO SYSTEMS, INC.",0000858877,2023-09-21,regulatory,negative,4,True,"Splunk; Company; governmental authority; $1,478,000,000; $1,000,000,000",
CSCO_0001193125-23-239165_chunk005,"CISCO SYSTEMS, INC.",0000858877,2023-09-21,regulatory,neutral,3,True,Company; Splunk; SEC,
CSCO_0001193125-23-239165_chunk006,"CISCO SYSTEMS, INC.",0000858877,2023-09-21,regulatory,neutral,2,True,Company; U.S. Securities and Exchange Commission; Splunk; Hellman & Friedman Advisors LLC,
CSCO_0001193125-23-239165_chunk007,"CISCO SYSTEMS, INC.",0000858877,2023-09-21,regulatory,neutral,3,True,Cisco; Splunk,
CSCO_0001193125-23-239165_chunk008,"CISCO SYSTEMS, INC.",0000858877,2023-09-21,regulatory,negative,4,True,Splunk; Cisco; SEC; Form 10-K; Form 10-Q,
CSCO_0001193125-23-239165_chunk009,"CISCO SYSTEMS, INC.",0000858877,2023-09-21,leadership,neutral,2,False,"Cisco Systems, Inc.; Splunk Inc.; Spirit Merger Corp.",
CSCO_0001193125-23-240975_chunk000,"CISCO SYSTEMS, INC.",0000858877,2023-09-25,regulatory,positive,2,True,"Cisco Systems, Inc.; Splunk Inc.; Cisco; Splunk",
CSCO_0001193125-23-240975_chunk001,"CISCO SYSTEMS, INC.",0000858877,2023-09-25,regulatory,negative,4,True,Cisco; Splunk; SEC; Form 10-K; Form 10-Q,
CSCO_0001193125-23-240975_chunk002,"CISCO SYSTEMS, INC.",0000858877,2023-09-25,operational,neutral,2,True,Cisco; SEC; Splunk,
CSCO_0001193125-23-240975_chunk003,"CISCO SYSTEMS, INC.",0000858877,2023-09-25,leadership,neutral,2,False,Splunk; Cisco; SEC,
CSCO_0000858877-23-000025_chunk000,"CISCO SYSTEMS, INC.",0000858877,2023-10-10,none,neutral,1,False,"Cisco Systems, Inc.; Daniel H. Schulman; PayPal Holdings, Inc.",
CSCO_0000858877-23-000025_chunk001,"CISCO SYSTEMS, INC.",0000858877,2023-10-10,none,positive,1,False,"Cisco; Mr. Schulman; $25,000",
CSCO_0001193125-23-277891_chunk000,"CISCO SYSTEMS, INC.",0000858877,2023-11-15,none,neutral,2,True,"Cisco Systems, Inc.; Securities Exchange Act of 1934; Securities Act of 1933",
CSCO_0001193125-23-277891_chunk001,"CISCO SYSTEMS, INC.",0000858877,2023-11-15,regulatory,neutral,2,True,Cisco; U.S. Securities and Exchange Commission; GAAP; Russia-Ukraine war,
CSCO_0001193125-23-277891_chunk002,"CISCO SYSTEMS, INC.",0000858877,2023-11-15,operational,negative,4,True,Cisco; Russia; Ukraine; assets; litigation; investments,
CSCO_0001193125-23-277891_chunk003,"CISCO SYSTEMS, INC.",0000858877,2023-11-15,regulatory,neutral,3,True,Cisco; U.S. Internal Revenue Service; U.S. Treasury Department,
CSCO_0001193125-23-291721_chunk000,"CISCO SYSTEMS, INC.",0000858877,2023-12-08,none,neutral,1,False,"Cisco Systems, Inc.; Wesley G. Bush; Michael D. Capellas",
CSCO_0001193125-23-291721_chunk001,"CISCO SYSTEMS, INC.",0000858877,2023-12-08,regulatory,neutral,2,False,Cisco; Broker; Michael D. Capellas; Mark Garrett; John D. Harris II; Dr. Kristina M. Johnson; Sarah Rae Murphy; Charles H. Robbins; Daniel H. Schulman; Marianna Tessel,
CSCO_0001193125-23-291721_chunk002,"CISCO SYSTEMS, INC.",0000858877,2023-12-08,none,neutral,1,False,"Cisco Systems, Inc.; PricewaterhouseCoopers LLP; Global Reporting Initiative",
CSCO_0001193125-24-028353_chunk000,"CISCO SYSTEMS, INC.",0000858877,2024-02-08,regulatory,neutral,2,True,"Cisco Systems, Inc.; Bank of America; Standard & Poor’s Financial Services, LLC; Moody’s Investors Service, Inc.",
CSCO_0001193125-24-028353_chunk001,"CISCO SYSTEMS, INC.",0000858877,2024-02-08,regulatory,neutral,3,False,"Cisco; BofA Securities, Inc.; Deutsche Bank Securities Inc.; Citibank, N.A.; J.P. Morgan Securities LLC; Wells Fargo Securities, LLC",
CSCO_0001193125-24-028353_chunk002,"CISCO SYSTEMS, INC.",0000858877,2024-02-08,financial,neutral,3,False,"Cisco Systems, Inc.; Citibank, N.A.; Bank of America, N.A.",
CSCO_0001193125-24-036201_chunk000,"CISCO SYSTEMS, INC.",0000858877,2024-02-14,none,neutral,2,True,"Cisco Systems, Inc.; Securities Exchange Act of 1934; Securities Act of 1933",
CSCO_0001193125-24-036201_chunk001,"CISCO SYSTEMS, INC.",0000858877,2024-02-14,operational,neutral,3,True,Cisco; GAAP; non-GAAP; share-based compensation; acquisition-related intangible assets; Russia-Ukraine war costs,
CSCO_0001193125-24-036201_chunk002,"CISCO SYSTEMS, INC.",0000858877,2024-02-14,operational,negative,4,True,Cisco; Russia; Ukraine; assets; litigation; investments,
CSCO_0001193125-24-036201_chunk003,"CISCO SYSTEMS, INC.",0000858877,2024-02-14,operational,negative,4,True,Cisco; U.S. government; Russia; Ukraine,
CSCO_0001193125-24-036201_chunk004,"CISCO SYSTEMS, INC.",0000858877,2024-02-14,regulatory,neutral,2,True,Cisco; Securities and Exchange Commission,
CSCO_0001193125-24-046231_chunk000,"CISCO SYSTEMS, INC.",0000858877,2024-02-26,regulatory,neutral,2,True,"Cisco Systems, Inc.; The Bank of New York Mellon Trust Company, N.A.; BofA Securities, Inc.; Barclays Capital Inc.; Citigroup Global Markets Inc.; Deutsche Bank Securities Inc.; J.P. Morgan Securities LLC; Wells Fargo Securities, LLC; Splunk Inc.",
CSCO_0001193125-24-046231_chunk001,"CISCO SYSTEMS, INC.",0000858877,2024-02-26,financial,neutral,3,True,"P. Morgan Securities LLC; Wells Fargo Securities, LLC; Company; Splunk Inc.; Securities and Exchange Commission; 2026 Notes; 2027 Notes; 2029 Notes; 2031 Notes; 2034 Notes; 2054 Notes; 2064 Notes",
CSCO_0001193125-24-046231_chunk002,"CISCO SYSTEMS, INC.",0000858877,2024-02-26,financial,neutral,3,True,Company; Trustee; Acquisition; Special Mandatory Redemption End Date; First Supplemental Indenture,
CSCO_0001193125-24-046231_chunk003,"CISCO SYSTEMS, INC.",0000858877,2024-02-26,regulatory,neutral,3,False,"Cisco Systems, Inc.; BofA Securities, Inc.; Barclays Capital Inc.; Citigroup Global Markets Inc.; Deutsche Bank Securities Inc.; J.P. Morgan Securities LLC; Wells Fargo Securities, LLC; The Bank of New York Mellon Trust Company, N.A.",
CSCO_0001193125-24-046231_chunk004,"CISCO SYSTEMS, INC.",0000858877,2024-02-26,none,neutral,1,False,"Cisco Systems, Inc.; Bank of New York Mellon Trust Company, N.A.; Simpson Thacher & Bartlett LLP",
CSCO_0001193125-24-070175_chunk000,"CISCO SYSTEMS, INC.",0000858877,2024-03-18,none,positive,2,False,"Cisco Systems, Inc.; Splunk Inc.; Spirit Merger Corp.",
CSCO_0001193125-24-070175_chunk001,"CISCO SYSTEMS, INC.",0000858877,2024-03-18,regulatory,neutral,2,False,Company; Splunk; Merger Consideration; SEC; Form 8-K,
CSCO_0001193125-24-070175_chunk002,"CISCO SYSTEMS, INC.",0000858877,2024-03-18,none,neutral,1,False,"Cisco Systems, Inc.; Spirit Merger Corp.; Splunk Inc.",
CSCO_0001193125-24-139371_chunk000,"CISCO SYSTEMS, INC.",0000858877,2024-05-15,operational,neutral,2,True,"Cisco Systems, Inc.; Securities Exchange Act of 1934; Securities Act of 1933",
CSCO_0001193125-24-139371_chunk001,"CISCO SYSTEMS, INC.",0000858877,2024-05-15,regulatory,neutral,2,False,Cisco; GAAP; share-based compensation; acquisition-related intangible assets; foreign,
CSCO_0001193125-24-139371_chunk002,"CISCO SYSTEMS, INC.",0000858877,2024-05-15,operational,negative,4,True,Cisco; Russia; Ukraine; assets; litigation; investments,
CSCO_0001193125-24-139371_chunk003,"CISCO SYSTEMS, INC.",0000858877,2024-05-15,leadership,neutral,2,True,Cisco; Gary Steele; Jeff Sharritts; Splunk,
CSCO_0001193125-24-139371_chunk004,"CISCO SYSTEMS, INC.",0000858877,2024-05-15,leadership,positive,2,True,Cisco; Splunk; Proofpoint; Portera; Sybase; Sun Microsystems; Hewlett-Packard; Upwork; Vonage Holdings Corp.,
CSCO_0001193125-24-139371_chunk005,"CISCO SYSTEMS, INC.",0000858877,2024-05-15,regulatory,neutral,3,True,Cisco; Mr. Steele; Splunk; $2.5 million; Cisco’s acquisition of Splunk; 18-month anniversary of the closing date; Closing Date; Good Leaver Termination; Cisco’s retention bonus; Mr. Steele’s unvested equity awards; Unvested Cash Awards,
CSCO_0001193125-24-139371_chunk006,"CISCO SYSTEMS, INC.",0000858877,2024-05-15,none,neutral,1,False,"Cisco; Gary Steele; Splunk; Securities and Exchange Commission; May 15, 2024",
CSCO_0000858877-24-000010_chunk000,"CISCO SYSTEMS, INC.",0000858877,2024-06-14,leadership,neutral,2,False,"Cisco Systems, Inc.; Ekta Singh-Bushell; Federal Reserve Bank of New York; Nasdaq Stock Market LLC; 2024 Annual Meeting",
CSCO_0000858877-24-000010_chunk001,"CISCO SYSTEMS, INC.",0000858877,2024-06-14,none,positive,1,False,Ms. Singh-Bushell; Cisco,
CSCO_0000858877-24-000012_chunk000,"CISCO SYSTEMS, INC.",0000858877,2024-07-19,none,neutral,2,False,"Cisco Systems, Inc.; Jeff Sharritts",
CSCO_0001193125-24-200636_chunk000,"CISCO SYSTEMS, INC.",0000858877,2024-08-14,operational,neutral,2,True,"Cisco Systems, Inc.; Securities Exchange Act of 1934; Securities Act of 1933",
CSCO_0001193125-24-200636_chunk001,"CISCO SYSTEMS, INC.",0000858877,2024-08-14,operational,neutral,3,True,Cisco; GAAP; share-based compensation; acquisition-related intangible assets; Russia-Ukraine war,
CSCO_0001193125-24-200636_chunk002,"CISCO SYSTEMS, INC.",0000858877,2024-08-14,operational,negative,4,True,Cisco; Russia; Ukraine; assets; litigation; employees; investments,
CSCO_0001193125-24-200636_chunk003,"CISCO SYSTEMS, INC.",0000858877,2024-08-14,operational,negative,4,True,Cisco; U.S. government; Russia; Ukraine,
CSCO_0001193125-24-200636_chunk004,"CISCO SYSTEMS, INC.",0000858877,2024-08-14,regulatory,neutral,3,True,Cisco; Securities and Exchange Commission,
CSCO_0001193125-24-236734_chunk000,"CISCO SYSTEMS, INC.",0000858877,2024-10-11,leadership,neutral,2,False,"Ekta Singh-Bushell; Cisco Systems, Inc.",
CSCO_0001193125-24-257224_chunk000,"CISCO SYSTEMS, INC.",0000858877,2024-11-13,none,neutral,2,True,"Cisco Systems, Inc.; Securities Exchange Act of 1934; Securities Act of 1933",
CSCO_0001193125-24-257224_chunk001,"CISCO SYSTEMS, INC.",0000858877,2024-11-13,operational,neutral,3,True,Cisco; GAAP; share-based compensation; acquisition-related intangible assets; Russia-Ukraine war costs,
CSCO_0001193125-24-257224_chunk002,"CISCO SYSTEMS, INC.",0000858877,2024-11-13,none,negative,3,True,Cisco; Russia; Ukraine; tax matters,bad risk_category 'finan01'
CSCO_0001193125-24-257224_chunk003,"CISCO SYSTEMS, INC.",0000858877,2024-11-13,regulatory,neutral,3,True,Cisco; SEC; U.S. government,
CSCO_0000858877-24-000039_chunk000,"CISCO SYSTEMS, INC.",0000858877,2024-12-11,none,neutral,1,False,"Cisco Systems, Inc.; Wesley G. Bush; Michael D. Capellas; Mark Garrett; John D. Harris II; Kristina M. Johnson; Sarah Rae Murphy; Charles H. Robbins; Daniel H. Schulman; Marianna Tessel; PricewaterhouseCoopers LLP",
CSCO_0000858877-24-000039_chunk001,"CISCO SYSTEMS, INC.",0000858877,2024-12-11,regulatory,neutral,2,False,SEC; fiscal year 2025,
CVX_0001193125-21-003304_chunk000,CHEVRON CORP,0000093410,2021-01-06,regulatory,neutral,2,False,"Chevron Corporation; Chevron U.S.A. Inc.; Noble Energy, Inc.; SEC; Noble Notes; CUSA Notes; Noble Indentures; Registration Statement",
CVX_0001193125-21-003304_chunk001,CHEVRON CORP,0000093410,2021-01-06,regulatory,neutral,3,True,"Noble Energy; Chevron; CUSA; Wells Fargo Bank; National Association; The Bank of New York Mellon, N.A.",
CVX_0001193125-21-003304_chunk002,CHEVRON CORP,0000093410,2021-01-06,none,neutral,1,False,"Chevron; CUSA; Deutsche Bank Trust Company Americas; Noble Energy, Inc.; Wells Fargo Bank, National Association",
CVX_0001193125-21-003304_chunk003,CHEVRON CORP,0000093410,2021-01-06,none,neutral,1,False,CUSA,
CVX_0000093410-21-000003_chunk000,CHEVRON CORP,0000093410,2021-01-29,financial,negative,5,False,Chevron Corporation,
CVX_0000093410-21-000005_chunk000,CHEVRON CORP,0000093410,2021-02-01,none,positive,1,False,Chevron Corporation; Michael K. Wirth; Pierre R. Breber; James W. Johnson; Joseph C. Geagea; Mark A. Nelson,
CVX_0000093410-21-000005_chunk001,CHEVRON CORP,0000093410,2021-02-01,regulatory,neutral,2,True,"Chevron; Mr. Geagea; Mr. Nelson; Noble Energy, Inc.; BP p.l.c.; Exxon Mobil Corporation; Royal Dutch Shell p.l",
CVX_0000093410-21-000005_chunk002,CHEVRON CORP,0000093410,2021-02-01,regulatory,neutral,2,True,Chevron; BP p.l.c.; Exxon Mobil Corporation; Royal Dutch Shell p.l.c.; Total S.A.; S&P 500 Index; LTIP Performance Share Peer Group,
CVX_0000093410-21-000005_chunk003,CHEVRON CORP,0000093410,2021-02-01,none,neutral,2,True,Chevron; LTIP; ROCE-I; Wirth; Johnson; Geagea; Nelson,
CVX_0000093410-21-000005_chunk004,CHEVRON CORP,0000093410,2021-02-01,regulatory,neutral,3,True,Mr. Geagea; Mr. Breber; SEC; LTIP rules,
CVX_0000093410-21-000005_chunk005,CHEVRON CORP,0000093410,2021-02-01,none,neutral,2,False,Chevron Corporation; Mr. Breber,
CVX_0000093410-21-000012_chunk000,CHEVRON CORP,0000093410,2021-04-30,none,positive,1,False,Chevron Corporation,
CVX_0000093410-21-000020_chunk000,CHEVRON CORP,0000093410,2021-05-28,none,positive,1,False,"Chevron Corporation; Wanda M. Austin; John B. Frank; Alice P. Gast; Enrique Hernandez, Jr.; Marillyn A. Hewson; Jon M. Huntsman Jr.; Charles W. Moorman IV; Dambisa F. Moyo; Debra Reed-Klages",
CVX_0000093410-21-000020_chunk001,CHEVRON CORP,0000093410,2021-05-28,regulatory,neutral,2,False,Chevron; PricewaterhouseCoopers LLP; Dambisa F. Moyo; Debra Reed-Klages; Ronald D. Sugar; D. James Umpleby III; Michael K. Wirth; Chevron’s named executive officers; Scope 3 emissions; Net Zero 2050 scenario,
CVX_0000093410-21-000020_chunk002,CHEVRON CORP,0000093410,2021-05-28,regulatory,negative,4,False,Net Zero 2050; public benefit corporation; lobbying; independent chair; special meeting threshold,
CVX_0000093410-21-000028_chunk000,CHEVRON CORP,0000093410,2021-07-30,none,positive,1,False,Chevron Corporation,
CVX_0000093410-21-000031_chunk000,CHEVRON CORP,0000093410,2021-08-02,leadership,neutral,2,False,Chevron Corporation; Joseph C. Geagea; Chairman and Chief Executive Officer,
CVX_0001193125-21-290504_chunk000,CHEVRON CORP,0000093410,2021-10-04,financial,neutral,3,False,"Chevron Corporation; Noble Energy, Inc.; Texaco Capital Inc.",
CVX_0001193125-21-296226_chunk000,CHEVRON CORP,0000093410,2021-10-12,regulatory,neutral,2,False,"Chevron Corporation; Noble Energy, Inc.; Texaco Capital Inc.",
CVX_0000093410-21-000043_chunk000,CHEVRON CORP,0000093410,2021-10-29,none,positive,1,False,Chevron Corporation,
CVX_0000093410-22-000006_chunk000,CHEVRON CORP,0000093410,2022-01-28,leadership,neutral,2,True,Chevron Corporation; Joseph C. Geagea,
CVX_0000093410-22-000004_chunk000,CHEVRON CORP,0000093410,2022-01-28,none,positive,2,False,Chevron Corporation,
CVX_0000093410-22-000009_chunk000,CHEVRON CORP,0000093410,2022-01-31,none,positive,1,False,Chevron Corporation; Michael K. Wirth; Pierre R. Breber; James W. Johnson; Joseph C. Geagea; Mark A. Nelson,
CVX_0000093410-22-000009_chunk001,CHEVRON CORP,0000093410,2022-01-31,none,positive,2,False,Chevron Corporation; Mr. Breber; Mr. Johnson; Mr. Nelson; Mr. Geagea; Executive Officer; CIP; LTIP; Black-Scholes valuation,
CVX_0000093410-22-000009_chunk002,CHEVRON CORP,0000093410,2022-01-31,none,positive,2,True,Chevron; BP p.l.c.; ExxonMobil Corporation; Shell plc; TotalEnergies SE; S&P 500 Total Return Index; LTIP Performance Share Peer Group,
CVX_0000093410-22-000009_chunk003,CHEVRON CORP,0000093410,2022-01-31,operational,neutral,2,True,Chevron; ROCE Competitor Group; Mr. Wirth; Mr. Breber; Mr. Johnson; Mr. Nelson,
CVX_0000093410-22-000009_chunk004,CHEVRON CORP,0000093410,2022-01-31,none,positive,1,False,Wirth; Breber; Johnson; Nelson; LTIP rules,
CVX_0000950142-22-000839_chunk000,CHEVRON CORP,0000093410,2022-02-28,none,neutral,1,False,"Chevron Corporation; Renewable Energy Group, Inc.",
CVX_0000093410-22-000023_chunk000,CHEVRON CORP,0000093410,2022-04-29,none,positive,2,False,Chevron Corporation,
CVX_0000093410-22-000036_chunk000,CHEVRON CORP,0000093410,2022-05-27,leadership,neutral,2,False,Chevron Corporation; Joseph C. Geagea; Management Compensation Committee,
CVX_0000093410-22-000035_chunk000,CHEVRON CORP,0000093410,2022-05-27,none,positive,1,False,"Chevron Corporation; SEC; May 25, 2022; Chevron stockholders; 2022 Long-Term Incentive Plan; Chevron Board of Directors",
CVX_0000093410-22-000035_chunk001,CHEVRON CORP,0000093410,2022-05-27,none,neutral,1,False,"Chevron Board; Wanda M. Austin; John B. Frank; Alice P. Gast; Enrique Hernandez, Jr.; Marillyn A. Hewson; Jon M. Huntsman Jr.; Charles W. Moorman; Dambisa F. Moyo; Debra Reed-Klages; Ronald D. Sugar; D. James Umpleby III; Michael K. Wirth",
CVX_0000093410-22-000035_chunk002,CHEVRON CORP,0000093410,2022-05-27,regulatory,neutral,3,True,Chevron Corporation; PricewaterhouseCoopers LLP; Michael K. Wirth; 2022 Long-Term Incentive Plan; GHG reduction targets; Net Zero 2050 scenario; methane emission disclosures,
CVX_0000093410-22-000035_chunk003,CHEVRON CORP,0000093410,2022-05-27,regulatory,negative,4,False,Chevron Corporation; stockholders; methane emission disclosures; conflict-complicit governments; racial equity audit; special meeting threshold,
CVX_0000093410-22-000042_chunk000,CHEVRON CORP,0000093410,2022-05-31,regulatory,neutral,2,False,"Chevron Corporation; United States Securities and Exchange Commission; Washington, D.C.; San Ramon, CA; 94583",
CVX_0000093410-22-000042_chunk001,CHEVRON CORP,0000093410,2022-05-31,leadership,positive,2,False,"Chevron Corporation; Renewable Energy Group, Inc.; Cynthia J. Warner; Andeavor; Marathon Petroleum Corporation; Sapphire Energy, Inc.; BP plc; IDEX Corporation; Sempra Energy; Vanderbilt University; Illinois",
CVX_0000093410-22-000042_chunk002,CHEVRON CORP,0000093410,2022-05-31,leadership,neutral,3,True,Ms. Warner; Chevron; Renewable Energy Group,
CVX_0000093410-22-000040_chunk000,CHEVRON CORP,0000093410,2022-05-31,leadership,neutral,2,False,"Chevron Corporation; James W. Johnson; Mark A. Nelson; $13,000; $1,263,000",
CVX_0000950142-22-001875_chunk000,CHEVRON CORP,0000093410,2022-06-13,none,positive,1,False,"Chevron Corporation; Renewable Energy Group, Inc.",
CVX_0000093410-22-000062_chunk000,CHEVRON CORP,0000093410,2022-07-29,none,positive,1,False,Chevron Corporation,
CVX_0001193125-22-208191_chunk000,CHEVRON CORP,0000093410,2022-08-01,leadership,neutral,2,False,Chevron; David A. Inchausti; Alana K. Knowles,
CVX_0000093410-22-000072_chunk000,CHEVRON CORP,0000093410,2022-10-28,none,positive,1,False,Chevron Corporation,
CVX_0000093410-22-000078_chunk000,CHEVRON CORP,0000093410,2022-12-08,none,neutral,1,False,Chevron Corporation; Board of Directors; Delaware General Corporation Law,
CVX_0000093410-23-000005_chunk000,CHEVRON CORP,0000093410,2023-01-27,none,positive,1,True,Chevron Corporation; Michael K. Wirth; Pierre R. Breber; James W. Johnson; Mark A. Nelson; Board of Directors; Chevron Incentive Plan,
CVX_0000093410-23-000005_chunk001,CHEVRON CORP,0000093410,2023-01-27,none,positive,2,True,"Chevron Corporation; Mr. Breber; Mr. Nelson; Mr. Johnson; 2022 Long-Term Incentive Plan; 2023; 47,460 performance shares; 92,800 stock options; 23,730 standard restricted stock units; 179.08; January 31, 2024; January 31, 2025; January 31, 2026",
CVX_0000093410-23-000005_chunk002,CHEVRON CORP,0000093410,2023-01-27,financial,neutral,3,True,Chevron; BP p.l.c.; ExxonMobil Corporation; Shell p.l.c.; TotalEnergies SE; S&P 500 Total Return Index; LTIP Performance Share Peer Group; ROCE Competitor Group,
CVX_0000093410-23-000005_chunk003,CHEVRON CORP,0000093410,2023-01-27,none,neutral,2,True,Chevron; ROCE-I; performance shares; NTSB; Wirth; Breber; Nelson; 2022 LTIP award terms,
CVX_0000093410-23-000005_chunk004,CHEVRON CORP,0000093410,2023-01-27,none,neutral,2,True,Chevron Corporation; Wirth; Breber; Nelson; 2022 LTIP rules,
CVX_0000093410-23-000005_chunk005,CHEVRON CORP,0000093410,2023-01-27,none,positive,1,False,Chevron Corporation,
CVX_0000093410-23-000003_chunk000,CHEVRON CORP,0000093410,2023-01-27,financial,positive,2,True,Chevron Corporation; Securities Exchange Act of 1934; Securities Act of 1933; $75 billion; Chevron Corporation,
CVX_0000093410-23-000063_chunk000,CHEVRON CORP,0000093410,2023-04-28,none,positive,1,False,Chevron Corporation,
CVX_0000950142-23-001491_chunk000,CHEVRON CORP,0000093410,2023-05-22,regulatory,neutral,2,True,"Chevron Corporation; PDC Energy, Inc.; Bronco Merger Sub Inc.",
CVX_0000950142-23-001491_chunk001,CHEVRON CORP,0000093410,2023-05-22,regulatory,negative,4,True,Chevron; PDC,
CVX_0000950142-23-001491_chunk002,CHEVRON CORP,0000093410,2023-05-22,regulatory,neutral,2,True,Chevron; PDC; SEC; Chevron.com; sec.gov,
CVX_0000950142-23-001491_chunk003,CHEVRON CORP,0000093410,2023-05-22,none,neutral,1,False,"Chevron Corporation; PDC Energy, Inc.",
CVX_0000093410-23-000070_chunk000,CHEVRON CORP,0000093410,2023-06-02,none,positive,1,False,"Chevron; Wanda M. Austin; John B. Frank; Alice P. Gast; Enrique Hernandez, Jr.; Marillyn A. Hewson; Jon M. Huntsman Jr.; Charles W. Moorman; Dambisa F. Moyo",
CVX_0000093410-23-000070_chunk001,CHEVRON CORP,0000093410,2023-06-02,none,neutral,1,False,Chevron; PricewaterhouseCoopers LLP; Dambisa F. Moyo; Debra Reed-Klages; D. James Umpleby III; Cynthia J. Warner; Michael K. Wirth,
CVX_0000093410-23-000070_chunk002,CHEVRON CORP,0000093410,2023-06-02,regulatory,negative,5,False,stockholder proposal; Scope 3 GHG emissions; material divestitures; decarbonization risk; worker and community impact; racial equity audit,
CVX_0000093410-23-000070_chunk003,CHEVRON CORP,0000093410,2023-06-02,none,negative,4,False,stockholder proposal; racial equity audit; tax practices; independent chair,
CVX_0000950142-23-002083_chunk000,CHEVRON CORP,0000093410,2023-07-24,none,neutral,1,False,Chevron Corporation,
CVX_0000950142-23-002087_chunk000,CHEVRON CORP,0000093410,2023-07-26,leadership,positive,2,False,Chevron Corporation; Pierre R. Breber; Eimear P. Bonner; Tengizchevroil LLP,
CVX_0000093410-23-000076_chunk000,CHEVRON CORP,0000093410,2023-07-28,none,positive,1,False,Chevron Corporation,
CVX_0001193125-23-204557_chunk000,CHEVRON CORP,0000093410,2023-08-07,none,positive,1,False,"Chevron Corporation; PDC Energy, Inc.",
CVX_0000950142-23-002670_chunk000,CHEVRON CORP,0000093410,2023-10-23,none,positive,2,False,Chevron Corporation; Hess Corporation; Yankee Merger Sub Inc.; Merger Subsidiary; Hess Common Stock; Chevron Common Stock; PSU award,
CVX_0000950142-23-002670_chunk001,CHEVRON CORP,0000093410,2023-10-23,regulatory,neutral,3,True,Chevron; Hess; SEC; U.S. Securities and Exchange Commission; New York Stock Exchange,
CVX_0000950142-23-002670_chunk002,CHEVRON CORP,0000093410,2023-10-23,regulatory,neutral,3,True,"Hess; Chevron; End Date; 2024; 2025; 1,715,000,000",
CVX_0000950142-23-002670_chunk003,CHEVRON CORP,0000093410,2023-10-23,legal,negative,3,False,Chevron; Hess; John B. Hess,
CVX_0000950142-23-002670_chunk004,CHEVRON CORP,0000093410,2023-10-23,regulatory,negative,4,True,Chevron; Hess,
CVX_0000950142-23-002670_chunk005,CHEVRON CORP,0000093410,2023-10-23,regulatory,negative,4,True,Chevron; Hess; SEC; Federal Energy Regulatory Commission; U.S. Department of Energy,
CVX_0000950142-23-002670_chunk006,CHEVRON CORP,0000093410,2023-10-23,regulatory,negative,3,True,Chevron; Hess; SEC,
CVX_0000950142-23-002670_chunk007,CHEVRON CORP,0000093410,2023-10-23,regulatory,neutral,2,True,Chevron; Hess; SEC; 2023 annual meeting of stockholders; 2022 Annual Report on Form 10-K,
CVX_0000950142-23-002670_chunk008,CHEVRON CORP,0000093410,2023-10-23,regulatory,neutral,2,True,Chevron Corporation; Hess Corporation; John B. Hess,
CVX_0000950142-23-002657_chunk000,CHEVRON CORP,0000093410,2023-10-23,regulatory,neutral,2,True,Chevron Corporation; Hess Corporation; Yankee Merger Sub Inc.,
CVX_0000950142-23-002657_chunk001,CHEVRON CORP,0000093410,2023-10-23,regulatory,negative,5,True,Chevron; Hess; regulatory approvals; potential transaction; synergies; capital expenditures; litigation; shareholder approvals; management disruption; potential third party contracts,
CVX_0000950142-23-002657_chunk002,CHEVRON CORP,0000093410,2023-10-23,regulatory,negative,4,True,Chevron; Hess; SEC; U.S. Securities and Exchange Commission,
CVX_0000950142-23-002657_chunk003,CHEVRON CORP,0000093410,2023-10-23,none,neutral,1,False,Hess Corporation; Chevron; SEC,
CVX_0000950142-23-002657_chunk004,CHEVRON CORP,0000093410,2023-10-23,none,positive,1,False,Chevron Corporation; Hess Corporation,
CVX_0000093410-23-000085_chunk000,CHEVRON CORP,0000093410,2023-10-27,none,positive,2,False,Chevron Corporation,
CVX_0000950142-23-002838_chunk000,CHEVRON CORP,0000093410,2023-11-24,none,positive,1,False,Chevron,
CVX_0000950142-23-002919_chunk000,CHEVRON CORP,0000093410,2023-12-08,regulatory,neutral,3,True,Chevron Corporation; Hess Corporation; Federal Trade Commission; Department of Justice,
CVX_0000950142-23-002919_chunk001,CHEVRON CORP,0000093410,2023-12-08,regulatory,negative,5,True,Chevron; Hess; regulatory approvals,
CVX_0000950142-23-002919_chunk002,CHEVRON CORP,0000093410,2023-12-08,operational,negative,4,True,Chevron; Hess; Board of Directors; market; rating agencies; government; labor; industry; economy; politics; regulators,
CVX_0000950142-23-002919_chunk003,CHEVRON CORP,0000093410,2023-12-08,legal,negative,3,True,Chevron; Hess; SEC,
CVX_0000950142-23-002919_chunk004,CHEVRON CORP,0000093410,2023-12-08,none,neutral,1,False,Chevron; Hess; SEC; director summary; executive officers; non-employee director compensation,
CVX_0000950142-23-002919_chunk005,CHEVRON CORP,0000093410,2023-12-08,regulatory,neutral,2,False,Chevron; Hess; SEC; 93410; 93410; 93410,
CVX_0000950142-23-002919_chunk006,CHEVRON CORP,0000093410,2023-12-08,regulatory,neutral,2,False,Hess; SEC; executive officers; non-employee directors,
CVX_0000950142-23-002919_chunk007,CHEVRON CORP,0000093410,2023-12-08,regulatory,neutral,2,False,Hess; Chevron; SEC,
CVX_0000093410-24-000002_chunk000,CHEVRON CORP,0000093410,2024-01-02,regulatory,negative,4,True,Chevron Corporation; U.S. Bankruptcy Code; $3.5 billion; $4.0 billion,
CVX_0000093410-24-000002_chunk001,CHEVRON CORP,0000093410,2024-01-02,regulatory,neutral,3,True,Chevron Corporation; Organization of Petroleum Exporting Countries,
CVX_0000093410-24-000002_chunk002,CHEVRON CORP,0000093410,2024-01-02,regulatory,negative,5,True,"Hess Corporation; PDC Energy, Inc.; Hess stockholders; regulatory approvals",
CVX_0000093410-24-000002_chunk003,CHEVRON CORP,0000093410,2024-01-02,operational,negative,5,True,company; government; U.S. Securities and Exchange Commission,
CVX_0000093410-24-000007_chunk000,CHEVRON CORP,0000093410,2024-02-02,none,positive,1,True,Chevron Corporation; Michael K. Wirth; Pierre R. Breber; Mark A. Nelson; R. Hewitt Pate,
CVX_0000093410-24-000007_chunk001,CHEVRON CORP,0000093410,2024-02-02,none,positive,2,True,Chevron Corporation; Mr. Wirth; Mr. Nelson; Mr. Pate; Mr. Breber,
CVX_0000093410-24-000007_chunk002,CHEVRON CORP,0000093410,2024-02-02,none,neutral,1,False,,no JSON object found in response
CVX_0000093410-24-000007_chunk003,CHEVRON CORP,0000093410,2024-02-02,none,neutral,1,True,Chevron; Wirth; Nelson; Pate; 2022 LTIP award terms,
CVX_0000093410-24-000007_chunk004,CHEVRON CORP,0000093410,2024-02-02,operational,neutral,2,True,Chevron Corporation; Wirth; Nelson; Pate; 2022 Long-Term Incentive Plan; 2022 LTIP rules,
CVX_0000093410-24-000007_chunk005,CHEVRON CORP,0000093410,2024-02-02,none,positive,1,False,Chevron Corporation,
CVX_0000093410-24-000006_chunk000,CHEVRON CORP,0000093410,2024-02-02,none,positive,1,False,Chevron Corporation,
CVX_0000093410-24-000017_chunk000,CHEVRON CORP,0000093410,2024-04-26,none,positive,1,False,Chevron Corporation,
CVX_0000093410-24-000028_chunk000,CHEVRON CORP,0000093410,2024-05-31,none,positive,1,False,"Chevron Corporation; Wanda M. Austin; John B. Frank; Alice P. Gast; Enrique Hernandez, Jr.; Marillyn A. Hewson; Jon M. Huntsman Jr.; Charles W. Moorman; Dambisa F. Moyo; Debra Reed-Klages",
CVX_0000093410-24-000028_chunk001,CHEVRON CORP,0000093410,2024-05-31,regulatory,negative,5,True,Chevron; PricewaterhouseCoopers LLP; Cynthia J. Warner; Michael K. Wirth,
CVX_0000093410-24-000028_chunk002,CHEVRON CORP,0000093410,2024-05-31,none,negative,5,False,stockholder proposal; human rights practices; tax practices,
CVX_0000950142-24-002067_chunk000,CHEVRON CORP,0000093410,2024-07-31,legal,neutral,3,True,Chevron; Hess; Exxon; CNOOC,
CVX_0000950142-24-002067_chunk001,CHEVRON CORP,0000093410,2024-07-31,regulatory,negative,4,True,Chevron; Hess; Stabroek Block,
CVX_0000950142-24-002067_chunk002,CHEVRON CORP,0000093410,2024-07-31,regulatory,negative,4,True,Chevron; Hess; U.S. Securities and Exchange Commission; U.S. Department of the Treasury,
CVX_0000950142-24-002067_chunk003,CHEVRON CORP,0000093410,2024-07-31,regulatory,negative,3,True,Chevron; Hess; SEC,
CVX_0000093410-24-000037_chunk000,CHEVRON CORP,0000093410,2024-08-02,leadership,neutral,2,False,Chevron Corporation; Nigel Hearne; Mark A. Nelson,
CVX_0000093410-24-000035_chunk000,CHEVRON CORP,0000093410,2024-08-02,none,positive,2,False,Chevron Corporation,
CVX_0000950142-24-002464_chunk000,CHEVRON CORP,0000093410,2024-09-30,regulatory,neutral,3,True,Chevron Corporation; Hess Corporation; Yankee Merger Sub Inc.; U.S. Federal Trade Commission; FTC; John B. Hess,
CVX_0000950142-24-002464_chunk001,CHEVRON CORP,0000093410,2024-09-30,regulatory,neutral,3,False,Chevron Corporation; Hess; Stabroek Block; Salk Institute,
CVX_0000093410-24-000052_chunk000,CHEVRON CORP,0000093410,2024-10-07,none,neutral,2,False,Chevron Corporation; Chevron Canada Limited; Canadian Natural Resources Limited,
CVX_0000093410-24-000055_chunk000,CHEVRON CORP,0000093410,2024-11-01,none,positive,1,False,Chevron Corporation,
CVX_0000093410-24-000066_chunk000,CHEVRON CORP,0000093410,2024-12-10,regulatory,neutral,2,False,Chevron Corporation; Board of Directors; Corporation,
DIS_0001744489-21-000031_chunk000,Walt Disney Co,0001744489,2021-02-01,operational,neutral,2,False,"Company; Disney; Media and Entertainment Reorganization; Direct-to-Consumer; Linear Networks; Content Sales/Licensing; Studio Entertainment; Disney Parks, Experiences and Products",
DIS_0001744489-21-000031_chunk001,Walt Disney Co,0001744489,2021-02-01,none,neutral,1,False,The Walt Disney Company; Brent A. Woodford,
DIS_0001744489-21-000045_chunk000,Walt Disney Co,0001744489,2021-02-11,none,neutral,1,False,The Walt Disney Company; Jolene E. Negre,
DIS_0001193125-21-073374_chunk000,Walt Disney Co,0001744489,2021-03-08,financial,neutral,3,True,"The Walt Disney Company; TWDC Enterprises; Citibank, N.A.; $5.25 billion; Eurocurrency Rate; Base Rate",
DIS_0001193125-21-073374_chunk001,Walt Disney Co,0001744489,2021-03-08,regulatory,negative,4,True,Walt Disney Company; Hong Kong Disneyland; Shanghai Disney Resort; 364-Day Credit Agreement,
DIS_0001744489-21-000061_chunk000,Walt Disney Co,0001744489,2021-03-10,none,neutral,1,False,Susan E. Arnold; Mary T. Barra; Safra A. Catz; Robert A. Chapek; Francis A. deSouza; Michael B.G. Froman; Robert A. Iger; Maria Elena Lagomasino; Mark G. Parker; Derica W. Rice; PricewaterhouseCoopers LLP; SEC,
DIS_0001744489-21-000061_chunk001,Walt Disney Co,0001744489,2021-03-10,regulatory,neutral,3,False,The Walt Disney Company; Securities Exchange Act of 1934,
DIS_0001744489-21-000074_chunk000,Walt Disney Co,0001744489,2021-04-01,operational,neutral,2,False,"Company; Disney Media and Entertainment Distribution; Direct-to-Consumer; Linear Networks; Content Sales/Licensing; Disney Parks, Experiences and Products",
DIS_0001744489-21-000074_chunk001,Walt Disney Co,0001744489,2021-04-01,financial,neutral,2,False,The Walt Disney Company; Pursuant; Securities Exchange Act of 1934; Brent A. Woodford,
DIS_0001744489-21-000097_chunk000,Walt Disney Co,0001744489,2021-04-06,leadership,negative,3,False,The Walt Disney Company; Jayne Parker,
DIS_0001744489-21-000105_chunk000,Walt Disney Co,0001744489,2021-05-13,none,positive,1,False,The Walt Disney Company; Jolene E. Negre,
DIS_0001744489-21-000121_chunk000,Walt Disney Co,0001744489,2021-05-27,leadership,positive,1,False,The Walt Disney Company; Amy L. Chang; Calvin R. McDonald,
DIS_0001744489-21-000172_chunk000,Walt Disney Co,0001744489,2021-07-13,leadership,negative,3,False,The Walt Disney Company; Alan N. Braverman; Zenia B. Mucha,
DIS_0001744489-21-000179_chunk000,Walt Disney Co,0001744489,2021-08-12,none,positive,1,False,The Walt Disney Company; Jolene E. Negre,
DIS_0001744489-21-000214_chunk000,Walt Disney Co,0001744489,2021-11-10,none,positive,1,False,The Walt Disney Company; Jolene E. Negre,
DIS_0001744489-21-000230_chunk000,Walt Disney Co,0001744489,2021-12-01,leadership,negative,3,False,The Walt Disney Company; Robert A. Iger; Jolene E. Negre,
DIS_0001744489-21-000271_chunk000,Walt Disney Co,0001744489,2021-12-21,leadership,positive,2,False,The Walt Disney Company; Christine M. McCarthy,
DIS_0001744489-22-000057_chunk000,Walt Disney Co,0001744489,2022-02-09,none,neutral,1,False,The Walt Disney Company; Jolene E. Negre,
DIS_0001193125-22-070595_chunk000,Walt Disney Co,0001744489,2022-03-09,financial,neutral,3,True,"The Walt Disney Company; TWDC Enterprises; Citibank, N.A.; JPMorgan Chase Bank, N.A.",
DIS_0001193125-22-070595_chunk001,Walt Disney Co,0001744489,2022-03-09,financial,neutral,2,True,Company; Adjusted Term SOFR; EURIBO Rate; TIBO Rate; Daily Simple SONIA; $4 billion; $3 billion; Base Rate; Consolidated EBITDA; Consolidated Interest Expense,
DIS_0001193125-22-070595_chunk002,Walt Disney Co,0001744489,2022-03-09,regulatory,neutral,3,False,"The Walt Disney Company; TWDC Enterprises 18 Corp.; Citibank, N.A.; JPMorgan Chase Bank, N.A.",
DIS_0001193125-22-070595_chunk003,Walt Disney Co,0001744489,2022-03-09,none,neutral,1,False,"The Walt Disney Company; TWDC Enterprises 18 Corp.; JPMorgan Chase Bank, N.A.",
DIS_0001744489-22-000065_chunk000,Walt Disney Co,0001744489,2022-03-10,none,neutral,1,False,Susan E. Arnold; Mary T. Barra; Safra A. Catz; Amy L. Chang; Robert A. Chapek; Francis A. deSouza; Michael B.G. Froman; Maria Elena Lagomasino; Calvin R. McDonald; Mark G. Parker; Derica W. Rice; PricewaterhouseCoopers LLP,
DIS_0001744489-22-000065_chunk001,Walt Disney Co,0001744489,2022-03-10,regulatory,neutral,3,False,PricewaterhouseCoopers LLP; The Walt Disney Company; Jolene E. Negre,
DIS_0001744489-22-000099_chunk000,Walt Disney Co,0001744489,2022-05-11,none,positive,1,False,The Walt Disney Company; Jolene E. Negre,
DIS_0001744489-22-000121_chunk000,Walt Disney Co,0001744489,2022-06-28,none,neutral,2,True,The Walt Disney Company; Robert A. Chapek; $20 million; stock,
DIS_0001744489-22-000160_chunk000,Walt Disney Co,0001744489,2022-08-10,none,positive,1,False,The Walt Disney Company; Jolene E. Negre,
DIS_0001744489-22-000167_chunk000,Walt Disney Co,0001744489,2022-09-30,regulatory,neutral,2,True,The Walt Disney Company; Third Point LLC; Carolyn Everson; 2023 Annual Meeting; 2024 Annual Meeting,
DIS_0001744489-22-000167_chunk001,Walt Disney Co,0001744489,2022-09-30,leadership,neutral,2,False,Third Point; Company; New Director; 2024 Annual Meeting; 2023 Annual Meeting,
DIS_0001744489-22-000167_chunk002,Walt Disney Co,0001744489,2022-09-30,none,neutral,1,False,The Walt Disney Company; Third Point LLC,
DIS_0001744489-22-000192_chunk000,Walt Disney Co,0001744489,2022-11-08,none,positive,1,False,The Walt Disney Company; Jolene E. Negre,
DIS_0001744489-22-000200_chunk000,Walt Disney Co,0001744489,2022-11-21,leadership,positive,2,True,The Walt Disney Company; Robert A. Iger; Robert A. Chapek,
DIS_0001744489-22-000200_chunk001,Walt Disney Co,0001744489,2022-11-21,legal,neutral,3,True,Mr. Iger; Company; felony conviction; unauthorized disclosure of confidential information; performance objectives; Management Incentive Bonus Program; equity-based long-term incentive plans; stock options; Company’s stock,
DIS_0001744489-22-000200_chunk002,Walt Disney Co,0001744489,2022-11-21,leadership,negative,4,True,Mr. Iger; Company,
DIS_0001744489-22-000200_chunk003,Walt Disney Co,0001744489,2022-11-21,leadership,neutral,2,False,The Walt Disney Company; Robert A. Iger,
DIS_0001744489-23-000047_chunk000,Walt Disney Co,0001744489,2023-02-08,none,positive,1,False,The Walt Disney Company; Jolene E. Negre,
DIS_0001193125-23-063017_chunk000,Walt Disney Co,0001744489,2023-03-07,financial,neutral,3,True,"The Walt Disney Company; TWDC Enterprises; Citibank, N.A.; $5.25 billion; Adjusted Term SOFR; EURIBO Rate; TIBO Rate; Daily Simple SONIA; Base Rate",
DIS_0001193125-23-063017_chunk001,Walt Disney Co,0001744489,2023-03-07,regulatory,neutral,3,False,"The Walt Disney Company; TWDC Enterprises 18 Corp.; Citibank, N.A.",
DIS_0001193125-23-063017_chunk002,Walt Disney Co,0001744489,2023-03-07,regulatory,neutral,2,False,"The Walt Disney Company; TWDC Enterprises 18 Corp.; Citibank, N.A.",
DIS_0001193125-23-068592_chunk000,Walt Disney Co,0001744489,2023-03-13,leadership,negative,3,False,The Walt Disney Company; Paul J. Richardson,
DIS_0001744489-23-000071_chunk000,Walt Disney Co,0001744489,2023-04-04,none,neutral,1,False,Mary T. Barra; Safra A. Catz; Amy L. Chang; 0; Francis A. deSouza; Carolyn N. Everson; Michael B.G. Froman; Robert A. Iger; Maria Elena Lagomasino; Calvin R. McDonald; Mark G. Parker; Derica W. Rice; PricewaterhouseCoopers LLP; SEC,
DIS_0001744489-23-000071_chunk001,Walt Disney Co,0001744489,2023-04-04,regulatory,neutral,2,False,The Walt Disney Company; Pursuant; Securities Exchange Act of 1934; Jolene E. Negre,
DIS_0001744489-23-000090_chunk000,Walt Disney Co,0001744489,2023-04-20,none,positive,1,False,The Walt Disney Company; Kristina K. Schake,
DIS_0001744489-23-000097_chunk000,Walt Disney Co,0001744489,2023-05-10,none,positive,1,False,The Walt Disney Company; Jolene E. Negre,
DIS_0001744489-23-000107_chunk000,Walt Disney Co,0001744489,2023-06-02,financial,negative,4,True,The Walt Disney Company; Securities Exchange Act of 1934,
DIS_0001193125-23-164950_chunk000,Walt Disney Co,0001744489,2023-06-12,financial,neutral,2,False,"Disney Enterprises, Inc.; The Walt Disney Company; Deutsche Bank Trust Company Americas; Wells Fargo Bank, National Association",
DIS_0001744489-23-000112_chunk000,Walt Disney Co,0001744489,2023-06-15,leadership,neutral,2,True,"The Walt Disney Company; Christine M. McCarthy; Kevin A. Lansberry; Disney Financial Services Co., LLC",
DIS_0001744489-23-000112_chunk001,Walt Disney Co,0001744489,2023-06-15,none,neutral,2,False,The Walt Disney Company; Christine M. McCarthy; Mr. Lansberry,
DIS_0001744489-23-000158_chunk000,Walt Disney Co,0001744489,2023-07-12,leadership,neutral,2,True,The Walt Disney Company; Robert A. Iger,
DIS_0001744489-23-000158_chunk001,Walt Disney Co,0001744489,2023-07-12,none,neutral,1,False,The Walt Disney Company; Robert A. Iger,
DIS_0001744489-23-000169_chunk000,Walt Disney Co,0001744489,2023-08-09,none,neutral,1,False,The Walt Disney Company; Jolene E. Negre,
DIS_0001193125-23-231673_chunk000,Walt Disney Co,0001744489,2023-09-08,regulatory,neutral,3,True,"The Walt Disney Company; NBC Universal; Hulu, LLC; Comcast Corporation",
DIS_0001193125-23-231673_chunk001,Walt Disney Co,0001744489,2023-09-08,none,neutral,1,False,The Walt Disney Company,
DIS_0001744489-23-000174_chunk000,Walt Disney Co,0001744489,2023-09-19,financial,positive,2,True,"Walt Disney Company; Disney Parks, Experiences and Products; $60 billion",
DIS_0001744489-23-000174_chunk001,Walt Disney Co,0001744489,2023-09-19,operational,negative,4,True,The Walt Disney Company; consumers; advertisers; tax authorities,
DIS_0001744489-23-000174_chunk002,Walt Disney Co,0001744489,2023-09-19,none,neutral,1,False,The Walt Disney Company,
DIS_0001744489-23-000203_chunk000,Walt Disney Co,0001744489,2023-10-18,regulatory,neutral,2,False,"Company; Disney; Entertainment; Sports; Consumer Products; Disney Parks, Experiences and Products",
DIS_0001744489-23-000203_chunk001,Walt Disney Co,0001744489,2023-10-18,none,neutral,1,False,The Walt Disney Company; Brent A. Woodford,
DIS_0001744489-23-000206_chunk000,Walt Disney Co,0001744489,2023-11-01,regulatory,neutral,3,True,NBC Universal; The Walt Disney Company; Hulu; NBCU; Disney,
DIS_0001744489-23-000206_chunk001,Walt Disney Co,0001744489,2023-11-01,none,neutral,1,False,The Walt Disney Company,
DIS_0001744489-23-000209_chunk000,Walt Disney Co,0001744489,2023-11-06,leadership,positive,2,False,"The Walt Disney Company; Hugh F. Johnston; PepsiCo, Inc.; $2,000,000",
DIS_0001744489-23-000209_chunk001,Walt Disney Co,0001744489,2023-11-06,financial,neutral,3,True,"Company; Mr. Johnston; Compensation Committee; $2,000,000; 200%; 575%; $14,000,000",
DIS_0001744489-23-000209_chunk002,Walt Disney Co,0001744489,2023-11-06,operational,negative,4,True,Mr. Johnston; Company; Employment Agreement,
DIS_0001744489-23-000209_chunk003,Walt Disney Co,0001744489,2023-11-06,legal,negative,3,False,The Walt Disney Company; Hugh F. Johnston,
DIS_0001744489-23-000209_chunk004,Walt Disney Co,0001744489,2023-11-06,none,neutral,1,False,The Walt Disney Company; Hugh F. Johnston,
DIS_0001744489-23-000213_chunk000,Walt Disney Co,0001744489,2023-11-08,none,positive,1,False,The Walt Disney Company; Jolene E. Negre,
DIS_0001744489-23-000221_chunk000,Walt Disney Co,0001744489,2023-11-29,leadership,neutral,2,False,The Walt Disney Company; D. Jeremy Darroch; James P. Gorman; Francis A. deSouza; Securities and Exchange Commission,
DIS_0001744489-23-000221_chunk001,Walt Disney Co,0001744489,2023-11-29,leadership,neutral,2,False,The Walt Disney Company; Francis A. deSouza; Jolene E. Negre,
DIS_0001744489-23-000232_chunk000,Walt Disney Co,0001744489,2023-11-30,regulatory,neutral,2,False,The Walt Disney Company; Securities Exchange Act of 1934,
DIS_0001744489-23-000232_chunk001,Walt Disney Co,0001744489,2023-11-30,none,neutral,1,False,The Walt Disney Company; Jolene E. Negre,
DIS_0001744489-23-000274_chunk000,Walt Disney Co,0001744489,2023-12-22,leadership,positive,2,False,The Walt Disney Company; Horacio E. Gutierrez,
DIS_0001744489-24-000079_chunk000,Walt Disney Co,0001744489,2024-02-07,legal,neutral,2,True,"Company; SEC; February 7, 2024; 400 million shares; $3 billion",
DIS_0001744489-24-000079_chunk001,Walt Disney Co,0001744489,2024-02-07,operational,negative,4,True,The Walt Disney Company; Jolene E. Negre,
DIS_0001193125-24-049404_chunk000,Walt Disney Co,0001744489,2024-02-28,financial,negative,4,True,Star India; The Walt Disney Company; RIL; Viacom18,
DIS_0001193125-24-049404_chunk001,Walt Disney Co,0001744489,2024-02-28,regulatory,neutral,3,True,The Walt Disney Company; Reliance Industries Limited; Viacom 18 Media Private Limited; $8.5 billion; fiscal 2024; fiscal 2025,
DIS_0001193125-24-049404_chunk002,Walt Disney Co,0001744489,2024-02-28,regulatory,negative,4,True,The Walt Disney Company; U.S. Securities and Exchange Commission,
DIS_0001193125-24-057958_chunk000,Walt Disney Co,0001744489,2024-03-04,financial,neutral,3,True,"The Walt Disney Company; TWDC Enterprises; Citibank, N.A.; JPMorgan Chase Bank, N.A.",
DIS_0001193125-24-057958_chunk001,Walt Disney Co,0001744489,2024-03-04,none,neutral,1,False,,no JSON object found in response
DIS_0001193125-24-057958_chunk002,Walt Disney Co,0001744489,2024-03-04,financial,neutral,3,False,"The Walt Disney Company; TWDC Enterprises 18 Corp.; Citibank, N.A.; JPMorgan Chase Bank, N.A.",
DIS_0000950157-24-000570_chunk000,Walt Disney Co,0001744489,2024-04-03,none,neutral,1,False,The Walt Disney Company,
DIS_0000950157-24-000595_chunk000,Walt Disney Co,0001744489,2024-04-09,none,neutral,1,False,"The Walt Disney Company; U.S. Securities and Exchange Commission; Proxy Statement; Trian Fund Management, L.P.; Blackwells Onshore I LLC",
DIS_0000950157-24-000595_chunk001,Walt Disney Co,0001744489,2024-04-09,regulatory,neutral,2,False,First Coast; Mary T. Barra; Safra A. Catz; Amy L. Chang; D. Jeremy Darroch; Carolyn N. Everson; Michael B.G. Froman; James P. Gorman; Robert A. Iger; Maria Elena Lagomasino; Calvin R. McDonald; Mark G. Parker; Derica W. Rice; Nelson Peltz; James A. Rasulo; Craig Hatkoff; Jessica Schell,
DIS_0000950157-24-000595_chunk002,Walt Disney Co,0001744489,2024-04-09,regulatory,neutral,2,False,Blackwells Group; Craig Hatkoff; Jessica Schell; Leah Solivan; Mary T. Barra; Safra A. Catz; Amy L. Chang; D. Jeremy Darroch; Carolyn N. Everson; Michael B.G. Froman; James P. Gorman; Robert A. Iger; Maria Elena Lagomasino; Calvin R. McDonald; Mark G. Parker; Derica W. Rice; PricewaterhouseCoopers LLP; SEC,
DIS_0000950157-24-000595_chunk003,Walt Disney Co,0001744489,2024-04-09,regulatory,negative,4,False,Trian Group; Blackwells Group; Company; SEC; shareholders; Board; Bylaws; Annual Meeting; 2011 Stock,
DIS_0000950157-24-000595_chunk004,Walt Disney Co,0001744489,2024-04-09,none,neutral,1,False,,
DIS_0000950157-24-000623_chunk000,Walt Disney Co,0001744489,2024-04-17,none,neutral,1,False,Mary T. Barra; Safra A. Catz; Amy L. Chang; 0; D. Jeremy Darroch; Carolyn N. Everson; Michael B.G. Froman; James P. Gorman; Robert A. Iger; Maria Elena Lagomasino; Calvin R. McDonald; Mark G. Parker; Derica W. Rice; Nelson Peltz; James A. Rasulo; Craig Hatkoff; Jessica Schell; Leah Solivan,
DIS_0000950157-24-000623_chunk001,Walt Disney Co,0001744489,2024-04-17,none,neutral,2,False,General Motors; PricewaterhouseCoopers LLP; Mary T. Barra; Safra A. Catz; Amy L. Chang; D. Jeremy Darroch; Carolyn N. Everson; Michael B.G. Froman; James P. Gorman; Robert A. Iger; Maria Elena Lagomasino; Calvin R. McDonald; Mark G. Parker; Derica W. Rice,
DIS_0000950157-24-000623_chunk002,Walt Disney Co,0001744489,2024-04-17,regulatory,negative,3,False,The Walt Disney Company; Trian Group; Blackwells Group,
DIS_0000950157-24-000623_chunk003,Walt Disney Co,0001744489,2024-04-17,none,neutral,1,False,The Walt Disney Company; Jolene E. Negre,
DIS_0001744489-24-000149_chunk000,Walt Disney Co,0001744489,2024-05-07,none,positive,1,False,The Walt Disney Company,
DIS_0001744489-24-000226_chunk000,Walt Disney Co,0001744489,2024-07-19,leadership,negative,3,False,Safra A. Catz; The Walt Disney Company,
DIS_0001744489-24-000231_chunk000,Walt Disney Co,0001744489,2024-08-07,none,positive,1,False,The Walt Disney Company; Jolene E. Negre,
DIS_0001744489-24-000262_chunk000,Walt Disney Co,0001744489,2024-10-21,leadership,neutral,2,False,The Walt Disney Company; Mark G. Parker; James P. Gorman,
DIS_0001744489-24-000275_chunk000,Walt Disney Co,0001744489,2024-11-14,none,positive,1,False,The Walt Disney Company; Jolene E. Negre,
GE_0000040545-21-000002_chunk000,GENERAL ELECTRIC CO,0000040545,2021-01-26,none,neutral,1,False,General Electric Company,
GE_0000040545-21-000013_chunk000,GENERAL ELECTRIC CO,0000040545,2021-02-12,regulatory,neutral,2,False,Deloitte; KPMG; SEC,
GE_0000040545-21-000013_chunk001,GENERAL ELECTRIC CO,0000040545,2021-02-12,regulatory,negative,4,False,Deloitte; KPMG LLP; Company,
GE_0000950142-21-000894_chunk000,GENERAL ELECTRIC CO,0000040545,2021-03-10,regulatory,negative,4,True,General Electric Company; AerCap Holdings N.V.; $24 billion; 111.5 million ordinary shares; $1 billion; GE Capital Aviation Services (GECAS),
GE_0000950142-21-000894_chunk001,GENERAL ELECTRIC CO,0000040545,2021-03-10,regulatory,negative,5,True,GE; AerCap; SEC,
GE_0000950142-21-000936_chunk000,GENERAL ELECTRIC CO,0000040545,2021-03-12,regulatory,neutral,2,False,"General Electric Company; GE Ireland USD Holdings ULC; GE Financial Holdings ULC; GE Capital US Holdings, Inc.; AerCap Holdings N.V.; AerCap US Aviation LLC; AerCap Aviation Leasing Limited; Ireland Company 1; Ireland Company 2; Ireland Company 3; U.S. Company",
GE_0000950142-21-000936_chunk001,GENERAL ELECTRIC CO,0000040545,2021-03-12,regulatory,neutral,3,True,GE; AerCap; CFIUS; AerCap shareholders; AerCap board of directors,
GE_0000950142-21-000936_chunk002,GENERAL ELECTRIC CO,0000040545,2021-03-12,regulatory,negative,4,True,GE; AerCap; shareholders; Long-Stop Date; fraud; tax matters; properties; assets; rights,
GE_0000950142-21-000936_chunk003,GENERAL ELECTRIC CO,0000040545,2021-03-12,regulatory,negative,4,True,GE; AerCap; Existing Shareholders,
GE_0000950142-21-000936_chunk004,GENERAL ELECTRIC CO,0000040545,2021-03-12,regulatory,neutral,2,False,AerCap; GE; AerCap Holdings N.V.; AerCap US Aviation LLC; AerCap Aviation Leasing Limited,
GE_0000950142-21-000936_chunk005,GENERAL ELECTRIC CO,0000040545,2021-03-12,regulatory,negative,4,True,GE; AerCap; SEC,
GE_0000950142-21-000936_chunk006,GENERAL ELECTRIC CO,0000040545,2021-03-12,regulatory,negative,4,True,GE; AerCap; SEC,
GE_0000040545-21-000019_chunk000,GENERAL ELECTRIC CO,0000040545,2021-03-31,regulatory,neutral,3,True,General Electric Company; AerCap Holdings N.V.; $23.9 billion; 111.5 million ordinary shares of AerCap; AerCap notes and/or cash,
GE_0000040545-21-000019_chunk001,GENERAL ELECTRIC CO,0000040545,2021-03-31,regulatory,negative,4,True,General Electric Company; AerCap; U.S. government,
GE_0000040545-21-000019_chunk002,GENERAL ELECTRIC CO,0000040545,2021-03-31,regulatory,negative,5,True,AerCap; GE; shareholders; government agencies,
GE_0000040545-21-000025_chunk000,GENERAL ELECTRIC CO,0000040545,2021-04-27,none,neutral,1,False,General Electric Company,
GE_0000040545-21-000030_chunk000,GENERAL ELECTRIC CO,0000040545,2021-05-07,none,neutral,1,False,"GE; Deloitte & Touche LLP; Sébastien Bazin; Ashton Carter; H. Lawrence Culp, Jr.; Francisco D’Souza; Thomas Horton; Risa Lavizzo-Mourey; Catherine Lesjak; Paula Rosput Reynolds; Leslie Seidman",
GE_0000040545-21-000030_chunk001,GENERAL ELECTRIC CO,0000040545,2021-05-07,regulatory,neutral,3,False,Paula Rosput Reynolds; Leslie Seidman; James Tisch; Say on Pay; Auditor Ratification; Reverse Stock Split; Multiple Candidate Elections; Independent Board Chairman; Report on Net Zero Indicator,
GE_0000930413-21-001104_chunk000,GENERAL ELECTRIC CO,0000040545,2021-05-24,regulatory,negative,4,True,General Electric Company; GE; General Electric Capital Corporation; GECAS; AerCap; GE Capital Global Holdings,
GE_0000930413-21-001104_chunk001,GENERAL ELECTRIC CO,0000040545,2021-05-24,operational,negative,5,True,GE; COVID-19; AerCap; Baker Hughes; GE Capital Global Holdings,
GE_0000930413-21-001104_chunk002,GENERAL ELECTRIC CO,0000040545,2021-05-24,none,negative,4,True,GE Capital Global Holdings; Bank BPH; GE Capital Global Holdings’ exposure to particular counterparties and markets; GECAS; aviation sector; COVID-19; global economic trends; competition and geopolitical risks; U.S. and China; global supply chains; Power business; renewable energy market; air travel; key geographic markets; Alstom; information technology; cybersecurity; data security breaches,bad risk_category 'multiple'
GE_0000930413-21-001104_chunk003,GENERAL ELECTRIC CO,0000040545,2021-05-24,regulatory,negative,3,True,SEC; Form 10-Q; Form 10-K,
GE_0000930413-21-001142_chunk000,GENERAL ELECTRIC CO,0000040545,2021-05-27,financial,neutral,2,False,"General Electric Company; JPMorgan Chase Bank, N.A.; $10 billion; $15 billion",
GE_0000930413-21-001142_chunk001,GENERAL ELECTRIC CO,0000040545,2021-05-27,none,neutral,1,False,"General Electric Company; JPMorgan Chase Bank, N.A.; Administrative Agent",
GE_0000930413-21-001174_chunk000,GENERAL ELECTRIC CO,0000040545,2021-06-08,regulatory,neutral,3,True,"General Electric Company; GE; General Electric Capital Corporation; GE Capital Global Holdings, LLC; AerCap Holdings N.V.",
GE_0000930413-21-001174_chunk001,GENERAL ELECTRIC CO,0000040545,2021-06-08,operational,negative,5,True,GE Capital Global Holdings; GE; COVID-19; AerCap; Baker Hughes,
GE_0000930413-21-001174_chunk002,GENERAL ELECTRIC CO,0000040545,2021-06-08,none,neutral,1,False,,no JSON object found in response
GE_0000930413-21-001174_chunk003,GENERAL ELECTRIC CO,0000040545,2021-06-08,regulatory,negative,3,True,GE; SEC,
GE_0000040545-21-000040_chunk000,GENERAL ELECTRIC CO,0000040545,2021-06-21,none,neutral,2,True,General Electric Company; SEC; GE,
GE_0000040545-21-000042_chunk000,GENERAL ELECTRIC CO,0000040545,2021-06-24,leadership,positive,2,True,GE Healthcare; GE; Kieran P. Murphy; Peter J. Arduini; Integra LifeSciences,
GE_0000040545-21-000051_chunk000,GENERAL ELECTRIC CO,0000040545,2021-07-27,none,neutral,1,False,General Electric Company; Securities Exchange Act of 1934; Securities Act of 1933,
GE_0001206774-21-001925_chunk000,GENERAL ELECTRIC CO,0000040545,2021-07-30,operational,neutral,2,False,General Electric Company; Securities and Exchange Commission; New York Stock Exchange; London Stock Exchange; Euronext Paris; SIX Swiss Exchange; Frankfurt Stock Exchange,
GE_0001206774-21-001925_chunk001,GENERAL ELECTRIC CO,0000040545,2021-07-30,none,neutral,1,False,General Electric Company,
GE_0000040545-21-000058_chunk000,GENERAL ELECTRIC CO,0000040545,2021-09-23,regulatory,neutral,3,True,General Electric Company; BK Medical; Altaris Capital Partners; $1.45 billion,
GE_0000040545-21-000058_chunk001,GENERAL ELECTRIC CO,0000040545,2021-09-23,financial,negative,4,True,GE Healthcare; BK Medical; SEC,
GE_0000040545-21-000063_chunk000,GENERAL ELECTRIC CO,0000040545,2021-10-26,none,neutral,1,False,General Electric Company,
GE_0000040545-21-000069_chunk000,GENERAL ELECTRIC CO,0000040545,2021-11-05,regulatory,neutral,2,True,General Electric Company; GECAS; AerCap Holdings N.V.; GE Capital Aviation Services; Energy Financial Services; run-off insurance operations,
GE_0000040545-21-000069_chunk001,GENERAL ELECTRIC CO,0000040545,2021-11-05,operational,neutral,2,False,GE Capital; Energy Financial Services; GECAS; 2021 Form 10-K,
GE_0000040545-21-000069_chunk002,GENERAL ELECTRIC CO,0000040545,2021-11-05,financial,negative,5,True,General Electric Company; GE; $37.2 billion; $33.8 billion; $5.0 billion; $4.8 billion; $0.3 billion; $3.1 billion,
GE_0000040545-21-000069_chunk003,GENERAL ELECTRIC CO,0000040545,2021-11-05,operational,negative,5,True,GE; GE Capital; AerCap; Baker Hughes; COVID-19,
GE_0000040545-21-000069_chunk004,GENERAL ELECTRIC CO,0000040545,2021-11-05,none,negative,5,True,GE Capital; AerCap; COVID-19; U.S.; China; global markets; Power business; Aviation business; trade policy; climate change; U.S. wind Production Tax Credit; GE; Alstom; information technology; cybersecurity,bad risk_category 'multiple'
GE_0000040545-21-000069_chunk005,GENERAL ELECTRIC CO,0000040545,2021-11-05,regulatory,neutral,2,True,"SEC; quarter ended March 31, 2021",
GE_0000950142-21-003661_chunk000,GENERAL ELECTRIC CO,0000040545,2021-11-09,regulatory,negative,4,True,GE; SEC; U.S. government,
GE_0000950142-21-003661_chunk001,GENERAL ELECTRIC CO,0000040545,2021-11-09,regulatory,neutral,3,False,GE; SEC,
GE_0000930413-21-001860_chunk000,GENERAL ELECTRIC CO,0000040545,2021-11-10,regulatory,negative,4,True,General Electric Company; SEC; Tender Offers,
GE_0000930413-21-001860_chunk001,GENERAL ELECTRIC CO,0000040545,2021-11-10,regulatory,negative,4,True,GE; SEC,
GE_0000930413-21-001922_chunk000,GENERAL ELECTRIC CO,0000040545,2021-11-29,regulatory,neutral,3,True,General Electric Company; SEC; Tender Offers,
GE_0000930413-21-001922_chunk001,GENERAL ELECTRIC CO,0000040545,2021-11-29,operational,negative,4,True,GE; spin-off transactions; market price of GE’s securities,
GE_0001206774-21-002929_chunk000,GENERAL ELECTRIC CO,0000040545,2021-12-22,leadership,negative,3,True,GE Healthcare; Kieran P. Murphy; GE,
GE_0000040545-22-000002_chunk000,GENERAL ELECTRIC CO,0000040545,2022-01-25,none,neutral,1,False,General Electric Company; Securities Exchange Act of 1934; Securities Act of 1933,
GE_0000040545-22-000004_chunk000,GENERAL ELECTRIC CO,0000040545,2022-02-10,financial,negative,4,True,General Electric Company; Électricité de France S.A.; GE Steam Power; Baker Hughes; AerCap,
GE_0000040545-22-000004_chunk001,GENERAL ELECTRIC CO,0000040545,2022-02-10,none,negative,5,True,GE; Baker Hughes; AerCap; Healthcare business; China; U.S.,bad risk_category 'multiple'
GE_0000040545-22-000004_chunk002,GENERAL ELECTRIC CO,0000040545,2022-02-10,regulatory,negative,4,True,GE; U.S. wind Production Tax Credit; Alstom,
GE_0000040545-22-000014_chunk000,GENERAL ELECTRIC CO,0000040545,2022-02-18,regulatory,neutral,2,True,General Electric Company; SEC; Baker,
GE_0000040545-22-000014_chunk001,GENERAL ELECTRIC CO,0000040545,2022-02-18,none,negative,5,True,GE; COVID-19; Baker Hughes; AerCap; Healthcare business; Bank BPH,bad risk_category 'multiple'
GE_0000040545-22-000014_chunk002,GENERAL ELECTRIC CO,0000040545,2022-02-18,none,negative,4,True,GE; U.S.; China; COVID-19; climate change; U.S. wind Production Tax Credit; Alstom,bad risk_category 'multiple'
GE_0000040545-22-000016_chunk000,GENERAL ELECTRIC CO,0000040545,2022-03-08,none,neutral,2,True,General Electric Company; New York Stock Exchange; $3 billion,
GE_0000040545-22-000016_chunk001,GENERAL ELECTRIC CO,0000040545,2022-03-08,operational,negative,4,True,GE; Baker Hughes; AerCap; COVID-19,
GE_0000040545-22-000016_chunk002,GENERAL ELECTRIC CO,0000040545,2022-03-08,none,negative,5,True,GE; Baker Hughes; AerCap; Healthcare business; Ukraine; Russia; China; GE Power business,bad risk_category 'multiple'
GE_0000040545-22-000016_chunk003,GENERAL ELECTRIC CO,0000040545,2022-03-08,none,neutral,3,True,GE; Alstom; U.S. wind Production Tax Credit; trade policy; taxes; research and development; climate change,bad risk_category 'multiple'
GE_0000040545-22-000018_chunk000,GENERAL ELECTRIC CO,0000040545,2022-03-17,leadership,negative,3,False,"General Electric Company; H. Lawrence Culp, Jr.",
GE_0000040545-22-000026_chunk000,GENERAL ELECTRIC CO,0000040545,2022-04-26,none,neutral,1,False,General Electric Company,
GE_0000040545-22-000030_chunk000,GENERAL ELECTRIC CO,0000040545,2022-04-29,legal,neutral,2,True,General Electric Company; COVID-19; global supply chain; world economy; credit ratings,
GE_0000040545-22-000030_chunk001,GENERAL ELECTRIC CO,0000040545,2022-04-29,regulatory,negative,4,True,GE; Baker Hughes; AerCap; COVID-19,
GE_0000040545-22-000030_chunk002,GENERAL ELECTRIC CO,0000040545,2022-04-29,none,negative,4,True,GE; Bank BPH; Russia; Ukraine; U.S.; China; GE Renewable Energy; GE Aviation; Alstom; U.S. wind Production Tax Credit,bad risk_category 'multiple'
GE_0000040545-22-000030_chunk003,GENERAL ELECTRIC CO,0000040545,2022-04-29,operational,negative,3,True,GE; SEC; 10-Q; 10-K,
GE_0000040545-22-000035_chunk000,GENERAL ELECTRIC CO,0000040545,2022-05-06,none,neutral,1,False,,no JSON object found in response
GE_0000040545-22-000035_chunk001,GENERAL ELECTRIC CO,0000040545,2022-05-06,regulatory,neutral,3,False,Catherine Lesjak; Tomislav Mihaljevic; Paula Rosput Reynolds; Leslie Seidman; Say on Pay; Auditor Ratification; 2022 LTIP; Cessation of Stock Option and Bonus Programs; Ratification of Termination Pay; Employee Representative Director,
GE_0000040545-22-000037_chunk000,GENERAL ELECTRIC CO,0000040545,2022-06-16,leadership,neutral,2,False,General Electric Company; Stephen F. Angel; Isabella D. Goren; Tomislav Mihaljevic; Board of Directors,
GE_0000040545-22-000043_chunk000,GENERAL ELECTRIC CO,0000040545,2022-06-27,leadership,positive,2,False,"General Electric Company; H. Lawrence Culp, Jr.; GE Aviation; Russell Stokes",
GE_0000040545-22-000048_chunk000,GENERAL ELECTRIC CO,0000040545,2022-07-26,none,neutral,1,False,General Electric Company,
GE_0000040545-22-000059_chunk000,GENERAL ELECTRIC CO,0000040545,2022-10-25,none,neutral,1,False,General Electric Company; Securities Exchange Act of 1934; Securities Act of 1933,
GE_0000930413-22-001930_chunk000,GENERAL ELECTRIC CO,0000040545,2022-11-08,financial,neutral,3,False,"General Electric Company; GE Healthcare Holding LLC; Citibank, N.A.",
GE_0000930413-22-001930_chunk001,GENERAL ELECTRIC CO,0000040545,2022-11-08,none,neutral,2,True,GEHC; SOFR; EURIBOR; GEHC's senior unsecured long-term debt ratings,"bad risk_category 'finan0.5, 2023-04-01t00:00:00z'"
GE_0000930413-22-001930_chunk002,GENERAL ELECTRIC CO,0000040545,2022-11-08,regulatory,neutral,2,False,GEHC; 5-Year Revolving Credit Facility; 364-Day Revolving Credit Facility; Term Loan Facility; November 7 Form 10,
GE_0000930413-22-001930_chunk003,GENERAL ELECTRIC CO,0000040545,2022-11-08,financial,neutral,3,False,"General Electric Company; GE Healthcare Holding LLC; Citibank, N.A.",
GE_0000930413-22-001930_chunk004,GENERAL ELECTRIC CO,0000040545,2022-11-08,regulatory,negative,4,True,GE; Tender Offer; GEHC; Baker Hughes Company; AerCap Holdings N.V,
GE_0000930413-22-001930_chunk005,GENERAL ELECTRIC CO,0000040545,2022-11-08,regulatory,negative,3,True,GE; SEC; 10-K; 10-Q,
GE_0001193125-22-292079_chunk000,GENERAL ELECTRIC CO,0000040545,2022-11-23,regulatory,negative,3,True,General Electric Company; SEC; GE Retirement Savings Plan; GE HealthCare Stock Fund,
GE_0001193125-22-292079_chunk001,GENERAL ELECTRIC CO,0000040545,2022-11-23,regulatory,neutral,3,False,General Electric Company; GE HealthCare Holding LLC; GE HealthCare; GE Stock Fund; GE Equity Securities,
GE_0001193125-22-292079_chunk002,GENERAL ELECTRIC CO,0000040545,2022-11-23,none,neutral,1,False,GE HealthCare Holding LLC; GE HealthCare Technologies Inc.; Securities and Exchange Commission; GE; GE HealthCare,
GE_0001193125-22-292079_chunk003,GENERAL ELECTRIC CO,0000040545,2022-11-23,regulatory,neutral,3,True,"GE HealthCare; The Bank of New York Mellon; BofA Securities, Inc.; Morgan Stanley & Co. LLC; GE; Spin-Off",
GE_0001193125-22-292079_chunk004,GENERAL ELECTRIC CO,0000040545,2022-11-23,regulatory,neutral,3,True,"GE HealthCare; GE; BofA Securities, Inc.; Morgan Stanley & Co. LLC; U.S. Securities Act; Regulation S; Rule 144A",
GE_0001193125-22-292079_chunk005,GENERAL ELECTRIC CO,0000040545,2022-11-23,regulatory,neutral,2,True,"GE; The Bank of New York Mellon; BofA Securities, Inc.; Morgan Stanley & Co. LLC",
GE_0001193125-22-292079_chunk006,GENERAL ELECTRIC CO,0000040545,2022-11-23,regulatory,negative,4,True,GE; GE Tender Offer; GE Vernova; Baker Hughes Company; AerCap Holdings N.V.; GEHC; COVID-19; recession; inflation; GE; de-leveraging; Form 10-K; Form 10-Q,
GE_0001193125-22-295436_chunk000,GENERAL ELECTRIC CO,0000040545,2022-11-30,regulatory,neutral,2,True,General Electric Company; GE HealthCare Holding LLC; GE HealthCare Technologies Inc.; Nasdaq Stock Market LLC; GE common stock; GE debt securities,
GE_0001193125-22-295436_chunk001,GENERAL ELECTRIC CO,0000040545,2022-11-30,regulatory,negative,4,True,GE; GE HealthCare; Baker Hughes Company; AerCap Holdings N.V.; GE Vernova,
GE_0001193125-22-295436_chunk002,GENERAL ELECTRIC CO,0000040545,2022-11-30,regulatory,negative,3,True,GE; SEC; Form 10-K; Form 10-Q,
GE_0000040545-22-000065_chunk000,GENERAL ELECTRIC CO,0000040545,2022-12-14,regulatory,neutral,3,True,"General Electric Company; GE HealthCare Holding LLC; H. Lawrence Culp, Jr.; Catherine Lesjak; Baker Hughes Company; AerCap Holdings N.V.",
GE_0000040545-22-000065_chunk001,GENERAL ELECTRIC CO,0000040545,2022-12-14,financial,negative,4,True,GE; GE Healthcare; COVID-19; inflation; supply chain constraints; interest rates; oil; natural gas; exchange rates,
GE_0001193125-23-001157_chunk000,GENERAL ELECTRIC CO,0000040545,2023-01-04,regulatory,neutral,2,False,Company; GE HealthCare; SEC,
GE_0001193125-23-001157_chunk001,GENERAL ELECTRIC CO,0000040545,2023-01-04,none,neutral,1,True,General Electric Company; GE HealthCare Technologies Inc.; Securities and Exchange Commission,
GE_0001193125-23-001157_chunk002,GENERAL ELECTRIC CO,0000040545,2023-01-04,regulatory,negative,4,True,GE; GE Vernova; Baker Hughes Company; AerCap Holdings N.V.; GE HealthCare; COVID-19; recession; inflation; supply chain constraints; interest rates; oil; natural gas; exchange rates; Form 10-K; Form 10-Q,
GE_0000040545-23-000015_chunk000,GENERAL ELECTRIC CO,0000040545,2023-01-09,regulatory,neutral,3,True,General Electric Company; GE Vernova; Baker Hughes Company; AerCap Holdings N,
GE_0000040545-23-000015_chunk001,GENERAL ELECTRIC CO,0000040545,2023-01-09,none,negative,4,True,GE; GE Vernova; Baker Hughes Company; AerCap Holdings N.V.; GE HealthCare Technologies Inc.; SEC; COVID-19; recession; inflation; supply chain constraints; interest rates; oil; natural gas; exchange rates,bad risk_category 'multiple'
GE_0000040545-23-000017_chunk000,GENERAL ELECTRIC CO,0000040545,2023-01-10,financial,neutral,3,True,GE HealthCare Technologies Inc.; General Electric Company; SEC; U.S. Securities and Exchange Commission,
GE_0000040545-23-000017_chunk001,GENERAL ELECTRIC CO,0000040545,2023-01-10,operational,negative,4,True,GE; GE Vernova; AerCap Holdings N.V.; GE HealthCare,
GE_0000040545-23-000019_chunk000,GENERAL ELECTRIC CO,0000040545,2023-01-24,none,neutral,1,False,General Electric Company; Securities Exchange Act of 1934; Securities Act of 1933,
GE_0000040545-23-000025_chunk000,GENERAL ELECTRIC CO,0000040545,2023-02-13,financial,neutral,3,True,"General Electric Company; DTC; LIBOR; $0.1 billion; Preferred Stock; March 15, 2023; EQ Shareowner Services",
GE_0000040545-23-000030_chunk000,GENERAL ELECTRIC CO,0000040545,2023-02-15,operational,neutral,2,False,"General Electric Company; GE HealthCare Technologies, Inc.; Nasdaq Stock Market LLC",
GE_0000040545-23-000030_chunk001,GENERAL ELECTRIC CO,0000040545,2023-02-15,regulatory,neutral,2,True,General Electric Company; Securities Act of 1933; Exchange Act,
GE_0000040545-23-000030_chunk002,GENERAL ELECTRIC CO,0000040545,2023-02-15,operational,negative,4,True,GE; GE Vernova; AerCap Holdings N.V.; GE HealthCare Technologies Inc.; Russia; Ukraine; U.S.; China,
GE_0000040545-23-000033_chunk000,GENERAL ELECTRIC CO,0000040545,2023-02-27,regulatory,neutral,3,True,General Electric Company; GE Vernova; AerCap Holdings N.V.; GE HealthCare Technologies Inc.,
GE_0000040545-23-000033_chunk001,GENERAL ELECTRIC CO,0000040545,2023-02-27,financial,negative,4,True,GE; GE HealthCare Technologies Inc.; AerCap Holdings N.V.; Russia; Ukraine; U.S.; China,
GE_0000040545-23-000078_chunk000,GENERAL ELECTRIC CO,0000040545,2023-03-14,none,neutral,1,True,General Electric Company; Francisco D’Souza; Leslie Seidman; Darren W. McDew; Jessica Uhl; Isabella Goren,
GE_0000040545-23-000078_chunk001,GENERAL ELECTRIC CO,0000040545,2023-03-14,regulatory,negative,4,True,GE; GE Vernova; AerCap Holdings N.V.; GE HealthCare Technologies Inc.; Russia; Ukraine; U.S.; China,
GE_0000040545-23-000078_chunk002,GENERAL ELECTRIC CO,0000040545,2023-03-14,regulatory,neutral,3,True,GE; SEC; United States,
GE_0000040545-23-000137_chunk000,GENERAL ELECTRIC CO,0000040545,2023-04-25,regulatory,neutral,2,False,General Electric Company; GE HealthCare Technologies Inc.; GE; Nasdaq Stock Market LLC,
GE_0000040545-23-000137_chunk001,GENERAL ELECTRIC CO,0000040545,2023-04-25,regulatory,neutral,2,False,General Electric Company; SEC; Deloitte & Touche LLP; KPMG LLP,
GE_0000040545-23-000137_chunk002,GENERAL ELECTRIC CO,0000040545,2023-04-25,operational,neutral,3,True,General Electric Company; GE Vernova; COVID-19; credit ratings,
GE_0000040545-23-000137_chunk003,GENERAL ELECTRIC CO,0000040545,2023-04-25,operational,negative,4,True,GE; GE Vernova; AerCap Holdings N.V.; GE HealthCare; Russia; Ukraine; U.S.; China,
GE_0000040545-23-000137_chunk004,GENERAL ELECTRIC CO,0000040545,2023-04-25,none,neutral,3,True,GE; Bank BPH; Alstom; COVID-19; inflation reduction act,bad risk_category 'multiple'
GE_0000040545-23-000137_chunk005,GENERAL ELECTRIC CO,0000040545,2023-04-25,regulatory,neutral,3,True,GE,
GE_0000040545-23-000135_chunk000,GENERAL ELECTRIC CO,0000040545,2023-04-25,none,neutral,1,False,General Electric Company,
GE_0001193125-23-138265_chunk000,GENERAL ELECTRIC CO,0000040545,2023-05-08,none,neutral,1,False,"General Electric Company; Deloitte & Touche LLP; Stephen Angel; Sébastien Bazin; H. Lawrence Culp, Jr.; Edward Garden; Isabella Goren; Thomas Horton; Catherine Lesjak; Darren McDew; Paula Rosput Reynolds; Jessica Uhl",
GE_0001193125-23-138265_chunk001,GENERAL ELECTRIC CO,0000040545,2023-05-08,none,neutral,1,False,,no JSON object found in response
GE_0000040545-23-000150_chunk000,GENERAL ELECTRIC CO,0000040545,2023-05-17,none,neutral,1,False,"General Electric Company; New York; Secretary of State of New York; GE's Vice President, Litigation",
GE_0001308179-23-000866_chunk000,GENERAL ELECTRIC CO,0000040545,2023-05-18,leadership,neutral,2,True,"General Electric Company; Carolina Dybeck Happe; Rahul Ghai; GE Aerospace; Otis Worldwide Corporation; Harris Corporation; L3Harris Technologies, Inc.",
GE_0000040545-23-000200_chunk000,GENERAL ELECTRIC CO,0000040545,2023-07-25,financial,neutral,3,True,General Electric Company; The Depository Trust Company; LIBOR,
GE_0000040545-23-000200_chunk001,GENERAL ELECTRIC CO,0000040545,2023-07-25,financial,neutral,2,False,EQ Shareowner Services; Centre Pointe Curve; Mendota Heights; MN; 55120,
GE_0000040545-23-000196_chunk000,GENERAL ELECTRIC CO,0000040545,2023-07-25,none,neutral,1,False,General Electric Company; Securities Exchange Act of 1934; Securities Act of 1933,
GE_0000040545-23-000240_chunk000,GENERAL ELECTRIC CO,0000040545,2023-10-24,none,neutral,1,False,General Electric Company; Securities Exchange Act of 1934; Securities Act of 1933,
GE_0000040545-23-000245_chunk000,GENERAL ELECTRIC CO,0000040545,2023-11-14,leadership,neutral,2,True,General Electric Company; Paula Rosput Reynolds; Jessica Uhl,
GE_0000040545-24-000022_chunk000,GENERAL ELECTRIC CO,0000040545,2024-01-16,leadership,neutral,2,False,General Electric Company; Carolina Dybeck Happe; Rahul Ghai,
GE_0000040545-24-000024_chunk000,GENERAL ELECTRIC CO,0000040545,2024-01-23,none,neutral,1,False,General Electric Company; Securities Exchange Act of 1934; Securities Act of 1933,
GE_0000040545-24-000042_chunk000,GENERAL ELECTRIC CO,0000040545,2024-02-29,none,neutral,1,False,General Electric Company; Board of Directors; Margaret Billson; Thomas Enders,
GE_0000040545-24-000041_chunk000,GENERAL ELECTRIC CO,0000040545,2024-02-29,regulatory,neutral,3,True,General Electric Company; SEC; GE Retirement Savings Plan; GE Vernova Stock Fund,
GE_0000040545-24-000041_chunk001,GENERAL ELECTRIC CO,0000040545,2024-02-29,regulatory,neutral,3,False,General Electric Company; GE Vernova; Securities Exchange Act of 1934,
GE_0000040545-24-000041_chunk002,GENERAL ELECTRIC CO,0000040545,2024-02-29,none,neutral,1,False,GE Vernova; General Electric Company; Securities and Exchange Commission,
GE_0000040545-24-000041_chunk003,GENERAL ELECTRIC CO,0000040545,2024-02-29,regulatory,negative,4,True,GE; GE HealthCare; SEC,
GE_0000040545-24-000040_chunk000,GENERAL ELECTRIC CO,0000040545,2024-02-29,regulatory,neutral,2,True,General Electric Company; GE Vernova LLC; GE Vernova Inc.; New York Stock Exchange; GE common stock,
GE_0000040545-24-000040_chunk001,GENERAL ELECTRIC CO,0000040545,2024-02-29,regulatory,negative,4,True,GE; GE HealthCare; SEC; 8-K,
GE_0000040545-24-000056_chunk000,GENERAL ELECTRIC CO,0000040545,2024-03-07,regulatory,neutral,3,True,General Electric Company; GE; GE Vernova; GE HealthCare,
GE_0000040545-24-000056_chunk001,GENERAL ELECTRIC CO,0000040545,2024-03-07,financial,neutral,3,True,GE; GE HealthCare; GE’s equity interest in GE HealthCare,
GE_0001193125-24-084038_chunk000,GENERAL ELECTRIC CO,0000040545,2024-04-02,regulatory,neutral,2,False,"Company; GE Vernova; SEC; April 2, 2024; May 27, 2024",
GE_0001193125-24-084038_chunk001,GENERAL ELECTRIC CO,0000040545,2024-04-02,financial,neutral,3,True,"Company; JPMorgan Chase Bank, N.A.; $10.0 billion; $3.0 billion; Credit Facility; EURIBOR; Term SOFR",
GE_0001193125-24-084038_chunk002,GENERAL ELECTRIC CO,0000040545,2024-04-02,regulatory,neutral,2,False,Company; EURIBOR; New York; Secretary of State,
GE_0001193125-24-084038_chunk003,GENERAL ELECTRIC CO,0000040545,2024-04-02,regulatory,neutral,2,False,"General Electric Company; GE Vernova Inc.; New York State; Schenectady; Niskayuna; JPMorgan Chase Bank, N.A.",
GE_0001193125-24-084038_chunk004,GENERAL ELECTRIC CO,0000040545,2024-04-02,regulatory,negative,4,True,GE Aerospace; Securities and Exchange Commission; GE HealthCare,
GE_0000040545-24-000089_chunk000,GENERAL ELECTRIC CO,0000040545,2024-04-08,leadership,neutral,2,True,General Electric Company; Robert Giglietti; Thomas S. Timko; Michael J. Holston; L. Kevin Cox,
GE_0000040545-24-000088_chunk000,GENERAL ELECTRIC CO,0000040545,2024-04-08,regulatory,negative,4,True,General Electric Company; GE Aerospace; GE HealthCare,
GE_0000040545-24-000088_chunk001,GENERAL ELECTRIC CO,0000040545,2024-04-08,regulatory,neutral,2,True,GE Aerospace; SEC; Form 10-K,
GE_0000040545-24-000097_chunk000,GENERAL ELECTRIC CO,0000040545,2024-04-11,operational,neutral,2,False,General Electric Company; GE Vernova; New York Stock Exchange; GEAerospace,
GE_0000040545-24-000097_chunk001,GENERAL ELECTRIC CO,0000040545,2024-04-11,operational,neutral,3,True,General Electric Company; GE Aerospace,
GE_0000040545-24-000097_chunk002,GENERAL ELECTRIC CO,0000040545,2024-04-11,regulatory,neutral,3,True,GE Aerospace; GE HealthCare,
GE_0000040545-24-000112_chunk000,GENERAL ELECTRIC CO,0000040545,2024-04-23,none,neutral,1,False,General Electric Company; GE Aerospace,
GE_0000040545-24-000147_chunk000,GENERAL ELECTRIC CO,0000040545,2024-05-10,none,neutral,1,False,"General Electric Company; Deloitte & Touche LLP; Sébastien Bazin; H. Lawrence Culp, Jr.; Thomas Enders; Edward Garden; Isabella Goren; Thomas Horton; Catherine Lesjak; Darren McDew",
GE_0000040545-24-000147_chunk001,GENERAL ELECTRIC CO,0000040545,2024-05-10,operational,neutral,3,True,Say on Pay; Auditor Ratification; Independent Board Chairman; Voluntary Carbon-Reduction Commitments,
GE_0000040545-24-000166_chunk000,GENERAL ELECTRIC CO,0000040545,2024-06-21,regulatory,neutral,2,False,General Electric Company; GE Vernova; New York Stock Exchange; GE Aerospace,
GE_0000040545-24-000166_chunk001,GENERAL ELECTRIC CO,0000040545,2024-06-21,financial,negative,4,True,GE Aerospace; GE HealthCare; Securities Act of 1933; Exchange Act,
GE_0000040545-24-000166_chunk002,GENERAL ELECTRIC CO,0000040545,2024-06-21,financial,negative,4,True,GE Aerospace; GE HealthCare; GE Aerospace’s equity interest in GE HealthCare; GE Aerospace’s capital allocation plans,
GE_0000950142-24-001825_chunk000,GENERAL ELECTRIC CO,0000040545,2024-07-01,leadership,positive,2,True,"General Electric Company; GE Aerospace; H. Lawrence Culp, Jr.; $2,000,000; 200% of base salary; $15,250,000; performance share units",
GE_0000950142-24-001825_chunk001,GENERAL ELECTRIC CO,0000040545,2024-07-01,leadership,positive,2,True,"H. Lawrence Culp, Jr.; General Electric Company; EPS CAGR; 2028",
GE_0000950142-24-001825_chunk002,GENERAL ELECTRIC CO,0000040545,2024-07-01,operational,negative,4,True,GE Aerospace; GE HealthCare; General Electric Company,
GE_0000040545-24-000174_chunk000,GENERAL ELECTRIC CO,0000040545,2024-07-23,none,neutral,1,False,General Electric Company; GE Aerospace,
GE_0000040545-24-000199_chunk000,GENERAL ELECTRIC CO,0000040545,2024-10-22,none,neutral,1,False,General Electric Company; GE Aerospace,
GOOGL_0001652044-21-000006_chunk000,Alphabet Inc.,0001652044,2021-02-02,none,positive,1,False,Alphabet Inc.; Securities Exchange Act of 1934; Securities Act of 1933,
GOOGL_0001193125-21-069770_chunk000,Alphabet Inc.,0001652044,2021-03-04,regulatory,negative,3,False,Alphabet Inc.; Ruth Porat; Google; Morgan Stanley,
GOOGL_0001193125-21-111624_chunk000,Alphabet Inc.,0001652044,2021-04-09,none,positive,2,True,Alphabet Inc.; Ruth Porat; S&P 100; Alphabet’s Class C capital stock,
GOOGL_0001193125-21-111624_chunk001,Alphabet Inc.,0001652044,2021-04-09,none,positive,1,False,Ms. Porat; Alphabet; Class C capital stock; GSUs,
GOOGL_0001652044-21-000018_chunk000,Alphabet Inc.,0001652044,2021-04-27,none,positive,1,False,Alphabet Inc.; Securities Exchange Act of 1934; Securities Act of 1933,
GOOGL_0001193125-21-182989_chunk000,Alphabet Inc.,0001652044,2021-06-04,none,neutral,1,False,Alphabet Inc.; Larry Page; Sergey Brin,
GOOGL_0001193125-21-182989_chunk001,Alphabet Inc.,0001652044,2021-06-04,regulatory,neutral,2,False,Ernst & Young LLP; Alphabet; John L. Hennessy; Ann Mather; Alan R. Mulally; K. Ram Shriram; Robin L. Washington,
GOOGL_0001193125-21-182989_chunk002,Alphabet Inc.,0001652044,2021-06-04,regulatory,negative,4,False,stockholder proposal; human rights and/0r civil rights expert; sustainability metrics; takedown requests; whistleblower policies and practices; charitable contributions; anticompetitive practices; public benefit corporation,
GOOGL_0001193125-21-182989_chunk003,Alphabet Inc.,0001652044,2021-06-04,none,neutral,2,False,Alphabet Inc.; Broker; holder; Interactive Data File,
GOOGL_0001193125-21-210942_chunk000,Alphabet Inc.,0001652044,2021-07-08,legal,negative,4,False,Alphabet Inc.; Google; United States District Court for the Northern District of California,
GOOGL_0001652044-21-000041_chunk000,Alphabet Inc.,0001652044,2021-07-27,none,positive,1,False,Alphabet Inc.; Securities Exchange Act of 1934; Securities Act of 1933,
GOOGL_0001652044-21-000054_chunk000,Alphabet Inc.,0001652044,2021-10-26,none,positive,1,False,Alphabet Inc.; Securities Exchange Act of 1934; Securities Act of 1933,
GOOGL_0001652044-22-000009_chunk000,Alphabet Inc.,0001652044,2022-01-04,regulatory,neutral,2,True,Alphabet Inc.; Alphabet; Google; Ruth Porat; Prabhakar Raghavan; Philipp Schindler; Kent Walker,
GOOGL_0001652044-22-000009_chunk001,Alphabet Inc.,0001652044,2022-01-04,regulatory,neutral,2,True,Mr. Walker; Alphabet; Class C capital stock; S&P 100; PSUs; GSUs,
GOOGL_0001652044-22-000009_chunk002,Alphabet Inc.,0001652044,2022-01-04,none,positive,1,False,Alphabet; Class C stock; GSBUs,
GOOGL_0001652044-22-000015_chunk000,Alphabet Inc.,0001652044,2022-02-01,none,positive,1,True,Alphabet Inc.; Board of Directors; Class A Common Stock; Class B Common Stock; Class C Capital Stock; Annual Meeting,
GOOGL_0001652044-22-000015_chunk001,Alphabet Inc.,0001652044,2022-02-01,none,positive,1,False,Alphabet Inc.,
GOOGL_0001652044-22-000025_chunk000,Alphabet Inc.,0001652044,2022-04-26,none,neutral,1,False,Alphabet Inc.; Securities Exchange Act of 1934; Securities Act of 1933,
GOOGL_0001193125-22-167375_chunk000,Alphabet Inc.,0001652044,2022-06-03,none,neutral,1,False,Alphabet Inc.; SEC; Delaware,
GOOGL_0001193125-22-167375_chunk001,Alphabet Inc.,0001652044,2022-06-03,none,neutral,1,False,"Alphabet; Larry Page; Sergey Brin; Sundar Pichai; John L. Hennessy; Frances H. Arnold; L. John Doerr; Roger W. Ferguson, Jr.",
GOOGL_0001193125-22-167375_chunk002,Alphabet Inc.,0001652044,2022-06-03,regulatory,neutral,2,False,"Alphabet; Ernst & Young LLP; John Doerr; Roger W. Ferguson, Jr.; Ann Mather; K. Ram Shriram; Robin L. Washington",
GOOGL_0001193125-22-167375_chunk003,Alphabet Inc.,0001652044,2022-06-03,none,neutral,1,False,,no JSON object found in response
GOOGL_0001193125-22-167375_chunk004,Alphabet Inc.,0001652044,2022-06-03,regulatory,negative,4,False,stockholder; proposal; data collection; privacy; security; algorithm disclosures; misinformation; disinformation; external costs; board diversity; environmental sustainability; non-management employee representative director; policies regarding military and militarized policing agencies,
GOOGL_0001193125-22-167375_chunk005,Alphabet Inc.,0001652044,2022-06-03,none,neutral,1,False,Alphabet Inc.; Robin L. Washington,
GOOGL_0001193125-22-192153_chunk000,Alphabet Inc.,0001652044,2022-07-13,none,positive,2,True,Alphabet Inc.; Google; Sundar Pichai,
GOOGL_0001193125-22-192153_chunk001,Alphabet Inc.,0001652044,2022-07-13,none,positive,1,False,Google,
GOOGL_0001193125-22-193655_chunk000,Alphabet Inc.,0001652044,2022-07-14,leadership,positive,2,False,"Alphabet Inc.; R. Martin Chávez; Goldman Sachs; Sixth Street; Kiodex; Quorum Software Systems; Recursion Pharmaceuticals, Inc.; Banco Santander, S.A.; Broad Institute of MIT and Harvard; Stanford Medicine Board of Fellows; Los Angeles Philharmonic",
GOOGL_0001193125-22-193655_chunk001,Alphabet Inc.,0001652044,2022-07-14,leadership,positive,2,False,Mr. Chávez; Broad Institute; Stanford Medicine Board of Fellows; Los Angeles Philharmonic; Harvard University; Stanford University; GSUs; Company,
GOOGL_0001193125-22-193655_chunk002,Alphabet Inc.,0001652044,2022-07-14,none,neutral,1,False,R. Martin Chávez; Alphabet Inc.,
GOOGL_0001652044-22-000068_chunk000,Alphabet Inc.,0001652044,2022-07-26,none,positive,1,False,Alphabet Inc.; Securities Exchange Act of 1934; Securities Act of 1933,
GOOGL_0001652044-22-000085_chunk000,Alphabet Inc.,0001652044,2022-10-25,none,neutral,1,False,Alphabet Inc.; Securities Exchange Act of 1934; Alphabet Inc. Amended and Restated Bylaws,
GOOGL_0001652044-22-000085_chunk001,Alphabet Inc.,0001652044,2022-10-25,none,neutral,1,False,Alphabet Inc.,
GOOGL_0001193125-22-310153_chunk000,Alphabet Inc.,0001652044,2022-12-21,regulatory,positive,2,True,Alphabet Inc.; Sundar Pichai; Alphabet’s Class C capital stock; S&P 100,
GOOGL_0001193125-22-310153_chunk001,Alphabet Inc.,0001652044,2022-12-21,none,neutral,2,False,Alphabet; Mr. Pichai; Class C capital stock; Amended and Restated 2021 Stock Plan,
GOOGL_0001193125-23-011424_chunk000,Alphabet Inc.,0001652044,2023-01-20,operational,negative,4,True,Alphabet Inc.; Google; Sundar Pichai; U.S.; local laws; AI,
GOOGL_0001193125-23-011424_chunk001,Alphabet Inc.,0001652044,2023-01-20,none,positive,2,True,Google; Sundar,
GOOGL_0001652044-23-000005_chunk000,Alphabet Inc.,0001652044,2023-01-25,legal,negative,5,False,U.S. Department of Justice; state Attorneys General; Alphabet Inc.; Google,
GOOGL_0001652044-23-000013_chunk000,Alphabet Inc.,0001652044,2023-02-02,none,positive,1,False,Alphabet Inc.; Securities Exchange Act of 1934; Securities Act of 1933,
GOOGL_0001652044-23-000034_chunk000,Alphabet Inc.,0001652044,2023-04-20,regulatory,neutral,2,False,Alphabet Inc.,
GOOGL_0001193125-23-110657_chunk000,Alphabet Inc.,0001652044,2023-04-21,none,neutral,1,True,Alphabet Inc.; Alphabet; Google; Ruth Porat; Prabhakar Raghavan; Philipp Schindler; Kent Walker,
GOOGL_0001193125-23-110657_chunk001,Alphabet Inc.,0001652044,2023-04-21,none,neutral,2,True,Alphabet; Class C capital stock; GSUs; 2021 Stock Plan,
GOOGL_0001652044-23-000041_chunk000,Alphabet Inc.,0001652044,2023-04-25,none,neutral,1,False,Alphabet Inc.; Securities Exchange Act of 1934; Securities Act of 1933,
GOOGL_0001193125-23-163590_chunk000,Alphabet Inc.,0001652044,2023-06-08,leadership,negative,3,False,Alphabet Inc.; Larry Page,
GOOGL_0001193125-23-163590_chunk001,Alphabet Inc.,0001652044,2023-06-08,regulatory,neutral,2,False,Alphabet; Ernst & Young LLP; John L. Hennessy; K. Ram Shriram; Robin L. Washington,
GOOGL_0001193125-23-163590_chunk002,Alphabet Inc.,0001652044,2023-06-08,regulatory,neutral,2,False,Alphabet; SEC; stockholders; executive officers; lobbying report; climate lobbying report,
GOOGL_0001193125-23-163590_chunk003,Alphabet Inc.,0001652044,2023-06-08,none,neutral,1,False,,no JSON object found in response
GOOGL_0001193125-23-163590_chunk004,Alphabet Inc.,0001652044,2023-06-08,regulatory,negative,3,False,Alphabet Inc.; SEC; 2021 Stock Plan,
GOOGL_0001652044-23-000067_chunk000,Alphabet Inc.,0001652044,2023-07-25,none,positive,1,False,Alphabet Inc.; Ruth Porat; Google,
GOOGL_0001652044-23-000088_chunk000,Alphabet Inc.,0001652044,2023-10-24,leadership,positive,2,False,Alphabet Inc.; Ann Mather; Robin L. Washington; Roger W. Ferguson Jr.,
GOOGL_0001652044-23-000088_chunk001,Alphabet Inc.,0001652044,2023-10-24,none,neutral,1,False,Alphabet Inc.,
GOOGL_0001652044-24-000014_chunk000,Alphabet Inc.,0001652044,2024-01-30,none,neutral,1,False,Alphabet Inc.; Securities Exchange Act of 1934; Securities Act of 1933,
GOOGL_0001652044-24-000032_chunk000,Alphabet Inc.,0001652044,2024-02-08,regulatory,negative,3,False,"Alphabet Inc.; TRC Capital Investment Corporation; $138.90; $145.41; February 6, 2024; March 8, 2024",
GOOGL_0001652044-24-000047_chunk000,Alphabet Inc.,0001652044,2024-04-25,none,neutral,1,False,Alphabet Inc.; Board of Directors; Class A shares; Class B shares; Class C shares,
GOOGL_0001193125-24-154725_chunk000,Alphabet Inc.,0001652044,2024-06-05,none,positive,1,False,Alphabet Inc.; Anat Ashkenazi; Eli Lilly and Company,
GOOGL_0001193125-24-157498_chunk000,Alphabet Inc.,0001652044,2024-06-07,leadership,positive,2,True,Alphabet Inc.; Anat Ashkenazi; $9.9 million; $13.1 million; $17.0 million; $6.0 million; $5.0 million,
GOOGL_0001193125-24-157498_chunk001,Alphabet Inc.,0001652044,2024-06-07,none,neutral,1,False,,
GOOGL_0001193125-24-160721_chunk000,Alphabet Inc.,0001652044,2024-06-13,none,neutral,1,False,Alphabet Inc.; Larry Page; Sergey Brin; Sundar Pichai; John L. Hennessy; Frances H. Arnold; R. Martin Chávez,
GOOGL_0001193125-24-160721_chunk001,Alphabet Inc.,0001652044,2024-06-13,regulatory,negative,3,True,Alphabet; Ernst & Young LLP; K. Ram Shriram; Robin L. Washington,
GOOGL_0001193125-24-160721_chunk002,Alphabet Inc.,0001652044,2024-06-13,regulatory,negative,4,False,stockholder proposals; director transparency; climate risks; lobbying report; equal shareholder voting; reproductive healthcare misinformation; AI principles; generative AI misinformation; human rights assessment; targeted ad policies,
GOOGL_0001193125-24-160721_chunk003,Alphabet Inc.,0001652044,2024-06-13,none,neutral,1,False,stockholder proposal; online safety; children,
GOOGL_0001193125-24-168745_chunk000,Alphabet Inc.,0001652044,2024-06-26,regulatory,neutral,2,False,Alphabet Inc.; Tutanota LLC,
GOOGL_0001652044-24-000076_chunk000,Alphabet Inc.,0001652044,2024-07-23,none,neutral,1,False,"Alphabet Inc.; SEC; July 23, 2024",
GOOGL_0001652044-24-000085_chunk000,Alphabet Inc.,0001652044,2024-08-06,legal,negative,5,False,Google; Alphabet Inc.; Judge Amit P. Mehta; U.S. District Court for the District of Columbia,
GOOGL_0001652044-24-000097_chunk000,Alphabet Inc.,0001652044,2024-09-24,regulatory,neutral,2,False,Alphabet Inc.; Tutanota LLC; $180; Class C capital stock,
GOOGL_0001193125-24-238769_chunk000,Alphabet Inc.,0001652044,2024-10-17,leadership,positive,2,False,Alphabet Inc.; Prabhakar Raghavan; Google LLC,
GOOGL_0001652044-24-000115_chunk000,Alphabet Inc.,0001652044,2024-10-29,none,positive,1,False,"Alphabet Inc.; SEC; October 29, 2024",
HD_0001193125-21-004182_chunk000,"HOME DEPOT, INC.",0000354950,2021-01-07,financial,neutral,2,False,"The Home Depot, Inc.; BofA Securities, Inc.; Deutsche Bank Securities Inc.; J.P. Morgan Securities LLC; Morgan Stanley & Co. LLC; Bank of New York Mellon Trust Company, N.A.",
HD_0001193125-21-004182_chunk001,"HOME DEPOT, INC.",0000354950,2021-01-07,none,neutral,1,False,"The Home Depot, Inc.; BofA Securities, Inc.; Deutsche Bank Securities Inc.; J.P. Morgan Securities LLC; Morgan Stanley & Co. LLC; The Bank of New York Mellon Trust Company, N.A.; Alston & Bird LLP",
HD_0000354950-21-000009_chunk000,"HOME DEPOT, INC.",0000354950,2021-02-01,none,neutral,1,False,"The Home Depot, Inc.; JPMorgan Chase Bank",
HD_0000354950-21-000052_chunk000,"HOME DEPOT, INC.",0000354950,2021-02-23,financial,neutral,2,False,"The Home Depot, Inc.; Securities Exchange Act of 1934; Securities Act of 1933",
HD_0000354950-21-000055_chunk000,"HOME DEPOT, INC.",0000354950,2021-03-01,none,positive,1,False,"The Home Depot, Inc.; Leadership Development and Compensation Committee; Board of Directors",
HD_0000354950-21-000121_chunk000,"HOME DEPOT, INC.",0000354950,2021-05-18,none,neutral,1,False,"The Home Depot, Inc.; Securities Exchange Act of 1934; Securities Act of 1933",
HD_0000354950-21-000158_chunk000,"HOME DEPOT, INC.",0000354950,2021-05-26,none,positive,1,False,"The Home Depot, Inc.; KPMG LLP",
HD_0000354950-21-000158_chunk001,"HOME DEPOT, INC.",0000354950,2021-05-26,none,neutral,2,False,KPMG LLP; Company; executive compensation; shareholder; prison labor; supply chain,
HD_0000354950-21-000169_chunk000,"HOME DEPOT, INC.",0000354950,2021-06-02,regulatory,negative,3,False,"The Home Depot, Inc.; Tutanota LLC; $360.00; June 18, 2021",
HD_0000354950-21-000181_chunk000,"HOME DEPOT, INC.",0000354950,2021-08-17,financial,neutral,2,False,"The Home Depot, Inc.; Securities Exchange Act of 1934; Securities Act of 1933",
HD_0001193125-21-268825_chunk000,"HOME DEPOT, INC.",0000354950,2021-09-09,none,neutral,1,False,"The Home Depot, Inc.; BofA Securities, Inc.; Goldman Sachs & Co. LLC; J.P. Morgan Securities LLC; U.S. Bancorp Investments, Inc.; Securities and Exchange Commission; Form S-3",
HD_0001193125-21-268825_chunk001,"HOME DEPOT, INC.",0000354950,2021-09-09,none,neutral,1,False,"The Home Depot, Inc.; BofA Securities, Inc.; Goldman Sachs & Co. LLC; J.P. Morgan Securities LLC; U.S. Bancorp Investments, Inc.",
HD_0001193125-21-278296_chunk000,"HOME DEPOT, INC.",0000354950,2021-09-21,financial,neutral,2,False,"The Home Depot, Inc.; Deutsche Bank Trust Company Americas; 1.500% Note; 1.875% Note; 2.750% Note",
HD_0001193125-21-278296_chunk001,"HOME DEPOT, INC.",0000354950,2021-09-21,none,neutral,1,False,Alston & Bird LLP,
HD_0000354950-21-000209_chunk000,"HOME DEPOT, INC.",0000354950,2021-10-13,leadership,neutral,1,False,"The Home Depot, Inc.; Ms. Helena B. Foulkes",
HD_0000354950-21-000212_chunk000,"HOME DEPOT, INC.",0000354950,2021-10-22,leadership,negative,2,False,"The Home Depot, Inc.",
HD_0000354950-21-000216_chunk000,"HOME DEPOT, INC.",0000354950,2021-11-16,none,neutral,1,False,"The Home Depot, Inc.; Securities Exchange Act of 1934; Securities Act of 1933",
HD_0000354950-22-000003_chunk000,"HOME DEPOT, INC.",0000354950,2022-01-27,leadership,neutral,2,False,"The Home Depot, Inc.; Edward “Ted” P. Decker; Craig A. Menear",
HD_0000354950-22-000025_chunk000,"HOME DEPOT, INC.",0000354950,2022-02-22,none,neutral,1,False,"The Home Depot, Inc.",
HD_0000354950-22-000028_chunk000,"HOME DEPOT, INC.",0000354950,2022-02-24,none,positive,1,False,"The Home Depot, Inc.; Nominating and Corporate Governance Committee; Finance Committee; Leadership Development and Compensation Committee",
HD_0000354950-22-000053_chunk000,"HOME DEPOT, INC.",0000354950,2022-03-01,leadership,neutral,2,True,"The Home Depot, Inc.; Edward P. Decker; Craig A. Menear; $1.4 million; 200% of base salary; $10.2 million; performance goals; 90% of the operating profit target",
HD_0000354950-22-000053_chunk001,"HOME DEPOT, INC.",0000354950,2022-03-01,leadership,neutral,3,True,"Mr. Decker; Mr. Menear; $750,000; LC Committee; $7.3 million",
HD_0001193125-22-086677_chunk000,"HOME DEPOT, INC.",0000354950,2022-03-28,financial,neutral,2,False,"The Home Depot, Inc.; Barclays Capital Inc.; BofA Securities, Inc.; J.P. Morgan Securities LLC; Morgan Stanley & Co. LLC; The Bank of New York Mellon Trust Company, N.A.",
HD_0001193125-22-086677_chunk001,"HOME DEPOT, INC.",0000354950,2022-03-28,none,neutral,1,False,"York Trust Company; The Home Depot, Inc.; Barclays Capital Inc.; BofA Securities, Inc.; J.P. Morgan Securities LLC; Morgan Stanley & Co. LLC; The Bank of New York Mellon Trust Company, N.A.",
HD_0000354950-22-000121_chunk000,"HOME DEPOT, INC.",0000354950,2022-04-19,none,positive,1,False,"The Home Depot, Inc.; Matthew A. Carey; $125,000",
HD_0000354950-22-000125_chunk000,"HOME DEPOT, INC.",0000354950,2022-05-17,none,neutral,1,False,"The Home Depot, Inc.; Securities Exchange Act of 1934; Securities Act of 1933",
HD_0000354950-22-000166_chunk000,"HOME DEPOT, INC.",0000354950,2022-05-24,none,positive,2,False,"The Home Depot, Inc.; Internal Revenue Code § 162(m); LDC Committee; Omnibus Plan",
HD_0000354950-22-000166_chunk001,"HOME DEPOT, INC.",0000354950,2022-05-24,none,neutral,1,False,"The Home Depot, Inc.; Gerard J. Arpey; Ari Bousbib; Jeffery H. Boyd; Gregory D. Brenneman; J. Frank Brown; Albert P. Carey; Edward P. Decker; Linda R. Gooden",
HD_0000354950-22-000166_chunk002,"HOME DEPOT, INC.",0000354950,2022-05-24,regulatory,neutral,2,False,KPMG LLP; Company; Say-on-Pay; Omnibus Stock Incentive Plan; shareholder,
HD_0000354950-22-000166_chunk003,"HOME DEPOT, INC.",0000354950,2022-05-24,regulatory,negative,3,False,"The Home Depot, Inc.; The Home Depot, Inc. Omnibus Stock Incentive Plan",
HD_0000354950-22-000166_chunk004,"HOME DEPOT, INC.",0000354950,2022-05-24,none,neutral,1,False,"The Home Depot, Inc.",
HD_0000354950-22-000185_chunk000,"HOME DEPOT, INC.",0000354950,2022-08-16,financial,neutral,2,False,"The Home Depot, Inc.; Securities Exchange Act of 1934; Securities Act of 1933",
HD_0000354950-22-000188_chunk000,"HOME DEPOT, INC.",0000354950,2022-08-18,leadership,neutral,2,False,"The Home Depot, Inc.; Craig A. Menear; Edward P. Decker",
HD_0001193125-22-243727_chunk000,"HOME DEPOT, INC.",0000354950,2022-09-13,none,neutral,1,False,"The Home Depot, Inc.; BofA Securities, Inc.; Goldman Sachs & Co. LLC; J.P. Morgan Securities LLC; Credit Suisse Securities (USA) LLC; Deutsche Bank Securities Inc.; Securities and Exchange Commission; Form S-3",
HD_0001193125-22-243727_chunk001,"HOME DEPOT, INC.",0000354950,2022-09-13,none,neutral,1,False,"The Home Depot, Inc.; BofA Securities, Inc.; Goldman Sachs & Co. LLC; J.P. Morgan Securities LLC; Credit Suisse Securities (USA) LLC; Deutsche Bank Securities Inc.",
HD_0001193125-22-247115_chunk000,"HOME DEPOT, INC.",0000354950,2022-09-19,none,neutral,1,False,"The Home Depot, Inc.; The Bank of New York Mellon Trust Company, N.A.; Form S-3; Form 8-K",
HD_0001193125-22-247115_chunk001,"HOME DEPOT, INC.",0000354950,2022-09-19,none,neutral,1,False,Alston & Bird LLP,
HD_0000354950-22-000219_chunk000,"HOME DEPOT, INC.",0000354950,2022-11-15,financial,neutral,2,False,"The Home Depot, Inc.; Securities Exchange Act of 1934; Securities Act of 1933",
HD_0000354950-23-000025_chunk000,"HOME DEPOT, INC.",0000354950,2023-02-21,none,neutral,1,False,"The Home Depot, Inc.",
HD_0000354950-23-000051_chunk000,"HOME DEPOT, INC.",0000354950,2023-02-28,regulatory,neutral,2,False,"The Home Depot, Inc.; SEC; Delaware General Corporation Law; U.S. Securities Exchange Commission",
HD_0000354950-23-000051_chunk001,"HOME DEPOT, INC.",0000354950,2023-02-28,regulatory,neutral,2,False,"The Home Depot, Inc.; SEC; DGCL",
HD_0000354950-23-000051_chunk002,"HOME DEPOT, INC.",0000354950,2023-02-28,none,neutral,1,False,"Home Depot, Inc.",
HD_0000354950-23-000106_chunk000,"HOME DEPOT, INC.",0000354950,2023-04-19,leadership,negative,3,False,"The Home Depot, Inc.; Jeffery Kinnaird; Merchandising; base compensation; future employment; 24 months; monthly separation payments; 2.0 million; 9,086 stock options; 12 months; 12,000; outplacement services; equity; claims; general release; non-disparagement covenant; non-competition covenant; non-solicitation covenant",
HD_0000354950-23-000110_chunk000,"HOME DEPOT, INC.",0000354950,2023-05-16,financial,neutral,2,False,"The Home Depot, Inc.; Securities Exchange Act of 1934; Securities Act of 1933",
HD_0000354950-23-000153_chunk000,"HOME DEPOT, INC.",0000354950,2023-05-23,none,neutral,1,False,"The Home Depot, Inc.; Gerard J. Arpey; Ari Bousbib; Jeffery H. Boyd; Gregory D. Brenneman; J. Frank Brown; Albert P. Carey; Edward P. Decker; Linda R. Gooden; Wayne M. Hewett; Manuel Kadre; Stephanie C. Linnartz; Paula Santilli; Caryn Seidman-Becker",
HD_0000354950-23-000153_chunk001,"HOME DEPOT, INC.",0000354950,2023-05-23,none,neutral,1,False,,no JSON object found in response
HD_0000354950-23-000153_chunk002,"HOME DEPOT, INC.",0000354950,2023-05-23,none,neutral,2,False,shareholder; senior management; political speech; racial equity audit; broker; non-vote,
HD_0000354950-23-000161_chunk000,"HOME DEPOT, INC.",0000354950,2023-06-20,none,positive,1,False,"The Home Depot, Inc.; Kimberly R. Scardino; Stephen L. Gibbs",
HD_0000354950-23-000158_chunk000,"HOME DEPOT, INC.",0000354950,2023-06-20,regulatory,negative,3,False,"The Home Depot, Inc.; TRC Capital Investment Corporation; New York Stock Exchange",
HD_0000354950-23-000175_chunk000,"HOME DEPOT, INC.",0000354950,2023-07-13,none,positive,1,False,Company,
HD_0000354950-23-000180_chunk000,"HOME DEPOT, INC.",0000354950,2023-08-15,financial,neutral,2,False,"The Home Depot, Inc.; Securities Exchange Act of 1934; Securities Act of 1933",
HD_0000354950-23-000225_chunk000,"HOME DEPOT, INC.",0000354950,2023-10-30,leadership,positive,2,True,"The Home Depot, Inc.; Ann-Marie Campbell; $1,000,000; $125,000",
HD_0000354950-23-000225_chunk001,"HOME DEPOT, INC.",0000354950,2023-10-30,leadership,negative,3,False,Ms. Campbell; Company,
HD_0000354950-23-000228_chunk000,"HOME DEPOT, INC.",0000354950,2023-11-14,financial,neutral,2,False,"The Home Depot, Inc.; Securities Exchange Act of 1934; Securities Act of 1933",
HD_0001193125-23-284423_chunk000,"HOME DEPOT, INC.",0000354950,2023-11-28,none,neutral,1,False,"The Home Depot, Inc.; BofA Securities, Inc.; J.P. Morgan Securities LLC; Morgan Stanley & Co. LLC; Barclays Capital Inc.; U.S. Bancorp Investments, Inc.; Securities and Exchange Commission",
HD_0001193125-23-284423_chunk001,"HOME DEPOT, INC.",0000354950,2023-11-28,none,neutral,1,False,"The Home Depot, Inc.; BofA Securities, Inc.; J.P. Morgan Securities LLC; Morgan Stanley & Co. LLC; Barclays Capital Inc.; U.S. Bancorp Investments, Inc.",
HD_0001193125-23-288524_chunk000,"HOME DEPOT, INC.",0000354950,2023-12-05,financial,neutral,2,False,"The Home Depot, Inc.; Deutsche Bank Trust Company Americas; 5.125% Note; 4.950% Note; 4.900% Note",
HD_0001193125-23-288524_chunk001,"HOME DEPOT, INC.",0000354950,2023-12-05,none,neutral,1,False,Alston & Bird LLP,
HD_0000354950-24-000002_chunk000,"HOME DEPOT, INC.",0000354950,2024-01-10,leadership,neutral,1,False,"The Home Depot, Inc.; Linda Gooden",
HD_0000354950-24-000031_chunk000,"HOME DEPOT, INC.",0000354950,2024-02-20,financial,neutral,2,False,"The Home Depot, Inc.; Securities Exchange Act of 1934; Securities Act of 1933",
HD_0001104659-24-040163_chunk000,"HOME DEPOT, INC.",0000354950,2024-03-28,regulatory,neutral,2,True,"The Home Depot, Inc.; Star Acquisition Merger Sub Inc.; Shingle Acquisition Holdings, Inc.; Shingle Acquisition, LP; SRS; Company",
HD_0001104659-24-040163_chunk001,"HOME DEPOT, INC.",0000354950,2024-03-28,regulatory,neutral,3,True,Company; SRS; Hart-Scott-Rodino Antitrust Improvements Act of 1066; Initial Termination Date,
HD_0001104659-24-040163_chunk002,"HOME DEPOT, INC.",0000354950,2024-03-28,regulatory,negative,4,True,"Company; SRS; $894,250,000",
HD_0001104659-24-040163_chunk003,"HOME DEPOT, INC.",0000354950,2024-03-28,regulatory,negative,3,False,Company; SRS; Merger Sub; SEC; Exchange Act,
HD_0001104659-24-040163_chunk004,"HOME DEPOT, INC.",0000354950,2024-03-28,regulatory,negative,5,True,SRS; regulatory approvals; common stock; credit ratings; operating results; litigation; economy; housing and home improvement markets; credit markets; tariffs; payment methods; consumer credit; labor; fuel and other energy sources; international trade disputes; natural disasters; climate change; public health issues,
HD_0001104659-24-040163_chunk005,"HOME DEPOT, INC.",0000354950,2024-03-28,regulatory,negative,4,True,international trade disputes; natural disasters; climate change; public health issues; cybersecurity events; geopolitical conflicts; military conflicts; share repurchases; capital allocation; liquidity; return on invested capital; expense leverage; interest rates; foreign currency exchange rates; commodity prices; tax laws; fiscal 2024 guidance; acquired companies,
HD_0001104659-24-040163_chunk006,"HOME DEPOT, INC.",0000354950,2024-03-28,none,neutral,2,True,Commission; Securities and Exchange Commission,
HD_0000354950-24-000114_chunk000,"HOME DEPOT, INC.",0000354950,2024-05-09,financial,neutral,3,True,"The Home Depot, Inc.; SRS Acquisition; $14.5 billion; JPMorgan Chase Bank, N.A.",
HD_0000354950-24-000114_chunk001,"HOME DEPOT, INC.",0000354950,2024-05-09,financial,neutral,3,True,The Company; The Wall Street Journal; Federal Reserve Bank of New York; SOFR; Wall Street Journal prime rate; federal funds effective rate; overnight bank funding rate; Base Rate Loans; Term SOFR Loans,
HD_0000354950-24-000114_chunk002,"HOME DEPOT, INC.",0000354950,2024-05-09,financial,neutral,3,True,Company; Credit Ratings; Capital Markets Credit Facility; Three-Year Credit Facility; 364-Day Credit Facility; Administrative Agent,
HD_0000354950-24-000114_chunk003,"HOME DEPOT, INC.",0000354950,2024-05-09,financial,neutral,3,False,Company; SEC; Form 10-Q,
HD_0000354950-24-000118_chunk000,"HOME DEPOT, INC.",0000354950,2024-05-14,financial,neutral,2,False,"The Home Depot, Inc.; Securities Exchange Act of 1934; Securities Act of 1933",
HD_0000354950-24-000160_chunk000,"HOME DEPOT, INC.",0000354950,2024-05-22,none,positive,1,False,"The Home Depot, Inc.; KPMG LLP",
HD_0000354950-24-000160_chunk001,"HOME DEPOT, INC.",0000354950,2024-05-22,regulatory,negative,4,False,Company; Say-on-Pay; director donations; political contributions; corporate giving; workforce civil liberties; biodiversity impact; clawback policy,
HD_0000354950-24-000166_chunk000,"HOME DEPOT, INC.",0000354950,2024-05-30,leadership,neutral,2,False,Matthew A. Carey; Company,
HD_0001104659-24-072918_chunk000,"HOME DEPOT, INC.",0000354950,2024-06-18,financial,neutral,2,True,"The Home Depot, Inc.; J.P. Morgan Securities LLC; BofA Securities, Inc.; Goldman Sachs & Co. LLC; Morgan Stanley & Co. LLC; $600,000,000; $900,000,000; $1,500,000,000; $1,000,000,000; $1,250,000,000; $1,000,000,000; $500,000,000; Securities and Exchange Commission; Form S-3",
HD_0001104659-24-072918_chunk001,"HOME DEPOT, INC.",0000354950,2024-06-18,none,neutral,1,False,"The Home Depot, Inc.; J.P. Morgan Securities LLC; BofA Securities, Inc.; Goldman Sachs & Co. LLC; Morgan Stanley & Co. LLC",
HD_0000354950-24-000177_chunk000,"HOME DEPOT, INC.",0000354950,2024-06-18,regulatory,neutral,2,True,Company; SRS; Merger Consideration; SRS Class A Common Stock; SRS Class B Common Stock,
HD_0000354950-24-000177_chunk001,"HOME DEPOT, INC.",0000354950,2024-06-18,regulatory,neutral,2,False,"SRS; The Home Depot, Inc; SEC; Merger Consideration",
HD_0000354950-24-000177_chunk002,"HOME DEPOT, INC.",0000354950,2024-06-18,none,neutral,1,False,"The Home Depot, Inc.; Star Acquisition Merger Sub Inc.; Shingle Acquisition Holdings, Inc.; Shingle Acquisition, LP",
HD_0001104659-24-074754_chunk000,"HOME DEPOT, INC.",0000354950,2024-06-25,financial,neutral,3,False,"The Home Depot, Inc.; The Bank of New York Mellon Trust Company, N.A.; $600,000,000; $900,000,000; $1,500,000,000; $1,000,000,000; $1,250,000,000; $1,000,000,000; $1,750,000,000; $1,500,000,000; $500,000,000; 5.400% Notes",
HD_0001104659-24-074754_chunk001,"HOME DEPOT, INC.",0000354950,2024-06-25,none,neutral,1,False,"The Company; The Bank of New York Mellon Trust Company, N.A.; Alston & Bird LLP",
HD_0000354950-24-000183_chunk000,"HOME DEPOT, INC.",0000354950,2024-06-27,financial,neutral,2,False,"The Home Depot, Inc.; JPMorgan Chase Bank, N.A.",
HD_0000354950-24-000189_chunk000,"HOME DEPOT, INC.",0000354950,2024-08-13,financial,neutral,2,False,"The Home Depot, Inc.; Securities Exchange Act of 1934; Securities Act of 1933",
HD_0000354950-24-000227_chunk000,"HOME DEPOT, INC.",0000354950,2024-11-12,financial,neutral,2,False,"The Home Depot, Inc.; Securities Exchange Act of 1934; Securities Act of 1933",
HD_0000354950-24-000260_chunk000,"HOME DEPOT, INC.",0000354950,2024-12-19,regulatory,positive,2,False,"The Home Depot, Inc.; JPMorgan Chase Bank, N.A.",
IBM_0001558370-21-000327_chunk000,INTERNATIONAL BUSINESS MACHINES CORP,0000051143,2021-01-21,none,positive,2,False,IBM; Arvind Krishna; Jim Kavanaugh,
IBM_0001558370-21-000327_chunk001,INTERNATIONAL BUSINESS MACHINES CORP,0000051143,2021-01-21,none,neutral,1,False,IBM,
IBM_0001558370-21-000349_chunk000,INTERNATIONAL BUSINESS MACHINES CORP,0000051143,2021-01-22,none,neutral,1,False,IBM; www.ibm.com; www.ibm.com/investor/,
IBM_0001104659-21-009428_chunk000,INTERNATIONAL BUSINESS MACHINES CORP,0000051143,2021-01-29,none,neutral,1,True,Arvind Krishna; IBM; V. M. Rometty; J. J. Kavanaugh; M. J. Schroeter; J. E. Kelly III; M. H. Browdy,
IBM_0001104659-21-009428_chunk001,INTERNATIONAL BUSINESS MACHINES CORP,0000051143,2021-01-29,leadership,neutral,2,False,IBM; Mrs. Rometty; Dr. Kelly; Mr. Schroeter,
IBM_0001104659-21-027214_chunk000,INTERNATIONAL BUSINESS MACHINES CORP,0000051143,2021-02-24,regulatory,neutral,2,True,IBM Credit LLC; IBM; The Bank of New York Mellon; SEC,
IBM_0001104659-21-027214_chunk001,INTERNATIONAL BUSINESS MACHINES CORP,0000051143,2021-02-24,none,positive,1,False,IBM,
IBM_0001104659-21-039070_chunk000,INTERNATIONAL BUSINESS MACHINES CORP,0000051143,2021-03-19,regulatory,negative,3,False,IBM; TRC Capital Investment Corporation; SEC; NASD,
IBM_0001104659-21-039070_chunk001,INTERNATIONAL BUSINESS MACHINES CORP,0000051143,2021-03-19,none,positive,1,False,IBM; SEC; NASD,
IBM_0001558370-21-004470_chunk000,INTERNATIONAL BUSINESS MACHINES CORP,0000051143,2021-04-19,none,neutral,1,False,IBM; Arvind Krishna; Jim Kavanaugh,
IBM_0001558370-21-004470_chunk001,INTERNATIONAL BUSINESS MACHINES CORP,0000051143,2021-04-19,none,neutral,1,False,IBM,
IBM_0001558370-21-004495_chunk000,INTERNATIONAL BUSINESS MACHINES CORP,0000051143,2021-04-20,none,neutral,1,False,IBM; www.ibm.com,
IBM_0001104659-21-059030_chunk000,INTERNATIONAL BUSINESS MACHINES CORP,0000051143,2021-04-30,none,neutral,1,False,International Business Machines Corporation; T. Buberl; M.L. Eskew; D.N. Farr; A. Gorsky; M. Howard; A. Krishna; A.N. Liveris; F.W. McNabb III; M.E. Pollack; J.R. Swedish; P.R. Voser; F.H. Waddell,
IBM_0001104659-21-059030_chunk001,INTERNATIONAL BUSINESS MACHINES CORP,0000051143,2021-04-30,regulatory,neutral,3,False,IBM; SEC; stockholders; investors,
IBM_0001104659-21-085825_chunk000,INTERNATIONAL BUSINESS MACHINES CORP,0000051143,2021-06-25,none,positive,1,False,IBM; Northwestern University; Virginia M. Rometty,
IBM_0000950157-21-000696_chunk000,INTERNATIONAL BUSINESS MACHINES CORP,0000051143,2021-06-25,regulatory,neutral,2,True,"International Business Machines Corporation; JPMorgan Chase Bank, N.A.; BNP Paribas; Citibank, N.A.; Royal Bank of Canada; Mizuho Bank, Ltd.",
IBM_0000950157-21-000696_chunk001,INTERNATIONAL BUSINESS MACHINES CORP,0000051143,2021-06-25,financial,neutral,3,True,"uho Bank, Ltd.; IBM; JP Morgan Chase Bank; BNP Paribas; Citibank N.A.; Royal Bank of Canada; Mizuho Bank, Ltd.",
IBM_0000950157-21-000696_chunk002,INTERNATIONAL BUSINESS MACHINES CORP,0000051143,2021-06-25,financial,neutral,3,False,"International Business Machines Corporation; JPMorgan Chase Bank, N.A.; BNP Paribas; Citibank N.A.; Royal Bank of Canada",
IBM_0001104659-21-088901_chunk000,INTERNATIONAL BUSINESS MACHINES CORP,0000051143,2021-07-02,leadership,positive,2,False,James M. Whitehurst; IBM; Red Hat,
IBM_0001558370-21-009005_chunk000,INTERNATIONAL BUSINESS MACHINES CORP,0000051143,2021-07-19,financial,neutral,2,False,IBM; Arvind Krishna; Jim Kavanaugh; Securities and Exchange Commission,
IBM_0001558370-21-009005_chunk001,INTERNATIONAL BUSINESS MACHINES CORP,0000051143,2021-07-19,none,neutral,1,False,IBM,
IBM_0001558370-21-009019_chunk000,INTERNATIONAL BUSINESS MACHINES CORP,0000051143,2021-07-20,none,neutral,1,False,IBM; www.ibm.com; www.ibm.com/investor/,
IBM_0001558370-21-012847_chunk000,INTERNATIONAL BUSINESS MACHINES CORP,0000051143,2021-09-28,regulatory,neutral,2,True,"Kyndryl Holdings, Inc.; U.S. Securities and Exchange Commission; IBM",
IBM_0001558370-21-012847_chunk001,INTERNATIONAL BUSINESS MACHINES CORP,0000051143,2021-09-28,none,neutral,1,False,IBM,
IBM_0001104659-21-121014_chunk000,INTERNATIONAL BUSINESS MACHINES CORP,0000051143,2021-09-30,none,positive,1,False,IBM; Al Zollar; Red Hat,
IBM_0001104659-21-122061_chunk000,INTERNATIONAL BUSINESS MACHINES CORP,0000051143,2021-10-01,regulatory,neutral,2,True,International Business Machines Corporation; Securities Act of 1933; New York; Series A Preferred Stock; common stock,
IBM_0001104659-21-122061_chunk001,INTERNATIONAL BUSINESS MACHINES CORP,0000051143,2021-10-01,none,neutral,1,False,IBM; Series A Preferred Stock; IBM’s web site,
IBM_0001558370-21-012961_chunk000,INTERNATIONAL BUSINESS MACHINES CORP,0000051143,2021-10-04,regulatory,neutral,2,True,IBM; SEC; Kyndryl,
IBM_0001558370-21-012961_chunk001,INTERNATIONAL BUSINESS MACHINES CORP,0000051143,2021-10-04,none,neutral,1,False,IBM,
IBM_0001104659-21-125064_chunk000,INTERNATIONAL BUSINESS MACHINES CORP,0000051143,2021-10-12,regulatory,neutral,2,True,"International Business Machines Corporation; Kyndryl Holdings, Inc.; IBM stockholders",
IBM_0001104659-21-125064_chunk001,INTERNATIONAL BUSINESS MACHINES CORP,0000051143,2021-10-12,none,neutral,1,True,IBM; SEC; Kyndryl,
IBM_0001104659-21-126749_chunk000,INTERNATIONAL BUSINESS MACHINES CORP,0000051143,2021-10-15,regulatory,neutral,3,True,"International Business Machines Corporation; IBM 401(k) Plus Plan; Kyndryl Holdings, Inc.",
IBM_0001104659-21-126749_chunk001,INTERNATIONAL BUSINESS MACHINES CORP,0000051143,2021-10-15,regulatory,neutral,2,False,Interactive Data File; XBRL; Inline XBRL,
IBM_0001558370-21-013312_chunk000,INTERNATIONAL BUSINESS MACHINES CORP,0000051143,2021-10-20,financial,neutral,2,False,"IBM; Arvind Krishna; Jim Kavanaugh; October 20, 2021",
IBM_0001558370-21-013312_chunk001,INTERNATIONAL BUSINESS MACHINES CORP,0000051143,2021-10-20,none,neutral,1,False,IBM,
IBM_0001558370-21-013351_chunk000,INTERNATIONAL BUSINESS MACHINES CORP,0000051143,2021-10-21,none,neutral,1,False,IBM; www.ibm.com,
IBM_0001104659-21-128990_chunk000,INTERNATIONAL BUSINESS MACHINES CORP,0000051143,2021-10-22,none,positive,1,False,IBM; Al Zollar; By-laws; Exhibit 3.2; www.ibm.com; www.ibm.com/investor/,
IBM_0001558370-21-014643_chunk000,INTERNATIONAL BUSINESS MACHINES CORP,0000051143,2021-11-04,none,neutral,1,False,"International Business Machines Corporation; Kyndryl Holdings, Inc.; New York Stock Exchange",
IBM_0001558370-21-014643_chunk001,INTERNATIONAL BUSINESS MACHINES CORP,0000051143,2021-11-04,financial,neutral,2,False,IBM; United States Securities and Exchange Commission; IBM's GTS segment,
IBM_0001558370-21-016363_chunk000,INTERNATIONAL BUSINESS MACHINES CORP,0000051143,2021-11-29,none,neutral,1,False,IBM; Securities Exchange Act of 1934; GAAP,
IBM_0001558370-21-017039_chunk000,INTERNATIONAL BUSINESS MACHINES CORP,0000051143,2021-12-27,none,neutral,2,False,"IBM; Kyndryl Holdings, Inc.; GAAP",
IBM_0001558370-21-017039_chunk001,INTERNATIONAL BUSINESS MACHINES CORP,0000051143,2021-12-27,none,neutral,1,False,IBM,
IBM_0001558370-22-000384_chunk000,INTERNATIONAL BUSINESS MACHINES CORP,0000051143,2022-01-24,none,neutral,2,False,IBM; Arvind Krishna; Jim Kavanaugh; Securities and Exchange Commission,
IBM_0001558370-22-000384_chunk001,INTERNATIONAL BUSINESS MACHINES CORP,0000051143,2022-01-24,none,neutral,1,False,IBM,
IBM_0001558370-22-000425_chunk000,INTERNATIONAL BUSINESS MACHINES CORP,0000051143,2022-01-25,none,neutral,1,False,IBM,
IBM_0001104659-22-012005_chunk000,INTERNATIONAL BUSINESS MACHINES CORP,0000051143,2022-02-04,none,neutral,2,True,Arvind Krishna; IBM; J.J. Kavanaugh; M.H. Browdy; J.M. Whitehurst,
IBM_0001104659-22-012005_chunk001,INTERNATIONAL BUSINESS MACHINES CORP,0000051143,2022-02-04,leadership,positive,2,False,IBM; Mr. Whitehurst,
IBM_0001104659-22-013887_chunk000,INTERNATIONAL BUSINESS MACHINES CORP,0000051143,2022-02-08,none,neutral,1,False,"International Business Machines Corporation; Barclays Bank PLC; Citigroup Global Markets Limited; HSBC Bank plc; Merrill Lynch International; Mizuho International plc; SMBC Nikko Capital Markets Limited; ING Bank N.V.; Belgian Branch; RBC Europe Limited; U.S. Bancorp Investments, Inc.; Blaylock Van, LLC; Stern Brothers & Co",
IBM_0001558370-22-004921_chunk000,INTERNATIONAL BUSINESS MACHINES CORP,0000051143,2022-03-31,regulatory,neutral,2,False,IBM; Securities Exchange Act of 1934,
IBM_0001558370-22-005584_chunk000,INTERNATIONAL BUSINESS MACHINES CORP,0000051143,2022-04-19,financial,neutral,2,False,IBM; Arvind Krishna; Jim Kavanaugh; Securities and Exchange Commission,
IBM_0001558370-22-005584_chunk001,INTERNATIONAL BUSINESS MACHINES CORP,0000051143,2022-04-19,none,neutral,1,False,IBM,
IBM_0001558370-22-005646_chunk000,INTERNATIONAL BUSINESS MACHINES CORP,0000051143,2022-04-20,none,neutral,1,False,IBM,
IBM_0001558370-22-005617_chunk000,INTERNATIONAL BUSINESS MACHINES CORP,0000051143,2022-04-20,regulatory,neutral,2,False,IBM; Securities Exchange Act of 1934; Arvind Krishna; Jim Kavanaugh,
IBM_0001104659-22-053570_chunk000,INTERNATIONAL BUSINESS MACHINES CORP,0000051143,2022-04-29,none,neutral,1,False,International Business Machines Corporation; T. Buberl; D.N. Farr; A. Gorsky; M. Howard; A. Krishna; A.N. Liveris; F.W. McNabb III; M.E. Pollack; P.R. Voser; F.H. Waddell; A.W. Zollar,
IBM_0001104659-22-053570_chunk001,INTERNATIONAL BUSINESS MACHINES CORP,0000051143,2022-04-29,regulatory,neutral,3,False,IBM; SEC; stockholders; brokers,
IBM_0000950157-22-000765_chunk000,INTERNATIONAL BUSINESS MACHINES CORP,0000051143,2022-07-01,regulatory,neutral,2,True,"International Business Machines Corporation; IBM; JPMorgan Chase Bank, N.A.; BNP Paribas; Citibank N.A.; Royal Bank of Canada",
IBM_0000950157-22-000765_chunk001,INTERNATIONAL BUSINESS MACHINES CORP,0000051143,2022-07-01,none,neutral,1,False,"International Business Machines Corporation; JPMorgan Chase Bank, N.A.",
IBM_0001558370-22-010793_chunk000,INTERNATIONAL BUSINESS MACHINES CORP,0000051143,2022-07-18,financial,neutral,2,False,IBM; Arvind Krishna; Jim Kavanaugh; Securities and Exchange Commission,
IBM_0001558370-22-010793_chunk001,INTERNATIONAL BUSINESS MACHINES CORP,0000051143,2022-07-18,none,neutral,1,False,IBM,
IBM_0001558370-22-010829_chunk000,INTERNATIONAL BUSINESS MACHINES CORP,0000051143,2022-07-19,none,neutral,1,False,IBM; www.ibm.com,
IBM_0001104659-22-082789_chunk000,INTERNATIONAL BUSINESS MACHINES CORP,0000051143,2022-07-26,none,neutral,1,False,"International Business Machines Corporation; BNP Paribas Securities Corp.; J.P. Morgan Securities LLC; RBC Capital Markets, LLC; Santander Investment Securities Inc.; Wells Fargo Securities, LLC; Frank Sedlarcik",
IBM_0001104659-22-099631_chunk000,INTERNATIONAL BUSINESS MACHINES CORP,0000051143,2022-09-13,financial,negative,4,True,International Business Machines Corporation; State Street Global Advisors Trust Company; The Prudential Insurance Company of America; Metropolitan Life Insurance Company; $16 billion; IBM Personal Pension Plan; Transferred Participants,
IBM_0001104659-22-099631_chunk001,INTERNATIONAL BUSINESS MACHINES CORP,0000051143,2022-09-13,regulatory,neutral,2,True,Private Securities Litigation Reform Act of 1995; Securities and Exchange Commission; company,
IBM_0001104659-22-103516_chunk000,INTERNATIONAL BUSINESS MACHINES CORP,0000051143,2022-09-28,financial,negative,4,False,IBM; The Bank of New York Mellon; $900 million; 2.875% Notes; 2022,
IBM_0001558370-22-015079_chunk000,INTERNATIONAL BUSINESS MACHINES CORP,0000051143,2022-10-19,none,neutral,1,False,IBM; SEC; GAAP,
IBM_0001558370-22-015133_chunk000,INTERNATIONAL BUSINESS MACHINES CORP,0000051143,2022-10-20,none,neutral,1,False,IBM,
IBM_0001104659-23-001206_chunk000,INTERNATIONAL BUSINESS MACHINES CORP,0000051143,2023-01-05,none,neutral,1,False,IBM; Thomas W. Rosamilia; Robert F. Del Bene; Nicolas A. Fehring,
IBM_0001558370-23-000529_chunk000,INTERNATIONAL BUSINESS MACHINES CORP,0000051143,2023-01-25,none,neutral,1,False,IBM; Securities Exchange Act of 1934,
IBM_0001558370-23-000608_chunk000,INTERNATIONAL BUSINESS MACHINES CORP,0000051143,2023-01-26,none,neutral,1,False,IBM,
IBM_0001104659-23-010509_chunk000,INTERNATIONAL BUSINESS MACHINES CORP,0000051143,2023-02-03,none,neutral,1,False,,no JSON object found in response
IBM_0001104659-23-010509_chunk001,INTERNATIONAL BUSINESS MACHINES CORP,0000051143,2023-02-03,none,positive,1,False,IBM; www.ibm.com; www.ibm.com/investor/,
IBM_0001104659-23-010504_chunk000,INTERNATIONAL BUSINESS MACHINES CORP,0000051143,2023-02-03,none,neutral,1,True,Arvind Krishna; IBM; J.J. Kavanaugh; Gary Cohn; Tom Rosamilia; M.H. Browdy,
IBM_0001104659-23-010504_chunk001,INTERNATIONAL BUSINESS MACHINES CORP,0000051143,2023-02-03,leadership,negative,3,True,IBM; Mr. Rosamilia,
IBM_0001558370-23-006218_chunk000,INTERNATIONAL BUSINESS MACHINES CORP,0000051143,2023-04-19,none,neutral,1,False,IBM; Securities Exchange Act of 1934,
IBM_0001558370-23-006321_chunk000,INTERNATIONAL BUSINESS MACHINES CORP,0000051143,2023-04-20,none,neutral,1,False,IBM,
IBM_0001104659-23-052975_chunk000,INTERNATIONAL BUSINESS MACHINES CORP,0000051143,2023-04-28,none,neutral,1,False,International Business Machines Corporation; T. Buberl; D.N. Farr; A. Gorsky; M. Howard; F.W. McNabb III; M.E. Pollack; J.R. Swedish; P.R. Voser; F.H. Waddell; A.W. Zollar,
IBM_0001104659-23-052975_chunk001,INTERNATIONAL BUSINESS MACHINES CORP,0000051143,2023-04-28,regulatory,neutral,3,False,company; regulators; monetary amounts,
IBM_0001104659-23-052975_chunk002,INTERNATIONAL BUSINESS MACHINES CORP,0000051143,2023-04-28,none,neutral,1,False,IBM; www.ibm.com; www.ibm.com/investor/,
IBM_0001104659-23-072220_chunk000,INTERNATIONAL BUSINESS MACHINES CORP,0000051143,2023-06-16,regulatory,neutral,2,False,"International Business Machines Corporation; JPMorgan Chase Bank, N.A.; BNP Paribas; Citibank N.A.; Royal Bank of Canada",
IBM_0001104659-23-072220_chunk001,INTERNATIONAL BUSINESS MACHINES CORP,0000051143,2023-06-16,financial,neutral,3,False,"IBM; JPMorgan Chase Bank, N.A.; BNP Paribas; Citibank N.A.; Royal Bank of Canada",
IBM_0000051143-23-000010_chunk000,INTERNATIONAL BUSINESS MACHINES CORP,0000051143,2023-07-19,financial,neutral,2,False,IBM; Securities Exchange Act of 1934,
IBM_0000051143-23-000015_chunk000,INTERNATIONAL BUSINESS MACHINES CORP,0000051143,2023-07-20,regulatory,neutral,2,False,IBM; Arvind Krishna; Jim Kavanaugh; Securities and Exchange Commission; Securities Exchange Act of 1934,
IBM_0001104659-23-085847_chunk000,INTERNATIONAL BUSINESS MACHINES CORP,0000051143,2023-07-31,none,positive,1,False,IBM; Mastercard; Michael Miebach,
IBM_0000051143-23-000026_chunk000,INTERNATIONAL BUSINESS MACHINES CORP,0000051143,2023-10-25,financial,neutral,2,False,IBM; Securities Exchange Act of 1934,
IBM_0000051143-23-000028_chunk000,INTERNATIONAL BUSINESS MACHINES CORP,0000051143,2023-10-26,regulatory,neutral,2,False,"IBM; Arvind Krishna; Jim Kavanaugh; Securities and Exchange Commission; October 25, 2023",
IBM_0001104659-23-125363_chunk000,INTERNATIONAL BUSINESS MACHINES CORP,0000051143,2023-12-12,none,positive,1,False,"IBM; Fidelity National Information Services, Inc.; Marianne C. Brown",
IBM_0000051143-24-000004_chunk000,INTERNATIONAL BUSINESS MACHINES CORP,0000051143,2024-01-24,financial,neutral,2,False,IBM; Securities Exchange Act of 1934; GAAP,
IBM_0000051143-24-000007_chunk000,INTERNATIONAL BUSINESS MACHINES CORP,0000051143,2024-01-25,none,neutral,1,False,IBM; Arvind Krishna; Jim Kavanaugh; Securities and Exchange Commission; Janu04-24-23,
IBM_0001104659-24-009477_chunk000,INTERNATIONAL BUSINESS MACHINES CORP,0000051143,2024-02-01,none,neutral,2,True,IBM; Michelle H. Browdy; Arvind Krishna; J.J. Kavanaugh; G. Cohn; T. Rosamilia,
IBM_0001104659-24-009477_chunk001,INTERNATIONAL BUSINESS MACHINES CORP,0000051143,2024-02-01,none,positive,1,False,IBM; Mr. Rosamilia,
IBM_0001104659-24-010040_chunk000,INTERNATIONAL BUSINESS MACHINES CORP,0000051143,2024-02-02,regulatory,neutral,3,False,IBM International Capital Pte. Ltd.; IBM; Merrill Lynch (Singapore) Pte. Ltd.; Citigroup Global Markets Singapore Pte. Ltd.; Goldman Sachs (Singapore) Pte.; J.P. Morgan Securities Asia Private Limited; The Hongkong and Shanghai Banking Corporation Limited; The Bank of New York Mellon,
IBM_0001104659-24-010040_chunk001,INTERNATIONAL BUSINESS MACHINES CORP,0000051143,2024-02-02,financial,neutral,2,True,IBM International Capital Pte. Ltd.; International Business Machines Corporation; Merrill Lynch (Singapore) Pte. Ltd.; Citigroup Global Markets Singapore Pte. Ltd.; Goldman Sachs (Singapore) Pte.; J.P. Morgan Securities Asia Private Limited; The Hongkong and Shanghai Banking Corporation Limited; The Bank of New York Mellon,
IBM_0001104659-24-010040_chunk002,INTERNATIONAL BUSINESS MACHINES CORP,0000051143,2024-02-02,none,neutral,1,False,Machines Corporation; Merrill Lynch (Singapore) Pte. Ltd.; Citigroup Global Markets Singapore Pte. Ltd.; Goldman Sachs (Singapore) Pte.; J.P. Morgan Securities Asia Private Limited; The Hongkong and Shanghai Banking Corporation Limited; IBM International Capital Pte. Ltd.; International Business Machines Corporation; The Bank of New York Mellon; Drew & Napier LLC,
IBM_0001104659-24-027204_chunk000,INTERNATIONAL BUSINESS MACHINES CORP,0000051143,2024-02-26,none,neutral,1,False,IBM; Securities Exchange Act; 2024,
IBM_0000051143-24-000015_chunk000,INTERNATIONAL BUSINESS MACHINES CORP,0000051143,2024-03-18,none,neutral,1,False,IBM; Securities Exchange Act of 1934,
IBM_0000051143-24-000018_chunk000,INTERNATIONAL BUSINESS MACHINES CORP,0000051143,2024-04-24,financial,neutral,2,False,IBM; Securities Exchange Act of 1934,
IBM_0000051143-24-000021_chunk000,INTERNATIONAL BUSINESS MACHINES CORP,0000051143,2024-04-25,none,neutral,1,False,"IBM; Arvind Krishna; Jim Kavanaugh; Securities and Exchange Commission; April 24, 2024",
IBM_0001104659-24-057038_chunk000,INTERNATIONAL BUSINESS MACHINES CORP,0000051143,2024-05-03,none,neutral,1,False,International Business Machines Corporation; IBM; M.C. Brown; T. Buberl; 0; D.N. Farr; A. Gorsky; M.J. Howard; A. Krishna; A.N. Liveris; F.W. McNabb III; M. Miebach; M.E. Pollack; P.R. Voser; F.H. Waddell; A.W. Zollar,
IBM_0001104659-24-057038_chunk001,INTERNATIONAL BUSINESS MACHINES CORP,0000051143,2024-05-03,regulatory,neutral,3,False,A.W. Zollar; IBM; stockholders; regulators; monetary amounts,
IBM_0001104659-24-057038_chunk002,INTERNATIONAL BUSINESS MACHINES CORP,0000051143,2024-05-03,none,positive,1,False,IBM; www.ibm.com; www.ibm.com/investor/,
IBM_0000950157-24-000918_chunk000,INTERNATIONAL BUSINESS MACHINES CORP,0000051143,2024-06-21,none,positive,1,False,"International Business Machines Corporation; JPMorgan Chase Bank, N.A.; BNP Paribas; Citibank N.A.; Royal Bank of Canada",
IBM_0000950157-24-000918_chunk001,INTERNATIONAL BUSINESS MACHINES CORP,0000051143,2024-06-21,financial,neutral,3,False,"IBM; JPMorgan Chase Bank, N.A.; BNP Paribas; Citibank N.A.; Royal Bank of Canada",
IBM_0000051143-24-000033_chunk000,INTERNATIONAL BUSINESS MACHINES CORP,0000051143,2024-07-24,financial,neutral,2,False,IBM; Securities Exchange Act of 1934; GAAP,
IBM_0000051143-24-000035_chunk000,INTERNATIONAL BUSINESS MACHINES CORP,0000051143,2024-07-25,none,neutral,1,False,IBM; Arvind Krishna; Jim Kavanaugh; Securities and Exchange Commission,
IBM_0001104659-24-098942_chunk000,INTERNATIONAL BUSINESS MACHINES CORP,0000051143,2024-09-11,financial,negative,4,True,International Business Machines Corporation; State Street Global Advisors Trust Company; The Prudential Insurance Company of America; IBM Personal Pension Plan,
IBM_0001104659-24-098942_chunk001,INTERNATIONAL BUSINESS MACHINES CORP,0000051143,2024-09-11,none,neutral,1,True,Securities and Exchange Commission (SEC); company,
IBM_0000051143-24-000043_chunk000,INTERNATIONAL BUSINESS MACHINES CORP,0000051143,2024-10-23,financial,neutral,2,False,IBM; Securities Exchange Act of 1934; GAAP,
IBM_0000051143-24-000045_chunk000,INTERNATIONAL BUSINESS MACHINES CORP,0000051143,2024-10-24,none,neutral,1,False,"IBM; Arvind Krishna; Jim Kavanaugh; Securities and Exchange Commission; October 23, 2024",
IBM_0000051143-24-000052_chunk000,INTERNATIONAL BUSINESS MACHINES CORP,0000051143,2024-12-09,none,positive,1,False,IBM; Securities Exchange Act of 1934,
INTC_0001193125-21-009142_chunk000,INTEL CORP,0000050863,2021-01-14,leadership,positive,2,True,"Intel Corporation; Pat Gelsinger; VMware, Inc.; $1,250,000; 275%",
INTC_0001193125-21-009142_chunk001,INTEL CORP,0000050863,2021-01-14,none,positive,2,True,Mr. Gelsinger; Intel; S&P 500 IT Index,
INTC_0001193125-21-009142_chunk002,INTEL CORP,0000050863,2021-01-14,financial,neutral,3,True,"Intel; Mr. Gelsinger; $20,000,000",
INTC_0001193125-21-009142_chunk003,INTEL CORP,0000050863,2021-01-14,regulatory,neutral,3,True,"Intel; Mr. Gelsinger; $20,000,000; $10,000,000",
INTC_0001193125-21-009142_chunk004,INTEL CORP,0000050863,2021-01-14,leadership,neutral,3,False,Intel; Robert H. Swan; Mr. Gelsinger,
INTC_0001193125-21-009142_chunk005,INTEL CORP,0000050863,2021-01-14,leadership,positive,2,False,Intel Corporation; Patrick Gelsinger,
INTC_0000050863-21-000009_chunk000,INTEL CORP,0000050863,2021-01-21,regulatory,neutral,2,True,Intel Corporation; Securities Exchange Act of 1934; Board of Directors,
INTC_0001193125-21-014847_chunk000,INTEL CORP,0000050863,2021-01-22,leadership,negative,3,False,Todd M. Underwood; Intel Corporation,
INTC_0001193125-21-047794_chunk000,INTEL CORP,0000050863,2021-02-18,none,positive,1,False,Intel Corporation; Nasdaq; Patrick Gelsinger,
INTC_0001193125-21-047794_chunk001,INTEL CORP,0000050863,2021-02-18,none,positive,1,False,Intel; Securities and Exchange Commission; Mr. Gelsinger; $10 million; Intel shares; Inducement Plan,
INTC_0001193125-21-082782_chunk000,INTEL CORP,0000050863,2021-03-16,none,positive,1,False,Intel Corporation; Andrew Wilson; Board of Directors,
INTC_0001193125-21-091374_chunk000,INTEL CORP,0000050863,2021-03-23,regulatory,neutral,2,True,Intel Corporation; Securities and Exchange Commission; Intel,
INTC_0001193125-21-091374_chunk001,INTEL CORP,0000050863,2021-03-23,none,neutral,1,False,"SEC; Intel; Pat Gelsinger; IDM 2.0; March 23, 2021",
INTC_0000050863-21-000017_chunk000,INTEL CORP,0000050863,2021-04-22,none,neutral,1,True,Intel Corporation; Securities Exchange Act of 1934,
INTC_0001193125-21-166587_chunk000,INTEL CORP,0000050863,2021-05-19,leadership,negative,4,False,Intel; Ernst & Young LLP; Patrick P. Gelsinger; James J. Goetz; Alyssa Henry; Omar Ishrak; Risa Lavizzo-Mourey; Tsu-Jae King Liu; Gregory D. Smith; Dion J. Weisler,
INTC_0001193125-21-166587_chunk001,INTEL CORP,0000050863,2021-05-19,regulatory,neutral,3,False,Intel; SEC; stockholders; Frank D. Yeary; Dion J. Weisler,
INTC_0001193125-21-196285_chunk000,INTEL CORP,0000050863,2021-06-22,leadership,negative,3,False,Intel Corporation; Navin Shenoy,
INTC_0001193125-21-214206_chunk000,INTEL CORP,0000050863,2021-07-13,none,neutral,1,False,Intel Corporation; Navin Shenoy,
INTC_0001193125-21-218615_chunk000,INTEL CORP,0000050863,2021-07-19,leadership,positive,2,False,"Intel Corporation; Dr. Andrea J. Goldsmith; Nasdaq; Medtronic plc; Crown Castle International Corp.; Plume WiFi; Quantenna Communications; University of California, Berkeley; National Academy of Engineering; American Academy of Arts and Sciences; IEEE",
INTC_0001193125-21-218615_chunk001,INTEL CORP,0000050863,2021-07-19,none,positive,1,False,IEEE Board of Directors; Dr. Goldsmith; Intel; non-employee directors,
INTC_0000050863-21-000029_chunk000,INTEL CORP,0000050863,2021-07-22,none,neutral,1,True,Intel Corporation; Securities Exchange Act of 1934,
INTC_0001193125-21-224438_chunk000,INTEL CORP,0000050863,2021-07-26,regulatory,neutral,2,True,Intel Corporation; EUV; Intel Foundry,
INTC_0001193125-21-224438_chunk001,INTEL CORP,0000050863,2021-07-26,operational,negative,4,True,Intel; SEC,
INTC_0001193125-21-244840_chunk000,INTEL CORP,0000050863,2021-08-12,none,neutral,1,False,"Intel Corporation; BofA Securities, Inc.; Citigroup Global Markets Inc.; Goldman Sachs & Co. LLC; J.P. Morgan Securities LLC; Wells Fargo Bank, National Association",
INTC_0001193125-21-244840_chunk001,INTEL CORP,0000050863,2021-08-12,regulatory,neutral,2,False,"Intel Corporation; Wells Fargo Bank, National Association; BofA Securities, Inc.; Citigroup Global Markets Inc.; Goldman Sachs & Co. LLC; J.P. Morgan Securities LLC",
INTC_0001193125-21-244840_chunk002,INTEL CORP,0000050863,2021-08-12,none,neutral,1,False,"Gibson, Dunn and Crutcher LLP",
INTC_0001193125-21-293329_chunk000,INTEL CORP,0000050863,2021-10-06,leadership,neutral,2,False,"Intel Corporation; George S. Davis; Applied Materials, Inc.; Atlantic Richfield Company",
INTC_0000050863-21-000037_chunk000,INTEL CORP,0000050863,2021-10-21,leadership,negative,3,True,Intel Corporation; George S. Davis; Securities Exchange Act of 1934,
INTC_0000050863-21-000037_chunk001,INTEL CORP,0000050863,2021-10-21,none,neutral,1,False,Intel,
INTC_0001193125-21-350395_chunk000,INTEL CORP,0000050863,2021-12-07,regulatory,neutral,2,False,Intel Corporation; Mobileye,
INTC_0001193125-21-369552_chunk000,INTEL CORP,0000050863,2021-12-30,regulatory,neutral,3,True,"Intel Corporation; SK hynix Inc.; Dalian, China",
INTC_0001193125-21-369552_chunk001,INTEL CORP,0000050863,2021-12-30,regulatory,negative,5,True,SK hynix; Intel; U.S. government; foreign exchange controls; Intel’s SEC filings,
INTC_0001193125-22-005658_chunk000,INTEL CORP,0000050863,2022-01-10,financial,neutral,2,True,"Intel Corporation; David A. Zinsner; Micron Technology, Inc.; Affirmed Networks, Inc.; Analog Devices, Inc.; Intersil Corporation",
INTC_0001193125-22-005658_chunk001,INTEL CORP,0000050863,2022-01-10,operational,neutral,2,False,Intel; Mr. Zinsner; George Davis; Gregory M. Bryant; Michelle Johnston Holthaus; James Johnson,
INTC_0001193125-22-005658_chunk002,INTEL CORP,0000050863,2022-01-10,regulatory,neutral,2,False,Intel Corporation; David A. Zinsner; CCG,
INTC_0000050863-22-000006_chunk000,INTEL CORP,0000050863,2022-01-26,regulatory,neutral,2,True,Intel Corporation; Securities Exchange Act of 1934; Board of Directors,
INTC_0001193125-22-032684_chunk000,INTEL CORP,0000050863,2022-02-09,leadership,neutral,2,False,Intel Corporation; Steven R. Rodgers; Susie Giordano,
INTC_0001193125-22-043022_chunk000,INTEL CORP,0000050863,2022-02-15,regulatory,neutral,3,True,Intel Corporation; Tower Semiconductor Ltd.; Steel Titanium 2022 Ltd.,
INTC_0001193125-22-043022_chunk001,INTEL CORP,0000050863,2022-02-15,none,negative,5,True,Intel; Tower Semiconductor; U.S. government; U.S. Securities and Exchange Commission,bad risk_category 'multiple'
INTC_0001193125-22-043022_chunk002,INTEL CORP,0000050863,2022-02-15,regulatory,negative,4,True,Intel; Tower Semiconductor; Israeli Investment Center; SEC,
INTC_0001193125-22-043022_chunk003,INTEL CORP,0000050863,2022-02-15,none,neutral,1,False,SEC; Intel Corporation; Tower Semiconductor Ltd.,
INTC_0001193125-22-045883_chunk000,INTEL CORP,0000050863,2022-02-18,regulatory,neutral,2,True,Intel Corporation; Pat Gelsinger; Sandra Rivera; Michelle Johnston Holthaus; Jim Johnson; David Zinsner,
INTC_0001193125-22-045883_chunk001,INTEL CORP,0000050863,2022-02-18,none,neutral,1,False,Johnston Holthaus; Jim Johnson; David Zinsner,
INTC_0000050863-22-000019_chunk000,INTEL CORP,0000050863,2022-04-28,regulatory,neutral,2,True,Intel Corporation; Securities Exchange Commission; GAAP,
INTC_0000050863-22-000019_chunk001,INTEL CORP,0000050863,2022-04-28,financial,neutral,2,False,Intel; SEC; 2021 Form 10-K,
INTC_0001193125-22-151752_chunk000,INTEL CORP,0000050863,2022-05-16,leadership,negative,3,False,Intel Corporation; Ernst & Young LLP,
INTC_0001193125-22-151752_chunk001,INTEL CORP,0000050863,2022-05-16,regulatory,neutral,2,False,Intel; Patrick P. Gelsinger; James J. Goetz; Andrea J. Goldsmith; Alyssa H. Henry; Omar Ishrak; Risa Lavizzo-Mourey; Tsu-Jae King Liu; Gregory D. Smith; Dion J. Weisler; Frank D. Yeary,
INTC_0001193125-22-151752_chunk002,INTEL CORP,0000050863,2022-05-16,regulatory,neutral,3,False,Intel; SEC; stockholders; racial issues,
INTC_0001193125-22-178756_chunk000,INTEL CORP,0000050863,2022-06-22,none,positive,2,False,Intel Corporation; Scott Gawel; Oracle Corporation,
INTC_0001193125-22-178756_chunk001,INTEL CORP,0000050863,2022-06-22,none,neutral,1,False,Intel; Mr. Gawel,
INTC_0000050863-22-000029_chunk000,INTEL CORP,0000050863,2022-07-28,none,neutral,2,True,Intel Corporation; Securities Exchange Act of 1934,
INTC_0001193125-22-213699_chunk000,INTEL CORP,0000050863,2022-08-05,regulatory,neutral,2,False,"Intel Corporation; J.P. Morgan Securities LLC; BNP Paribas Securities Corp.; BofA Securities, Inc.; Goldman Sachs & Co. LLC; Computershare Trust Company, National Association; Trustee",
INTC_0001193125-22-213699_chunk001,INTEL CORP,0000050863,2022-08-05,none,neutral,1,False,"Intel Corporation; J.P. Morgan Securities LLC; BNP Paribas Securities Corp.; BofA Securities, Inc.; Goldman Sachs & Co. LLC; Computershare Trust Company, National Association; Wells Fargo Bank, National Association",
INTC_0001193125-22-213699_chunk002,INTEL CORP,0000050863,2022-08-05,none,neutral,1,False,"Intel Corporation; Computershare Trust Company; National Association; Gibson, Dunn and Crutcher LLP",
INTC_0001193125-22-218541_chunk000,INTEL CORP,0000050863,2022-08-11,leadership,positive,2,False,"Intel Corporation; Cadence Design Systems, Inc.; Walden International; Schneider Electric SE; Credo Technology Group Holding Ltd.; SoftBank Group Corp.; Hewlett Packard Enterprise Company; Nanyang Technological University; Massachusetts Institute of Technology; University of San Francisco; Carnegie Mellon University; University of California, Berkeley",
INTC_0001193125-22-218541_chunk001,INTEL CORP,0000050863,2022-08-11,none,positive,1,False,Intel; Lip-Bu Tan; Semiconductor Industry Association; Robert N. Noyce Award; Intel Board Compensation; Intel’s Technology Advisory Committee,
INTC_0001193125-22-218541_chunk002,INTEL CORP,0000050863,2022-08-11,none,positive,1,False,Lip-Bu Tan; Intel,
INTC_0001193125-22-226986_chunk000,INTEL CORP,0000050863,2022-08-23,regulatory,neutral,3,True,Intel Corporation; Arizona Fab HoldCo Inc.; Foundry JV Holdco LLC; Brookfield Asset Management Inc.; Arizona Project,
INTC_0001193125-22-226986_chunk001,INTEL CORP,0000050863,2022-08-23,regulatory,neutral,3,True,Intel; Brookfield; CFIUS; NewCo; Intel HoldCo,
INTC_0001193125-22-226986_chunk002,INTEL CORP,0000050863,2022-08-23,operational,neutral,2,True,Intel; Brookfield; Arizona Project,
INTC_0001193125-22-226986_chunk003,INTEL CORP,0000050863,2022-08-23,regulatory,negative,4,True,Intel; Brookfield; CFIUS; CHIPS and Science Act of 2022; SEC,
INTC_0001193125-22-226986_chunk004,INTEL CORP,0000050863,2022-08-23,none,neutral,1,False,Intel Corporation; Arizona Fab HoldCo Inc.; Foundry JV Holdco LLC; Arizona Fab LLC,
INTC_0000050863-22-000037_chunk000,INTEL CORP,0000050863,2022-10-27,regulatory,neutral,2,True,Intel Corporation; Securities Exchange Act of 1934,
INTC_0001193125-22-291100_chunk000,INTEL CORP,0000050863,2022-11-22,operational,neutral,2,False,Intel Corporation; Arizona Fab HoldCo Inc.; Foundry JV Holdco LLC; Brookfield Asset Management Inc.; Arizona Fab LLC,
INTC_0001193125-22-291100_chunk001,INTEL CORP,0000050863,2022-11-22,none,neutral,1,False,Arizona Fab HoldCo Inc.; Foundry JV Holdco LLC; Arizona Fab LLC,
INTC_0001193125-22-290385_chunk000,INTEL CORP,0000050863,2022-11-22,leadership,positive,2,False,"Barbara G. Novick; BlackRock, Inc.; Nasdaq; New York Life Insurance Company; American Financial Exchange; Peterson Institute for International Economics; 100 Women in Finance; Committee on Capital Markets Regulation; Millstein Center for Global Markets and Corporate Ownership; Growth Curve Capital; Center for Financial Stability; Cornell University; Investment Company Institute",
INTC_0001193125-22-290385_chunk001,INTEL CORP,0000050863,2022-11-22,none,positive,1,False,Barron’s; Ms. Novick; Intel; Patrick Gelsinger; Chief Executive Officer,
INTC_0001193125-22-290385_chunk002,INTEL CORP,0000050863,2022-11-22,regulatory,positive,2,True,Intel; Mr. Gelsinger; $29.87,
INTC_0001193125-22-290385_chunk003,INTEL CORP,0000050863,2022-11-22,regulatory,neutral,3,True,Intel; Mr. Gelsinger; Barbara G. Novick,
INTC_0001193125-22-290385_chunk004,INTEL CORP,0000050863,2022-11-22,regulatory,neutral,2,True,Intel; Mr. Gelsinger; SEC; stockholders,
INTC_0001193125-22-290385_chunk005,INTEL CORP,0000050863,2022-11-22,none,neutral,1,False,Intel; Patrick Gelsinger; Barbara G. Novick,
INTC_0000050863-23-000005_chunk000,INTEL CORP,0000050863,2023-01-26,regulatory,neutral,2,True,Intel Corporation; Securities Exchange Act of 1934; quarterly cash dividend,
INTC_0001193125-23-032608_chunk000,INTEL CORP,0000050863,2023-02-10,financial,neutral,2,False,"Intel Corporation; BofA Securities, Inc.; Citigroup Global Markets Inc.; J.P. Morgan Securities LLC; Morgan Stanley & Co. LLC; Computershare Trust Company, National Association; Form S-3",
INTC_0001193125-23-032608_chunk001,INTEL CORP,0000050863,2023-02-10,none,neutral,1,False,"Intel; Wells Fargo Bank, National Association; Trustee",
INTC_0001193125-23-032608_chunk002,INTEL CORP,0000050863,2023-02-10,none,neutral,1,False,"Intel Corporation; BofA Securities, Inc.; Citigroup Global Markets Inc.; J.P. Morgan Securities LLC; Morgan Stanley & Co. LLC; Computershare Trust Company; Wells Fargo Bank, National Association",
INTC_0000050863-23-000027_chunk000,INTEL CORP,0000050863,2023-04-27,regulatory,neutral,2,True,Intel Corporation; Securities Exchange Act of 1934,
INTC_0000050863-23-000057_chunk000,INTEL CORP,0000050863,2023-05-17,none,neutral,1,False,Intel Corporation; Patrick P. Gelsinger; James J. Goetz; Securities and Exchange Commission,
INTC_0000050863-23-000057_chunk001,INTEL CORP,0000050863,2023-05-17,regulatory,neutral,3,False,James J. Goetz; Andrea J. Goldsmith; Alyssa H. Henry; 0; Omar Ishrak; Risa Lavizzo-Mourey; Tsu-Jae King Liu; Barbara G. Novick; Gregory D. Smith; Lip-Bu Tan; Dion J. Weisler; Frank D. Yeary; SEC; 8-K filing; public accounting firm; executive officers; shareholders,
INTC_0000050863-23-000057_chunk002,INTEL CORP,0000050863,2023-05-17,regulatory,neutral,3,True,Intel; SEC; China; ESG,
INTC_0000050863-23-000068_chunk000,INTEL CORP,0000050863,2023-07-27,regulatory,neutral,2,True,Intel Corporation; Securities Exchange Act of 1934,
INTC_0000050863-23-000078_chunk000,INTEL CORP,0000050863,2023-08-16,regulatory,negative,4,False,Intel Corporation; Tower Semiconductor Ltd.,
INTC_0000050863-23-000092_chunk000,INTEL CORP,0000050863,2023-10-05,leadership,positive,2,True,"Intel Corporation; Sandra L. Rivera; Programmable Solutions Group; $900,000; $11,250,000; $25,000,000",
INTC_0000050863-23-000092_chunk001,INTEL CORP,0000050863,2023-10-05,leadership,positive,2,False,Intel Corporation; Sandra L. Rivera; PSG,
INTC_0000050863-23-000100_chunk000,INTEL CORP,0000050863,2023-10-26,regulatory,neutral,2,True,Intel Corporation; Securities Exchange Act of 1934,
INTC_0000050863-23-000109_chunk000,INTEL CORP,0000050863,2023-10-30,leadership,positive,2,True,"Intel Corporation; Lip-Bu Tan; Cadence Design Systems; $500,000",
INTC_0000050863-23-000109_chunk001,INTEL CORP,0000050863,2023-10-30,none,neutral,1,False,Interactive Data File; Exhibit 101,
INTC_0000050863-23-000128_chunk000,INTEL CORP,0000050863,2023-12-05,regulatory,neutral,2,False,Intel Corporation; Delaware General Corporation Law; Securities Exchange Act of 1934,
INTC_0000050863-23-000128_chunk001,INTEL CORP,0000050863,2023-12-05,none,neutral,1,False,Intel Corporation; SEC; Bylaws,
INTC_0000050863-24-000003_chunk000,INTEL CORP,0000050863,2024-01-03,leadership,neutral,2,False,Intel Corporation; Sandra L. Rivera; Programmable Solutions Group,
INTC_0000050863-24-000008_chunk000,INTEL CORP,0000050863,2024-01-25,none,neutral,1,True,Intel Corporation; Securities Exchange Act of 1934,
INTC_0000050863-24-000033_chunk000,INTEL CORP,0000050863,2024-02-16,regulatory,negative,3,False,Intel Corporation; SEC; Executive Officers,
INTC_0001193125-24-041435_chunk000,INTEL CORP,0000050863,2024-02-21,financial,neutral,2,False,"Intel Corporation; BofA Securities, Inc.; Citigroup Global Markets Inc.; Goldman Sachs & Co. LLC; J.P. Morgan Securities LLC; Morgan Stanley & Co. LLC; Wells Fargo Securities, LLC; Computershare Trust Company, National Association",
INTC_0001193125-24-041435_chunk001,INTEL CORP,0000050863,2024-02-21,none,neutral,1,False,"Intel Corporation; BofA Securities, Inc.; Citigroup Global Markets Inc.; Goldman Sachs & Co. LLC; J.P. Morgan Securities LLC; Morgan Stanley & Co. LLC; Wells Fargo Securities, LLC; Computershare Trust Company, National Association",
INTC_0000050863-24-000036_chunk000,INTEL CORP,0000050863,2024-03-13,none,positive,1,False,"Stacy J. Smith; Kioxia Corporation; Autodesk, Inc.; Intel Corporation; Wolfspeed, Inc.; The California Chapter of The Nature Conservancy; University of Texas McCombs School of Business",
INTC_0000050863-24-000036_chunk001,INTEL CORP,0000050863,2024-03-13,none,positive,1,False,Intel; Stacy J. Smith; University of Texas,
INTC_0000050863-24-000036_chunk002,INTEL CORP,0000050863,2024-03-13,none,neutral,1,False,Intel; Stacy J. Smith,
INTC_0000050863-24-000068_chunk000,INTEL CORP,0000050863,2024-04-02,operational,neutral,2,True,Intel Corporation; Altera; SEC; 2023 Form 10-K,
INTC_0000050863-24-000068_chunk001,INTEL CORP,0000050863,2024-04-02,none,neutral,1,False,Intel Corporation; SEC,
INTC_0000050863-24-000074_chunk000,INTEL CORP,0000050863,2024-04-25,operational,neutral,2,True,Intel Corporation; Altera; Programmable Solutions Group,
INTC_0000050863-24-000074_chunk001,INTEL CORP,0000050863,2024-04-25,regulatory,neutral,2,False,Intel Corporation; Altera; Intel,
INTC_0000050863-24-000086_chunk000,INTEL CORP,0000050863,2024-05-08,regulatory,negative,4,True,Intel Corporation; U.S. Department of Commerce; China,
INTC_0000050863-24-000086_chunk001,INTEL CORP,0000050863,2024-05-08,operational,negative,4,True,"cybersecurity threats; privacy risks; IP risks; litigation; regulatory proceedings; key talent; strategic transactions; investments; customer concentration; distributors; debt obligations; capital access; laws and regulations; currency exchange rates; tax rate; catastrophic events; environmental, health, safety, and product regulations; corporate responsibility matters; divestitures; mergers; acquisitions",
INTC_0000050863-24-000093_chunk000,INTEL CORP,0000050863,2024-05-09,none,neutral,1,False,Intel Corporation; Patrick P. Gelsinger; James J. Goetz; Andrea J. Goldsmith; Alyssa H. Henry; Omar Ishrak; Risa Lavizzo-Mourey; Tsu-Jae King Liu; Barbara G. Novick; Gregory D. Smith,
INTC_0000050863-24-000093_chunk001,INTEL CORP,0000050863,2024-05-09,regulatory,neutral,3,False,Gregory D. Smith; Stacy J. Smith; Lip-Bu Tan; Dion J. Weisler; Frank D. Yeary; SEC; executive officers; shareholders; state abortion regulation,
INTC_0000050863-24-000103_chunk000,INTEL CORP,0000050863,2024-06-04,regulatory,neutral,3,True,"Intel Ireland Limited; Intel Corporation; AP Grange Holdings, LLC; Apollo Global Management, Inc.; Grange Newco LLC; Fab 34",
INTC_0000050863-24-000103_chunk001,INTEL CORP,0000050863,2024-06-04,none,neutral,2,False,Intel; Apollo; JV Company; Co-Investor,
INTC_0000050863-24-000103_chunk002,INTEL CORP,0000050863,2024-06-04,operational,neutral,3,True,Intel; Intel Ireland; JV Company; Co-Investor,
INTC_0000050863-24-000103_chunk003,INTEL CORP,0000050863,2024-06-04,operational,negative,5,True,Intel; Intel Ireland; JV Company; Co-Investor; Fab 34,
INTC_0000050863-24-000103_chunk004,INTEL CORP,0000050863,2024-06-04,regulatory,negative,4,True,"Intel Ireland Limited; Grange Newco LLC; AP Grange Holdings, LLC; SEC",
INTC_0000050863-24-000110_chunk000,INTEL CORP,0000050863,2024-06-14,regulatory,neutral,2,True,"Intel Ireland Limited; Intel Corporation; AP Grange Holdings, LLC; Apollo Global Management, Inc.; Grange Newco LLC; Leixlip",
INTC_0000050863-24-000122_chunk000,INTEL CORP,0000050863,2024-08-01,none,neutral,1,True,Intel Corporation; Securities Exchange Act of 1934,
INTC_0000050863-24-000134_chunk000,INTEL CORP,0000050863,2024-08-22,leadership,positive,1,False,Intel Corporation; Lip-Bu Tan,
INTC_0000050863-24-000147_chunk000,INTEL CORP,0000050863,2024-10-31,operational,negative,4,True,Intel Corporation; Audit & Finance Committee; Board; $3.0 billion,
INTC_0000050863-24-000147_chunk001,INTEL CORP,0000050863,2024-10-31,operational,negative,4,True,Company; SEC; 2024; 2025; Intel,
INTC_0000050863-24-000147_chunk002,INTEL CORP,0000050863,2024-10-31,none,neutral,1,False,Intel,
INTC_0000050863-24-000169_chunk000,INTEL CORP,0000050863,2024-11-27,regulatory,neutral,3,True,Intel Corporation; U.S. Department of Commerce; CHIPS Act; $7.8 billion; $65 million,
INTC_0000050863-24-000169_chunk001,INTEL CORP,0000050863,2024-11-27,regulatory,negative,4,True,Intel; DOC; Intel Foundry Corporation,
INTC_0000050863-24-000169_chunk002,INTEL CORP,0000050863,2024-11-27,regulatory,negative,4,False,Intel; DOC; CHIPS Act,
INTC_0000050863-24-000173_chunk000,INTEL CORP,0000050863,2024-12-03,leadership,negative,4,True,Intel Corporation; Patrick Gelsinger; Michelle Johnston Holthaus; David Zinsner; Frank Yeary,
INTC_0000050863-24-000173_chunk001,INTEL CORP,0000050863,2024-12-03,none,positive,1,False,Frank Yeary; Ms. Holthaus; Mr. Zinsner; Micron Technology Inc.; Affirmed Networks; Analog Devices; Intersil Corp,
INTC_0000050863-24-000173_chunk002,INTEL CORP,0000050863,2024-12-03,none,neutral,1,False,Vanderbilt University; Carnegie Mellon University; Mr. Gelsinger; Mr. Holthaus; Mr. Zinsner; Company,
INTC_0000050863-24-000180_chunk000,INTEL CORP,0000050863,2024-12-05,none,positive,1,False,Intel Corporation; Eric Meurice; Steve Sanghi; ASML Holding N.V.; Intel; Samsung; TSMC; Global Blue Group Holding AG; IPG Photonics Corporation,
INTC_0000050863-24-000180_chunk001,INTEL CORP,0000050863,2024-12-05,none,positive,2,False,"Mr. Meurice; Global Blue Group Holding AG; IPG Photonics Corporation; Verigy Ltd.; ARM Holdings plc; NXP Semiconductors N.V.; Meyer Burger Technology A.G.; Umicore, NV/SA; Soitec S.A.; Mr. Sanghi; Microchip Technology Incorporated",
INTC_0000050863-24-000180_chunk002,INTEL CORP,0000050863,2024-12-05,leadership,positive,2,True,"Mr. Sanghi; Intel; Microchip Technology; Impinj, Inc.; Mellanox Technologies Ltd.; Nvidia Corporation; Hittite Microwave Corporation; Analog Devices, Inc.; Seagate Technology Holdings plc; FlipChip International LLC; HuaTian Technology Corporation; ADFlex Solutions, Inc.; Innovex, Inc.; Artisoft, Inc.; Myomo, Inc.",
INTC_0000050863-24-000180_chunk003,INTEL CORP,0000050863,2024-12-05,none,positive,1,False,Intel; Eric Meurice; Steve Sanghi,
JNJ_0000200406-21-000006_chunk000,JOHNSON & JOHNSON,0000200406,2021-01-26,none,positive,2,False,Johnson & Johnson,
JNJ_0000200406-21-000024_chunk000,JOHNSON & JOHNSON,0000200406,2021-04-20,none,positive,1,False,Johnson & Johnson,
JNJ_0000200406-21-000030_chunk000,JOHNSON & JOHNSON,0000200406,2021-04-26,none,neutral,1,False,M. C. Beckerle; D. S. Davis; I. E. L. Davis; J. A. Doudna; A. Gorsky; M. A. Hewson; H. Joly,
JNJ_0000200406-21-000030_chunk001,JOHNSON & JOHNSON,0000200406,2021-04-26,regulatory,neutral,3,False,H. Joly; M. B. McClellan; A. M. Mulcahy; C. Prince; A. E. Washington; M. A. Weinberger; N. Y. West; R. A. Williams,
JNJ_0000200406-21-000030_chunk002,JOHNSON & JOHNSON,0000200406,2021-04-26,none,neutral,2,False,"361,631,706; 789,938,907; 1,032,409,877; 8,877,209; 611,417,042; 1,192,232,580; 410,065,480; 1,406,949,986; 14,210,527",
JNJ_0000200406-21-000040_chunk000,JOHNSON & JOHNSON,0000200406,2021-06-01,legal,negative,5,False,Johnson and Johnson; Missouri Court of Appeals; Missouri Supreme Court; Ingham verdict,
JNJ_0000200406-21-000053_chunk000,JOHNSON & JOHNSON,0000200406,2021-07-21,none,positive,1,False,Johnson & Johnson; SEC,
JNJ_0000200406-21-000061_chunk000,JOHNSON & JOHNSON,0000200406,2021-08-20,leadership,neutral,2,False,Johnson & Johnson; Alex Gorsky; Joaquin Duato; ESADE; Thunderbird School of Global Management,
JNJ_0000200406-21-000063_chunk000,JOHNSON & JOHNSON,0000200406,2021-10-12,leadership,negative,3,False,Johnson & Johnson; Paul Stoffels,
JNJ_0000200406-21-000067_chunk000,JOHNSON & JOHNSON,0000200406,2021-10-19,regulatory,negative,4,True,Johnson & Johnson; LTL Management LLC; cosmetic talc; $2 billion,
JNJ_0000200406-21-000072_chunk000,JOHNSON & JOHNSON,0000200406,2021-11-15,leadership,negative,4,False,Johnson & Johnson,
JNJ_0000200406-22-000004_chunk000,JOHNSON & JOHNSON,0000200406,2022-01-06,leadership,neutral,2,True,"Johnson & Johnson; Joaquin Duato; Alex Gorsky; $1,500,000; $2,625,000; $12,300,000; $2,100,000",
JNJ_0000200406-22-000012_chunk000,JOHNSON & JOHNSON,0000200406,2022-01-25,none,positive,1,False,"Johnson & Johnson; SEC; January 25, 2022",
JNJ_0000200406-22-000015_chunk000,JOHNSON & JOHNSON,0000200406,2022-02-02,regulatory,negative,4,True,"Johnson & Johnson; XBiotech, Inc.; $610 million; $150 million",
JNJ_0000200406-22-000015_chunk001,JOHNSON & JOHNSON,0000200406,2022-02-02,regulatory,neutral,2,False,Johnson & Johnson; Securities and Exchange Commission,
JNJ_0000200406-22-000017_chunk000,JOHNSON & JOHNSON,0000200406,2022-02-16,none,positive,1,False,Johnson & Johnson; Honeywell; Darius Adamczyk,
JNJ_0000200406-22-000038_chunk000,JOHNSON & JOHNSON,0000200406,2022-04-19,none,positive,1,False,Johnson & Johnson; SEC,
JNJ_0000200406-22-000047_chunk000,JOHNSON & JOHNSON,0000200406,2022-04-29,none,neutral,2,False,Company; shareholders; PricewaterhouseCoopers LLP,
JNJ_0000200406-22-000047_chunk001,JOHNSON & JOHNSON,0000200406,2022-04-29,none,neutral,1,False,Pfizer; Merck; Baby Powder; shareholders; Adamczyk; CBE; Davis; Doudna; Duato; Gorsky; Hewson; Joly; McClellan; Mulcahy,
JNJ_0000200406-22-000047_chunk002,JOHNSON & JOHNSON,0000200406,2022-04-29,regulatory,neutral,3,False,McClellan; A. M. Mulcahy; A. E. Washington; M. A. Weinberger; N. Y. West; PricewaterhouseCoopers LLC; SEC; 2022 Long-Term Incentive Plan,
JNJ_0000200406-22-000047_chunk003,JOHNSON & JOHNSON,0000200406,2022-04-29,regulatory,neutral,3,False,Merck & Co.; SEC; Shareholder Proposal; Talc; Universal Health Coverage; CEO Compensation; Workforce Pay; Ownership,
JNJ_0000200406-22-000063_chunk000,JOHNSON & JOHNSON,0000200406,2022-07-19,none,positive,2,False,"Johnson & Johnson; SEC; July 19, 2022",
JNJ_0000200406-22-000076_chunk000,JOHNSON & JOHNSON,0000200406,2022-09-14,regulatory,neutral,3,True,"Johnson & Johnson; U.S. Securities and Exchange Commission; $5 billion; 2,629.2 million shares",
JNJ_0000200406-22-000076_chunk001,JOHNSON & JOHNSON,0000200406,2022-09-14,none,neutral,1,False,Johnson & Johnson; Securities and Exchange Commission,
JNJ_0000200406-22-000081_chunk000,JOHNSON & JOHNSON,0000200406,2022-10-18,none,positive,1,False,Johnson & Johnson,
JNJ_0001193125-22-274491_chunk000,JOHNSON & JOHNSON,0000200406,2022-11-01,regulatory,neutral,3,True,"Johnson & Johnson; Athos Merger Sub, Inc.; ABIOMED, Inc.; Merger Sub; ABIOMED Shares; CVR; CVR Agreement",
JNJ_0001193125-22-274491_chunk001,JOHNSON & JOHNSON,0000200406,2022-11-01,regulatory,neutral,3,True,ABIOMED; Johnson & Johnson; Merger Sub; Hart-Scott-Rodino Antitrust Improvements Act of 1976; Delaware General Corporation Law,
JNJ_0001193125-22-274491_chunk002,JOHNSON & JOHNSON,0000200406,2022-11-01,regulatory,neutral,3,True,ABIOMED; Johnson & Johnson; Merger Sub; Cash Amount; Milestone Payments; CVR Agreement; ABIOMED Board,
JNJ_0001193125-22-274491_chunk003,JOHNSON & JOHNSON,0000200406,2022-11-01,regulatory,neutral,3,True,Johnson & Johnson; Merger Sub; ABIOMED,
JNJ_0001193125-22-274491_chunk004,JOHNSON & JOHNSON,0000200406,2022-11-01,regulatory,neutral,3,True,Johnson & Johnson; Merger Sub; ABIOMED; US Food and Drug Administration,
JNJ_0001193125-22-274491_chunk005,JOHNSON & JOHNSON,0000200406,2022-11-01,regulatory,positive,3,True,ABIOMED; United States Food and Drug Administration; Impella Product Family; ST-Segment Elevation Myocardial Infarction; STEMI Recommendation Milestone; HRPCI Milestone; RECOVER IV study; Clinical Practice Guideline,
JNJ_0001193125-22-274491_chunk006,JOHNSON & JOHNSON,0000200406,2022-11-01,none,neutral,1,False,Johnson & Johnson; ABIOMED; FDA,
JNJ_0001193125-22-274491_chunk007,JOHNSON & JOHNSON,0000200406,2022-11-01,regulatory,negative,4,True,Johnson & Johnson; ABIOMED; U.S. Securities and Exchange Commission; Hart-Scott-Rodino Antitrust Improvements Act,
JNJ_0001193125-22-274491_chunk008,JOHNSON & JOHNSON,0000200406,2022-11-01,regulatory,negative,4,True,ABIOMED; Johnson & Johnson; U.S. Securities and Exchange Commission,
JNJ_0001193125-22-274491_chunk009,JOHNSON & JOHNSON,0000200406,2022-11-01,none,neutral,1,False,"Johnson & Johnson; ABIOMED, Inc.",
JNJ_0000200406-22-000089_chunk000,JOHNSON & JOHNSON,0000200406,2022-12-01,leadership,positive,2,False,Company; Joaquin Duato; Alex Gorsky; Johnson & Johnson,
JNJ_0001193125-22-311072_chunk000,JOHNSON & JOHNSON,0000200406,2022-12-22,regulatory,neutral,2,True,"Johnson & Johnson; Athos Merger Sub, Inc.; ABIOMED, Inc.; American Stock Transfer & Trust Company, LLC",
JNJ_0001193125-22-311072_chunk001,JOHNSON & JOHNSON,0000200406,2022-12-22,regulatory,neutral,4,True,Johnson & Johnson; U.S. Food and Drug Administration; ABIOMED; Impella Product Family; ST-Segment Elevation Myocardial Infarction; FDA Approval Milestone; STEMI Recommendation Milestone; HRPCI Milestone; PROTECT IV study,
JNJ_0001193125-22-311072_chunk002,JOHNSON & JOHNSON,0000200406,2022-12-22,regulatory,negative,4,True,"Johnson & Johnson; ABIOMED; FDA; $37,682,000; $81,495,200; $39,800,000",
JNJ_0001193125-22-311072_chunk003,JOHNSON & JOHNSON,0000200406,2022-12-22,regulatory,neutral,3,True,Purchaser; ABIOMED; Johnson & Johnson; Shares; DGCL,
JNJ_0001193125-22-311072_chunk004,JOHNSON & JOHNSON,0000200406,2022-12-22,legal,neutral,2,False,ABIOMED; Johnson & Johnson; DGCL; Merger Agreement; Cash Amount; Milestone Payments,
JNJ_0001193125-22-311072_chunk005,JOHNSON & JOHNSON,0000200406,2022-12-22,none,neutral,1,False,,Ollama request failed after 3 attempts: HTTP Error 500: Internal Server Error
JNJ_0001193125-22-311072_chunk006,JOHNSON & JOHNSON,0000200406,2022-12-22,regulatory,neutral,2,False,"Johnson & Johnson; ABIOMED, Inc.; American Stock Transfer & Trust Company, LLC",
JNJ_0000200406-23-000005_chunk000,JOHNSON & JOHNSON,0000200406,2023-01-24,none,neutral,1,False,Johnson & Johnson,
JNJ_0000200406-23-000008_chunk000,JOHNSON & JOHNSON,0000200406,2023-02-14,none,positive,1,False,Johnson & Johnson; Honeywell; Paula A. Johnson; SEC,
JNJ_0000200406-23-000011_chunk000,JOHNSON & JOHNSON,0000200406,2023-02-15,none,positive,1,False,Johnson & Johnson; Paula A. Johnson; Wellesley College,
JNJ_0000200406-23-000032_chunk000,JOHNSON & JOHNSON,0000200406,2023-04-03,leadership,neutral,2,False,Johnson & Johnson; Ian E. L. Davis,
JNJ_0000200406-23-000037_chunk000,JOHNSON & JOHNSON,0000200406,2023-04-04,financial,negative,5,True,Company; LTL Management LLC; Johnson & Johnson; $8.9 billion; $12 billion,
JNJ_0000200406-23-000043_chunk000,JOHNSON & JOHNSON,0000200406,2023-04-18,none,positive,2,False,"Johnson & Johnson; SEC; 5.3%; $1.13; $1.19; $4.76; $4.52; June 6, 2023; May 23, 2023",
JNJ_0000200406-23-000059_chunk000,JOHNSON & JOHNSON,0000200406,2023-05-01,leadership,neutral,2,False,Kenvue Inc.; Johnson & Johnson; Adamczyk; M. C. Beckerle; D. S. Davis; J. A. Doud,
JNJ_0000200406-23-000059_chunk001,JOHNSON & JOHNSON,0000200406,2023-05-01,none,neutral,2,False,D. S. Davis; J. A. Doudna; J. Duato; M. A. Hewson; P. A. Johnson; H. Joly; M. B. McClellan; A. M. Mulcahy; M. A. Weinberger; N. Y. West,
JNJ_0000200406-23-000059_chunk002,JOHNSON & JOHNSON,0000200406,2023-05-01,none,neutral,2,False,Company; PricewaterhouseCoopers LLP; Shareholders,
JNJ_0001193125-23-138287_chunk000,JOHNSON & JOHNSON,0000200406,2023-05-08,regulatory,neutral,2,False,Kenvue Inc.; Johnson & Johnson; Securities and Exchange Commission,
JNJ_0001193125-23-138287_chunk001,JOHNSON & JOHNSON,0000200406,2023-05-08,regulatory,neutral,2,False,Johnson & Johnson; Kenvue; SEC; 8-K; tax matters agreement; employee matters agreement; intellectual property agreement; trademark phase-out license agreement; registration rights agreement,
JNJ_0001193125-23-138287_chunk002,JOHNSON & JOHNSON,0000200406,2023-05-08,regulatory,neutral,2,False,Johnson & Johnson; Kenvue Inc.; Johnson & Johnson Consumer Inc.,
JNJ_0000200406-23-000073_chunk000,JOHNSON & JOHNSON,0000200406,2023-07-20,none,neutral,1,False,Johnson & Johnson,
JNJ_0001628280-23-025388_chunk000,JOHNSON & JOHNSON,0000200406,2023-07-24,none,neutral,1,False,,
JNJ_0001628280-23-026095_chunk000,JOHNSON & JOHNSON,0000200406,2023-07-28,regulatory,neutral,3,True,Johnson & Johnson; Kenvue Inc.; Securities and Exchange Commission; Sarbanes-Oxley Act of 2002; Regulation BTR,
JNJ_0001628280-23-026095_chunk001,JOHNSON & JOHNSON,0000200406,2023-07-28,none,neutral,1,False,"Johnson & Johnson; New Brunswick, New Jersey; 08933",
JNJ_0000200406-23-000086_chunk000,JOHNSON & JOHNSON,0000200406,2023-08-25,none,neutral,1,False,Johnson & Johnson; Kenvue,
JNJ_0000200406-23-000091_chunk000,JOHNSON & JOHNSON,0000200406,2023-08-30,regulatory,neutral,2,True,Johnson & Johnson; Kenvue Inc.,
JNJ_0000200406-23-000094_chunk000,JOHNSON & JOHNSON,0000200406,2023-10-17,none,neutral,1,False,Johnson & Johnson,
JNJ_0000200406-23-000096_chunk000,JOHNSON & JOHNSON,0000200406,2023-10-23,leadership,negative,3,False,Ashley McEvoy; Company,
JNJ_0000200406-23-000105_chunk000,JOHNSON & JOHNSON,0000200406,2023-11-27,none,positive,1,False,Johnson & Johnson; Compensation & Benefits Committee; Board of Directors,
JNJ_0000200406-23-000109_chunk000,JOHNSON & JOHNSON,0000200406,2023-11-30,financial,negative,3,True,"Johnson & Johnson; Laminar, Inc.; $0.17; $9.85 to $9.96; $9.90 to $9.96; $0.15",
JNJ_0000200406-23-000109_chunk001,JOHNSON & JOHNSON,0000200406,2023-11-30,regulatory,negative,4,False,Johnson & Johnson; GAAP; non-GAAP financial measures,
JNJ_0000200406-23-000115_chunk000,JOHNSON & JOHNSON,0000200406,2023-12-05,none,positive,1,False,Johnson & Johnson; Eugene A. Woods; Advocate Health,
JNJ_0000200406-23-000112_chunk000,JOHNSON & JOHNSON,0000200406,2023-12-05,none,positive,1,True,Johnson & Johnson; New York Stock Exchange,
JNJ_0000200406-24-000004_chunk000,JOHNSON & JOHNSON,0000200406,2024-01-23,none,neutral,1,False,Johnson & Johnson; SEC,
JNJ_0000200406-24-000036_chunk000,JOHNSON & JOHNSON,0000200406,2024-04-16,none,neutral,1,False,,
JNJ_0000200406-24-000031_chunk000,JOHNSON & JOHNSON,0000200406,2024-04-16,none,positive,1,False,Johnson & Johnson; U.S. Securities and Exchange Commission,
JNJ_0000200406-24-000043_chunk000,JOHNSON & JOHNSON,0000200406,2024-04-29,none,positive,1,False,Johnson & Johnson; SEC; New Jersey Business Corporation Act,
JNJ_0000200406-24-000043_chunk001,JOHNSON & JOHNSON,0000200406,2024-04-29,none,positive,1,False,Company; PricewaterhouseCoopers LLP; M. C. Beckerle; D. Adamczyk; D. S. Davis; J. A. Doudna; J. Duato; M. A. Hewson; P. A. Johnson; H. Joly; M. B. McClellan; A. M. Mulcahy,
JNJ_0000200406-24-000043_chunk002,JOHNSON & JOHNSON,0000200406,2024-04-29,legal,neutral,3,False,A. M. Mulcahy; M. A. Weinberger; N. Y. West; E. A. Woods; PricewaterhouseCoopers LLP,
JNJ_0000200406-24-000048_chunk000,JOHNSON & JOHNSON,0000200406,2024-05-01,regulatory,negative,5,True,Johnson & Johnson; cosmetic talc litigation; ovarian cancer; mesothelioma; State consumer protection claims; $6.475 billion; $11 billion,
JNJ_0000200406-24-000053_chunk000,JOHNSON & JOHNSON,0000200406,2024-05-17,regulatory,neutral,2,False,Johnson & Johnson; Kenvue Inc.; Kenvue Common Stock; commercial paper; J&J common stock,
JNJ_0001193125-24-142828_chunk000,JOHNSON & JOHNSON,0000200406,2024-05-20,financial,neutral,2,False,"Johnson & Johnson; J.P. Morgan Securities LLC; BofA Securities, Inc.; Citigroup Global Markets Inc.; U.S. Dollar Notes; 2029 Notes; 2031 Notes; 2034 Notes; 2054 Notes; 2032 Notes; 2036 Notes; 2044 Notes; Euro Notes",
JNJ_0001193125-24-142828_chunk001,JOHNSON & JOHNSON,0000200406,2024-05-20,none,neutral,1,False,"Johnson & Johnson; J.P. Morgan Securities LLC; BofA Securities, Inc.; Citigroup Global Markets Inc.; J.P. Morgan Securities plc; Citigroup Global Markets Limited; Deutsche Bank AG; London Branch",
JNJ_0001193125-24-142828_chunk002,JOHNSON & JOHNSON,0000200406,2024-05-20,none,neutral,1,False,"Weil, Gotshal & Manges LLP; Troutman Pepper Hamilton Sanders LLP",
JNJ_0000200406-24-000071_chunk000,JOHNSON & JOHNSON,0000200406,2024-07-17,none,positive,1,False,"Johnson & Johnson; Robert J. Decker, Jr.",
JNJ_0000200406-24-000079_chunk000,JOHNSON & JOHNSON,0000200406,2024-08-26,leadership,negative,2,False,Johnson & Johnson; Peter M. Fasolo,
JNJ_0000200406-24-000081_chunk000,JOHNSON & JOHNSON,0000200406,2024-09-10,none,positive,1,False,Johnson & Johnson; D. S. Davis; D. Adamczyk,
JNJ_0000200406-24-000083_chunk000,JOHNSON & JOHNSON,0000200406,2024-09-20,financial,negative,5,True,Johnson & Johnson; Red River Talc LLC; U.S. Bankruptcy Court for the Southern District of Texas Houston Division,
JNJ_0000200406-24-000088_chunk000,JOHNSON & JOHNSON,0000200406,2024-10-15,none,positive,1,False,"Johnson & Johnson; Robert J. Decker, Jr.",
JPM_0000019617-21-000073_chunk000,JPMORGAN CHASE & CO,0000019617,2021-01-15,regulatory,neutral,2,True,JPMorgan Chase & Co.; Securities Exchange Act of 1934; Securities Act of 1933; Private Securities Litigation Reform Act of 1995,
JPM_0000019617-21-000071_chunk000,JPMORGAN CHASE & CO,0000019617,2021-01-15,regulatory,neutral,2,True,JPMorgan Chase & Co.; Securities Exchange Commission,
JPM_0000019617-21-000071_chunk001,JPMORGAN CHASE & CO,0000019617,2021-01-15,financial,neutral,2,False,PMorgan Chase & Co.,
JPM_0000019617-21-000123_chunk000,JPMORGAN CHASE & CO,0000019617,2021-01-21,none,positive,2,True,"JPMorgan Chase & Co.; James Dimon; $31,500,000; Firm; ROTCE; $5,000,000; $25,000,000; PSUs; $122.9 billion; $29.1 billion; ROTCE; $12.2 billion; $16.3 billion; JPMorgan Chase & Co.",
JPM_0000019617-21-000123_chunk001,JPMORGAN CHASE & CO,0000019617,2021-01-21,financial,positive,2,True,JPMorgan Chase; Firm; U.S. government entities; nonprofits; lower 48 U.S. states,
JPM_0000019617-21-000123_chunk002,JPMORGAN CHASE & CO,0000019617,2021-01-21,financial,neutral,2,False,Compensation & Management Development Committee; Board of Directors; Credit provided to clients,
JPM_0001193125-21-028835_chunk000,JPMORGAN CHASE & CO,0000019617,2021-02-04,legal,neutral,2,False,"JPMorgan Chase & Co.; Simpson Thacher & Bartlett LLP; $2,000,000,000; $3,000,000,000",
JPM_0001193125-21-044878_chunk000,JPMORGAN CHASE & CO,0000019617,2021-02-16,legal,neutral,2,False,"JPMorgan Chase & Co.; Simpson Thacher & Bartlett LLP; $1,000,000,000; 2025",
JPM_0001193125-21-050847_chunk000,JPMORGAN CHASE & CO,0000019617,2021-02-22,none,positive,1,False,JPMorgan Chase & Co.; Elena Korablina; Nicole Giles,
JPM_0001193125-21-071470_chunk000,JPMORGAN CHASE & CO,0000019617,2021-03-05,legal,neutral,2,False,"JPMorgan Chase & Co.; Simpson Thacher & Bartlett LLP; C$1,250,000,000",
JPM_0001193125-21-082826_chunk000,JPMORGAN CHASE & CO,0000019617,2021-03-16,legal,neutral,2,False,"JPMorgan Chase & Co.; Simpson Thacher & Bartlett LLP; $2,000,000,000; $1,000,000,000; $250,000,000",
JPM_0001193125-21-082826_chunk001,JPMORGAN CHASE & CO,0000019617,2021-03-16,regulatory,neutral,2,False,Simpson Thacher & Bartlett LLP,
JPM_0000019617-21-000243_chunk000,JPMORGAN CHASE & CO,0000019617,2021-03-16,none,positive,1,False,JPMorgan Chase & Co.; Delaware General Corporation Law,
JPM_0001193125-21-084083_chunk000,JPMORGAN CHASE & CO,0000019617,2021-03-17,regulatory,neutral,3,False,"JPMorgan Chase & Co.; Computershare Inc.; $10,000; Series JJ Preferred Stock",
JPM_0001193125-21-084083_chunk001,JPMORGAN CHASE & CO,0000019617,2021-03-17,none,neutral,1,False,JPMorgan Chase & Co.; Depositary Receipts; Series JJ Preferred Stock; Computershare Inc.,
JPM_0001193125-21-084083_chunk002,JPMORGAN CHASE & CO,0000019617,2021-03-17,none,neutral,1,False,JPMorgan Chase & Co.; Computershare Inc.; Simpson Thacher & Bartlett LLP,
JPM_0000019617-21-000283_chunk000,JPMORGAN CHASE & CO,0000019617,2021-04-14,regulatory,neutral,2,True,JPMorgan Chase & Co.; Securities Exchange Act of 1934; Securities Act of 1933,
JPM_0000019617-21-000281_chunk000,JPMORGAN CHASE & CO,0000019617,2021-04-14,none,positive,2,True,JPMorgan Chase & Co.; Securities Exchange Commission,
JPM_0001193125-21-126705_chunk000,JPMORGAN CHASE & CO,0000019617,2021-04-22,legal,neutral,2,False,"JPMorgan Chase & Co.; Simpson Thacher & Bartlett LLP; Securities Act of 1933; Form S-3; $3,500,000,000; $2,000,000,000; $500,000,000",
JPM_0001193125-21-126705_chunk001,JPMORGAN CHASE & CO,0000019617,2021-04-22,regulatory,neutral,1,False,Simpson Thacher & Bartlett LLP,
JPM_0001193125-21-145290_chunk000,JPMORGAN CHASE & CO,0000019617,2021-04-30,none,positive,1,False,JPMorgan Chase & Co.; Series AA Preferred Stock; Series BB Preferred Stock,
JPM_0001193125-21-159144_chunk000,JPMORGAN CHASE & CO,0000019617,2021-05-12,regulatory,neutral,2,False,"JPMorgan Chase & Co.; Computershare Inc.; $10,000; Series KK Preferred Stock",
JPM_0001193125-21-159144_chunk001,JPMORGAN CHASE & CO,0000019617,2021-05-12,operational,neutral,2,False,JPMorgan Chase & Co.; Depositary Receipts; Series KK Preferred Stock; Computershare Inc.,
JPM_0001193125-21-159144_chunk002,JPMORGAN CHASE & CO,0000019617,2021-05-12,none,neutral,1,False,JPMorgan Chase & Co.; Computershare Inc.; Simpson Thacher & Bartlett LLP,
JPM_0001193125-21-164789_chunk000,JPMORGAN CHASE & CO,0000019617,2021-05-18,leadership,neutral,2,False,JPMorgan Chase & Co.; Gordon Smith; Daniel Pinto; Marianne Lake; Jennifer Piepszak; Jeremy Barnum,
JPM_0001193125-21-164789_chunk001,JPMORGAN CHASE & CO,0000019617,2021-05-18,none,neutral,1,False,JPMorgan Chase & Co.,
JPM_0001193125-21-167776_chunk000,JPMORGAN CHASE & CO,0000019617,2021-05-20,regulatory,neutral,2,False,JPMorgan Chase & Co.; Computershare Inc.; Series LL Preferred Stock; Depositary Receipts; Deposit Agreement,
JPM_0001193125-21-167776_chunk001,JPMORGAN CHASE & CO,0000019617,2021-05-20,operational,neutral,2,False,JPMorgan Chase & Co.; Computershare Inc.; Depositary Receipts; Series LL Preferred Stock; Delaware,
JPM_0001193125-21-167776_chunk002,JPMORGAN CHASE & CO,0000019617,2021-05-20,none,neutral,1,False,JPMorgan Chase & Co.; Computershare Inc.; Simpson Thacher & Bartlett LLP,
JPM_0000019617-21-000343_chunk000,JPMORGAN CHASE & CO,0000019617,2021-05-21,none,positive,1,False,Linda B. Bammann; Stephen B. Burke; Todd A. Combs; James S. Crown; James Dimon; Timothy P. Flynn; Mellody Hobson; Michael A. Neal; Phebe N. Novakovic; Virginia M. Rometty,
JPM_0000019617-21-000343_chunk001,JPMORGAN CHASE & CO,0000019617,2021-05-21,none,neutral,1,False,,no JSON object found in response
JPM_0000019617-21-000343_chunk002,JPMORGAN CHASE & CO,0000019617,2021-05-21,none,neutral,1,False,SEC; shareholders; proposal; expenditure; electioneering; report; cover page; Rule 406; Regulation S-T; Inline XBRL; Exhibit 101; Exhibit 104,
JPM_0001193125-21-178644_chunk000,JPMORGAN CHASE & CO,0000019617,2021-06-01,legal,neutral,2,False,JPMorgan Chase & Co.; Simpson Thacher & Bartlett LLP; Securities Act of 1933; Form S-3; Fixed-to-Floating Rate Notes; Floating Rate Notes,
JPM_0001193125-21-197271_chunk000,JPMORGAN CHASE & CO,0000019617,2021-06-23,legal,neutral,2,False,JPMorgan Chase & Co.; Simpson Thacher & Bartlett LLP; Securities Act of 1933; Form S-3; Fixed-to-Floating Rate Notes; Floating Rate Notes,
JPM_0000019617-21-000354_chunk000,JPMORGAN CHASE & CO,0000019617,2021-06-28,regulatory,neutral,2,True,JPMorgan Chase & Co.; Federal Reserve Board,
JPM_0000019617-21-000354_chunk001,JPMORGAN CHASE & CO,0000019617,2021-06-28,none,neutral,1,False,JPMorgan Chase; Securities and Exchange Commission,
JPM_0000019617-21-000352_chunk000,JPMORGAN CHASE & CO,0000019617,2021-06-28,regulatory,negative,3,True,JPMorgan Chase & Co.; Federal Reserve Board; CCAR,
JPM_0000019617-21-000352_chunk001,JPMORGAN CHASE & CO,0000019617,2021-06-28,none,neutral,1,False,JPMorgan Chase & Co.; Securities and Exchange Commission,
JPM_0000019617-21-000365_chunk000,JPMORGAN CHASE & CO,0000019617,2021-07-13,legal,negative,3,True,JPMorgan Chase; Securities Exchange Act of 1934; Securities Act of 1933; Private Securities Litigation Reform Act of 1995,
JPM_0000019617-21-000363_chunk000,JPMORGAN CHASE & CO,0000019617,2021-07-13,none,positive,2,True,JPMorgan Chase & Co.; Securities Exchange Commission,
JPM_0000019617-21-000363_chunk001,JPMORGAN CHASE & CO,0000019617,2021-07-13,none,neutral,1,False,,
JPM_0000019617-21-000371_chunk000,JPMORGAN CHASE & CO,0000019617,2021-07-20,regulatory,positive,2,True,JPMorgan Chase & Co.; James Dimon; Firm,
JPM_0000019617-21-000371_chunk001,JPMORGAN CHASE & CO,0000019617,2021-07-20,regulatory,negative,3,False,Firm; Chairman; Chief Executive Officer; Compensation & Management Development Committee; Board of Directors,
JPM_0001193125-21-229188_chunk000,JPMORGAN CHASE & CO,0000019617,2021-07-29,regulatory,neutral,3,False,"JPMorgan Chase & Co.; Computershare Inc.; $10,000; 4.20% Non-Cumulative Preferred Stock, Series MM",
JPM_0001193125-21-229188_chunk001,JPMORGAN CHASE & CO,0000019617,2021-07-29,regulatory,neutral,2,False,JPMorgan Chase & Co.; Computershare Inc.,
JPM_0001193125-21-229188_chunk002,JPMORGAN CHASE & CO,0000019617,2021-07-29,none,neutral,1,False,JPMorgan Chase & Co.; Computershare Inc.; Simpson Thacher & Bartlett LLP,
JPM_0001193125-21-241817_chunk000,JPMORGAN CHASE & CO,0000019617,2021-08-10,legal,neutral,2,False,"JPMorgan Chase & Co.; Simpson Thacher & Bartlett LLP; $1,250,000,000; 2025",
JPM_0001193125-21-279424_chunk000,JPMORGAN CHASE & CO,0000019617,2021-09-22,legal,neutral,2,False,"JPMorgan Chase & Co.; Simpson Thacher & Bartlett LLP; $2,750,000,000; $500,000,000",
JPM_0000019617-21-000448_chunk000,JPMORGAN CHASE & CO,0000019617,2021-10-13,regulatory,neutral,2,True,JPMorgan Chase & Co.; Securities Exchange Commission; U.S. government,
JPM_0000019617-21-000446_chunk000,JPMORGAN CHASE & CO,0000019617,2021-10-13,regulatory,positive,2,True,JPMorgan Chase & Co.; Securities Exchange Commission,
JPM_0000019617-21-000446_chunk001,JPMORGAN CHASE & CO,0000019617,2021-10-13,none,neutral,1,False,,
JPM_0001193125-21-323115_chunk000,JPMORGAN CHASE & CO,0000019617,2021-11-08,legal,neutral,2,False,"JPMorgan Chase & Co.; Simpson Thacher & Bartlett LLP; $3,000,000,000; 2032",
JPM_0001193125-21-353966_chunk000,JPMORGAN CHASE & CO,0000019617,2021-12-10,legal,neutral,2,False,"JPMorgan Chase & Co.; Simpson Thacher & Bartlett LLP; $2,350,000,000; $400,000,000",
JPM_0000019617-21-000534_chunk000,JPMORGAN CHASE & CO,0000019617,2021-12-15,leadership,positive,2,True,JPMorgan Chase & Co.; Daniel Pinto; Firm,
JPM_0000019617-21-000534_chunk001,JPMORGAN CHASE & CO,0000019617,2021-12-15,regulatory,neutral,2,False,Firm; President; Chief Operating Officer; CMDC; Securities Exchange Act of 1934,
JPM_0000019617-21-000531_chunk000,JPMORGAN CHASE & CO,0000019617,2021-12-15,leadership,positive,2,True,JPMorgan Chase & Co.; Daniel Pinto; JPMorgan Chase Bonus Recoupment Policy,
JPM_0000019617-21-000531_chunk001,JPMORGAN CHASE & CO,0000019617,2021-12-15,regulatory,neutral,2,False,"Firm; President; COO; December 14, 2021; P; stock appreciation rights",
JPM_0001193125-21-360098_chunk000,JPMORGAN CHASE & CO,0000019617,2021-12-17,regulatory,negative,5,False,JPMorgan Chase & Co.; J.P. Morgan Securities LLC; U.S. Securities and Exchange Commission; U.S. Commodity Futures Trading Commission; Bank; J.P. Morgan Securities plc,
JPM_0001193125-22-000220_chunk000,JPMORGAN CHASE & CO,0000019617,2022-01-03,none,neutral,1,False,JPMorgan Chase & Co.; Series Z Preferred Stock,
JPM_0000019617-22-000081_chunk000,JPMORGAN CHASE & CO,0000019617,2022-01-14,regulatory,neutral,2,True,JPMorgan Chase; Securities Exchange Act of 1934; Securities Act of 1933; Private Securities Litigation Reform Act of 1995,
JPM_0000019617-22-000079_chunk000,JPMORGAN CHASE & CO,0000019617,2022-01-14,financial,neutral,2,True,JPMorgan Chase & Co.; Securities Exchange Commission,
JPM_0000019617-22-000079_chunk001,JPMORGAN CHASE & CO,0000019617,2022-01-14,financial,neutral,2,False,PMorgan Chase & Co.,
JPM_0000019617-22-000136_chunk000,JPMORGAN CHASE & CO,0000019617,2022-01-20,none,positive,2,True,"JPMorgan Chase & Co.; James Dimon; $34,500,000; $5,000,000; Performance Share Units; ROTCE; $125.3 billion; $48.3 billion; $15.36 per share; common equity Tier 1 ratio; $210 billion; $1.7 trillion",
JPM_0000019617-22-000136_chunk001,JPMORGAN CHASE & CO,0000019617,2022-01-20,regulatory,positive,2,False,JPMorgan Chase; U.S. government entities; states; municipalities; hospitals; universities,
JPM_0000019617-22-000136_chunk002,JPMORGAN CHASE & CO,0000019617,2022-01-20,none,neutral,1,False,,
JPM_0001193125-22-017078_chunk000,JPMORGAN CHASE & CO,0000019617,2022-01-25,legal,neutral,2,False,"JPMorgan Chase & Co.; Simpson Thacher & Bartlett LLP; $3,500,000,000; 2033",
JPM_0001193125-22-052112_chunk000,JPMORGAN CHASE & CO,0000019617,2022-02-24,legal,neutral,2,False,"JPMorgan Chase & Co.; Simpson Thacher & Bartlett LLP; $1,450,000,000; $1,650,000,000; $750,000,000; 2026; 2028; Fixed-to-Floating Rate Notes; Floating Rate Notes",
JPM_0000019617-22-000315_chunk000,JPMORGAN CHASE & CO,0000019617,2022-04-13,regulatory,neutral,2,True,JPMorgan Chase & Co.; Securities Exchange Commission; U.S. government,
JPM_0000019617-22-000313_chunk000,JPMORGAN CHASE & CO,0000019617,2022-04-13,financial,negative,3,True,JPMorgan Chase & Co.; Securities Exchange Commission,
JPM_0001193125-22-120273_chunk000,JPMORGAN CHASE & CO,0000019617,2022-04-26,legal,neutral,2,False,JPMorgan Chase & Co.; Securities Act of 1933; Simpson Thacher & Bartlett LLP; Form S-3; 2026 Fixed-to-Floating Rate Notes; 2028 Fixed-to-Floating Rate Notes; 2033 Fixed-to-Floating Rate Notes,
JPM_0000950103-22-008083_chunk000,JPMORGAN CHASE & CO,0000019617,2022-05-06,regulatory,neutral,2,False,JPMorgan Chase & Co.; JPMorgan Chase Financial Company LLC; Davis Polk & Wardwell LLP,
JPM_0000019617-22-000367_chunk000,JPMORGAN CHASE & CO,0000019617,2022-05-20,none,neutral,1,False,"Linda B. Bammann; Stephen B. Burke; 0; Todd A. Combs; James S. Crown; James Dimon; Timothy P. Flynn; Mellody Hobson; Michael A. Neal; Phebe N. Novakovic; Virginia M. Rometty; Annual Meeting of Shareholders; 2,468,848,141 shares; 83.98%; 10 director nominees; Broker Non-Votes",
JPM_0000019617-22-000367_chunk001,JPMORGAN CHASE & CO,0000019617,2022-05-20,regulatory,negative,4,False,shareholders; fossil fuel financing; independent board chairman; board diversity; public benefit corporation,
JPM_0000019617-22-000367_chunk002,JPMORGAN CHASE & CO,0000019617,2022-05-20,none,neutral,2,False,shareholders; absolute contraction targets,
JPM_0000019617-22-000369_chunk000,JPMORGAN CHASE & CO,0000019617,2022-05-23,regulatory,neutral,2,True,JPMorgan Chase & Co.; Securities Exchange Act of 1934; Securities Act of 1933,
JPM_0000019617-22-000369_chunk001,JPMORGAN CHASE & CO,0000019617,2022-05-23,none,neutral,1,False,JPMorgan Chase & Co.,
JPM_0001193125-22-173846_chunk000,JPMORGAN CHASE & CO,0000019617,2022-06-14,legal,neutral,2,False,JPMorgan Chase & Co.; Simpson Thacher & Bartlett LLP; Securities Act of 1933; Form S-3; 2025 Fixed-to-Floating Rate Notes; 2030 Fixed-to-Floating Rate Notes,
JPM_0000019617-22-000395_chunk000,JPMORGAN CHASE & CO,0000019617,2022-06-27,regulatory,neutral,2,True,JPMorgan Chase & Co.; Federal Reserve Board,
JPM_0000019617-22-000395_chunk001,JPMORGAN CHASE & CO,0000019617,2022-06-27,none,neutral,1,False,JPMorgan Chase; Securities and Exchange Commission,
JPM_0000019617-22-000392_chunk000,JPMORGAN CHASE & CO,0000019617,2022-06-27,regulatory,neutral,3,True,JPMorgan Chase; Federal Reserve Board; $1.00,
JPM_0000019617-22-000392_chunk001,JPMORGAN CHASE & CO,0000019617,2022-06-27,none,neutral,1,False,Securities and Exchange Commission; JPMorgan Chase,
JPM_0000019617-22-000412_chunk000,JPMORGAN CHASE & CO,0000019617,2022-07-14,regulatory,neutral,2,True,JPMorgan Chase & Co.; Securities Exchange Act of 1934; Securities Act of 1933; JPMorgan Chase’s management,
JPM_0000019617-22-000410_chunk000,JPMORGAN CHASE & CO,0000019617,2022-07-14,financial,negative,3,True,JPMorgan Chase & Co.; Securities Exchange Commission,
JPM_0000019617-22-000410_chunk001,JPMORGAN CHASE & CO,0000019617,2022-07-14,none,neutral,1,False,,
JPM_0000019617-22-000414_chunk000,JPMORGAN CHASE & CO,0000019617,2022-07-19,leadership,positive,2,False,JPMorgan Chase & Co; Alex Gorsky; Johnson & Johnson,
JPM_0001193125-22-200868_chunk000,JPMORGAN CHASE & CO,0000019617,2022-07-25,legal,neutral,2,False,"JPMorgan Chase & Co.; Simpson Thacher & Bartlett LLP; $3,500,000,000; Securities Act of 1933; Form S-3",
JPM_0001193125-22-204833_chunk000,JPMORGAN CHASE & CO,0000019617,2022-07-28,legal,neutral,2,False,JPMorgan Chase & Co.; Simpson Thacher & Bartlett LLP,
JPM_0001193125-22-218556_chunk000,JPMORGAN CHASE & CO,0000019617,2022-08-11,legal,neutral,2,False,JPMorgan Chase & Co.; Simpson Thacher & Bartlett LLP,
JPM_0001193125-22-236574_chunk000,JPMORGAN CHASE & CO,0000019617,2022-09-01,regulatory,neutral,2,False,JPMorgan Chase & Co.; Federal Reserve; Series V Preferred Stock,
JPM_0001193125-22-244747_chunk000,JPMORGAN CHASE & CO,0000019617,2022-09-14,legal,neutral,2,False,"JPMorgan Chase & Co.; Simpson Thacher & Bartlett LLP; $3,500,000,000; 2033",
JPM_0001193125-22-255590_chunk000,JPMORGAN CHASE & CO,0000019617,2022-09-30,none,neutral,1,False,JPMorgan Chase & Co.; SEC; Series I Preferred Stock,
JPM_0000019617-22-000488_chunk000,JPMORGAN CHASE & CO,0000019617,2022-10-14,regulatory,neutral,2,True,JPMorgan Chase; SEC; U.S. government,
JPM_0000019617-22-000486_chunk000,JPMORGAN CHASE & CO,0000019617,2022-10-14,financial,negative,3,True,JPMorgan Chase & Co.; Securities Exchange Commission,
JPM_0000019617-22-000486_chunk001,JPMORGAN CHASE & CO,0000019617,2022-10-14,none,neutral,1,False,,
JPM_0001193125-22-305905_chunk000,JPMORGAN CHASE & CO,0000019617,2022-12-15,legal,neutral,2,False,"JPMorgan Chase & Co.; Simpson Thacher & Bartlett LLP; $3,000,000,000; 2025",
JPM_0000019617-23-000077_chunk000,JPMORGAN CHASE & CO,0000019617,2023-01-13,regulatory,neutral,2,True,JPMorgan Chase & Co.; Securities Exchange Act of 1934; Securities Act of 1933; Private Securities Litigation Reform Act of 1995,
JPM_0000019617-23-000063_chunk000,JPMORGAN CHASE & CO,0000019617,2023-01-13,regulatory,neutral,2,True,JPMorgan Chase & Co.; Securities Exchange Commission,
JPM_0000019617-23-000063_chunk001,JPMORGAN CHASE & CO,0000019617,2023-01-13,financial,neutral,2,False,PMorgan Chase & Co.,
JPM_0000019617-23-000083_chunk000,JPMORGAN CHASE & CO,0000019617,2023-01-17,regulatory,neutral,2,False,JPMorgan Chase & Co.; U.S. Securities and Exchange Commission,
JPM_0000019617-23-000083_chunk001,JPMORGAN CHASE & CO,0000019617,2023-01-17,regulatory,neutral,2,False,Firm; Firm’s Corporate Governance & Nominating Committee; Applicable Person; Firm’s Corporate Governance Principles; Code of Conduct,
JPM_0000019617-23-000083_chunk002,JPMORGAN CHASE & CO,0000019617,2023-01-17,regulatory,neutral,2,False,JPMorgan Chase & Co.; SEC; Exchange Act,
JPM_0000019617-23-000082_chunk000,JPMORGAN CHASE & CO,0000019617,2023-01-17,none,neutral,1,False,JPMorgan Chase & Co,
JPM_0000019617-23-000104_chunk000,JPMORGAN CHASE & CO,0000019617,2023-01-19,none,neutral,1,False,,
JPM_0001193125-23-056441_chunk000,JPMORGAN CHASE & CO,0000019617,2023-03-01,regulatory,neutral,3,False,JPMorgan Chase & Co.; CME Term SOFR; U.S. dollar LIBOR; New York; Delaware,
JPM_0001628280-23-011546_chunk000,JPMORGAN CHASE & CO,0000019617,2023-04-14,none,positive,2,True,JPMorgan Chase & Co.; Securities Exchange Commission,
JPM_0000019617-23-000297_chunk000,JPMORGAN CHASE & CO,0000019617,2023-04-14,regulatory,neutral,2,True,JPMorgan Chase & Co.; Securities Exchange Act of 1934; Securities Act of 1933; Private Securities Litigation Reform Act of 1995,
JPM_0000950103-23-005982_chunk000,JPMORGAN CHASE & CO,0000019617,2023-04-20,regulatory,neutral,2,False,JPMorgan Chase & Co.; U.S. dollar LIBOR ICE Swap Rates; The Depository Trust Company,
JPM_0000019617-23-000306_chunk000,JPMORGAN CHASE & CO,0000019617,2023-05-01,regulatory,neutral,2,True,JPMorgan Chase; First Republic Bank; Federal Deposit Insurance Corporation; Securities Exchange Act of 1934; Securities Act of 1933,
JPM_0000019617-23-000304_chunk000,JPMORGAN CHASE & CO,0000019617,2023-05-01,regulatory,neutral,3,True,JPMorgan Chase & Co.; First Republic Bank; Federal Deposit Insurance Corporation,
JPM_0000019617-23-000382_chunk000,JPMORGAN CHASE & CO,0000019617,2023-05-18,none,positive,1,False,Linda B. Bammann; Stephen B. Burke; Todd A. Combs; James S. Crown; Alicia Boler Davis; James Dimon; Timothy P. Flynn; Alex Gorsky; Mellody Hobson; Michael A. Neal; Phebe N. Novakovic; Virginia M. Rometty,
JPM_0000019617-23-000382_chunk001,JPMORGAN CHASE & CO,0000019617,2023-05-18,regulatory,neutral,2,False,Phebe N. Novakovic; Virginia M. Rometty; PricewaterhouseCoopers LLP; 2023,
JPM_0000019617-23-000382_chunk002,JPMORGAN CHASE & CO,0000019617,2023-05-18,regulatory,negative,4,False,fossil fuel phase out; public responsibility committee charter; animal welfare impact; climate transition planning; respect for civil liberties; political and electioneering expenditures; absolute GHG reduction goals,
JPM_0000019617-23-000382_chunk003,JPMORGAN CHASE & CO,0000019617,2023-05-18,regulatory,negative,3,False,shareholders; GHG reduction goals,
JPM_0000019617-23-000388_chunk000,JPMORGAN CHASE & CO,0000019617,2023-05-22,regulatory,neutral,2,True,JPMorgan Chase & Co.; Securities Exchange Act of 1934; Securities Act of 1933; Private Securities Litigation Reform Act of 1995,
JPM_0000019617-23-000388_chunk001,JPMORGAN CHASE & CO,0000019617,2023-05-22,none,neutral,1,False,JPMorgan Chase & Co.,
JPM_0001193125-23-158957_chunk000,JPMORGAN CHASE & CO,0000019617,2023-06-01,legal,neutral,2,False,"JPMorgan Chase & Co.; Simpson Thacher & Bartlett LLP; $2,500,000,000; 2034",
JPM_0000019617-23-000408_chunk000,JPMORGAN CHASE & CO,0000019617,2023-06-26,leadership,negative,3,False,"JPMorgan Chase & Co.; JPMorgan Chase Bank, N.A.; JPMorgan Chase Holdings LLC",
JPM_0000019617-23-000415_chunk000,JPMORGAN CHASE & CO,0000019617,2023-06-30,regulatory,neutral,2,True,JPMorgan Chase & Co.; Federal Reserve Board,
JPM_0000019617-23-000415_chunk001,JPMORGAN CHASE & CO,0000019617,2023-06-30,none,neutral,1,False,JPMorgan Chase; Securities and Exchange Commission,
JPM_0000019617-23-000413_chunk000,JPMORGAN CHASE & CO,0000019617,2023-06-30,regulatory,neutral,3,True,JPMorgan Chase & Co.; Federal Reserve Board; $1.05,
JPM_0000019617-23-000413_chunk001,JPMORGAN CHASE & CO,0000019617,2023-06-30,none,neutral,1,False,JPMorgan Chase & Co.,
JPM_0000019617-23-000418_chunk000,JPMORGAN CHASE & CO,0000019617,2023-07-03,regulatory,neutral,3,True,JPMorgan Chase & Co.; Federal Reserve Board; $1.05 per share; JPMorgan Chase’s Annual Report on Form 10-K; JPMorgan Chase’s Quarterly Report on Form 10-Q,
JPM_0000019617-23-000418_chunk001,JPMORGAN CHASE & CO,0000019617,2023-07-03,none,neutral,1,False,JPMorgan Chase & Co.; Securities and Exchange Commission,
JPM_0000019617-23-000428_chunk000,JPMORGAN CHASE & CO,0000019617,2023-07-14,legal,negative,3,True,JPMorgan Chase & Co.; Securities Exchange Act of 1934; Securities Act of 1933; JPMorgan Chase’s Annual Report on Form 10-K; JPMorgan Chase’s Quarterly Report on Form 10-Q,
JPM_0000019617-23-000425_chunk000,JPMORGAN CHASE & CO,0000019617,2023-07-14,none,positive,2,True,JPMorgan Chase & Co.; Securities Exchange Commission,
JPM_0000019617-23-000425_chunk001,JPMORGAN CHASE & CO,0000019617,2023-07-14,none,neutral,1,False,,
JPM_0001193125-23-192268_chunk000,JPMORGAN CHASE & CO,0000019617,2023-07-24,legal,neutral,2,False,JPMorgan Chase & Co.; Simpson Thacher & Bartlett LLP,
JPM_0000019617-23-000501_chunk000,JPMORGAN CHASE & CO,0000019617,2023-09-22,regulatory,neutral,2,False,JPMorgan Chase & Co.; Court of Chancery of the State of Delaware,
JPM_0000019617-23-000510_chunk000,JPMORGAN CHASE & CO,0000019617,2023-10-13,regulatory,neutral,2,True,JPMorgan Chase & Co.; Securities Exchange Act of 1934; Securities Act of 1933; Private Securities Litigation Reform Act of 1995,
JPM_0000019617-23-000508_chunk000,JPMORGAN CHASE & CO,0000019617,2023-10-13,regulatory,neutral,2,True,JPMorgan Chase & Co.; Securities Exchange Commission,
JPM_0000019617-23-000508_chunk001,JPMORGAN CHASE & CO,0000019617,2023-10-13,none,neutral,1,False,,
JPM_0001193125-23-260837_chunk000,JPMORGAN CHASE & CO,0000019617,2023-10-23,legal,neutral,2,False,JPMorgan Chase & Co.; Simpson Thacher & Bartlett LLP; 2027 Notes; 2029 Notes; 2034 Notes,
JPM_0000019617-23-000517_chunk000,JPMORGAN CHASE & CO,0000019617,2023-10-27,none,positive,1,False,Jamie Dimon; JPMorgan; SEC; Rule 10b5-1,
JPM_0000019617-24-000063_chunk000,JPMORGAN CHASE & CO,0000019617,2024-01-12,regulatory,neutral,2,True,JPMorgan Chase & Co.; Securities Exchange Act of 1934; Private Securities Litigation Reform Act of 1995; Securities Act of 1933,
JPM_0000019617-24-000049_chunk000,JPMORGAN CHASE & CO,0000019617,2024-01-12,financial,negative,3,True,JPMorgan Chase & Co.; Securities Exchange Commission,
JPM_0000019617-24-000049_chunk001,JPMORGAN CHASE & CO,0000019617,2024-01-12,financial,neutral,2,False,PMorgan Chase & Co.,
JPM_0000019617-24-000079_chunk000,JPMORGAN CHASE & CO,0000019617,2024-01-16,none,positive,1,False,JPMorgan Chase & Co; Mark Weinberger; Ernst & Young,
JPM_0000019617-24-000109_chunk000,JPMORGAN CHASE & CO,0000019617,2024-01-18,none,positive,1,True,"JPMorgan Chase & Co.; James Dimon; $36,000,000; First Republic; $5,000,000; $29,500,000; Performance Share Units; ROTCE",
JPM_0000019617-24-000109_chunk001,JPMORGAN CHASE & CO,0000019617,2024-01-18,none,positive,1,True,J.P. Morgan; Chase; Mr. Dimon; $2.3 trillion; Firm,
JPM_0000019617-24-000109_chunk002,JPMORGAN CHASE & CO,0000019617,2024-01-18,financial,negative,4,False,JPMorgan Chase; U.S. Securities and Exchange Commission; Compensation & Management Development Committee; Board of Directors,
JPM_0001628280-24-001950_chunk000,JPMORGAN CHASE & CO,0000019617,2024-01-23,legal,neutral,2,False,JPMorgan Chase & Co.; Simpson Thacher & Bartlett LLP; Securities Act of 1933; Form S-3; Floating Rate Notes; 2028 Fixed-to-Floating Rate Notes; 2030 Fixed-to-Floating Rate Notes; 2035 Fixed-to-Floating Rate Notes,
JPM_0000019617-24-000166_chunk000,JPMORGAN CHASE & CO,0000019617,2024-01-25,none,neutral,1,False,JPMorgan Chase & Co,
JPM_0001193125-24-065885_chunk000,JPMORGAN CHASE & CO,0000019617,2024-03-12,regulatory,neutral,3,False,"JPMorgan Chase & Co.; Computershare Inc.; $10,000; Series NN Preferred Stock",
JPM_0001193125-24-065885_chunk001,JPMORGAN CHASE & CO,0000019617,2024-03-12,regulatory,neutral,2,False,JPMorgan Chase & Co.; Depositary Receipts; Series NN Preferred Stock; J.P. Morgan Securities LLC,
JPM_0001193125-24-065885_chunk002,JPMORGAN CHASE & CO,0000019617,2024-03-12,none,neutral,1,False,JPMorgan Chase & Co.; Computershare Inc.; Simpson Thacher & Bartlett LLP,
JPM_0001193125-24-073915_chunk000,JPMORGAN CHASE & CO,0000019617,2024-03-21,none,neutral,1,False,JPMorgan Chase & Co.; Series U Preferred Stock; Series Q Preferred Stock; Series R Preferred Stock; Series S Preferred Stock,
JPM_0000019617-24-000275_chunk000,JPMORGAN CHASE & CO,0000019617,2024-04-08,none,positive,1,False,JPMorgan Chase & Co.; Timothy P. Flynn; Michael A. Neal,
JPM_0000019617-24-000318_chunk000,JPMORGAN CHASE & CO,0000019617,2024-04-12,regulatory,neutral,2,True,JPMorgan Chase & Co.; Securities Exchange Act of 1934; Securities Act of 1933; Private Securities Litigation Reform Act of 1995,
JPM_0000019617-24-000315_chunk000,JPMORGAN CHASE & CO,0000019617,2024-04-12,none,positive,2,True,JPMorgan Chase & Co.; SEC; 2024 first quarter,
JPM_0001193125-24-104926_chunk000,JPMORGAN CHASE & CO,0000019617,2024-04-22,legal,neutral,2,False,"JPMorgan Chase & Co.; Securities Act of 1933; Simpson Thacher & Bartlett LLP; $750,000,000; $2,500,000,000; $2,750,000,000; $3,000,000,000; Form S-3",
JPM_0000019617-24-000330_chunk000,JPMORGAN CHASE & CO,0000019617,2024-05-06,none,positive,1,False,JPMorgan Chase & Co.; Visa Inc.,
JPM_0000019617-24-000402_chunk000,JPMORGAN CHASE & CO,0000019617,2024-05-15,none,positive,1,False,JPMorgan Chase & Co.; Regulation FD; Form 8-K,
JPM_0000019617-24-000404_chunk000,JPMORGAN CHASE & CO,0000019617,2024-05-20,regulatory,neutral,2,True,JPMorgan Chase & Co.; Securities and Exchange Commission,
JPM_0000019617-24-000404_chunk001,JPMORGAN CHASE & CO,0000019617,2024-05-20,none,neutral,1,False,JPMorgan Chase & Co.,
JPM_0000019617-24-000411_chunk000,JPMORGAN CHASE & CO,0000019617,2024-05-23,none,positive,1,False,Timothy P. Flynn; Michael A. Neal; Mark A. Weinberger; Alex Gorsky; Linda B. Bammann; Stephen B. Burke; Todd A. Combs; Alicia Boler Davis; James Dimon; Mellody Hobson; Phebe N. Novakovic,
JPM_0000019617-24-000411_chunk001,JPMORGAN CHASE & CO,0000019617,2024-05-23,regulatory,neutral,3,True,Phebe N. Novakovic; Virginia M. Rometty; Mark A. Weinberger; PricewaterhouseCoopers LLP; SEC; shareholders,
JPM_0000019617-24-000411_chunk002,JPMORGAN CHASE & CO,0000019617,2024-05-23,regulatory,negative,4,False,shareholders; golden parachutes; excessive; shareholder opportunity; vote; proxy voting alignment; due diligence; conflict-affected; high-risk areas; workforce civil liberties; shareholder proposal; SEC; Rule 406; Regulation S-T; Inline XBRL; Exhibit 101; Exhibit 104,
JPM_0000950103-24-007646_chunk000,JPMORGAN CHASE & CO,0000019617,2024-06-03,financial,negative,4,False,JPMorgan Chase Financial Company LLC; JPMorgan Chase & Co.,
JPM_0000019617-24-000435_chunk000,JPMORGAN CHASE & CO,0000019617,2024-06-28,regulatory,neutral,2,True,JPMorgan Chase; SEC; Dodd-Frank Act; 2024 DFAST,
JPM_0000019617-24-000434_chunk000,JPMORGAN CHASE & CO,0000019617,2024-06-28,regulatory,negative,4,True,JPMorgan Chase & Co.; Securities Exchange Commission,
JPM_0000019617-24-000448_chunk000,JPMORGAN CHASE & CO,0000019617,2024-07-12,legal,negative,3,True,JPMorgan Chase & Co.; Securities Exchange Act of 1934; Securities Act of 1933; JPMorgan Chase’s Annual Report on Form 10-K; JPMorgan Chase’s Quarterly Report on Form 10-Q,
JPM_0000019617-24-000446_chunk000,JPMORGAN CHASE & CO,0000019617,2024-07-12,none,positive,2,True,JPMorgan Chase & Co.; Securities Exchange Commission,
JPM_0000019617-24-000446_chunk001,JPMORGAN CHASE & CO,0000019617,2024-07-12,none,neutral,1,False,,
JPM_0001193125-24-182227_chunk000,JPMORGAN CHASE & CO,0000019617,2024-07-22,legal,neutral,2,False,"JPMorgan Chase & Co.; Securities Act of 1933; Simpson Thacher & Bartlett LLP; $750,000,000; $2,000,000,000; $2,750,000,000; $3,500,000,000",
JPM_0001193125-24-183855_chunk000,JPMORGAN CHASE & CO,0000019617,2024-07-24,none,neutral,1,False,JPMorgan Chase & Co.; SEC; Series FF Preferred Stock,
JPM_0001193125-24-203699_chunk000,JPMORGAN CHASE & CO,0000019617,2024-08-20,none,neutral,1,False,JPMorgan Chase & Co.; SEC; Series X Preferred Stock,
JPM_0001193125-24-228029_chunk000,JPMORGAN CHASE & CO,0000019617,2024-09-27,none,positive,1,False,"JPMorgan Chase & Co.; Morgan, Lewis & Bockius LLP",
JPM_0000019617-24-000558_chunk000,JPMORGAN CHASE & CO,0000019617,2024-10-11,regulatory,neutral,2,True,JPMorgan Chase & Co.; Securities Exchange Commission; U.S. government,
JPM_0000019617-24-000555_chunk000,JPMORGAN CHASE & CO,0000019617,2024-10-11,regulatory,neutral,2,True,JPMorgan Chase & Co.; Securities Exchange Commission,
JPM_0000019617-24-000555_chunk001,JPMORGAN CHASE & CO,0000019617,2024-10-11,none,neutral,1,False,,
JPM_0000019617-24-000595_chunk000,JPMORGAN CHASE & CO,0000019617,2024-10-17,none,positive,1,False,JPMorgan Chase & Co; Brad Smith; Marshall University; Intuit,
JPM_0001193125-24-241062_chunk000,JPMORGAN CHASE & CO,0000019617,2024-10-22,legal,neutral,2,False,JPMorgan Chase & Co.; Simpson Thacher & Bartlett LLP; Securities Act of 1933; Form S-3; 2028 Fixed-to-Floating Rate Notes; 2030 Fixed-to-Floating Rate Notes; 2035 Fixed-to-Floating Rate Notes,
JPM_0001193125-24-268103_chunk000,JPMORGAN CHASE & CO,0000019617,2024-11-29,legal,neutral,2,False,JPMorgan Chase & Co.; Simpson Thacher & Bartlett LLP,
JPM_0000019617-24-000660_chunk000,JPMORGAN CHASE & CO,0000019617,2024-12-12,none,positive,1,False,"JPMorgan Chase & Co; Michele G. Buck; The Hershey Company; JPMorgan Chase Bank, N.A.; JPMorgan Chase Holdings LLC",
KO_0000021344-21-000003_chunk000,COCA COLA CO,0000021344,2021-02-10,regulatory,negative,4,True,The Coca-Cola Company; United States; income tax rates; income tax laws; tax audits; tax matters; foreign exchange rates,
KO_0000021344-21-000003_chunk001,COCA COLA CO,0000021344,2021-02-10,regulatory,negative,5,True,United States Internal Revenue Service; IRS; The Coca-Cola Company,
KO_0000021344-21-000003_chunk002,COCA COLA CO,0000021344,2021-02-10,none,positive,1,False,The Coca-Cola Company,
KO_0001552781-21-000039_chunk000,COCA COLA CO,0000021344,2021-02-22,none,positive,1,False,The Coca-Cola Company; James Quincey; John Murphy; Manuel Arroyo; Brian J. Smith; James L. Dinkins,
KO_0001552781-21-000052_chunk000,COCA COLA CO,0000021344,2021-03-01,financial,neutral,3,False,The Coca-Cola Company; debt securities,
KO_0001552781-21-000076_chunk000,COCA COLA CO,0000021344,2021-03-05,financial,neutral,2,False,The Coca-Cola Company; Euro Notes Underwriters; Barclays Capital Inc.; Goldman Sachs & Co. LLC; Santander Investment Securities Inc.; Euro Notes; Dollar Notes,
KO_0001552781-21-000076_chunk001,COCA COLA CO,0000021344,2021-03-05,financial,neutral,3,True,Goldman Sachs & Co. LLC; Santander Investment Securities Inc.; Securities and Exchange Commission; Deutsche Bank Trust Company Americas; Dollar Notes Underwriters; Dollar Tender Offer Notes; Euro Tender Offer Notes,
KO_0001552781-21-000076_chunk002,COCA COLA CO,0000021344,2021-03-05,financial,negative,3,False,Company; Euro Tender Offer Notes; Dollar Notes Underwriting Agreement; Indenture; SEC; U.S. government,
KO_0001552781-21-000076_chunk003,COCA COLA CO,0000021344,2021-03-05,none,neutral,1,False,Company; Deutsche Bank Trust Company Americas; Barclays Capital Inc.; Goldman Sachs & Co. LLC; Santander Investment Securities Inc.,
KO_0001552781-21-000076_chunk004,COCA COLA CO,0000021344,2021-03-05,none,neutral,1,False,"Skadden, Arps, Slate, Meagher & Flom LLP; The Coca-Cola Company",
KO_0001552781-21-000082_chunk000,COCA COLA CO,0000021344,2021-03-08,none,neutral,1,False,The Coca-Cola Company,
KO_0001552781-21-000083_chunk000,COCA COLA CO,0000021344,2021-03-09,financial,neutral,2,False,The Coca-Cola Company; SEC; Deutsche Bank Trust Company Americas; euro-denominated notes,
KO_0001552781-21-000083_chunk001,COCA COLA CO,0000021344,2021-03-09,regulatory,neutral,2,False,Company; Deutsche Bank Trust Company Americas; Bankers Trust Company,
KO_0001552781-21-000083_chunk002,COCA COLA CO,0000021344,2021-03-09,none,neutral,1,False,"Deutsche Bank Trust Company Americas; Skadden, Arps, Slate, Meagher & Flom LLP",
KO_0001552781-21-000188_chunk000,COCA COLA CO,0000021344,2021-04-08,financial,neutral,2,False,"The Coca-Cola Company; Deutsche Bank Trust Company Americas; $1,106,476,000; $392,055,000; €867,431,000; 3.200% Notes; 2.500% Notes; 0.750% Notes; USD Notes Redemption Date; Euro Notes Redemption Date",
KO_0001552781-21-000224_chunk000,COCA COLA CO,0000021344,2021-04-19,regulatory,neutral,2,False,The Coca-Cola Company; Coca-Cola Beverages Africa; Amsterdam; Johannesburg; U.S. Securities Act of 1933; Securities Exchange Act of 1934,
KO_0000021344-21-000011_chunk000,COCA COLA CO,0000021344,2021-04-19,none,positive,1,False,The Coca-Cola Company,
KO_0001552781-21-000235_chunk000,COCA COLA CO,0000021344,2021-04-21,leadership,neutral,2,False,The Coca-Cola Company; Bradley M. Gayton,
KO_0001552781-21-000235_chunk001,COCA COLA CO,0000021344,2021-04-21,none,neutral,1,False,The Coca-Cola Company; Bradley M. Gayton,
KO_0001552781-21-000242_chunk000,COCA COLA CO,0000021344,2021-04-22,none,positive,1,False,Herbert A. Allen; Marc Bolland; Ana Botín; Christopher C. Davis; Barry Diller; Helene D. Gayle; Alexis M. Herman; Robert A. Kotick; Maria Elena Lagomasino,
KO_0001552781-21-000242_chunk001,COCA COLA CO,0000021344,2021-04-22,regulatory,negative,4,False,Ernst & Young; SEC; Maria Elena Lagomasino; James Quincey; Caroline J. Tsay; David B. Weinberg,
KO_0001552781-21-000255_chunk000,COCA COLA CO,0000021344,2021-04-28,financial,neutral,3,False,The Coca-Cola Company; SEC,
KO_0001552781-21-000269_chunk000,COCA COLA CO,0000021344,2021-04-30,regulatory,neutral,2,False,"The Coca-Cola Company; Euro Notes Underwriters; BofA Securities, Inc.; Citigroup Global Markets Inc.; Deutsche Bank Securities Inc.; J.P. Morgan Securities LLC; Morgan Stanley & Co. LLC",
KO_0001552781-21-000269_chunk001,COCA COLA CO,0000021344,2021-04-30,financial,neutral,3,True,Company; Dollar Notes Underwriters; SEC; Euro Notes; Dollar Tender Offer Notes,
KO_0001552781-21-000269_chunk002,COCA COLA CO,0000021344,2021-04-30,regulatory,neutral,2,False,"Company; Euro Notes Underwriters; BofA Securities, Inc.; Citigroup Global Markets Inc.; Deutsche Bank Securities Inc.; J.P. Morgan Securities LLC; Morgan Stanley & Co. LLC",
KO_0001552781-21-000338_chunk000,COCA COLA CO,0000021344,2021-05-05,none,neutral,1,False,The Coca-Cola Company; SEC; Deutsche Bank Trust Company Americas; CUSIP number,
KO_0001552781-21-000338_chunk001,COCA COLA CO,0000021344,2021-05-05,operational,neutral,2,True,Company; 2051 notes; Dollar Notes; Dollar Tender Offer Notes; Tender Offers; Exhibit 99.1,
KO_0001552781-21-000338_chunk002,COCA COLA CO,0000021344,2021-05-05,regulatory,neutral,2,False,Company; Deutsche Bank Trust Company Americas; SEC,
KO_0001552781-21-000338_chunk003,COCA COLA CO,0000021344,2021-05-05,none,neutral,1,False,"Skadden, Arps, Slate, Meagher & Flom LLP; The Coca-Cola Company",
KO_0001552781-21-000351_chunk000,COCA COLA CO,0000021344,2021-05-06,operational,neutral,2,False,The Coca-Cola Company; SEC; Deutsche Bank Trust Company Americas; Euro Notes,
KO_0001552781-21-000351_chunk001,COCA COLA CO,0000021344,2021-05-06,regulatory,neutral,2,False,Company; Deutsche Bank Trust Company Americas; Bankers Trust Company; SEC,
KO_0001552781-21-000351_chunk002,COCA COLA CO,0000021344,2021-05-06,none,neutral,1,False,"Bankers Trust Company; Deutsche Bank Trust Company Americas; Skadden, Arps, Slate, Meagher & Flom LLP; The Coca-Cola Company",
KO_0001552781-21-000415_chunk000,COCA COLA CO,0000021344,2021-05-12,none,neutral,1,False,The Coca-Cola Company; J.P. Morgan Securities plc; SEC,
KO_0001552781-21-000415_chunk001,COCA COLA CO,0000021344,2021-05-12,regulatory,negative,3,True,Company; J.P. Morgan Securities plc,
KO_0001552781-21-000435_chunk000,COCA COLA CO,0000021344,2021-05-17,financial,neutral,2,True,"The Coca-Cola Company; SEC; €150,000,000; €500,000,000; €650,000,000",
KO_0001552781-21-000435_chunk001,COCA COLA CO,0000021344,2021-05-17,regulatory,neutral,2,False,Company; Deutsche Bank Trust Company Americas; Bankers Trust Company,
KO_0001552781-21-000435_chunk002,COCA COLA CO,0000021344,2021-05-17,none,neutral,1,False,"Company; Deutsche Bank Trust Company Americas; Skadden, Arps, Slate, Meagher & Flom LLP",
KO_0001552781-21-000451_chunk000,COCA COLA CO,0000021344,2021-05-20,none,neutral,1,False,The Coca-Cola Company; Deutsche Bank Trust Company Americas,
KO_0001552781-21-000502_chunk000,COCA COLA CO,0000021344,2021-06-04,financial,neutral,2,False,The Coca-Cola Company; Deutsche Bank Trust Company Americas,
KO_0000021344-21-000021_chunk000,COCA COLA CO,0000021344,2021-07-21,none,positive,1,False,The Coca-Cola Company,
KO_0001552781-21-000687_chunk000,COCA COLA CO,0000021344,2021-08-24,leadership,negative,2,False,The Coca-Cola Company; Herbert A. Allen,
KO_0000021344-21-000027_chunk000,COCA COLA CO,0000021344,2021-10-27,none,positive,1,False,The Coca-Cola Company,
KO_0001552781-21-000856_chunk000,COCA COLA CO,0000021344,2021-12-20,none,positive,1,False,The Coca-Cola Company; Herbert A. Allen III,
KO_0000021344-22-000004_chunk000,COCA COLA CO,0000021344,2022-02-10,none,positive,1,False,The Coca-Cola Company,
KO_0001552781-22-000167_chunk000,COCA COLA CO,0000021344,2022-02-16,none,positive,1,True,The Coca-Cola Company; Departure of Directors or Certain Officers; Talent and Compensation Committee; 2014 Equity Plan; Coca-Cola Company Performance Incentive Plan; Coca-Cola Company Long-Term Incentive Plan,
KO_0001552781-22-000167_chunk001,COCA COLA CO,0000021344,2022-02-16,none,neutral,1,False,Company; SEC; 2014 Equity Plan,
KO_0001552781-22-000236_chunk000,COCA COLA CO,0000021344,2022-03-04,leadership,neutral,2,False,The Coca-Cola Company; Robert A. Kotick,
KO_0001552781-22-000242_chunk000,COCA COLA CO,0000021344,2022-03-08,regulatory,negative,3,False,The Coca-Cola Company; Russia; Coca-Cola HBC AG,
KO_0000021344-22-000013_chunk000,COCA COLA CO,0000021344,2022-04-25,none,positive,1,False,The Coca-Cola Company,
KO_0001552781-22-000366_chunk000,COCA COLA CO,0000021344,2022-04-27,none,neutral,1,False,The Coca-Cola Company; Herb Allen; Marc Bolland; Ana Botín; Christopher C. Davis,
KO_0001552781-22-000366_chunk001,COCA COLA CO,0000021344,2022-04-27,none,neutral,2,False,Ana Botín; Christopher C. Davis; Barry Diller; Helene D. Gayle; Alexis M. Herman; Maria Elena Lagomasino; James Quincey; Caroline J. Tsay; David B. Weinberg; Ernst & Young LLP,
KO_0001552781-22-000366_chunk002,COCA COLA CO,0000021344,2022-04-27,regulatory,neutral,3,False,Ernst & Young LLP; The Coca-Cola Company,
KO_0001552781-22-000509_chunk000,COCA COLA CO,0000021344,2022-07-21,leadership,neutral,2,False,The Coca-Cola Company; Brian J. Smith; John Murphy,
KO_0001552781-22-000509_chunk001,COCA COLA CO,0000021344,2022-07-21,none,positive,1,False,The Coca-Cola Company; Brian J. Smith; Carolyn Everson,
KO_0001552781-22-000509_chunk002,COCA COLA CO,0000021344,2022-07-21,none,neutral,1,False,The Coca-Cola Company,
KO_0000021344-22-000030_chunk000,COCA COLA CO,0000021344,2022-07-26,none,positive,1,False,The Coca-Cola Company,
KO_0001552781-22-000543_chunk000,COCA COLA CO,0000021344,2022-08-23,leadership,neutral,2,False,The Coca-Cola Company; Alfredo Rivera,
KO_0001552781-22-000543_chunk001,COCA COLA CO,0000021344,2022-08-23,none,neutral,1,False,The Coca-Cola Company; Alfredo Rivera,
KO_0000021344-22-000038_chunk000,COCA COLA CO,0000021344,2022-10-25,none,positive,1,False,The Coca-Cola Company,
KO_0001552781-22-000649_chunk000,COCA COLA CO,0000021344,2022-12-12,regulatory,neutral,2,False,The Coca-Cola Company; Securities and Exchange Commission; Delaware General Corporation Law,
KO_0001552781-22-000649_chunk001,COCA COLA CO,0000021344,2022-12-12,none,neutral,1,False,,
KO_0000021344-23-000005_chunk000,COCA COLA CO,0000021344,2023-02-14,none,positive,1,False,The Coca-Cola Company,
KO_0000021344-23-000017_chunk000,COCA COLA CO,0000021344,2023-04-24,none,positive,1,False,The Coca-Cola Company,
KO_0000021344-23-000026_chunk000,COCA COLA CO,0000021344,2023-04-26,none,neutral,1,False,Herb Allen; Marc Bolland; Ana Botín; Christopher C. Davis; Barry Diller; Carolyn Everson; Helene D. Gayle; Alexis M. Herman,
KO_0000021344-23-000026_chunk001,COCA COLA CO,0000021344,2023-04-26,none,neutral,2,False,Alexis M. Herman; Maria Elena Lagomasino; Amity Millhiser; James Quincey; Caroline J. Tsay; David B. Weinberg; Ernst & Young LLP,
KO_0000021344-23-000026_chunk002,COCA COLA CO,0000021344,2023-04-26,regulatory,negative,5,False,Company; Ernst & Young LLP; nonwhite stakeholders; state policies; reproductive rights,
KO_0000021344-23-000026_chunk003,COCA COLA CO,0000021344,2023-04-26,none,neutral,1,False,"406,436,966; 13.12; 2,692,066,904; 70,796,884; 505,076,089",
KO_0000021344-23-000041_chunk000,COCA COLA CO,0000021344,2023-07-19,none,positive,1,False,The Coca-Cola Company; Thomas S. Gayner,
KO_0000021344-23-000045_chunk000,COCA COLA CO,0000021344,2023-07-26,none,positive,1,False,The Coca-Cola Company,
KO_0000021344-23-000051_chunk000,COCA COLA CO,0000021344,2023-10-20,operational,positive,2,False,The Coca-Cola Company; SEC; annual shareowner meetings,
KO_0000021344-23-000051_chunk001,COCA COLA CO,0000021344,2023-10-20,regulatory,neutral,2,False,"Company; SEC; October 19, 2023",
KO_0000021344-23-000057_chunk000,COCA COLA CO,0000021344,2023-10-24,none,positive,1,False,The Coca-Cola Company,
KO_0000021344-24-000004_chunk000,COCA COLA CO,0000021344,2024-02-13,none,positive,1,False,The Coca-Cola Company,
KO_0000021344-24-000013_chunk000,COCA COLA CO,0000021344,2024-04-30,none,positive,1,False,The Coca-Cola Company,
KO_0001552781-24-000261_chunk000,COCA COLA CO,0000021344,2024-05-02,none,positive,1,False,The Coca-Cola Company; Erin “Ellie” May; Mark Randazza; Ernst & Young LLP,
KO_0001552781-24-000261_chunk001,COCA COLA CO,0000021344,2024-05-02,operational,positive,2,True,The Coca-Cola Company; Ms. May; 2024 Plan; Talent and Compensation Committee,
KO_0001552781-24-000261_chunk002,COCA COLA CO,0000021344,2024-05-02,none,neutral,1,False,The Coca-Cola Company; Herb Allen; Marc Bolland; Ana Botín; Christopher C. Davis; Barry Diller,
KO_0001552781-24-000261_chunk003,COCA COLA CO,0000021344,2024-05-02,none,neutral,2,False,Barry Diller; Carolyn Everson; Thomas S. Gayner; Alexis M. Herman; Maria Elena Lagomasino; Amity Milhiser; James Quincey; Caroline J. Tsay; David B. Weinberg; Coca-Cola,
KO_0001552781-24-000261_chunk004,COCA COLA CO,0000021344,2024-05-02,operational,negative,4,False,The Coca-Cola Company; Ernst & Young LLP,
KO_0001552781-24-000261_chunk005,COCA COLA CO,0000021344,2024-05-02,regulatory,neutral,2,False,The Coca-Cola Company; Erin “Ellie” May,
KO_0001552781-24-000299_chunk000,COCA COLA CO,0000021344,2024-05-08,financial,neutral,2,False,The Coca-Cola Company; Citigroup Global Markets Inc.; Barclays Capital Inc.; Santander US Capital Markets LLC; Euro Notes Underwriters,
KO_0001552781-24-000299_chunk001,COCA COLA CO,0000021344,2024-05-08,financial,neutral,3,True,Company; Euro Notes Underwriters; Securities and Exchange Commission; United States Internal Revenue Service,
KO_0001552781-24-000299_chunk002,COCA COLA CO,0000021344,2024-05-08,regulatory,negative,3,False,Company; Citigroup Global Markets Inc.; Barclays Capital Inc.; Santander US Capital Markets LLC,
KO_0001552781-24-000313_chunk000,COCA COLA CO,0000021344,2024-05-13,financial,neutral,2,False,The Coca-Cola Company; SEC; Deutsche Bank Trust Company Americas; United States Internal Revenue Service,
KO_0001552781-24-000313_chunk001,COCA COLA CO,0000021344,2024-05-13,regulatory,neutral,2,False,Company; Deutsche Bank Trust Company Americas; Bankers Trust Company,
KO_0001552781-24-000313_chunk002,COCA COLA CO,0000021344,2024-05-13,none,neutral,1,False,"Deutsche Bank Trust Company Americas; Skadden, Arps, Slate, Meagher & Flom LLP",
KO_0001552781-24-000325_chunk000,COCA COLA CO,0000021344,2024-05-14,financial,neutral,2,False,"The Coca-Cola Company; SEC; Deutsche Bank Trust Company Americas; €500,000,000; 2032; 2044",
KO_0001552781-24-000325_chunk001,COCA COLA CO,0000021344,2024-05-14,regulatory,neutral,2,False,Company; Deutsche Bank Trust Company Americas; SEC,
KO_0001552781-24-000325_chunk002,COCA COLA CO,0000021344,2024-05-14,none,neutral,1,False,"Company; Deutsche Bank Trust Company Americas; Skadden, Arps, Slate, Meagher & Flom LLP",
KO_0000021344-24-000040_chunk000,COCA COLA CO,0000021344,2024-07-23,none,neutral,1,False,The Coca-Cola Company; Barry Diller; Alexis Herman; Marc Bolland,
KO_0000021344-24-000037_chunk000,COCA COLA CO,0000021344,2024-07-23,none,positive,1,False,The Coca-Cola Company,
KO_0001552781-24-000465_chunk000,COCA COLA CO,0000021344,2024-08-09,financial,neutral,2,True,"The Coca-Cola Company; Barclays Capital Inc.; BofA Securities, Inc.; Citigroup Global Markets Inc.; Deutsche Bank Securities Inc.; Goldman Sachs & Co. LLC; Morgan Stanley & Co. LLC; $750,000,000; $1,500,000,000; $750,000,000; 2034 notes; 2055 notes; 2064 notes; Dollar Notes Underwriting Agreement; Euro Notes Underwriting Agreement",
KO_0001552781-24-000465_chunk001,COCA COLA CO,0000021344,2024-08-09,financial,neutral,3,True,"Company; Euro Notes Underwriters; SEC; Internal Revenue Service; fairlife, LLC",
KO_0001552781-24-000465_chunk002,COCA COLA CO,0000021344,2024-08-09,regulatory,neutral,2,False,Company; Barclays Capital Inc.; BofA Securities Inc.; Citigroup Global Markets Inc.; Deutsche Bank Securities Inc.; Goldman Sachs & Co. LLC; Morgan Stanley & Co. LLC,
KO_0001552781-24-000487_chunk000,COCA COLA CO,0000021344,2024-08-14,none,positive,1,False,The Coca-Cola Company; SEC; Deutsche Bank Trust Company Americas,
KO_0001552781-24-000487_chunk001,COCA COLA CO,0000021344,2024-08-14,regulatory,neutral,2,True,"Company; Deutsche Bank Trust Company Americas; United States Internal Revenue Service; fairlife, LLC",
KO_0001552781-24-000487_chunk002,COCA COLA CO,0000021344,2024-08-14,none,neutral,1,False,"Company; Deutsche Bank Trust Company Americas; Skadden, Arps, Slate, Meagher & Flom LLP",
KO_0001552781-24-000487_chunk003,COCA COLA CO,0000021344,2024-08-14,legal,neutral,2,False,"Skadden, Arps, Slate, Meagher & Flom LLP; Dollar Notes",
KO_0001552781-24-000497_chunk000,COCA COLA CO,0000021344,2024-08-15,financial,neutral,2,True,"The Coca-Cola Company; SEC; Deutsche Bank Trust Company Americas; €500,000,000; 2037; 2053; Internal Revenue Service; fairlife, LLC",
KO_0001552781-24-000497_chunk001,COCA COLA CO,0000021344,2024-08-15,regulatory,neutral,2,False,Company; Deutsche Bank Trust Company Americas; SEC,
KO_0001552781-24-000497_chunk002,COCA COLA CO,0000021344,2024-08-15,none,neutral,1,False,"Company; Deutsche Bank Trust Company Americas; Skadden, Arps, Slate, Meagher & Flom LLP",
KO_0000021344-24-000047_chunk000,COCA COLA CO,0000021344,2024-08-21,none,positive,2,False,The Coca-Cola Company; The Coca-Cola 2014 Equity Plan,
KO_0000021344-24-000051_chunk000,COCA COLA CO,0000021344,2024-10-17,none,positive,1,False,The Coca-Cola Company; Bela Bajaria,
KO_0000021344-24-000056_chunk000,COCA COLA CO,0000021344,2024-10-23,none,positive,1,False,The Coca-Cola Company,
KO_0001552781-24-000626_chunk000,COCA COLA CO,0000021344,2024-12-11,leadership,positive,2,True,The Coca-Cola Company; Henrique Braun,
KO_0001552781-24-000626_chunk001,COCA COLA CO,0000021344,2024-12-11,none,positive,1,False,The Coca-Cola Company; Mr. Braun,
KO_0001552781-24-000634_chunk000,COCA COLA CO,0000021344,2024-12-16,leadership,negative,2,False,The Coca-Cola Company; Helene D. Gayle,
LIN_0001654954-21-000591_chunk000,LINDE PLC,0001707925,2021-01-19,regulatory,neutral,2,False,Linde plc; United States Securities and Exchange Commission; The Priestley Centre; Guildford; United Kingdom,
LIN_0001654954-21-000591_chunk001,LINDE PLC,0001707925,2021-01-19,none,positive,1,False,Linde; Eduardo Menezes; Sean Durbin; Praxair,
LIN_0001654954-21-001193_chunk000,LINDE PLC,0001707925,2021-02-05,none,neutral,1,False,,
LIN_0001654954-21-005179_chunk000,LINDE PLC,0001707925,2021-05-06,none,neutral,1,False,,
LIN_0001654954-21-008282_chunk000,LINDE PLC,0001707925,2021-07-28,regulatory,neutral,2,False,Linde plc; United States; Ireland; Guildford; United Kingdom; SEC; 8-K,
LIN_0001654954-21-008282_chunk001,LINDE PLC,0001707925,2021-07-28,none,neutral,1,False,Linde plc; Wolfgang Reitzle; Ann-Kristin Achleitner; Clemens A.H. Börsig; Nance K. Dicciani; Thomas Enders; Franz Fehrenbach,
LIN_0001654954-21-008282_chunk002,LINDE PLC,0001707925,2021-07-28,none,neutral,1,False,PricewaterhouseCoopers; Linde plc; Dr. Thomas Enders; Franz Fehrenbach; Edward G. Galante; Larry D. McVay; Victoria E. Ossadnik; Prof. Dr. Martin H. Richenhagen; Robert L. Wood,
LIN_0001654954-21-008282_chunk003,LINDE PLC,0001707925,2021-07-28,none,positive,1,False,Linde plc; Irish law,
LIN_0001654954-21-008282_chunk004,LINDE PLC,0001707925,2021-07-28,regulatory,neutral,2,False,"SEC; Shares Voted Against; Shares Abstained; Broker Non-Votes; 407,563,778; 1,042,507; 1,443,641",
LIN_0001654954-21-008345_chunk000,LINDE PLC,0001707925,2021-07-30,regulatory,neutral,2,False,Linde plc; United States; Ireland; Guildford; United Kingdom; SEC; 8-K,
LIN_0001654954-21-008345_chunk001,LINDE PLC,0001707925,2021-07-30,none,neutral,1,False,Linde plc,
LIN_0001193125-21-288256_chunk000,LINDE PLC,0001707925,2021-10-01,none,positive,2,False,Linde plc; Managers; Luxembourg Stock Exchange; Euro MTF market; Issuers,
LIN_0001193125-21-288256_chunk001,LINDE PLC,0001707925,2021-10-01,regulatory,neutral,2,False,Issuers; Linde GmbH; Linde Inc.; Deutsche Bank Aktiengesellschaft; U.S. Securities Act of 1933,
LIN_0001193125-21-288256_chunk002,LINDE PLC,0001707925,2021-10-01,regulatory,neutral,2,False,Linde plc; Linde Finance B.V.; Deutsche Bank Aktiengesellschaft; Linde GmbH,
LIN_0001654954-21-011321_chunk000,LINDE PLC,0001707925,2021-10-25,regulatory,neutral,2,False,Linde plc; United States Securities and Exchange Commission; Ireland; Guildford; United Kingdom,
LIN_0001654954-21-011321_chunk001,LINDE PLC,0001707925,2021-10-25,leadership,positive,2,False,Linde plc; Sanjiv Lamba; Stephen F. Angel; Wolfgang Reitzle; Prof. Dr. Clemens Börsig; Dr. Nance K. Dicciani; Mr. Franz Fehrenbach; Mr. Larry McVay; Alberto Weisser; Josef Kaeser,
LIN_0001654954-21-011321_chunk002,LINDE PLC,0001707925,2021-10-25,none,positive,1,False,Company; Mr. Weisser; Mr. Kaeser; Board of Directors; ESG matters,
LIN_0001654954-21-011422_chunk000,LINDE PLC,0001707925,2021-10-28,regulatory,neutral,2,False,Linde plc; United States Securities and Exchange Commission; Ireland; United Kingdom,
LIN_0001654954-21-011422_chunk001,LINDE PLC,0001707925,2021-10-28,none,neutral,1,False,Linde plc,
LIN_0001193125-21-333670_chunk000,LINDE PLC,0001707925,2021-11-18,regulatory,neutral,2,False,Linde plc; United States; Connecticut; Surrey Research Park; Guildford; United Kingdom; New York Stock Exchange,
LIN_0001193125-21-333670_chunk001,LINDE PLC,0001707925,2021-11-18,leadership,positive,2,True,Linde plc; Sanjiv Lamba; Stephen F. Angel,
LIN_0001193125-21-333670_chunk002,LINDE PLC,0001707925,2021-11-18,none,positive,1,False,Linde plc; Sanjiv Lamba; Linde Inc.,
LIN_0001654954-22-001380_chunk000,LINDE PLC,0001707925,2022-02-10,regulatory,neutral,2,False,"Linde plc; United States; SEC; Ireland; Guildford, Surrey GU2 7XY; United Kingdom",
LIN_0001654954-22-001380_chunk001,LINDE PLC,0001707925,2022-02-10,none,neutral,1,False,Linde plc,
LIN_0001193125-22-092092_chunk000,LINDE PLC,0001707925,2022-03-31,none,positive,1,False,Linde plc; Managers; Luxembourg Stock Exchange; Euro MTF market; Linde Finance B.V.,
LIN_0001193125-22-092092_chunk001,LINDE PLC,0001707925,2022-03-31,regulatory,neutral,2,False,Issuers; Linde GmbH; Linde Inc.; Deutsche Bank Aktiengesellschaft; Securities Act,
LIN_0001193125-22-092092_chunk002,LINDE PLC,0001707925,2022-03-31,regulatory,neutral,2,False,Linde plc; Deutsche Bank Aktiengesellschaft; Linde GmbH; Linde Inc.,
LIN_0001193125-22-092092_chunk003,LINDE PLC,0001707925,2022-03-31,regulatory,neutral,2,False,Linde plc; Linde Finance B.V.; Deutsche Bank Aktiengesellschaft,
LIN_0001654954-22-005503_chunk000,LINDE PLC,0001707925,2022-04-28,regulatory,neutral,2,False,"Linde plc; United States; Ireland; Woking, Surrey; United Kingdom; SEC; Danbury, Connecticut; Connecticut; 441483242200",
LIN_0001654954-22-005503_chunk001,LINDE PLC,0001707925,2022-04-28,none,neutral,1,False,Linde plc,
LIN_0001654954-22-010130_chunk000,LINDE PLC,0001707925,2022-07-28,regulatory,neutral,2,False,"Linde plc; United States; SEC; Ireland; Woking, Surrey GU21 6HT; United Kingdom",
LIN_0001654954-22-010130_chunk001,LINDE PLC,0001707925,2022-07-28,none,neutral,1,False,Linde plc,
LIN_0001654954-22-010261_chunk000,LINDE PLC,0001707925,2022-07-29,none,neutral,1,False,,no JSON object found in response
LIN_0001654954-22-010261_chunk001,LINDE PLC,0001707925,2022-07-29,none,neutral,1,False,Linde plc; Stephen F. Angel; Sanjiv Lamba; Prof DDr. Ann-Kristin Achleitner; Dr. Thomas Enders; Edward G. Galante; Joe Kaeser; Victoria E. Ossadnik,
LIN_0001654954-22-010261_chunk002,LINDE PLC,0001707925,2022-07-29,none,neutral,1,False,PricewaterhouseCoopers; Linde plc; shareholders; Board; Audit Committee,
LIN_0001654954-22-010261_chunk003,LINDE PLC,0001707925,2022-07-29,none,neutral,1,False,Linde plc; Irish law; shareholders,
LIN_0001654954-22-014068_chunk000,LINDE PLC,0001707925,2022-10-24,regulatory,neutral,2,False,"Linde plc; United States; Ireland; Woking, Surrey GU21 6HT; United Kingdom",
LIN_0001654954-22-014068_chunk001,LINDE PLC,0001707925,2022-10-24,regulatory,negative,4,False,Linde plc; Frankfurt Stock Exchange,
LIN_0001654954-22-014269_chunk000,LINDE PLC,0001707925,2022-10-27,regulatory,neutral,2,False,"Linde plc; United States; Ireland; Woking, Surrey; United Kingdom; New York Stock Exchange",
LIN_0001654954-22-014269_chunk001,LINDE PLC,0001707925,2022-10-27,none,neutral,1,False,Linde plc,
LIN_0001193125-22-298137_chunk000,LINDE PLC,0001707925,2022-12-05,none,neutral,1,False,"Linde Inc.; Linde plc; Linde GmbH; U.S. Bank Trust Company, National Association",
LIN_0001193125-22-298137_chunk001,LINDE PLC,0001707925,2022-12-05,regulatory,neutral,2,False,Linde Inc.; Linde plc; U.S. Bank Trust Company; Cahill Gordon & Reindel LLP; Arthur Cox; Linklaters LLP,
LIN_0001193125-22-301076_chunk000,LINDE PLC,0001707925,2022-12-08,financial,neutral,3,True,"Linde plc; Bank of America, N.A.; Praxair, Inc.; Euros; U.S. Dollars; Pounds Sterling; SOFR; EURIBOR; SONIA",
LIN_0001193125-22-301076_chunk001,LINDE PLC,0001707925,2022-12-08,financial,neutral,2,False,"Linde plc; Bank of America, N.A.; Praxair, Inc.; Euros; U.S. Dollars; Pounds Sterling",
LIN_0001193125-22-301076_chunk002,LINDE PLC,0001707925,2022-12-08,financial,neutral,3,True,Company; SOFR; EURIBOR; SONIA; base rate; Credit Agreement; 364-Day Credit Agreement; Five Year Credit Agreement,
LIN_0001193125-22-301076_chunk003,LINDE PLC,0001707925,2022-12-08,financial,neutral,2,False,"Linde plc; Bank of America, N.A.",
LIN_0001193125-23-012820_chunk000,LINDE PLC,0001707925,2023-01-23,regulatory,neutral,2,False,Linde plc; United States; United Kingdom; Lin; New York Stock Exchange,
LIN_0001193125-23-012820_chunk001,LINDE PLC,0001707925,2023-01-23,none,positive,1,False,Linde plc; Irish High Court; Frankfurt Stock Exchange; New York Stock Exchange,
LIN_0001193125-23-012820_chunk002,LINDE PLC,0001707925,2023-01-23,regulatory,positive,2,False,Linde; New Linde; Irish High Court,
LIN_0001193125-23-013874_chunk000,LINDE PLC,0001707925,2023-01-24,regulatory,neutral,2,False,Linde plc; United States; United Kingdom; New York Stock Exchange,
LIN_0001193125-23-013874_chunk001,LINDE PLC,0001707925,2023-01-24,leadership,positive,2,False,Hugh Grant; Interactive Data File; XBRL,
LIN_0001654954-23-001367_chunk000,LINDE PLC,0001707925,2023-02-07,regulatory,neutral,2,False,"Linde plc; United States; Ireland; Woking, Surrey; United Kingdom; Connecticut; Danbury; 44; 1483; 242200; SEC; 8-K",
LIN_0001654954-23-001367_chunk001,LINDE PLC,0001707925,2023-02-07,none,neutral,1,False,Linde plc,
LIN_0001654954-23-005242_chunk000,LINDE PLC,0001707925,2023-04-27,regulatory,neutral,2,False,Linde plc; United States; Ireland; United Kingdom; Forge,
LIN_0001654954-23-005242_chunk001,LINDE PLC,0001707925,2023-04-27,none,neutral,1,False,Linde plc,
LIN_0001654954-23-005358_chunk000,LINDE PLC,0001707925,2023-04-28,none,neutral,1,False,Linde plc; Edward G. Galante,
LIN_0001193125-23-165348_chunk000,LINDE PLC,0001707925,2023-06-12,financial,neutral,2,False,"Linde plc; €500 million; €750 million; €650 million; €1,891 million; Luxembourg Stock Exchange; Euro MTF market; European debt issuance programme",
LIN_0001193125-23-165348_chunk001,LINDE PLC,0001707925,2023-06-12,regulatory,neutral,3,False,Company; Linde GmbH; Linde Inc.; Deutsche Bank Aktiengesellschaft,
LIN_0001193125-23-165348_chunk002,LINDE PLC,0001707925,2023-06-12,none,neutral,1,False,Linde plc; Deutsche Bank Aktiengesellschaft; Linde GmbH; Linde Inc.,
LIN_0001654954-23-009714_chunk000,LINDE PLC,0001707925,2023-07-27,regulatory,neutral,2,False,Linde plc; United States; Ireland; United Kingdom; Forge,
LIN_0001654954-23-009714_chunk001,LINDE PLC,0001707925,2023-07-27,none,neutral,1,False,Linde plc,
LIN_0001654954-23-009793_chunk000,LINDE PLC,0001707925,2023-07-28,none,neutral,1,False,Linde plc; Irish Companies Act 2014; Stephen F. Angel; Sanjiv Lamba; Prof DDr. Ann-Kristin Achleitner,
LIN_0001654954-23-009793_chunk001,LINDE PLC,0001707925,2023-07-28,none,neutral,1,False,PricewaterhouseCoopers; Linde plc; Dr. Thomas Enders; Hugh Grant; Victoria E. Ossadnik; Prof. Dr. Martin H. Richenhagen; Alberto Weisser; Robert L. Wood,
LIN_0001654954-23-009793_chunk002,LINDE PLC,0001707925,2023-07-28,none,neutral,1,False,Linde plc; Ireland,
LIN_0001654954-23-013397_chunk000,LINDE PLC,0001707925,2023-10-26,regulatory,neutral,2,False,Linde plc; United States; Ireland; Woking; United Kingdom; Connecticut; Danbury; Surrey; GU21 6HT; 44; 1483; 242200,
LIN_0001654954-23-013397_chunk001,LINDE PLC,0001707925,2023-10-26,regulatory,neutral,2,False,Linde plc; New York Stock Exchange; Nasdaq; €0.001 nominal value,
LIN_0001654954-23-013397_chunk002,LINDE PLC,0001707925,2023-10-26,none,neutral,1,False,Interactive Data File; Inline XBRL document,
LIN_0001193125-23-289907_chunk000,LINDE PLC,0001707925,2023-12-06,financial,neutral,3,True,"Linde plc; Bank of America, N.A.; SOFR; EURIBOR; SONIA; base rate",
LIN_0001193125-23-289907_chunk001,LINDE PLC,0001707925,2023-12-06,financial,neutral,2,False,"Linde plc; Bank of America, N.A.",
LIN_0001654954-24-001330_chunk000,LINDE PLC,0001707925,2024-02-06,regulatory,neutral,2,False,Linde plc; United States; United Kingdom; Nasdaq,
LIN_0001654954-24-001330_chunk001,LINDE PLC,0001707925,2024-02-06,none,neutral,1,False,Linde plc,
LIN_0001193125-24-036171_chunk000,LINDE PLC,0001707925,2024-02-14,none,positive,2,False,"Linde plc; €700 million; €850 million; €2,238 million; Luxembourg Stock Exchange; Euro MTF market; European debt issuance programme",
LIN_0001193125-24-036171_chunk001,LINDE PLC,0001707925,2024-02-14,regulatory,neutral,3,False,Company; Linde GmbH; Linde Inc.; Deutsche Bank Aktiengesellschaft; U.S. Securities Act of 1933,
LIN_0001193125-24-036171_chunk002,LINDE PLC,0001707925,2024-02-14,none,neutral,1,False,Linde plc; Deutsche Bank Aktiengesellschaft; Linde GmbH; Linde Inc.,
LIN_0001193125-24-036171_chunk003,LINDE PLC,0001707925,2024-02-14,none,neutral,1,False,Linde plc; Deutsche Bank Aktiengesellschaft,
LIN_0001654954-24-002268_chunk000,LINDE PLC,0001707925,2024-02-28,regulatory,neutral,2,False,Linde plc; United States; Ireland; Woking; Surrey; Nasdaq; Danbury; Connecticut; United Kingdom; GU21 6HT; 242200; 44; 1483; 17 CFR; 230.425; 240.14a-12; 240.14d-2(b); 240.13e-4(c); Rule 405; Rule 12b-2,
LIN_0001654954-24-002268_chunk001,LINDE PLC,0001707925,2024-02-28,none,neutral,1,False,Linde plc; Paula Rosput Reynolds; Securities Exchange Act of 1934,
LIN_0001654954-24-005281_chunk000,LINDE PLC,0001707925,2024-04-30,none,neutral,1,False,Linde plc; Martin H. Richenhagen,
LIN_0001654954-24-005420_chunk000,LINDE PLC,0001707925,2024-05-02,regulatory,neutral,2,False,Linde plc; United States; Ireland; United Kingdom; Forge,
LIN_0001654954-24-005420_chunk001,LINDE PLC,0001707925,2024-05-02,none,neutral,1,False,Linde plc,
LIN_0001193125-24-154299_chunk000,LINDE PLC,0001707925,2024-06-04,financial,neutral,2,False,Linde plc; €750 million; €700 million; Luxembourg Stock Exchange; Euro MTF market,
LIN_0001193125-24-154299_chunk001,LINDE PLC,0001707925,2024-06-04,regulatory,neutral,3,False,Company; Linde GmbH; Linde Inc.; Deutsche Bank Aktiengesellschaft; U.S. Securities Act of 1933,
LIN_0001193125-24-154299_chunk002,LINDE PLC,0001707925,2024-06-04,regulatory,neutral,2,False,Linde plc; Deutsche Bank Aktiengesellschaft; Linde GmbH; Linde Inc.,
LIN_0001193125-24-154299_chunk003,LINDE PLC,0001707925,2024-06-04,none,neutral,1,False,de GmbH; Linde plc; Linde Inc.,
LIN_0001654954-24-009898_chunk000,LINDE PLC,0001707925,2024-08-02,regulatory,neutral,2,False,Linde plc; United States; Ireland; United Kingdom; Danbury; Connecticut; Woking; Surrey; Nasdaq,
LIN_0001654954-24-009898_chunk001,LINDE PLC,0001707925,2024-08-02,none,neutral,1,False,Linde plc; Stephen F. Angel; Sanjiv Lamba; Prof DDr. Ann-Kristin Achleitner; Thomas Enders; Hugh Grant; Joe Kaeser; Victoria E. Ossadnik; Paula Rosput Reynolds,
LIN_0001654954-24-009898_chunk002,LINDE PLC,0001707925,2024-08-02,regulatory,positive,2,False,PricewaterhouseCoopers; Linde plc; Irish law,
LIN_0001654954-24-009898_chunk003,LINDE PLC,0001707925,2024-08-02,none,neutral,1,False,Interactive Data File; Inline XBRL document,
LIN_0001654954-24-009830_chunk000,LINDE PLC,0001707925,2024-08-02,regulatory,neutral,2,False,Linde plc; United States; Ireland; United Kingdom; Nasdaq,
LIN_0001654954-24-009830_chunk001,LINDE PLC,0001707925,2024-08-02,none,neutral,1,False,Linde plc,
LIN_0001654954-24-013519_chunk000,LINDE PLC,0001707925,2024-10-31,regulatory,neutral,2,False,Linde plc; United States; SEC; Ireland; United Kingdom,
LIN_0001654954-24-013519_chunk001,LINDE PLC,0001707925,2024-10-31,regulatory,neutral,2,False,Linde plc; Securities and Exchange Commission; Exchange Act of 1934,
LIN_0001654954-24-013677_chunk000,LINDE PLC,0001707925,2024-11-04,none,neutral,1,False,Linde; John Panikar; Binod Patwari,
LIN_0001654954-24-015100_chunk000,LINDE PLC,0001707925,2024-12-02,leadership,neutral,3,True,"Linde plc; John Panikar; Linde Inc.; $700,000; $525,000; $235,658; $665,000",
LIN_0001654954-24-015100_chunk001,LINDE PLC,0001707925,2024-12-02,legal,negative,4,True,Mr. Panikar; Linde Inc.; Company,
LIN_0001193125-24-270689_chunk000,LINDE PLC,0001707925,2024-12-04,financial,neutral,3,True,"Linde plc; Bank of America, N.A.; SOFR; EURIBOR; SONIA; base rate",
LIN_0001193125-24-270689_chunk001,LINDE PLC,0001707925,2024-12-04,financial,neutral,2,False,"Linde plc; Bank of America, N.A.; Sonali Gupta",
LLY_0000059478-21-000004_chunk000,ELI LILLY & Co,0000059478,2021-01-14,leadership,positive,2,False,"Eli Lilly and Company; Gabrielle Sulzberger; Two Sigma Impact; Rustic Canyon/Fontis Partners L.P.; MasterCard Incorporated; Brixmor Property Group Inc.; Cerevel Therapeutics Holdings, Inc.; Whole Foods Market, Inc.; Teva Pharmaceutical Industries Limited; Bright Horizons Family Solutions; Woodrow Wilson School of Princeton University; Harvard Business School; Harvard Law School",
LLY_0000059478-21-000004_chunk001,ELI LILLY & Co,0000059478,2021-01-14,none,positive,1,False,Eli Lilly and Company; Ms. Sulzberger,
LLY_0000059478-21-000010_chunk000,ELI LILLY & Co,0000059478,2021-01-29,none,neutral,1,False,Eli Lilly and Company,
LLY_0001193125-21-033302_chunk000,ELI LILLY & Co,0000059478,2021-02-09,none,positive,1,False,"Eli Lilly and Company; Anat Ashkenazi; $900,000; $2,200,000",
LLY_0001193125-21-033302_chunk001,ELI LILLY & Co,0000059478,2021-02-09,leadership,negative,4,False,Ashkenazi; Joshua L. Smiley; Lilly; Dave Ricks; $1 million; $3 million; 2020; 2018-2020; $20 million; July 2021,
LLY_0001193125-21-033302_chunk002,ELI LILLY & Co,0000059478,2021-02-09,operational,neutral,2,False,Company; Board of Directors; Chief Executive Officer; President; Chief Financial Officer; executive officer serving as chief scientific officer,
LLY_0001193125-21-033302_chunk003,ELI LILLY & Co,0000059478,2021-02-09,none,neutral,1,False,Eli Lilly and Company,
LLY_0000059478-21-000081_chunk000,ELI LILLY & Co,0000059478,2021-02-17,leadership,positive,2,False,Eli Lilly and Company; Kimberly Johnson; Federal National Mortgage Association; Credit Suisse Group AG; Princeton University; Columbia Business School,
LLY_0000059478-21-000081_chunk001,ELI LILLY & Co,0000059478,2021-02-17,none,neutral,1,False,Eli Lilly and Company,
LLY_0000059478-21-000117_chunk000,ELI LILLY & Co,0000059478,2021-04-27,none,neutral,1,False,"Eli Lilly and Company; SEC; April 27, 2021",
LLY_0000059478-21-000126_chunk000,ELI LILLY & Co,0000059478,2021-05-05,none,neutral,1,False,"Eli Lilly and Company; Katherine Baicker, Ph.D.; J. Erik Fyrwald; Jamere Jackson; Gabrielle Sulzberger; Jackson P. Tai; Ernst & Young",
LLY_0000059478-21-000126_chunk001,ELI LILLY & Co,0000059478,2021-05-05,regulatory,negative,4,False,"Company; shareholders; 2021 Annual Meeting; 958,992,159 shares",
LLY_0001193125-21-174261_chunk000,ELI LILLY & Co,0000059478,2021-05-27,regulatory,neutral,3,False,Eli Lilly and Company; U.S. Department of Justice; Branchburg,
LLY_0000059478-21-000168_chunk000,ELI LILLY & Co,0000059478,2021-08-03,none,neutral,1,False,Eli Lilly and Company,
LLY_0000059478-21-000175_chunk000,ELI LILLY & Co,0000059478,2021-08-17,leadership,negative,2,False,Eli Lilly and Company; Alfonso Zulueta,
LLY_0000059478-21-000190_chunk000,ELI LILLY & Co,0000059478,2021-08-25,none,neutral,1,False,"Eli Lilly and Company; Lycia Therapeutics, Inc.; Carolyn R. Bertozzi",
LLY_0001193125-21-270093_chunk000,ELI LILLY & Co,0000059478,2021-09-10,financial,neutral,2,False,Eli Lilly and Company; Merrill Lynch International; Barclays Bank PLC; BNP Paribas; Citigroup Global Markets Limited; Deutsche Bank AG; Deutsche Bank Trust Company Americas; Notes,
LLY_0001193125-21-270093_chunk001,ELI LILLY & Co,0000059478,2021-09-10,none,neutral,1,False,,no JSON object found in response
LLY_0001193125-21-270093_chunk002,ELI LILLY & Co,0000059478,2021-09-10,none,neutral,1,False,"Eli Lilly and Company; Deutsche Bank Trust Company Americas; Citibank, N.A.; Kirkland & Ellis LLP; Jonathan Groff, Esq.",
LLY_0000059478-21-000213_chunk000,ELI LILLY & Co,0000059478,2021-10-26,none,neutral,1,False,Eli Lilly and Company,
LLY_0001193125-21-357380_chunk000,ELI LILLY & Co,0000059478,2021-12-15,none,neutral,1,True,Eli Lilly and Company; Securities Exchange Act of 1934; Securities Act of 1933,
LLY_0001193125-21-359144_chunk000,ELI LILLY & Co,0000059478,2021-12-16,none,neutral,1,False,Eli Lilly and Company; SEC; 8-K,
LLY_0001193125-22-022446_chunk000,ELI LILLY & Co,0000059478,2022-01-31,none,neutral,1,False,"Eli Lilly and Company; Deutsche Bank Trust Company Americas; €600,000,000; 1.000% Notes due 2022",
LLY_0000059478-22-000016_chunk000,ELI LILLY & Co,0000059478,2022-02-03,none,neutral,1,False,"Eli Lilly and Company; SEC; February 3, 2022",
LLY_0000059478-22-000117_chunk000,ELI LILLY & Co,0000059478,2022-04-14,regulatory,negative,3,True,Eli Lilly and Company; U.S. Securities and Exchange Commission; Earnings Release,
LLY_0000059478-22-000117_chunk001,ELI LILLY & Co,0000059478,2022-04-14,none,neutral,2,True,Company,
LLY_0000059478-22-000130_chunk000,ELI LILLY & Co,0000059478,2022-04-28,none,neutral,1,False,Eli Lilly and Company; SEC; U.S. Securities and Exchange Commission,
LLY_0000059478-22-000138_chunk000,ELI LILLY & Co,0000059478,2022-05-04,leadership,neutral,2,False,Eli Lilly and Company; Indiana; Securities and Exchange Commission,
LLY_0000059478-22-000138_chunk001,ELI LILLY & Co,0000059478,2022-05-04,none,neutral,1,False,Company; Ernst & Young LLP; Ralph Alvarez; Kimberly H. Johnson; Juan R. Luciano,
LLY_0000059478-22-000138_chunk002,ELI LILLY & Co,0000059478,2022-05-04,regulatory,negative,3,False,Eli Lilly and Company; shareholders; Articles of Incorporation; Bylaws,
LLY_0000059478-22-000143_chunk000,ELI LILLY & Co,0000059478,2022-05-06,none,positive,1,False,"Eli Lilly and Company; Dr. Mary Lynne Hedley; Broad Institute of MIT and Harvard; TESARO, Inc.; GlaxoSmithKline plc; Purdue University; UT Southwestern Medical Center; Harvard University",
LLY_0000059478-22-000143_chunk001,ELI LILLY & Co,0000059478,2022-05-06,leadership,positive,2,False,Eli Lilly and Company; Dr. Hedley,
LLY_0000059478-22-000194_chunk000,ELI LILLY & Co,0000059478,2022-08-04,none,neutral,1,False,Eli Lilly and Company; SEC; U.S. Securities and Exchange Commission,
LLY_0000059478-22-000233_chunk000,ELI LILLY & Co,0000059478,2022-10-12,regulatory,neutral,2,True,Eli Lilly and Company; SEC; U.S. generally accepted accounting principles; GAAP; non-GAAP earnings per share,
LLY_0000059478-22-000233_chunk001,ELI LILLY & Co,0000059478,2022-10-12,regulatory,neutral,2,True,Lilly; SEC,
LLY_0000059478-22-000248_chunk000,ELI LILLY & Co,0000059478,2022-11-01,none,neutral,1,False,Eli Lilly and Company,
LLY_0000059478-22-000277_chunk000,ELI LILLY & Co,0000059478,2022-12-13,financial,neutral,3,True,Eli Lilly and Company; Securities Exchange Act of 1934; Securities Act of 1933,
LLY_0000059478-23-000025_chunk000,ELI LILLY & Co,0000059478,2023-02-02,none,neutral,1,False,"Eli Lilly and Company; SEC; February 2, 2023",
LLY_0001193125-23-048910_chunk000,ELI LILLY & Co,0000059478,2023-02-24,financial,neutral,2,False,Eli Lilly and Company; J.P. Morgan Securities LLC; Credit Suisse Securities (USA) LLC; Goldman Sachs & Co. LLC; Morgan Stanley & Co. LLC; Deutsche Bank Trust Company Americas; Notes,
LLY_0001193125-23-048910_chunk001,ELI LILLY & Co,0000059478,2023-02-24,financial,neutral,2,False,Eli Lilly and Company; Deutsche Bank Trust Company Americas; J.P. Morgan Securities LLC; Credit Suisse Securities (USA) LLC; Goldman Sachs & Co. LLC; Morgan Stanley & Co. LLC,
LLY_0001193125-23-048910_chunk002,ELI LILLY & Co,0000059478,2023-02-24,none,neutral,1,False,"Kirkland & Ellis LLP; Jonathan Groff, Esq.; SEC; Form S-3; Form 10-K",
LLY_0000059478-23-000118_chunk000,ELI LILLY & Co,0000059478,2023-03-17,legal,neutral,2,False,Eli Lilly and Company; Daniel Skovronsky; $5 million,
LLY_0000059478-23-000160_chunk000,ELI LILLY & Co,0000059478,2023-04-27,none,neutral,1,False,Eli Lilly and Company; SEC; U.S. Securities and Exchange Commission,
LLY_0000059478-23-000165_chunk000,ELI LILLY & Co,0000059478,2023-05-04,none,positive,1,False,Eli Lilly and Company; shareholders; executive officers,
LLY_0000059478-23-000165_chunk001,ELI LILLY & Co,0000059478,2023-05-04,regulatory,negative,4,False,"Ernst & Young LLP; Company; shareholders; Articles of Incor081,291,379; Broker Nonvote",
LLY_0000059478-23-000165_chunk002,ELI LILLY & Co,0000059478,2023-05-04,regulatory,negative,3,False,Lilly; shareholders; political activities,
LLY_0000059478-23-000219_chunk000,ELI LILLY & Co,0000059478,2023-08-08,none,neutral,1,False,Eli Lilly and Company; SEC; U.S. Securities and Exchange Commission,
LLY_0000059478-23-000282_chunk000,ELI LILLY & Co,0000059478,2023-11-02,none,neutral,1,False,Eli Lilly and Company; U.S. Securities and Exchange Commission,
LLY_0000059478-24-000032_chunk000,ELI LILLY & Co,0000059478,2024-02-06,none,neutral,1,False,Eli Lilly and Company,
LLY_0001193125-24-029551_chunk000,ELI LILLY & Co,0000059478,2024-02-09,financial,neutral,2,False,"Eli Lilly and Company; BofA Securities, Inc.; Barclays Capital Inc.; Citigroup Global Markets Inc.; Deutsche Bank Securities Inc.; Mizuho Securities USA LLC; Deutsche Bank Trust Company Americas; 2027 Notes; 2029 Notes; 2034 Notes; 2054 Notes; 2064 Notes",
LLY_0001193125-24-029551_chunk001,ELI LILLY & Co,0000059478,2024-02-09,none,neutral,1,False,Eli Lilly and Company; BofA Securities Inc.; Barclays Capital Inc.; Citigroup Global Markets Inc.; Deutsche Bank Securities Inc.; Mizuho Securities USA LLC; Deutsche Bank Trust Company Americas,
LLY_0001193125-24-029551_chunk002,ELI LILLY & Co,0000059478,2024-02-09,none,neutral,1,False,"Deutsche Bank Trust Company Americas; Citibank, N.A.; Kirkland & Ellis LLP; Jonathan Groff, Esq.; SEC; Company",
LLY_0000059478-24-000116_chunk000,ELI LILLY & Co,0000059478,2024-04-30,none,neutral,1,False,Eli Lilly and Company,
LLY_0000059478-24-000127_chunk000,ELI LILLY & Co,0000059478,2024-05-09,regulatory,neutral,2,False,"Eli Lilly and Company; Katherine Baicker, Ph.0.D.; J. Erik Fyrwald; Jamere Jackson; Gabrielle Sulzberger; Ernst & Young LLP; Articles of Incorporation",
LLY_0000059478-24-000127_chunk001,ELI LILLY & Co,0000059478,2024-05-09,regulatory,negative,4,False,"Company; shareholders; Articles; lobbying activities; diversity, equity, and inclusion efforts; patent exclusivities; human rights policy",
LLY_0000059478-24-000146_chunk000,ELI LILLY & Co,0000059478,2024-06-05,leadership,neutral,2,False,Eli Lilly and Company; Anat Ashkenazi,
LLY_0000059478-24-000164_chunk000,ELI LILLY & Co,0000059478,2024-07-10,none,neutral,1,False,Eli Lilly and Company; Anat Ashkenazi; Gordon Brooks,
LLY_0000059478-24-000185_chunk000,ELI LILLY & Co,0000059478,2024-08-08,none,neutral,1,False,Eli Lilly and Company,
LLY_0001193125-24-200435_chunk000,ELI LILLY & Co,0000059478,2024-08-14,regulatory,neutral,2,False,Eli Lilly and Company; BNP Paribas Securities Corp.; Citigroup Global Markets Inc.; Goldman Sachs & Co. LLC; J.P. Morgan Securities LLC; Morgan Stanley & Co. LLC; Deutsche Bank Trust Company Americas; 2027 Notes; 2029 Notes; 2034 Notes; 2054 Notes; 2064 Notes,
LLY_0001193125-24-200435_chunk001,ELI LILLY & Co,0000059478,2024-08-14,regulatory,neutral,2,False,Eli Lilly and Company; BNP Paribas Securities Corp.; Citigroup Global Markets Inc.; Goldman Sachs & Co. LLC; J.P. Morgan Securities LLC; Morgan Stanley & Co. LLC; Deutsche Bank Trust Company Americas; Deutsche Bank Trust Company,
LLY_0001193125-24-200435_chunk002,ELI LILLY & Co,0000059478,2024-08-14,none,neutral,1,False,"Eli Lilly and Company; Deutsche Bank Trust Company Americas; Citibank, N.A.; Kirkland & Ellis LLP; Jonathan Groff, Esq.",
LLY_0000059478-24-000196_chunk000,ELI LILLY & Co,0000059478,2024-08-16,leadership,neutral,2,False,Eli Lilly and Company; Dr. Marschall S. Runge,
LLY_0000059478-24-000213_chunk000,ELI LILLY & Co,0000059478,2024-09-09,leadership,positive,2,False,Eli Lilly and Company; Lucas Montarce; FDA; Securities and Exchange Commission,
LLY_0000059478-24-000242_chunk000,ELI LILLY & Co,0000059478,2024-10-30,none,neutral,1,False,Eli Lilly and Company,
LLY_0000059478-24-000258_chunk000,ELI LILLY & Co,0000059478,2024-11-19,leadership,positive,2,False,Eli Lilly and Company; Jon Moeller; Karen Walker; Procter & Gamble; New York Stock Exchange,
LLY_0000059478-24-000258_chunk001,ELI LILLY & Co,0000059478,2024-11-19,none,neutral,1,False,Eli Lilly and Company,
MA_0001141391-21-000002_chunk000,Mastercard Inc,0001141391,2021-01-04,regulatory,positive,2,True,Mastercard Incorporated; Mastercard; Human Resources and Compensation Committee; S&P 500,
MA_0001141391-21-000002_chunk001,Mastercard Inc,0001141391,2021-01-04,operational,negative,3,True,Company; HRCC; PCE; cross-border travel,
MA_0001141391-21-000012_chunk000,Mastercard Inc,0001141391,2021-01-28,none,positive,1,False,Mastercard Incorporated,
MA_0001141391-21-000027_chunk000,Mastercard Inc,0001141391,2021-02-25,none,neutral,1,False,Mastercard Incorporated,
MA_0001193125-21-069621_chunk000,Mastercard Inc,0001141391,2021-03-04,none,neutral,1,False,"Mastercard Incorporated; BofA Securities, Inc.; Deutsche Bank Trust Company Americas; 2031 Notes; 2051 Notes",
MA_0001193125-21-069621_chunk001,Mastercard Inc,0001141391,2021-03-04,none,neutral,1,False,Company; Davis Polk & Wardwell LLP,
MA_0001141391-21-000088_chunk000,Mastercard Inc,0001141391,2021-04-29,none,positive,1,False,Mastercard Incorporated,
MA_0001141391-21-000115_chunk000,Mastercard Inc,0001141391,2021-06-23,regulatory,neutral,2,False,Mastercard Incorporated; Securities and Exchange Commission; Annual Meeting; Class A common stock; Secretary of State,
MA_0001141391-21-000115_chunk001,Mastercard Inc,0001141391,2021-06-23,none,neutral,1,False,Mastercard; Ajay Banga; Merit E. Janow; Richard K. Davis; Steven J. Freiberg; Julius Genachowski; Choon Phong Goh; Oki Matsumoto; Michael Miebach; Youngme Moon; Rima Qureshi,
MA_0001141391-21-000115_chunk002,Mastercard Inc,0001141391,2021-06-23,none,neutral,2,False,Mastercard; PricewaterhouseCoopers LLP; Class A common stock,
MA_0001141391-21-000115_chunk003,Mastercard Inc,0001141391,2021-06-23,none,neutral,1,False,Mastercard Incorporated,
MA_0001141391-21-000154_chunk000,Mastercard Inc,0001141391,2021-07-29,none,positive,1,False,Mastercard Incorporated,
MA_0001141391-21-000166_chunk000,Mastercard Inc,0001141391,2021-09-10,leadership,neutral,2,False,Mastercard Incorporated; Candido Bracher; Itaú Unibanco Group,
MA_0001141391-21-000172_chunk000,Mastercard Inc,0001141391,2021-09-21,leadership,neutral,2,False,Mastercard Incorporated; Ajay Banga; Merit Janow,
MA_0000950103-21-014256_chunk000,Mastercard Inc,0001141391,2021-09-21,none,neutral,1,False,Company; 2021 Notes,
MA_0001141391-21-000180_chunk000,Mastercard Inc,0001141391,2021-10-28,none,neutral,1,False,Mastercard Incorporated,
MA_0001141391-21-000187_chunk000,Mastercard Inc,0001141391,2021-11-10,regulatory,neutral,2,True,Mastercard Incorporated; SEC; investment community,
MA_0001193125-21-333807_chunk000,Mastercard Inc,0001141391,2021-11-18,none,neutral,1,False,"Mastercard Incorporated; BofA Securities, Inc.; Citigroup Global Markets Inc.; Lloyds Securities Inc.; U.S. Bancorp Investments, Inc.; Deutsche Bank Trust Company Americas; Officer’s Certificate",
MA_0001193125-21-333807_chunk001,Mastercard Inc,0001141391,2021-11-18,none,neutral,1,False,Davis Polk & Wardwell LLP,
MA_0001141391-21-000191_chunk000,Mastercard Inc,0001141391,2021-12-01,none,positive,1,False,Mastercard; Ajay Banga; General Atlantic; Temasek; Exor,
MA_0001141391-22-000003_chunk000,Mastercard Inc,0001141391,2022-01-12,none,positive,1,False,Mastercard Incorporated; Harit Talwar; Goldman Sachs,
MA_0001141391-22-000006_chunk000,Mastercard Inc,0001141391,2022-01-27,none,positive,1,False,Mastercard Incorporated,
MA_0001141391-22-000015_chunk000,Mastercard Inc,0001141391,2022-02-09,none,neutral,1,False,Mastercard Incorporated; Michael Miebach; Sachin Mehra; Craig Vosburg; Tim Murphy,
MA_0001141391-22-000020_chunk000,Mastercard Inc,0001141391,2022-02-10,none,neutral,1,False,Company; Harit Talwar,
MA_0001141391-22-000017_chunk000,Mastercard Inc,0001141391,2022-02-10,none,neutral,1,False,Company; Candido Bracher,
MA_0001193125-22-048521_chunk000,Mastercard Inc,0001141391,2022-02-22,regulatory,neutral,2,False,Mastercard Incorporated; Deutsche Bank Trust Company Americas; Davis Polk & Wardwell LLP,
MA_0001193125-22-048521_chunk001,Mastercard Inc,0001141391,2022-02-22,none,neutral,1,False,Company; Davis Polk & Wardwell LLP,
MA_0001141391-22-000027_chunk000,Mastercard Inc,0001141391,2022-03-01,regulatory,neutral,3,True,Mastercard; Russia; Ukraine,
MA_0001141391-22-000062_chunk000,Mastercard Inc,0001141391,2022-03-07,regulatory,negative,4,False,Mastercard Incorporated; Russia,
MA_0001141391-22-000086_chunk000,Mastercard Inc,0001141391,2022-04-28,none,positive,1,False,Mastercard Incorporated,
MA_0001141391-22-000137_chunk000,Mastercard Inc,0001141391,2022-06-24,operational,neutral,2,False,Mastercard Incorporated; Secretary of State; Class A common stock,
MA_0001141391-22-000137_chunk001,Mastercard Inc,0001141391,2022-06-24,none,neutral,1,False,Mastercard; Merit E. Janow; Candido Bracher; Richard K. Davis; Julius Genachowski; Choon Phong Goh; Oki Matsumoto; Michael Miebach; Youngme Moon; Rima Qureshi; Gabrielle Sulzberger; Jackson Tai; Harit Talwar; Lance Uggla,
MA_0001141391-22-000137_chunk002,Mastercard Inc,0001141391,2022-06-24,none,neutral,2,False,Mastercard; PricewaterhouseCoopers LLP; Class A common stock; holders of Class A common stock; Lance Uggla,
MA_0001141391-22-000137_chunk003,Mastercard Inc,0001141391,2022-06-24,none,neutral,1,False,Mastercard Incorporated,
MA_0001141391-22-000148_chunk000,Mastercard Inc,0001141391,2022-07-28,none,positive,1,False,Mastercard Incorporated,
MA_0001141391-22-000161_chunk000,Mastercard Inc,0001141391,2022-10-27,none,neutral,1,False,Mastercard Incorporated,
MA_0000950103-22-019608_chunk000,Mastercard Inc,0001141391,2022-11-14,none,neutral,1,False,,no JSON object found in response
MA_0000950103-22-019608_chunk001,Mastercard Inc,0001141391,2022-11-14,regulatory,neutral,3,False,Company; Mastercard International Incorporated; lenders,
MA_0000950103-22-019608_chunk002,Mastercard Inc,0001141391,2022-11-14,none,neutral,1,False,Company; affiliates,
MA_0001141391-23-000008_chunk000,Mastercard Inc,0001141391,2023-01-26,none,positive,1,False,Mastercard Incorporated,
MA_0001141391-23-000022_chunk000,Mastercard Inc,0001141391,2023-02-14,financial,neutral,2,False,Mastercard Incorporated; SEC; account holders; issuers; merchants; acquirers; payment network; value-added services and solutions,
MA_0001141391-23-000022_chunk001,Mastercard Inc,0001141391,2023-02-14,regulatory,neutral,2,False,Mastercard Incorporated; Mastercard,
MA_0001141391-23-000026_chunk000,Mastercard Inc,0001141391,2023-03-03,leadership,negative,3,False,Mastercard; Michael Froman,
MA_0001193125-23-066087_chunk000,Mastercard Inc,0001141391,2023-03-09,regulatory,neutral,2,False,"Mastercard Incorporated; BofA Securities, Inc.; J.P. Morgan Securities LLC; Lloyds Securities Inc.; PNC Capital Markets LLC; Wells Fargo Securities, LLC; Deutsche Bank Trust Company Americas; Officer’s Certificate",
MA_0001193125-23-066087_chunk001,Mastercard Inc,0001141391,2023-03-09,none,neutral,1,False,Company; Davis Polk & Wardwell LLP,
MA_0001141391-23-000057_chunk000,Mastercard Inc,0001141391,2023-04-27,none,positive,1,False,Mastercard Incorporated,
MA_0001141391-23-000083_chunk000,Mastercard Inc,0001141391,2023-05-19,leadership,positive,2,False,Michael Froman; Company,
MA_0001141391-23-000094_chunk000,Mastercard Inc,0001141391,2023-06-29,none,positive,1,False,Mastercard; Merit E. Janow; Candido Bracher; Richard K. Davis; Julius Genachowski; Choon Phong Goh; Oki Matsumoto; Michael Miebach; Youngme Moon; Rima Qureshi; Gabrielle Sulzberger; Harit Talwar; Lance Uggla,
MA_0001141391-23-000094_chunk001,Mastercard Inc,0001141391,2023-06-29,regulatory,neutral,2,False,Mastercard; Class A common stock; PricewaterhouseCoopers LLP; Merchant Category Code,
MA_0001141391-23-000094_chunk002,Mastercard Inc,0001141391,2023-06-29,none,neutral,1,False,Mastercard; Class A common stock; holders; stockholder proposal; lobbying disclosure; advance notice bylaw amendments; diversity and inclusion efforts,
MA_0001141391-23-000129_chunk000,Mastercard Inc,0001141391,2023-07-27,none,positive,1,False,Mastercard Incorporated,
MA_0001141391-23-000155_chunk000,Mastercard Inc,0001141391,2023-10-26,none,neutral,1,False,Mastercard Incorporated,
MA_0001141391-23-000167_chunk000,Mastercard Inc,0001141391,2023-12-11,none,positive,1,False,Mastercard Incorporated; Delaware General Corporation Law,
MA_0001141391-24-000011_chunk000,Mastercard Inc,0001141391,2024-01-31,none,neutral,1,False,Mastercard Incorporated,
MA_0001141391-24-000060_chunk000,Mastercard Inc,0001141391,2024-03-26,regulatory,negative,3,False,Mastercard Incorporated; Visa Inc.; Visa U.S.A Inc.; Visa International Service Association,
MA_0001141391-24-000085_chunk000,Mastercard Inc,0001141391,2024-05-01,none,positive,1,False,Mastercard Incorporated,
MA_0001193125-24-135252_chunk000,Mastercard Inc,0001141391,2024-05-09,financial,neutral,2,False,"Mastercard Incorporated; Citigroup Global Markets Inc.; Deutsche Bank Trust Company Americas; U.S. Bancorp Investments, Inc.",
MA_0001193125-24-135252_chunk001,Mastercard Inc,0001141391,2024-05-09,none,neutral,1,False,Company; Davis Polk & Wardwell LLP,
MA_0001141391-24-000121_chunk000,Mastercard Inc,0001141391,2024-06-21,none,neutral,1,False,Mastercard; Merit E. Janow; Candido Bracher; Richard K. Davis; Julius Genachowski; Choon Phong Goh; Oki Matsumoto; Michael Miebach; Youngme Moon; Rima Qureshi; Gabrielle Sulzberger; Harit Talwar; Lance Uggla,
MA_0001141391-24-000121_chunk001,Mastercard Inc,0001141391,2024-06-21,regulatory,negative,3,False,Mastercard; PricewaterhouseCoopers LLP; Class A common stock; Harit Talwar; Lance Uggla,
MA_0001141391-24-000121_chunk002,Mastercard Inc,0001141391,2024-06-21,none,neutral,1,False,,
MA_0001141391-24-000153_chunk000,Mastercard Inc,0001141391,2024-06-28,legal,negative,4,False,Eastern District Court of New York; Interactive Data File,
MA_0001141391-24-000159_chunk000,Mastercard Inc,0001141391,2024-07-31,none,positive,1,False,Mastercard Incorporated,
MA_0001193125-24-214198_chunk000,Mastercard Inc,0001141391,2024-09-05,regulatory,neutral,2,False,"Mastercard Incorporated; BofA Securities, Inc.; Deutsche Bank Trust Company Americas; 2028 Notes; 2032 Notes; 2035 Notes",
MA_0001193125-24-214198_chunk001,Mastercard Inc,0001141391,2024-09-05,none,neutral,1,False,Company; Davis Polk & Wardwell LLP,
MA_0001141391-24-000200_chunk000,Mastercard Inc,0001141391,2024-10-31,none,neutral,1,False,Mastercard Incorporated,
MA_0001141391-24-000211_chunk000,Mastercard Inc,0001141391,2024-11-13,none,positive,2,True,Mastercard Incorporated; Recorded Future; SEC; 2025-2027,
MA_0001141391-24-000211_chunk001,Mastercard Inc,0001141391,2024-11-13,none,neutral,1,False,Mastercard Incorporated,
MCD_0000063908-21-000002_chunk000,MCDONALDS CORP,0000063908,2021-01-28,none,positive,1,False,McDonald’s Corporation; Securities Exchange Act of 1934,
MCD_0000063908-21-000007_chunk000,MCDONALDS CORP,0000063908,2021-02-18,none,positive,2,True,McDonald's Corporation; Christopher Kempczinski; Kevin Ozan; Joseph Erlinger; Ian Borden,
MCD_0000063908-21-000007_chunk001,MCDONALDS CORP,0000063908,2021-02-18,none,positive,1,False,Company; Mr. Borden; CAD,
MCD_0000063908-21-000016_chunk000,MCDONALDS CORP,0000063908,2021-04-29,none,positive,1,False,McDonald’s Corporation,
MCD_0000063908-21-000021_chunk000,MCDONALDS CORP,0000063908,2021-05-26,none,positive,1,False,"McDonald’s Corporation; Lloyd Dean; Robert Eckert; Catherine Engelbert; Margaret Georgiadis; Enrique Hernandez, Jr.; Christopher Kempczinski; Richard Lenny; John Mulligan; Sheila Penrose; John Rogers, Jr.; Paul Walsh; Miles White",
MCD_0000063908-21-000021_chunk001,MCDONALDS CORP,0000063908,2021-05-26,none,neutral,2,False,Company; Ernst & Young LLP; shareholders; sugar; public health; antibiotics; written consent,
MCD_0000063908-21-000028_chunk000,MCDONALDS CORP,0000063908,2021-07-28,none,positive,1,False,McDonald's Corporation; Securities Exchange Act of 1934,
MCD_0000063908-21-000034_chunk000,MCDONALDS CORP,0000063908,2021-09-24,financial,positive,2,False,McDonald’s Corporation,
MCD_0000063908-21-000037_chunk000,MCDONALDS CORP,0000063908,2021-10-27,none,positive,1,False,McDonald’s Corporation,
MCD_0000063908-21-000042_chunk000,MCDONALDS CORP,0000063908,2021-12-16,legal,positive,2,False,McDonald’s Corporation; Stephen J. Easterbrook,
MCD_0000063908-22-000002_chunk000,MCDONALDS CORP,0000063908,2022-01-27,none,positive,1,False,McDonald’s Corporation,
MCD_0000063908-22-000007_chunk000,MCDONALDS CORP,0000063908,2022-02-18,none,positive,2,True,McDonald's Corporation; Christopher Kempczinski; Kevin Ozan; Joseph Erlinger; Ian Borden; Heidi Capozzi,
MCD_0000063908-22-000007_chunk001,MCDONALDS CORP,0000063908,2022-02-18,none,positive,2,True,Erlinger; Borden; SEC; TIP; 2022,
MCD_0000063908-22-000013_chunk000,MCDONALDS CORP,0000063908,2022-04-28,none,positive,1,False,McDonald’s Corporation,
MCD_0000063908-22-000020_chunk000,MCDONALDS CORP,0000063908,2022-05-16,regulatory,negative,4,False,McDonald's Corporation; Russia,
MCD_0000063908-22-000028_chunk000,MCDONALDS CORP,0000063908,2022-06-02,none,positive,1,False,"McDonald’s Corporation; First Coast Results, Inc.; Lloyd Dean; Robert Eckert; Catherine Engelbert; Enrique Hernandez, Jr.; Christopher Kempczinski; Richard Lenny; John Mulligan; Sheila Penrose; John Rogers, Jr.; Paul Walsh; Miles White; Leslie Samuelrich; Maisie Lucia Ganzler",
MCD_0000063908-22-000028_chunk001,MCDONALDS CORP,0000063908,2022-06-02,regulatory,neutral,3,False,Company; Ernst & Young LLP; shareholders; U.S. pork supply chain; civil rights audit,
MCD_0000063908-22-000028_chunk002,MCDONALDS CORP,0000063908,2022-06-02,none,neutral,1,False,"shareholder; Against; Abstain; Broker Non-Votes; 62,353,058; 429,187,701; 5,086,088; 67,709,034",
MCD_0000063908-22-000032_chunk000,MCDONALDS CORP,0000063908,2022-06-27,leadership,neutral,2,False,McDonald’s Corporation; Kevin Ozan; Ian Borden; Marion Gross,
MCD_0000063908-22-000034_chunk000,MCDONALDS CORP,0000063908,2022-07-26,none,positive,1,False,McDonald's Corporation; Securities Exchange Act of 1934,
MCD_0000063908-22-000039_chunk000,MCDONALDS CORP,0000063908,2022-07-29,none,positive,1,True,"McDonald’s Corporation; Ian Borden; $900,000",
MCD_0000063908-22-000044_chunk000,MCDONALDS CORP,0000063908,2022-08-22,leadership,neutral,2,False,McDonald’s Corporation; Sheila A. Penrose; Anthony G. Capuano; Jennifer L. Taubert; Amy E. Weaver,
MCD_0001104659-22-098960_chunk000,MCDONALDS CORP,0000063908,2022-09-09,regulatory,neutral,2,False,McDonald’s Corporation; Securities and Exchange Commission; Desiree Ralls-Morrison,
MCD_0000063908-22-000050_chunk000,MCDONALDS CORP,0000063908,2022-10-03,none,positive,1,False,McDonald’s Corporation; Kareem Daniel,
MCD_0000063908-22-000052_chunk000,MCDONALDS CORP,0000063908,2022-10-27,none,positive,1,False,McDonald's Corporation; Securities Exchange Act of 1934,
MCD_0000063908-22-000067_chunk000,MCDONALDS CORP,0000063908,2022-12-02,none,positive,1,False,McDonald’s Corporation; Kareem Daniel,
MCD_0000063908-22-000065_chunk000,MCDONALDS CORP,0000063908,2022-12-02,none,positive,1,False,McDonald’s Corporation; Anthony G. Capuano; Jennifer L. Taubert; Amy E. Weaver,
MCD_0000950103-23-000188_chunk000,MCDONALDS CORP,0000063908,2023-01-06,none,positive,1,False,McDonald’s Corporation,
MCD_0000063908-23-000003_chunk000,MCDONALDS CORP,0000063908,2023-01-19,none,positive,1,False,McDonald's Corporation; SEC; Board of Directors,
MCD_0000063908-23-000005_chunk000,MCDONALDS CORP,0000063908,2023-01-31,none,positive,1,False,McDonald’s Corporation; Securities Exchange Act of 1934,
MCD_0000063908-23-000008_chunk000,MCDONALDS CORP,0000063908,2023-02-15,operational,positive,2,True,McDonald's Corporation; Christopher Kempczinski; Ian Borden; Kevin Ozan; Joseph Erlinger; Desiree Ralls-Morrison; operating income; Systemwide sales; quantitative human capital metrics; new restaurant openings,
MCD_0000063908-23-000008_chunk001,MCDONALDS CORP,0000063908,2023-02-15,financial,neutral,3,True,McDonald’s; Erlinger; Borden; Kempczinski; Ozan; Ralls-Morrison; TIP; 2023,
MCD_0000063908-23-000017_chunk000,MCDONALDS CORP,0000063908,2023-03-29,none,positive,1,False,"McDonald’s Corporation; Robert A. Eckert; John W. Rogers, Jr.",
MCD_0000063908-23-000030_chunk000,MCDONALDS CORP,0000063908,2023-04-25,none,positive,2,False,McDonald's Corporation; U.S. Securities and Exchange Commission,
MCD_0000063908-23-000059_chunk000,MCDONALDS CORP,0000063908,2023-06-01,none,positive,1,False,"McDonald’s Corporation; Anthony Capuano; Kareem Daniel; Lloyd Dean; Catherine Engelbert; Margaret Georgiadis; Enrique Hernandez, Jr.; Christopher Kempczinski; Richard Lenny; John Mulligan; Jennifer Taubert; Paul Walsh; Amy Weaver; Miles White",
MCD_0000063908-23-000059_chunk001,MCDONALDS CORP,0000063908,2023-06-01,regulatory,neutral,2,False,Amy Weaver; Miles White; Ernst & Young LLP; China,
MCD_0000063908-23-000059_chunk002,MCDONALDS CORP,0000063908,2023-06-01,regulatory,neutral,3,False,Agribusiness Inc.; SEC; shareholders; lobbying activities; global political influence; poultry welfare,
MCD_0000063908-23-000073_chunk000,MCDONALDS CORP,0000063908,2023-07-27,none,positive,2,False,McDonald’s Corporation; Securities Exchange Act of 1934,
MCD_0001104659-23-091990_chunk000,MCDONALDS CORP,0000063908,2023-08-15,regulatory,neutral,2,False,McDonald’s Corporation; Securities and Exchange Commission; $600.0 million; $800.0 million,
MCD_0000063908-23-000082_chunk000,MCDONALDS CORP,0000063908,2023-08-24,leadership,neutral,2,False,McDonald’s Corporation; Richard H. Lenny,
MCD_0000063908-23-000098_chunk000,MCDONALDS CORP,0000063908,2023-10-30,none,positive,1,False,McDonald’s Corporation; Securities Exchange Act of 1934,
MCD_0000063908-23-000112_chunk000,MCDONALDS CORP,0000063908,2023-12-06,none,positive,2,True,"McDonald's Corporation; SEC; December 6, 2023",
MCD_0000063908-24-000029_chunk000,MCDONALDS CORP,0000063908,2024-02-05,none,positive,1,False,McDonald's Corporation; Securities Exchange Act of 1934,
MCD_0000063908-24-000059_chunk000,MCDONALDS CORP,0000063908,2024-02-16,none,positive,2,True,McDonald's Corporation; Christopher Kempczinski; Ian Borden; Joseph Erlinger; Desiree Ralls-Morrison; Brian Rice,
MCD_0000063908-24-000059_chunk001,MCDONALDS CORP,0000063908,2024-02-16,none,positive,2,True,McDonald’s; Borden; Kempczinski; Rice; Ralls-Morrison; Erlinger,
MCD_0000950103-24-003769_chunk000,MCDONALDS CORP,0000063908,2024-03-13,leadership,neutral,2,False,McDonald’s Corporation; Catherine A. Hoovel,
MCD_0000063908-24-000081_chunk000,MCDONALDS CORP,0000063908,2024-03-19,leadership,neutral,2,False,"McDonald’s Corporation; Enrique “Rick” Hernandez, Jr.",
MCD_0000063908-24-000089_chunk000,MCDONALDS CORP,0000063908,2024-04-30,none,positive,1,False,McDonald’s Corporation; Securities Exchange Act of 1934,
MCD_0000063908-24-000097_chunk000,MCDONALDS CORP,0000063908,2024-05-20,regulatory,neutral,2,False,McDonald’s Corporation; Securities and Exchange Commission; Desiree Ralls-Morrison,
MCD_0000063908-24-000102_chunk000,MCDONALDS CORP,0000063908,2024-05-24,none,neutral,1,False,"McDonald’s Corporation; Broadridge Financial Solutions, Inc.; Anthony Capuano; Kareem Daniel; Lloyd Dean; Catherine Engelbert; Margaret Georgiadis; Michael Hsu; Christopher Kempczinski; John Mulligan; Jennifer Taubert; Paul Walsh; Amy Weaver; Miles White",
MCD_0000063908-24-000102_chunk001,MCDONALDS CORP,0000063908,2024-05-24,none,neutral,1,False,,no JSON object found in response
MCD_0000063908-24-000102_chunk002,MCDONALDS CORP,0000063908,2024-05-24,regulatory,negative,3,False,Company; shareholders; donations; global public policy; political influence,
MCD_0000063908-24-000116_chunk000,MCDONALDS CORP,0000063908,2024-07-26,none,positive,1,False,McDonald’s Corporation; Lauren B. Elting; Catherine A. Hoovel; Federal Signal Corporation,
MCD_0000063908-24-000116_chunk001,MCDONALDS CORP,0000063908,2024-07-26,none,positive,1,False,McDonald's Corporation,
MCD_0000063908-24-000119_chunk000,MCDONALDS CORP,0000063908,2024-07-29,none,positive,1,False,McDonald's Corporation; U.S. Securities and Exchange Commission,
MCD_0000063908-24-000152_chunk000,MCDONALDS CORP,0000063908,2024-10-29,none,positive,1,False,McDonald's Corporation; Securities Exchange Act of 1934,
META_0001326801-21-000011_chunk000,Facebook Inc,0001326801,2021-01-27,none,neutral,2,True,Facebook; Zuckerberg; $8.6 billion; $25 billion,
META_0001326801-21-000031_chunk000,Facebook Inc,0001326801,2021-04-28,none,neutral,1,False,"Facebook, Inc.; Regulation FD; Mark Zuckerberg",
META_0001326801-21-000040_chunk000,Facebook Inc,0001326801,2021-05-27,none,neutral,1,False,"Facebook, Inc.; Ernst & Young LLP; shareholders",
META_0001326801-21-000040_chunk001,Facebook Inc,0001326801,2021-05-27,regulatory,neutral,2,False,Ernst & Young LLP; shareholders; directors; Mark Zuckerberg; Peggy Alford; Marc L. Andreessen; Andrew W. Houston; Nancy Killefer; Robert M. Kimmitt; Sheryl K. Sandberg; Peter A. Thiel,
META_0001326801-21-000040_chunk002,Facebook Inc,0001326801,2021-05-27,regulatory,negative,3,False,shareholders; public benefit corporation,
META_0001326801-21-000047_chunk000,Facebook Inc,0001326801,2021-07-28,regulatory,neutral,2,False,"Facebook, Inc.; Regulation FD; Zuckerberg",
META_0001326801-21-000053_chunk000,Facebook Inc,0001326801,2021-09-22,leadership,neutral,2,False,"Facebook, Inc.; Mike Schroepfer",
META_0001326801-21-000062_chunk000,Facebook Inc,0001326801,2021-10-25,operational,neutral,2,True,Facebook; Zuckerberg; $7.97 billion; $50 billion,
META_0001326801-21-000062_chunk001,Facebook Inc,0001326801,2021-10-25,regulatory,neutral,2,False,Interactive Data File; XBRL,
META_0001326801-21-000071_chunk000,"Meta Platforms, Inc.",0001326801,2021-10-28,none,neutral,1,False,"Facebook, Inc.; Meta Platforms, Inc.; Delaware Secretary of State; Nasdaq Global Select Market",
META_0001326801-21-000071_chunk001,"Meta Platforms, Inc.",0001326801,2021-10-28,none,neutral,1,False,"Meta Platforms, Inc",
META_0001326801-22-000006_chunk000,"Meta Platforms, Inc.",0001326801,2022-01-11,none,positive,1,False,"Meta Platforms, Inc.; Tony Xu; Nasdaq Stock Market LLC",
META_0001326801-22-000015_chunk000,"Meta Platforms, Inc.",0001326801,2022-02-02,none,neutral,1,False,"Meta Platforms, Inc.; Securities Exchange Act of 1934; Securities Act of 1933; Mark Zuckerberg",
META_0001326801-22-000030_chunk000,"Meta Platforms, Inc.",0001326801,2022-02-10,leadership,neutral,2,False,"Meta Platforms, Inc.; Peter Thiel; Company's Board of Directors; Annual Meeting",
META_0001326801-22-000028_chunk000,"Meta Platforms, Inc.",0001326801,2022-02-10,none,positive,1,False,"Meta Platforms, Inc.; Tony Xu; Board",
META_0001326801-22-000034_chunk000,"Meta Platforms, Inc.",0001326801,2022-03-01,leadership,neutral,2,False,"Meta Platforms, Inc.; Mike Schroepfer; $360,000; 232,186 Restricted Stock Units",
META_0001326801-22-000054_chunk000,"Meta Platforms, Inc.",0001326801,2022-04-27,none,neutral,1,False,"Meta Platforms, Inc.; Securities Exchange Act of 1934; Regulation FD; Mark Zuckerberg",
META_0001326801-22-000066_chunk000,"Meta Platforms, Inc.",0001326801,2022-05-27,none,neutral,1,False,"Meta Platforms, Inc.; Ernst & Young LLP",
META_0001326801-22-000066_chunk001,"Meta Platforms, Inc.",0001326801,2022-05-27,none,neutral,1,False,Ernst & Young LLP; shareholders; named executive officers,
META_0001326801-22-000066_chunk002,"Meta Platforms, Inc.",0001326801,2022-05-27,regulatory,neutral,2,False,Company; shareholders; executive officers; shareholder proposal; dual class capital structure; independent chair; concealment clauses; external costs of misinformation; community standards enforcement; metaverse; human rights impact assessment,
META_0001326801-22-000066_chunk003,"Meta Platforms, Inc.",0001326801,2022-05-27,regulatory,negative,3,False,shareholders; metaverse; human rights impact assessment; child sexual exploitation online; civil rights and non-discrimination audit; report on lobbying; audit & risk oversight committee; report on charitable donations,
META_0001326801-22-000070_chunk000,"Meta Platforms, Inc.",0001326801,2022-05-31,none,positive,1,False,"Meta Platforms, Inc.; The Nasdaq Global Select Market",
META_0001326801-22-000073_chunk000,"Meta Platforms, Inc.",0001326801,2022-06-01,leadership,neutral,2,False,"Meta Platforms, Inc.; Sheryl Sandberg; Javier Olivan; Siemens AG",
META_0001326801-22-000079_chunk000,"Meta Platforms, Inc.",0001326801,2022-07-27,none,neutral,1,False,"Meta Platforms, Inc.; Securities Exchange Act of 1934; Securities Act of 1933; Regulation FD; Mark Zuckerberg",
META_0001326801-22-000085_chunk000,"Meta Platforms, Inc.",0001326801,2022-07-28,leadership,neutral,2,False,"Meta Platforms, Inc.; David Wehner; Susan Li; Morgan Stanley; Alaska Air Group, Inc.; John Hegeman",
META_0001326801-22-000090_chunk000,"Meta Platforms, Inc.",0001326801,2022-08-01,leadership,neutral,2,False,"Meta Platforms, Inc.; Sheryl Sandberg; Javier Olivan",
META_0000950103-22-013666_chunk000,"Meta Platforms, Inc.",0001326801,2022-08-04,regulatory,neutral,2,True,"Meta Platforms, Inc.; Securities Act; Rule 144A; Regulation S",
META_0000950103-22-013830_chunk000,"Meta Platforms, Inc.",0001326801,2022-08-09,financial,positive,2,False,"Meta Platforms, Inc.; U.S. Bank Trust Company, National Association; $2.75 billion; $3.00 billion; $2.75 billion; $1.50 billion; 3.500%; 3.850%; 4.450%; 4.650%",
META_0000950103-22-013830_chunk001,"Meta Platforms, Inc.",0001326801,2022-08-09,financial,neutral,3,True,"Company; Morgan Stanley & Co. LLC; J.P. Morgan Securities LLC; BofA Securities, Inc.; Barclays Capital Inc.; 2027 Notes; 2032 Notes; 2052 Notes; 2062 Notes; Treasury Rate; Spread",
META_0000950103-22-013830_chunk002,"Meta Platforms, Inc.",0001326801,2022-08-09,regulatory,neutral,2,False,"Meta Platforms, Inc.; U.S. Bank Trust Company, National Association; Morgan Stanley & Co. LLC; J.P. Morgan Securities LLC; BofA Securities, Inc.; Barclays Capital Inc.",
META_0000950103-22-013830_chunk003,"Meta Platforms, Inc.",0001326801,2022-08-09,none,neutral,1,False,"Meta Platforms, Inc.; Morgan Stanley & Co. LLC; J.P. Morgan Securities LLC; BofA Securities, Inc.; Barclays Capital Inc.",
META_0001326801-22-000094_chunk000,"Meta Platforms, Inc.",0001326801,2022-09-30,operational,neutral,2,True,"Meta Platforms, Inc.; Sheryl Sandberg; Securities and Exchange Commission",
META_0001326801-22-000105_chunk000,"Meta Platforms, Inc.",0001326801,2022-10-26,none,neutral,1,False,"Meta Platforms, Inc.; Securities Exchange Act of 1934; Securities Act of 1933; Mark Zuckerberg",
META_0001326801-22-000116_chunk000,"Meta Platforms, Inc.",0001326801,2022-11-09,operational,negative,4,True,"Meta Platforms, Inc.; SEC; 2022; $30-32.5 billion; 11,000 employees; 2023; $94-100 billion; Reality Labs",
META_0001326801-22-000116_chunk001,"Meta Platforms, Inc.",0001326801,2022-11-09,regulatory,negative,4,True,"Meta; SEC; 2022; 2023; COVID-19; geopolitical events; advertising revenue; data signals; mobile operating systems; government actions; litigation; privacy, legislative, and regulatory concerns; acquisitions; security breaches; cost-reduction initiatives",
META_0001326801-22-000116_chunk002,"Meta Platforms, Inc.",0001326801,2022-11-09,none,positive,1,True,Meta; Investor Relations; SEC,
META_0001326801-23-000008_chunk000,"Meta Platforms, Inc.",0001326801,2023-02-01,operational,neutral,2,True,"Meta Platforms, Inc.; Regulation FD; Mark Zuckerberg",
META_0001326801-23-000008_chunk001,"Meta Platforms, Inc.",0001326801,2023-02-01,none,neutral,1,False,,
META_0001326801-23-000015_chunk000,"Meta Platforms, Inc.",0001326801,2023-02-02,leadership,neutral,2,False,"Meta Platforms, Inc.; Susan J.S. Taylor",
META_0001326801-23-000019_chunk000,"Meta Platforms, Inc.",0001326801,2023-02-13,leadership,neutral,2,False,"Meta Platforms, Inc.; Marne L. Levine",
META_0001326801-23-000023_chunk000,"Meta Platforms, Inc.",0001326801,2023-02-15,none,neutral,2,False,"Meta Platforms, Inc.; Mark Zuckerberg; Meta; Susan Li; $10 million; $14 million; $900,000",
META_0001326801-23-000035_chunk000,"Meta Platforms, Inc.",0001326801,2023-03-14,operational,negative,4,True,"Meta Platforms, Inc.; Meta; Securities Exchange Act of 1934; Securities Act of 1933; $86-92 billion; $3-5 billion",
META_0001326801-23-000035_chunk001,"Meta Platforms, Inc.",0001326801,2023-03-14,operational,negative,3,True,Meta; SEC; Investor Relations,
META_0001326801-23-000038_chunk000,"Meta Platforms, Inc.",0001326801,2023-04-10,leadership,neutral,2,True,"Meta Platforms, Inc.; Susan J.S. Taylor; Aaron Anderson; PayPal Holdings, Inc.; University of Nebraska-Lincoln",
META_0001326801-23-000038_chunk001,"Meta Platforms, Inc.",0001326801,2023-04-10,none,neutral,1,False,Company; Mr. Anderson,
META_0001326801-23-000063_chunk000,"Meta Platforms, Inc.",0001326801,2023-04-26,regulatory,neutral,2,False,"Meta Platforms, Inc.; Securities Exchange Act of 1934; Securities Act of 1933; Mark Zuckerberg; facebook.com/zuck; instagram.com/zuck",
META_0001193125-23-134410_chunk000,"Meta Platforms, Inc.",0001326801,2023-05-03,financial,neutral,2,False,"Meta Platforms, Inc.; U.S. Bank Trust Company, National Association; BofA Securities, Inc.; J.P. Morgan Securities LLC; Morgan Stanley & Co. LLC",
META_0001193125-23-134410_chunk001,"Meta Platforms, Inc.",0001326801,2023-05-03,regulatory,neutral,2,False,"Meta Platforms, Inc.; U.S. Bank Trust Company, National Association; BofA Securities, Inc.; J.P. Morgan Securities LLC; Morgan Stanley & Co. LLC",
META_0001193125-23-134410_chunk002,"Meta Platforms, Inc.",0001326801,2023-05-03,none,neutral,1,False,Davis Polk & Wardwell LLP; Company,
META_0001326801-23-000083_chunk000,"Meta Platforms, Inc.",0001326801,2023-06-02,none,neutral,1,False,"Meta Platforms, Inc.; Ernst & Young LLP",
META_0001326801-23-000083_chunk001,"Meta Platforms, Inc.",0001326801,2023-06-02,regulatory,neutral,2,True,Facebook; Ernst & Young LLP; Sheryl K. Sandberg; Mark Zuckerberg; Tony Xu; Tracey T. Travis; Robert M. Kimmitt; Nancy Killefer; Andrew W. Houston; Marc L. Andreessen; Peggy Alford,
META_0001326801-23-000083_chunk002,"Meta Platforms, Inc.",0001326801,2023-06-02,regulatory,negative,4,False,shareholder; government; dual class capital structure; human rights; lobbying disclosures; political entanglement; climate goals; reproductive rights; data privacy,
META_0001326801-23-000083_chunk003,"Meta Platforms, Inc.",0001326801,2023-06-02,none,neutral,1,False,,no JSON object found in response
META_0001326801-23-000089_chunk000,"Meta Platforms, Inc.",0001326801,2023-07-26,regulatory,neutral,2,False,"Meta Platforms, Inc.; Securities Exchange Act of 1934; Regulation FD; Mark Zuckerberg",
META_0001326801-23-000100_chunk000,"Meta Platforms, Inc.",0001326801,2023-10-25,none,neutral,1,False,"Meta Platforms, Inc.; Securities Exchange Act of 1934; Regulation FD; Mark Zuckerberg",
META_0001326801-24-000003_chunk000,"Meta Platforms, Inc.",0001326801,2024-01-18,leadership,neutral,2,False,"Meta Platforms, Inc.; Sheryl Sandberg",
META_0001326801-24-000010_chunk000,"Meta Platforms, Inc.",0001326801,2024-02-01,financial,neutral,3,True,"Meta Platforms, Inc.; Meta; Securities Exchange Act of 1934; Regulation FD; Mark Zuckerberg; $30.93 billion; $50 billion",
META_0001326801-24-000010_chunk001,"Meta Platforms, Inc.",0001326801,2024-02-01,none,positive,2,False,Meta; SEC; Class A common stock; Class B common stock,
META_0001326801-24-000019_chunk000,"Meta Platforms, Inc.",0001326801,2024-02-14,none,positive,1,False,"Meta Platforms, Inc.; John Arnold; Hock Tan; Broadcom Inc.",
META_0001326801-24-000044_chunk000,"Meta Platforms, Inc.",0001326801,2024-04-24,none,neutral,1,False,"Meta Platforms, Inc.; Securities Exchange Act of 1934; Regulation FD; Mark Zuckerberg",
META_0001326801-24-000057_chunk000,"Meta Platforms, Inc.",0001326801,2024-05-31,none,neutral,1,False,"Meta Platforms, Inc.; Ernst & Young LLP; Delaware law",
META_0001326801-24-000057_chunk001,"Meta Platforms, Inc.",0001326801,2024-05-31,regulatory,neutral,2,False,Peggy Alford; Marc L. Andreessen; John Arnold; Andrew W. Houston; Nancy Killefer; Robert M. Kimmitt; Hock E. Tan; Tracey T. Travis; Tony Xu; Mark Zuckerberg; SEC; shareholders; brokers; accounting firm,
META_0001326801-24-000057_chunk002,"Meta Platforms, Inc.",0001326801,2024-05-31,none,neutral,2,False,Ernst & Young LLP; Company; Amended and Restated Certificate of Incor0888280; 2012 Equity Incentive Plan; shareholder proposal; generative AI; human rights; non-US markets,
META_0001326801-24-000057_chunk003,"Meta Platforms, Inc.",0001326801,2024-05-31,none,neutral,1,False,,no JSON object found in response
META_0001326801-24-000057_chunk004,"Meta Platforms, Inc.",0001326801,2024-05-31,regulatory,negative,2,False,shareholders; climate goals,
META_0001326801-24-000065_chunk000,"Meta Platforms, Inc.",0001326801,2024-07-31,none,neutral,1,False,"Meta Platforms, Inc.; Regulation FD; Mark Zuckerberg",
META_0001193125-24-197873_chunk000,"Meta Platforms, Inc.",0001326801,2024-08-09,financial,neutral,2,False,"Meta Platforms, Inc.; U.S. Bank Trust Company, National Association; BofA Securities, Inc.; J.P. Morgan Securities LLC; Morgan Stanley & Co. LLC",
META_0001193125-24-197873_chunk001,"Meta Platforms, Inc.",0001326801,2024-08-09,none,neutral,1,False,"Meta Platforms, Inc.; U.S. Bank Trust Company, National Association; BofA Securities, Inc.; J.P. Morgan Securities LLC; Morgan Stanley & Co. LLC",
META_0001193125-24-197873_chunk002,"Meta Platforms, Inc.",0001326801,2024-08-09,none,neutral,1,False,Davis Polk & Wardwell LLP; Company,
META_0001326801-24-000072_chunk000,"Meta Platforms, Inc.",0001326801,2024-09-10,regulatory,neutral,2,False,"Meta Platforms, Inc.; Securities and Exchange Commission; Delaware General Corporation Law",
META_0001326801-24-000077_chunk000,"Meta Platforms, Inc.",0001326801,2024-10-30,regulatory,neutral,2,False,"Meta Platforms, Inc.; Securities Exchange Act of 1934; Regulation FD; Mark Zuckerberg",
MRK_0001104659-21-009673_chunk000,"Merck & Co., Inc.",0000310158,2021-02-01,none,positive,1,False,"Merck & Co., Inc.; Stephen L. Mayo; Securities and Exchange Commission",
MRK_0001140361-21-003357_chunk000,"Merck & Co., Inc.",0000310158,2021-02-04,leadership,negative,3,False,"Merck & Co., Inc.; Kenneth C. Frazier; Robert M. Davis",
MRK_0001104659-21-011912_chunk000,"Merck & Co., Inc.",0000310158,2021-02-04,none,neutral,1,False,"Merck & Co., Inc.; Securities Exchange Act of 1934; Securities Act of 1933",
MRK_0001193125-21-092736_chunk000,"Merck & Co., Inc.",0000310158,2021-03-24,regulatory,neutral,2,False,"Merck & Co., Inc.; Organon & Co.",
MRK_0001104659-21-042458_chunk000,"Merck & Co., Inc.",0000310158,2021-03-26,leadership,neutral,2,True,"Merck & Co., Inc.; Kenneth C. Frazier; Robert M. Davis; $1,700,000; $10,750,000",
MRK_0001104659-21-042458_chunk001,"Merck & Co., Inc.",0000310158,2021-03-26,none,positive,1,False,Caroline Litchfield; Company,
MRK_0001104659-21-056877_chunk000,"Merck & Co., Inc.",0000310158,2021-04-29,none,neutral,1,False,"Merck & Co., Inc.",
MRK_0001193125-21-151781_chunk000,"Merck & Co., Inc.",0000310158,2021-05-05,regulatory,negative,3,True,"Merck U.S. Savings Plan; MSD Employee Stock Purchase and Savings Plan; MSD Puerto Rico Savings & Security Plan; Merck & Co., Inc.; Organon & Co.; Employment Retirement Income Security Act of 1974; Sarbanes-Oxley Act of 2002; Regulation BTR",
MRK_0001193125-21-151781_chunk001,"Merck & Co., Inc.",0000310158,2021-05-05,none,neutral,1,False,,
MRK_0000310158-21-000015_chunk000,"Merck & Co., Inc.",0000310158,2021-05-27,none,neutral,1,False,"Merck & Co., Inc.; Leslie A. Brun; Mary Ellen Coe; Pamela J. Craig; Kenneth C. Frazier; Thomas H. Glocer; Risa J. Lavizzo-Mourey, M.D.; Stephen L. Mayo, Ph.0.D.; Paul B. Rothman, M.D.; Patricia F. Russo; Christine E. Seidman, M.D.; Inge G. Thulin; Kathy J. Warden",
MRK_0000310158-21-000015_chunk001,"Merck & Co., Inc.",0000310158,2021-05-27,none,neutral,2,False,PricewaterhouseCoopers LLP; Nominee Executive Officers; Company,
MRK_0001193125-21-180657_chunk000,"Merck & Co., Inc.",0000310158,2021-06-03,financial,positive,2,False,"Merck & Co., Inc.; Organon & Co.; SEC; June 2, 2021",
MRK_0001104659-21-083528_chunk000,"Merck & Co., Inc.",0000310158,2021-06-21,financial,neutral,3,True,"Merck & Co., Inc.; Organon & Co.; $10.6 billion; $1.5 billion; 76.6%; 45%; $400 million; $500 million",
MRK_0001104659-21-083528_chunk001,"Merck & Co., Inc.",0000310158,2021-06-21,regulatory,neutral,2,True,Merck; Organon; SEC; 14.3%; 10.6 billion,
MRK_0001104659-21-097239_chunk000,"Merck & Co., Inc.",0000310158,2021-07-29,none,neutral,1,False,"Merck & Co., Inc.",
MRK_0001140361-21-029043_chunk000,"Merck & Co., Inc.",0000310158,2021-08-20,leadership,negative,2,False,"Merck & Co., Inc.",
MRK_0001104659-21-130675_chunk000,"Merck & Co., Inc.",0000310158,2021-10-28,none,neutral,1,False,"Merck & Co., Inc.",
MRK_0001193125-21-354132_chunk000,"Merck & Co., Inc.",0000310158,2021-12-10,none,neutral,1,False,"Merck & Co., Inc.; U.S. Bank Trust National Association; 1.700% Notes due 2027; 1.900% Notes due 2028; 2.150% Notes due 2031; 2.750% Notes due 2051; 2.900% Notes due 2061",
MRK_0001193125-21-354132_chunk001,"Merck & Co., Inc.",0000310158,2021-12-10,none,neutral,1,False,Company; Jennifer Zachary,
MRK_0001104659-22-011130_chunk000,"Merck & Co., Inc.",0000310158,2022-02-03,none,neutral,1,False,"Merck & Co., Inc.",
MRK_0000310158-22-000006_chunk000,"Merck & Co., Inc.",0000310158,2022-03-25,none,positive,1,False,"Merck & Co., Inc.; New Jersey",
MRK_0001104659-22-047977_chunk000,"Merck & Co., Inc.",0000310158,2022-04-21,regulatory,negative,3,False,Merck; U.S. Securities and Exchange Commission; non-GAAP,
MRK_0001104659-22-051588_chunk000,"Merck & Co., Inc.",0000310158,2022-04-28,none,neutral,1,False,"Merck & Co., Inc.",
MRK_0000310158-22-000015_chunk000,"Merck & Co., Inc.",0000310158,2022-05-26,none,neutral,2,False,"Merck & Co., Inc.; Douglas M. Baker, Jr.; Mary Ellen Coe; Pamela J. Craig; Robert M. Davis; Kenneth C. Frazier; Thomas H. Glocer; Risa J. Lavizzo-Mourey, M.D.; Stephen L. Mayo, Ph.0.D.; Paul B. Rothman, M.D.; Patricia F. Russo; Christine E. Seidman, M.D.; Inge G. Thulin",
MRK_0000310158-22-000015_chunk001,"Merck & Co., Inc.",0000310158,2022-05-26,none,neutral,2,False,Christine E. Seidman; Inge G. Thulin; Kathy J. Warden; Peter C. Wendell; Company’s independent registered public accounting firm; COVID-19; lobbying expenditure,
MRK_0001104659-22-083410_chunk000,"Merck & Co., Inc.",0000310158,2022-07-28,none,neutral,1,False,"Merck & Co., Inc.",
MRK_0001104659-22-111729_chunk000,"Merck & Co., Inc.",0000310158,2022-10-27,leadership,neutral,2,False,Merck; Kenneth C. Frazier; Robert M. Davis,
MRK_0001104659-23-009552_chunk000,"Merck & Co., Inc.",0000310158,2023-02-02,none,neutral,1,False,"Merck & Co., Inc.",
MRK_0001104659-23-050654_chunk000,"Merck & Co., Inc.",0000310158,2023-04-27,none,neutral,1,False,"Merck & Co., Inc.; Securities Exchange Act of 1934; Securities Act of 1933",
MRK_0001193125-23-147049_chunk000,"Merck & Co., Inc.",0000310158,2023-05-17,none,neutral,1,False,"Merck & Co., Inc.; U.S. Bank Trust National Association; SEC; Form 8-K",
MRK_0001193125-23-147049_chunk001,"Merck & Co., Inc.",0000310158,2023-05-17,none,neutral,1,False,Company; Jennifer Zachary,
MRK_0001140361-23-026845_chunk000,"Merck & Co., Inc.",0000310158,2023-05-26,none,positive,1,False,"Merck & Co., Inc.; Douglas M. Baker, Jr.; Mary Ellen Coe; Pamela J. Craig; Robert M. Davis; Thomas H. Glocer; Risa J. Lavizzo-Mourey, M.D.; Stephen L. Mayo, Ph.0D; Paul B. Rothman, M.D.; Patricia F. Russo; Christine E. Seidman, M.D.",
MRK_0001140361-23-026845_chunk001,"Merck & Co., Inc.",0000310158,2023-05-26,regulatory,neutral,3,False,"Christine E. Seidman, M.D.; Inge G. Thulin; Kathy J. Warden; Peter C. Wendell; Company; shareholders; independent registered public accounting firm; China; COVID-10",
MRK_0001140361-23-026845_chunk002,"Merck & Co., Inc.",0000310158,2023-05-26,regulatory,neutral,3,False,cast; SEC; shareholder proposal; COVID-19 products; political spending; patents; partnerships; independent board chairman,
MRK_0001104659-23-086030_chunk000,"Merck & Co., Inc.",0000310158,2023-08-01,none,neutral,1,False,"Merck & Co., Inc.",
MRK_0001104659-23-111585_chunk000,"Merck & Co., Inc.",0000310158,2023-10-26,none,neutral,1,False,"Merck & Co., Inc.",
MRK_0001104659-23-121671_chunk000,"Merck & Co., Inc.",0000310158,2023-11-28,leadership,neutral,2,False,"Merck & Co., Inc.; Rita Karachun; Dalton E. Smart III",
MRK_0001104659-24-009109_chunk000,"Merck & Co., Inc.",0000310158,2024-02-01,operational,neutral,3,True,"Merck & Co., Inc.; 2024 Restructuring Program",
MRK_0001104659-24-025524_chunk000,"Merck & Co., Inc.",0000310158,2024-02-20,leadership,positive,1,False,"Peter C. Wendell; Merck & Co., Inc.",
MRK_0001104659-24-051517_chunk000,"Merck & Co., Inc.",0000310158,2024-04-25,none,neutral,1,False,"Merck & Co., Inc.",
MRK_0001628280-24-025800_chunk000,"Merck & Co., Inc.",0000310158,2024-05-30,none,positive,1,False,"Merck & Co., Inc.; Douglas M. Baker, Jr.; Mary Ellen Coe; Pamela J. Craig; Robert M. Davis; Thomas H. Glocer; Risa J. Lavizzo-Mourey, M.D.; Stephen L. Mayo, Ph.0.D.; Paul B. Rothman, M.D.; Patricia F. Russo; Christine E. Seidman, M.D.",
MRK_0001628280-24-025800_chunk001,"Merck & Co., Inc.",0000310158,2024-05-30,regulatory,neutral,3,False,"Christine E. Seidman, M.D.; Inge G. Thulin; Kathy J. Warden; Company’s independent registered public accounting firm; shareholders; government; workforce civil liberties",
MRK_0001628280-24-025800_chunk002,"Merck & Co., Inc.",0000310158,2024-05-30,financial,neutral,3,True,MSD Netherlands Capital B.V.; Netherlands Chamber of Commerce; U.S. Bank Trust National Association,
MRK_0001628280-24-025800_chunk003,"Merck & Co., Inc.",0000310158,2024-05-30,none,neutral,1,False,"MSD Netherlands Capital B.V.; Merck & Co., Inc.; U.S. Bank Trust National Association; Jennifer Zachary; Loyens & Loeff N.V.",
MRK_0001104659-24-083722_chunk000,"Merck & Co., Inc.",0000310158,2024-07-30,none,neutral,1,False,"Merck & Co., Inc.",
MRK_0001104659-24-112841_chunk000,"Merck & Co., Inc.",0000310158,2024-10-31,none,neutral,1,False,"Merck & Co., Inc.; Securities Exchange Act of 1934; Securities Act of 1933",
MRK_0001104659-24-122027_chunk000,"Merck & Co., Inc.",0000310158,2024-11-22,none,positive,1,False,"Merck & Co., Inc.; Surendralal L. “Lal” Karsanbhai; Securities and Exchange Commission",
MRK_0001104659-24-122027_chunk001,"Merck & Co., Inc.",0000310158,2024-11-22,none,neutral,1,False,"Merck & Co., Inc.",
MSFT_0001193125-21-017683_chunk000,MICROSOFT CORP,0000789019,2021-01-26,none,positive,1,False,Microsoft Corporation,
MSFT_0001193125-21-044940_chunk000,MICROSOFT CORP,0000789019,2021-02-16,none,neutral,1,False,Microsoft Corporation,
MSFT_0001193125-21-065751_chunk000,MICROSOFT CORP,0000789019,2021-03-02,none,neutral,1,False,Microsoft Corporation,
MSFT_0001193125-21-084239_chunk000,MICROSOFT CORP,0000789019,2021-03-17,financial,neutral,2,True,"Microsoft Corporation; The Bank of New York Mellon Trust Company, N.A.; $1,934,966,000; $6,250,000,000; 2.921% Notes; 3.041% Notes; 2052 Notes; 2062 Notes; Base Indenture; Fourteenth Supplemental Indenture; Form S-4",
MSFT_0001193125-21-084239_chunk001,MICROSOFT CORP,0000789019,2021-03-17,regulatory,neutral,2,False,"Microsoft Corporation; The Bank of New York Mellon Trust Company, N.A.; 2052 Notes; 2062 Notes",
MSFT_0001193125-21-112687_chunk000,MICROSOFT CORP,0000789019,2021-04-12,regulatory,neutral,2,False,"Microsoft Corporation; Nuance Communications, Inc.",
MSFT_0001193125-21-134213_chunk000,MICROSOFT CORP,0000789019,2021-04-27,none,positive,1,False,Microsoft Corporation,
MSFT_0001193125-21-167940_chunk000,MICROSOFT CORP,0000789019,2021-05-20,leadership,neutral,1,False,Jean-Phillipe Courtois; Microsoft,
MSFT_0001193125-21-192783_chunk000,MICROSOFT CORP,0000789019,2021-06-17,leadership,positive,2,False,Microsoft Corporation; Satya Nadella; John W. Thompson,
MSFT_0001193125-21-210827_chunk000,MICROSOFT CORP,0000789019,2021-07-08,none,neutral,1,False,"Microsoft Corporation; The Bank of New York Mellon Trust Company, N.A.; €; 1,750,000,000",
MSFT_0001193125-21-225746_chunk000,MICROSOFT CORP,0000789019,2021-07-27,none,positive,1,False,Microsoft Corporation,
MSFT_0001193125-21-307941_chunk000,MICROSOFT CORP,0000789019,2021-10-26,none,positive,1,False,Microsoft Corporation,
MSFT_0001193125-21-343711_chunk000,MICROSOFT CORP,0000789019,2021-11-30,none,positive,1,False,Microsoft Corporation; Deloitte & Touche LLP; Reid G. Hoffman; Hugh F. Johnston; Teri L. List; Satya Nadella,
MSFT_0001193125-21-343711_chunk001,MICROSOFT CORP,0000789019,2021-11-30,none,positive,2,False,Satya Nadella; Sandra E. Peterson; Penny S. Pritzker; Carlos A. Rodriguez; Charles W. Scharf; John W. Stanton; John W. Thompson; Emma N. Walmsley; Padmasree Warrior,
MSFT_0001193125-21-343711_chunk002,MICROSOFT CORP,0000789019,2021-11-30,regulatory,neutral,3,False,Company; SEC; Broker; Government entities,
MSFT_0001193125-22-010667_chunk000,MICROSOFT CORP,0000789019,2022-01-18,regulatory,neutral,3,False,Microsoft; Activision Blizzard; Securities Exchange Act of 1934; Securities Act of 1933,
MSFT_0001193125-22-017041_chunk000,MICROSOFT CORP,0000789019,2022-01-25,none,positive,1,False,Microsoft Corporation,
MSFT_0001193125-22-120207_chunk000,MICROSOFT CORP,0000789019,2022-04-26,none,positive,1,False,Microsoft Corporation,
MSFT_0001193125-22-165839_chunk000,MICROSOFT CORP,0000789019,2022-06-02,financial,negative,3,True,Microsoft Corporation; Securities and Exchange Commission; United States; Dollars,
MSFT_0001193125-22-202034_chunk000,MICROSOFT CORP,0000789019,2022-07-26,none,positive,1,False,Microsoft Corporation,
MSFT_0001193125-22-268356_chunk000,MICROSOFT CORP,0000789019,2022-10-25,none,positive,1,False,Microsoft Corporation; Securities Exchange Act of 1934; Securities Act of 1933,
MSFT_0001193125-22-306591_chunk000,MICROSOFT CORP,0000789019,2022-12-16,none,positive,1,False,Microsoft Corporation; Reid G. Hoffman; Hugh F. Johnston; Teri L. List; Satya Nadella; Deloitte & Touche LLP,
MSFT_0001193125-22-306591_chunk001,MICROSOFT CORP,0000789019,2022-12-16,none,positive,2,False,Satya Nadella; Sandra E. Peterson; Penny S. Pritzker; Carlos A. Rodriguez; Charles W. Scharf; John W. Stanton; John W. Thompson; Emma N. Walmsley; Padmasree Warrior,
MSFT_0001193125-22-306591_chunk002,MICROSOFT CORP,0000789019,2022-12-16,regulatory,negative,4,False,Microsoft; Microsoft Technology; Climate Change; Military; Tax Transparency,
MSFT_0001193125-22-306591_chunk003,MICROSOFT CORP,0000789019,2022-12-16,none,neutral,1,False,"22.97; 1,188,222,206; 3,982,547,802; 30,776,762; 1,205,617,945",
MSFT_0001193125-23-009934_chunk000,MICROSOFT CORP,0000789019,2023-01-18,financial,negative,5,True,Microsoft Corporation; Securities and Exchange Commission; US$1.2 billion,
MSFT_0001193125-23-014230_chunk000,MICROSOFT CORP,0000789019,2023-01-24,none,positive,1,False,Microsoft Corporation; Securities Exchange Act of 1934; Securities Act of 1933,
MSFT_0001193125-23-115280_chunk000,MICROSOFT CORP,0000789019,2023-04-25,none,positive,1,False,Microsoft Corporation,
MSFT_0001193125-23-181341_chunk000,MICROSOFT CORP,0000789019,2023-07-03,none,positive,1,False,Microsoft Corporation; Securities Exchange Act of 1934,
MSFT_0000950170-23-034400_chunk000,MICROSOFT CORP,0000789019,2023-07-25,none,positive,1,False,Microsoft Corporation,
MSFT_0001193125-23-254151_chunk000,MICROSOFT CORP,0000789019,2023-10-11,regulatory,negative,4,True,Microsoft Corporation; Internal Revenue Service; $28.9 billion,
MSFT_0001193125-23-255762_chunk000,MICROSOFT CORP,0000789019,2023-10-13,regulatory,neutral,3,False,"Microsoft Corporation; Activision Blizzard, Inc.; Anchorage Merger Sub Inc.; Delaware; Microsoft common stock; Activision Blizzard Common Stock; Delaware General Corporation Law",
MSFT_0001193125-23-255762_chunk001,MICROSOFT CORP,0000789019,2023-10-13,regulatory,neutral,2,False,Activision Blizzard; stock-based awards; Per Share Amount; Exerciser,
MSFT_0001104659-23-109428_chunk000,MICROSOFT CORP,0000789019,2023-10-16,regulatory,neutral,3,True,"Microsoft Corporation; Activision Blizzard, Inc.; Securities and Exchange Commission; Securities Act of 1933",
MSFT_0001104659-23-109428_chunk001,MICROSOFT CORP,0000789019,2023-10-16,legal,negative,3,True,Microsoft; Activision Blizzard; SEC,
MSFT_0001104659-23-109428_chunk002,MICROSOFT CORP,0000789019,2023-10-16,none,neutral,1,True,exchange; offering memorandum; consent solicitation statement,
MSFT_0000950170-23-054848_chunk000,MICROSOFT CORP,0000789019,2023-10-24,none,positive,1,False,Microsoft Corporation,
MSFT_0001193125-23-265616_chunk000,MICROSOFT CORP,0000789019,2023-10-30,regulatory,neutral,3,False,"Microsoft Corporation; Activision Blizzard, Inc.; Securities and Exchange Commission; Securities Act of 1933",
MSFT_0001193125-23-271376_chunk000,MICROSOFT CORP,0000789019,2023-11-06,regulatory,neutral,2,False,Microsoft Corporation; Activision Blizzard; Existing Activision Blizzard Notes,
MSFT_0001193125-23-271376_chunk001,MICROSOFT CORP,0000789019,2023-11-06,regulatory,neutral,3,True,Activision Blizzard; Computershare; Wells Fargo Bank,
MSFT_0001193125-23-271376_chunk002,MICROSOFT CORP,0000789019,2023-11-06,regulatory,neutral,2,True,Wells Fargo Bank; Activision Blizzard; Microsoft,
MSFT_0001193125-23-271376_chunk003,MICROSOFT CORP,0000789019,2023-11-06,none,neutral,1,False,"Microsoft; The Bank of New York Mellon Trust Company, N.A.; New Microsoft Notes Trustee",
MSFT_0001193125-23-271376_chunk004,MICROSOFT CORP,0000789019,2023-11-06,regulatory,neutral,2,True,Microsoft Corporation; The Bank of New York,
MSFT_0001193125-23-271376_chunk005,MICROSOFT CORP,0000789019,2023-11-06,none,neutral,1,False,"Microsoft Corporation; The Bank of New York Mellon Trust Company, N.A.; BofA Securities, Inc.; J.P. Morgan Securities LLC; Wells Fargo Securities, LLC; Academy Securities, Inc.; CastleOak Securities, L.P.; Drexel Hamilton, LLC; Loop Capital Markets LLC; MFR Securities, Inc.; Mischler Finan0.5, Inc.; RBC Capital Markets, LLC; Samuel A Ramirez & Company, Inc.; Siebert Williams Shank & Co., LLC; Activision Blizzard, Inc.; Wells Fargo Bank, National Association",
MSFT_0001193125-23-271376_chunk006,MICROSOFT CORP,0000789019,2023-11-06,none,neutral,1,False,"Activision Blizzard, Inc.; Wells Fargo Bank, National Association; Computershare Trust Company, N.A.",
MSFT_0001193125-23-271376_chunk007,MICROSOFT CORP,0000789019,2023-11-06,regulatory,neutral,2,False,"Activision Blizzard, Inc.; Computershare Trust Company, N.A.",
MSFT_0001193125-23-291720_chunk000,MICROSOFT CORP,0000789019,2023-12-08,none,neutral,1,False,Microsoft Corporation; Deloitte & Touche LLP,
MSFT_0001193125-23-291720_chunk001,MICROSOFT CORP,0000789019,2023-12-08,none,positive,1,False,Reid G. Hoffman; Hugh F. Johnston; Teri L. List; Catherine MacGregor; Mark A. L. Mason; Satya Nadella; Sandra E. Peterson; Penny S. Pritzker; Carlos A. Rodriguez; Charles W. Scharf; John W. Stanton,
MSFT_0001193125-23-291720_chunk002,MICROSOFT CORP,0000789019,2023-12-08,regulatory,neutral,2,False,"John W. Stanton; Emma N. Walmsley; 5,115,129,701; 25,719,893; 9,026,420; 5,091,160,704; 6,534,144; 64,434,058; 9,620,111; 5,069,287,701; 6,030,931,368; 298,788,648; 11,255,630",
MSFT_0001193125-23-291720_chunk003,MICROSOFT CORP,0000789019,2023-12-08,regulatory,negative,4,False,"Tesla; Elon Musk; Securities and Exchange Commission; US; China; USD; USD 1,191,099,632",
MSFT_0001193125-24-011295_chunk000,MICROSOFT CORP,0000789019,2024-01-19,regulatory,negative,3,True,Microsoft; Securities and Exchange Commission; nation-state associated threat actor,
MSFT_0001193125-24-011295_chunk001,MICROSOFT CORP,0000789019,2024-01-19,regulatory,neutral,2,False,Microsoft; Nation State Actor Midnight Blizzard,
MSFT_0000950170-24-008809_chunk000,MICROSOFT CORP,0000789019,2024-01-30,none,positive,1,False,Microsoft Corporation,
MSFT_0001193125-24-062997_chunk000,MICROSOFT CORP,0000789019,2024-03-08,regulatory,negative,4,True,Company; senior leadership team; Microsoft; federal law enforcement,
MSFT_0001193125-24-062997_chunk001,MICROSOFT CORP,0000789019,2024-03-08,regulatory,neutral,2,False,Microsoft; Nation State Actor Midnight Blizzard,
MSFT_0000950170-24-048268_chunk000,MICROSOFT CORP,0000789019,2024-04-25,none,positive,1,False,Microsoft Corporation,
MSFT_0000950170-24-087835_chunk000,MICROSOFT CORP,0000789019,2024-07-30,none,positive,1,False,Microsoft Corporation,
MSFT_0001193125-24-204403_chunk000,MICROSOFT CORP,0000789019,2024-08-21,none,positive,1,False,Microsoft Corporation,
MSFT_0000950170-24-118955_chunk000,MICROSOFT CORP,0000789019,2024-10-30,none,positive,1,False,Microsoft Corporation,
MSFT_0000950170-24-132722_chunk000,MICROSOFT CORP,0000789019,2024-12-03,none,neutral,1,False,Microsoft Corporation; Securities and Exchange Commission; 2024 Form 10-K,
MSFT_0000950170-24-132722_chunk001,MICROSOFT CORP,0000789019,2024-12-03,none,neutral,1,False,Microsoft; Securities and Exchange Commission,
MSFT_0001193125-24-275524_chunk000,MICROSOFT CORP,0000789019,2024-12-11,none,positive,1,False,Microsoft Corporation; Reid G. Hoffman; Hugh F. Johnston; Teri L. List; Catherine MacGregor; Deloitte & Touche LLP,
MSFT_0001193125-24-275524_chunk001,MICROSOFT CORP,0000789019,2024-12-11,none,positive,2,False,Catherine MacGregor; Mark A. L. Mason; Satya Nadella; Sandra E. Peterson; Penny S. Pritzker; Carlos A. Rodriguez; Charles W. Scharf; John W. Stanton; Emma N. Walmsley,
MSFT_0001193125-24-275524_chunk002,MICROSOFT CORP,0000789019,2024-12-11,regulatory,neutral,3,False,Shareholder Proposal; AI Misinformation and Disinformation; AI Data Sourcing Accountability; Artific01; Bitcoin; Human Rights Hotspots; Oil and Gas Development and Production; Weapons Development,
MSFT_0001193125-24-275524_chunk003,MICROSOFT CORP,0000789019,2024-12-11,regulatory,negative,4,True,Microsoft; Cruise; General Motors Company; GM,
NFLX_0001065280-21-000037_chunk000,NETFLIX INC,0001065280,2021-01-19,financial,neutral,2,False,"Netflix, Inc.; SEC; GAAP",
NFLX_0001065280-21-000143_chunk000,NETFLIX INC,0001065280,2021-04-20,none,neutral,2,False,"Netflix, Inc.; Securities Exchange Act of 1934; Securities Act of 1933",bad risk_category 'finan01'
NFLX_0001065280-21-000143_chunk001,NETFLIX INC,0001065280,2021-04-20,none,neutral,1,False,Company,
NFLX_0001065280-21-000216_chunk000,NETFLIX INC,0001065280,2021-06-04,none,neutral,1,False,"Netflix, Inc.; Ernst & Young LLP; Bradford L. Smith; Anne M. Sweeney",
NFLX_0001065280-21-000216_chunk001,NETFLIX INC,0001065280,2021-06-04,none,neutral,2,False,SEC; stockholder; executive compensation; proposal; votes,
NFLX_0001193125-21-193187_chunk000,NETFLIX INC,0001065280,2021-06-17,financial,neutral,3,False,"Netflix, Inc.; Morgan Stanley Senior Funding, Inc.; $750,000,000; $1,000,000,000",
NFLX_0001065280-21-000249_chunk000,NETFLIX INC,0001065280,2021-07-20,none,neutral,1,False,"Netflix, Inc.; Securities Exchange Act of 1934; Securities Act of 1933",
NFLX_0001065280-21-000319_chunk000,NETFLIX INC,0001065280,2021-09-10,none,positive,1,False,"Netflix, Inc.; SEC; 9.01; Exhibit 10.1",
NFLX_0001065280-21-000362_chunk000,NETFLIX INC,0001065280,2021-10-19,financial,neutral,2,False,"Netflix, Inc.; Securities Exchange Act of 1934; Securities Act of 1933",
NFLX_0001065280-21-000445_chunk000,NETFLIX INC,0001065280,2021-12-21,none,positive,1,False,"Netflix, Inc.; Reed Hastings; Ted Sarandos; Spencer Neumann; Greg Peters; David Hyman; Rachel Whetstone",
NFLX_0001065280-22-000035_chunk000,NETFLIX INC,0001065280,2022-01-20,financial,neutral,2,False,"Netflix, Inc.; Securities Exchange Act of 1934; Securities Act of 1933",
NFLX_0001065280-22-000144_chunk000,NETFLIX INC,0001065280,2022-04-19,none,positive,2,False,"Netflix, Inc.; Securities Exchange Act of 1934; Securities Act of 1933",
NFLX_0001065280-22-000216_chunk000,NETFLIX INC,0001065280,2022-06-08,regulatory,neutral,2,False,"Netflix, Inc.; Securities and Exchange Commission; State of Delaware",
NFLX_0001065280-22-000216_chunk001,NETFLIX INC,0001065280,2022-06-08,none,neutral,1,False,Strive Masiyiwa; Timothy Haley; Leslie Kilgore; Anne Mather; Zimbabwe Stock Exchange; Zimbabwe Securities and Exchange Commission,
NFLX_0001065280-22-000216_chunk002,NETFLIX INC,0001065280,2022-06-08,regulatory,neutral,2,False,"Netflix, Inc.; Ernst & Young LLP",
NFLX_0001065280-22-000216_chunk003,NETFLIX INC,0001065280,2022-06-08,none,neutral,1,False,"Netflix, Inc.",
NFLX_0001065280-22-000217_chunk000,NETFLIX INC,0001065280,2022-06-13,leadership,positive,2,False,"Netflix, Inc.; Ken Barker; Electronic Arts, Inc.; Sun Microsystems, Inc.; Deloitte & Touche LLP; AbilityPath; University of Notre Dame",
NFLX_0001065280-22-000217_chunk001,NETFLIX INC,0001065280,2022-06-13,legal,neutral,3,False,Company; Mr. Barker; Board of Directors; Covered Executive; Company's Amended and Restated Executive Severance and Retention Incentive Plan,
NFLX_0001065280-22-000217_chunk002,NETFLIX INC,0001065280,2022-06-13,none,positive,1,False,Mr. Barker; Delaware law; Netflix,
NFLX_0001065280-22-000256_chunk000,NETFLIX INC,0001065280,2022-07-19,none,positive,2,False,"Netflix, Inc.; Securities Exchange Act of 1934; Securities Act of 1933",
NFLX_0001065280-22-000256_chunk001,NETFLIX INC,0001065280,2022-07-19,none,neutral,1,False,Interactive Data File; Inline XBRL document,
NFLX_0001065280-22-000330_chunk000,NETFLIX INC,0001065280,2022-09-23,leadership,neutral,2,False,"Netflix, Inc.; Ken Barker; Spencer Neumann",
NFLX_0001065280-22-000367_chunk000,NETFLIX INC,0001065280,2022-10-18,none,positive,2,False,"Netflix, Inc.; Securities Exchange Act of 1934; Securities Act of 1933",
NFLX_0001065280-22-000367_chunk001,NETFLIX INC,0001065280,2022-10-18,none,neutral,1,False,Shareholders; Interactive Data File,
NFLX_0001065280-22-000369_chunk000,NETFLIX INC,0001065280,2022-10-21,leadership,neutral,2,False,"Netflix, Inc.; Rodolphe Belmer",
NFLX_0001065280-22-000444_chunk000,NETFLIX INC,0001065280,2022-12-09,none,positive,1,False,"Netflix, Inc.; Internal Revenue Code of 1986; Compensation Committee of the Board",
NFLX_0001065280-22-000445_chunk000,NETFLIX INC,0001065280,2022-12-23,financial,neutral,3,True,"Netflix, Inc.; Reed Hastings; Ted Sarandos; Greg Peters; Spencer Neumann",
NFLX_0001065280-22-000445_chunk001,NETFLIX INC,0001065280,2022-12-23,regulatory,neutral,2,True,Reed Hastings; Ted Sarandos; Greg Peters; Spencer Neumann; David Hyman; Rachel Whetstone; Company,
NFLX_0001065280-22-000445_chunk002,NETFLIX INC,0001065280,2022-12-23,none,neutral,1,False,2020 Stock Plan; Options Subject to Vesting; Cover Page Interactive Data File,
NFLX_0001065280-23-000033_chunk000,NETFLIX INC,0001065280,2023-01-09,none,positive,1,True,"Netflix, Inc.; Jeffrey Karbowski; PayPal Holdings, Inc.; Microsoft Corporation; Ernst & Young",
NFLX_0001065280-23-000033_chunk001,NETFLIX INC,0001065280,2023-01-09,legal,neutral,3,False,Mr. Karbowski; Company; Securities and Exchange Commission; 12 months of allocatable compensation,
NFLX_0001065280-23-000033_chunk002,NETFLIX INC,0001065280,2023-01-09,none,positive,1,False,Mr. Karbowski; Delaware law; Netflix,
NFLX_0001065280-23-000034_chunk000,NETFLIX INC,0001065280,2023-01-19,none,positive,2,False,"Netflix, Inc.; Reed Hastings",
NFLX_0001065280-23-000034_chunk001,NETFLIX INC,0001065280,2023-01-19,leadership,positive,2,False,Reed Hastings; Greg Peters; Ted Sarandos; Company; Netflix,
NFLX_0001065280-23-000034_chunk002,NETFLIX INC,0001065280,2023-01-19,none,neutral,1,False,"Reed Hastings; N/A; 2,500,000; 500,000",
NFLX_0001065280-23-000062_chunk000,NETFLIX INC,0001065280,2023-02-24,regulatory,neutral,2,False,"Netflix, Inc.; Securities Exchange Act of 1934",
NFLX_0001065280-23-000119_chunk000,NETFLIX INC,0001065280,2023-04-18,financial,neutral,3,True,"Netflix, Inc.; Exchange Act; Securities Act of 1933",
NFLX_0001065280-23-000119_chunk001,NETFLIX INC,0001065280,2023-04-18,none,neutral,1,False,Securities Exchange Act of 1934; Securities Act of 1933; Item 9.01 Financial Statements and Exhibits,
NFLX_0001065280-23-000173_chunk000,NETFLIX INC,0001065280,2023-06-06,none,neutral,1,False,"Netflix, Inc.; Ernst & Young LLP; Reed Hastings; Ted Sarandos; Mathias Döpfner; Jay Hoag",
NFLX_0001065280-23-000173_chunk001,NETFLIX INC,0001065280,2023-06-06,none,neutral,2,False,Netflix; stockholders; board of directors; Say-on-Frequency; 401(K) Plan; Freedom of Association,
NFLX_0001065280-23-000197_chunk000,NETFLIX INC,0001065280,2023-07-19,financial,negative,4,True,"Netflix, Inc.; Securities Exchange Act of 1934; Securities Act of 1933",
NFLX_0001065280-23-000236_chunk000,NETFLIX INC,0001065280,2023-09-08,leadership,positive,2,False,"Ambassador Susan Rice; Netflix, Inc.; Delaware law",
NFLX_0001065280-23-000272_chunk000,NETFLIX INC,0001065280,2023-10-18,financial,neutral,3,True,"Netflix, Inc.; Securities Exchange Act of 1934; Securities Act of 1933",
NFLX_0001065280-23-000272_chunk001,NETFLIX INC,0001065280,2023-10-18,none,neutral,2,False,Company,
NFLX_0001065280-23-000334_chunk000,NETFLIX INC,0001065280,2023-12-08,regulatory,neutral,2,True,"Netflix, Inc.; Ted Sarandos; Greg Peters; Reed Hastings; Spencer Neumann; David Hyman; Securities Exchange Act of 1934 Rule 3b-7; Bonus Plan",
NFLX_0001065280-23-000334_chunk001,NETFLIX INC,0001065280,2023-12-08,regulatory,neutral,2,True,"Netflix, Inc.; 2020 Stock Plan; Executive Officers; S&P 500",
NFLX_0001065280-23-000334_chunk002,NETFLIX INC,0001065280,2023-12-08,regulatory,neutral,3,True,Netflix; Ted Sarandos; Greg Peters; Reed Hastings; Spencer Neumann; David Hyman,
NFLX_0001065280-23-000334_chunk003,NETFLIX INC,0001065280,2023-12-08,regulatory,neutral,2,True,David Hyman; Chief Legal Officer; Secretary; Company; 2024 Executive Officer RSUs; PSU Award Agreement; 2020 Stock Plan,
NFLX_0001065280-23-000334_chunk004,NETFLIX INC,0001065280,2023-12-08,regulatory,neutral,3,True,Company; Executive Officers; Severance Plan; Bonus Plan,
NFLX_0001065280-23-000334_chunk005,NETFLIX INC,0001065280,2023-12-08,none,neutral,2,False,"Netflix, Inc.; Executive Severance Plan",
NFLX_0001065280-24-000029_chunk000,NETFLIX INC,0001065280,2024-01-23,financial,negative,4,True,"Netflix, Inc.; Securities Exchange Act of 1934; Securities Act of 1933",
NFLX_0001065280-24-000127_chunk000,NETFLIX INC,0001065280,2024-04-18,financial,neutral,3,True,"Netflix, Inc.; JPMorgan Chase Bank, N.A.",
NFLX_0001065280-24-000127_chunk001,NETFLIX INC,0001065280,2024-04-18,financial,neutral,3,True,"Company; Morgan Stanley Senior Funding, Inc.; lenders",
NFLX_0001065280-24-000127_chunk002,NETFLIX INC,0001065280,2024-04-18,none,neutral,1,False,Company A; Company B; Federal Reserve,
NFLX_0001065280-24-000185_chunk000,NETFLIX INC,0001065280,2024-06-07,none,positive,1,False,"Netflix, Inc.; Ernst & Young LLP; 430,901,161 shares; 372,374,851 shares; Mathias Döpfner; Reed Hastings; Ted Sarandos; Brad Smith; Anne Sweeney; Richard Barton; Ambassador Susan Rice; Jay Hoag; Greg Peters",
NFLX_0001065280-24-000185_chunk001,NETFLIX INC,0001065280,2024-06-07,regulatory,negative,3,False,Netflix; Ernst & Young LLP; Artific01; Artific02; Artific03; Artific04; Artific05; Artific06; Artific07; Artific08; Artific09; Artific10,
NFLX_0001065280-24-000199_chunk000,NETFLIX INC,0001065280,2024-07-18,financial,negative,4,True,"Netflix, Inc.; Securities Exchange Act of 1934; Securities Act of 1933",
NFLX_0001140361-24-035325_chunk000,NETFLIX INC,0001065280,2024-08-01,financial,neutral,3,False,"Netflix, Inc.; Morgan Stanley & Co. LLC; Goldman Sachs & Co. LLC; J.P. Morgan Securities LLC; Computershare Trust Company, National Association; Wilson Sonsini Goodrich & Rosati",
NFLX_0001140361-24-035325_chunk001,NETFLIX INC,0001065280,2024-08-01,none,neutral,1,False,"Netflix, Inc.; Morgan Stanley & Co. LLC; Goldman Sachs & Co. LLC; J.P. Morgan Securities LLC; Wells Fargo Securities, LLC; Computershare Trust Company, National Association; Wilson Sonsini Goodrich & Rosati, Professional Corporation",
NFLX_0001065280-24-000286_chunk000,NETFLIX INC,0001065280,2024-10-17,financial,negative,4,True,"Netflix, Inc.; Securities Exchange Act of 1934; Securities Act of 1933",
NKE_0000320187-21-000009_chunk000,"NIKE, Inc.",0000320187,2021-03-18,regulatory,neutral,2,True,"NIKE, Inc.; Bank of America, N.A.; Credit Agreement; $1 billion; $1,500,000,000; LIBOR; federal funds effective rate; LIBOR loans; credit enhancement",
NKE_0000320187-21-000009_chunk001,"NIKE, Inc.",0000320187,2021-03-18,operational,neutral,2,False,"NIKE, Inc.; Bank of America, N.A.; Citibank, N.A.; Deutsche",
NKE_0000320187-21-000009_chunk002,"NIKE, Inc.",0000320187,2021-03-18,financial,neutral,2,False,"NIKE, Inc.; Bank of America, N.A.; Citibank, N.A.; Deutsche Bank Securities Inc.; HSBC Bank USA, National Association; JPMorgan Chase, N.A.",
NKE_0000320187-21-000020_chunk000,"NIKE, Inc.",0000320187,2021-06-17,none,positive,1,False,"NIKE, Inc.; Compensation Committee; Board of Directors; NIKE, Inc. Stock Incentive Plan",
NKE_0000320187-21-000025_chunk000,"NIKE, Inc.",0000320187,2021-06-24,none,positive,1,False,"NIKE, Inc.",
NKE_0000320187-21-000041_chunk000,"NIKE, Inc.",0000320187,2021-09-23,none,positive,1,False,"NIKE, Inc.",
NKE_0000320187-21-000048_chunk000,"NIKE, Inc.",0000320187,2021-10-08,none,positive,1,False,"Cathleen A. Benko; Elizabeth J. Comstock; John G. Connors; Timothy D. Cook; John J. Donahoe II; Thasunda B. Duckett; Travis A. Knight; Mark G. Parker; John W. Rogers, Jr.; Alan B. Graf, Jr.; Peter B. Henry; Michelle A. Peluso; PricewaterhouseCoopers LLP; SEC",
NKE_0000320187-21-000048_chunk001,"NIKE, Inc.",0000320187,2021-10-08,regulatory,neutral,3,False,Company; SEC; Broker Non-Votes; Class A and Class B Common Stock; Human Rights Impact Assessment; Supplemental Pay Equity Disclosure; Diversity and Inclusion Efforts Reporting,
NKE_0000320187-21-000051_chunk000,"NIKE, Inc.",0000320187,2021-11-01,none,positive,1,False,"NIKE, Inc.; John G. Connors; Mark Parker",
NKE_0000320187-21-000055_chunk000,"NIKE, Inc.",0000320187,2021-12-20,none,neutral,1,False,"NIKE, Inc.",
NKE_0000320187-22-000010_chunk000,"NIKE, Inc.",0000320187,2022-03-14,financial,neutral,3,True,"NIKE, Inc.; Bank of America, N.A.; 364-Day Credit Agreement; $1 billion; $1.5 billion; Term SOFR; federal funds effective rate",
NKE_0000320187-22-000010_chunk001,"NIKE, Inc.",0000320187,2022-03-14,financial,neutral,3,True,"Bank of America; Bank of America, N.A.; Company; Five Year Credit Facility; U.S. Dollars; Canadian Dollar; Euro; Sterling; Yen",
NKE_0000320187-22-000010_chunk002,"NIKE, Inc.",0000320187,2022-03-14,financial,neutral,3,True,Company; Bank of America; federal funds effective rate; U.S. Dollars,
NKE_0000320187-22-000010_chunk003,"NIKE, Inc.",0000320187,2022-03-14,financial,neutral,2,False,Company; Prior 364-Day Credit Agreement; Prior Five Year Credit Agreement; banks; financial institutions,
NKE_0000320187-22-000010_chunk004,"NIKE, Inc.",0000320187,2022-03-14,financial,neutral,2,False,"NIKE, Inc.; Bank of America, N.A.; Citibank, N.A.; JPMorgan Chase Bank, N.A.; Deutsche Bank Securities Inc.; HSBC Bank USA, National Association; Goldman Sachs Bank USA",
NKE_0000320187-22-000014_chunk000,"NIKE, Inc.",0000320187,2022-03-21,none,positive,1,False,"NIKE, Inc.",
NKE_0001628280-22-012729_chunk000,"NIKE, Inc.",0000320187,2022-05-05,regulatory,neutral,2,False,"NIKE, Inc.; United States Securities and Exchange Commission; Oregon; 503-671-6453; ONE BOWERMAN DRIVE; Beaverton; OR; 97005-6453; 93-0584541; 503; 671-6453; New York Stock Exchange",
NKE_0001628280-22-012729_chunk001,"NIKE, Inc.",0000320187,2022-05-05,leadership,positive,2,True,"NIKE, Inc.; Johanna Nielsen; Chris Abston; Deloitte; Citrin Cooperman; Grant Thornton; $425,000; 50%; $200,000",
NKE_0000320187-22-000025_chunk000,"NIKE, Inc.",0000320187,2022-06-10,regulatory,neutral,2,False,"NIKE, Inc.; Securities and Exchange Commission; United States; NIKE; Oregon; Beaverton; OR; 503-671-6453; One Bowerman Drive; 503-671-6453; New York Stock Exchange",
NKE_0000320187-22-000025_chunk001,"NIKE, Inc.",0000320187,2022-06-10,leadership,positive,2,False,"NIKE, Inc.; Elizabeth J. Comstock; Mark Parker",
NKE_0000320187-22-000029_chunk000,"NIKE, Inc.",0000320187,2022-06-27,none,positive,1,False,"NIKE, Inc.",
NKE_0000320187-22-000046_chunk000,"NIKE, Inc.",0000320187,2022-09-14,none,positive,1,False,"NIKE, Inc.; Securities and Exchange Commission; Class A Common Stock; Class B Common Stock; Timothy D. Cook; Thasunda B. Duckett; Travis A. Knight; Mark G. Parker; John W. Rogers, Jr.; Alan B. Graf",
NKE_0000320187-22-000046_chunk001,"NIKE, Inc.",0000320187,2022-09-14,regulatory,neutral,3,False,"John W. Rogers, Jr.; Alan B. Graf, Jr.; Peter B. Henry; Michelle A. Peluso; NIKE, Inc.; PricewaterhouseCoopers LLP",
NKE_0000320187-22-000049_chunk000,"NIKE, Inc.",0000320187,2022-09-21,leadership,positive,2,False,"NIKE, Inc.; Mónica Gil; Robert Swan; NBCUniversal Telemundo Enterprises; Comcast Corp.; Nielsen Company; Intel Corp.; Andreessen Horowitz; General Atlantic LLC",
NKE_0000320187-22-000049_chunk001,"NIKE, Inc.",0000320187,2022-09-21,none,positive,1,False,"Intel; General Atlantic LLC; eBay; General Electric; Ms. Gil; Mr. Swan; NIKE, Inc.",
NKE_0000320187-22-000054_chunk000,"NIKE, Inc.",0000320187,2022-09-29,none,positive,1,False,"NIKE, Inc.",
NKE_0000320187-22-000061_chunk000,"NIKE, Inc.",0000320187,2022-12-20,none,positive,1,False,"NIKE, Inc.",
NKE_0000320187-23-000006_chunk000,"NIKE, Inc.",0000320187,2023-03-13,financial,neutral,3,True,"NIKE, Inc.; Bank of America, N.A.; 364-Day Credit Agreement; $1 billion; $1.5 billion; Term SOFR; federal funds effective rate",
NKE_0000320187-23-000006_chunk001,"NIKE, Inc.",0000320187,2023-03-13,financial,neutral,3,False,Bank of America; federal funds; Term SOFR; Company; 364-Day Credit Agreement; Prior 364-Day Credit Agreement,
NKE_0000320187-23-000006_chunk002,"NIKE, Inc.",0000320187,2023-03-13,financial,neutral,1,False,"NIKE, Inc.; Bank of America, N.A.; Citibank, N.A.; JPMorgan Chase Bank, N.A.; Deutsche Bank Securities Inc.; HSBC Bank USA, National Association; Goldman Sachs Bank USA",
NKE_0000320187-23-000009_chunk000,"NIKE, Inc.",0000320187,2023-03-21,none,positive,1,False,"NIKE, Inc.",
NKE_0000320187-23-000016_chunk000,"NIKE, Inc.",0000320187,2023-05-09,leadership,positive,2,False,"NIKE, Inc.; Maria Henry; Kimberly-Clark Corporation; The Hillshire Brands Company; Sara Lee Corporation; Culligan International; General Mills, Inc.; General Electric",
NKE_0000320187-23-000016_chunk001,"NIKE, Inc.",0000320187,2023-05-09,none,positive,1,False,"NIKE, Inc.; Ms. Henry",
NKE_0000320187-23-000020_chunk000,"NIKE, Inc.",0000320187,2023-05-24,leadership,neutral,2,False,"NIKE, Inc.; Heidi O’Neill; Andrew Campion; Matthew Friend",
NKE_0000320187-23-000026_chunk000,"NIKE, Inc.",0000320187,2023-06-29,none,positive,1,False,"NIKE, Inc.",
NKE_0000320187-23-000045_chunk000,"NIKE, Inc.",0000320187,2023-09-15,none,positive,1,False,"NIKE, Inc.; Timothy Cook; John Donahoe II; Thasunda Duckett; Mónica Gil; Maria Henry; Peter Henry; Travis Knight; Mark Parker; Michelle Peluso; Cathleen Benko; Alan Graf, Jr.; John Rogers, Jr.; Robert Swan",
NKE_0000320187-23-000045_chunk001,"NIKE, Inc.",0000320187,2023-09-15,none,neutral,1,False,PricewaterhouseCoopers LLP; Company,
NKE_0000320187-23-000048_chunk000,"NIKE, Inc.",0000320187,2023-09-28,none,positive,1,False,"NIKE, Inc.",
NKE_0000320187-23-000054_chunk000,"NIKE, Inc.",0000320187,2023-12-21,operational,negative,4,True,"NIKE, Inc.; Audit and Finance Committee; $2 billion; $400 million; $450 million",
NKE_0000320187-23-000054_chunk001,"NIKE, Inc.",0000320187,2023-12-21,operational,negative,4,True,"NIKE, Inc.; Securities and Exchange Commission",
NKE_0000320187-24-000009_chunk000,"NIKE, Inc.",0000320187,2024-03-11,financial,neutral,3,True,"NIKE, Inc.; Bank of America, N.A.; 364-Day Credit Agreement; $1.0 billion; $1.5 billion; Term SOFR; federal funds effective rate",
NKE_0000320187-24-000009_chunk001,"NIKE, Inc.",0000320187,2024-03-11,operational,neutral,2,False,Bank of America; federal funds; Term SOFR; 364-Day Credit Agreement; Company,
NKE_0000320187-24-000009_chunk002,"NIKE, Inc.",0000320187,2024-03-11,financial,positive,1,False,"NIKE, Inc.; Bank of America, N.A.; Citibank, N.A.; JPMorgan Chase Bank, N.A.; Deutsche Bank Securities Inc.; Goldman Sachs Bank USA; HSBC Bank USA, National Association",
NKE_0000320187-24-000013_chunk000,"NIKE, Inc.",0000320187,2024-03-21,none,neutral,1,False,"NIKE, Inc.",
NKE_0000320187-24-000024_chunk000,"NIKE, Inc.",0000320187,2024-06-05,leadership,positive,1,False,"NIKE, Inc.; Alan B. Graf, Jr.; Mark Parker",
NKE_0000320187-24-000028_chunk000,"NIKE, Inc.",0000320187,2024-06-27,none,positive,1,False,"NIKE, Inc.",
NKE_0000320187-24-000050_chunk000,"NIKE, Inc.",0000320187,2024-09-13,none,neutral,1,False,"NIKE, Inc.; Timothy Cook; John Donahoe II; Thasunda Duckett; Mónica Gil; Maria Henry; Peter Henry; Travis Knight; Mark Parker; Michelle Peluso; Cathleen Benko; John Rogers, Jr.; Robert Swan; PricewaterhouseCoopers LLP",
NKE_0000320187-24-000050_chunk001,"NIKE, Inc.",0000320187,2024-09-13,none,neutral,1,False,,no JSON object found in response
NKE_0000320187-24-000053_chunk000,"NIKE, Inc.",0000320187,2024-09-19,leadership,positive,2,False,"NIKE, Inc.; Elliott Hill; John Donahoe; BDT & MSD Partners; Texas Christian University",
NKE_0000320187-24-000053_chunk001,"NIKE, Inc.",0000320187,2024-09-19,leadership,positive,2,True,"Mr. Hill; Company; 2025 fiscal year; $1,500,000; $15,500,000; $3,000,000; $4,000,000",
NKE_0000320187-24-000053_chunk002,"NIKE, Inc.",0000320187,2024-09-19,legal,negative,3,True,"Mr. Hill; Company; NIKE, Inc.; Form 10-Q; Form 10-K",
NKE_0000320187-24-000053_chunk003,"NIKE, Inc.",0000320187,2024-09-19,leadership,positive,2,False,"NIKE, Inc.; Elliott Hill; Mr. Donahoe",
NKE_0000320187-24-000053_chunk004,"NIKE, Inc.",0000320187,2024-09-19,none,neutral,1,False,"NIKE, Inc.; Securities Exchange Act of 1934; Securities Act of 1933",
NKE_0000320187-24-000058_chunk000,"NIKE, Inc.",0000320187,2024-09-20,none,positive,1,False,"NIKE, Inc.; Securities and Exchange Commission",
NKE_0000320187-24-000058_chunk001,"NIKE, Inc.",0000320187,2024-09-20,none,neutral,1,False,Company,
NKE_0000320187-24-000062_chunk000,"NIKE, Inc.",0000320187,2024-10-01,none,positive,1,False,"NIKE, Inc.",
NKE_0000320187-24-000069_chunk000,"NIKE, Inc.",0000320187,2024-12-19,none,positive,1,False,"NIKE, Inc.",
NVDA_0001045810-21-000007_chunk000,NVIDIA CORP,0001045810,2021-02-24,financial,positive,2,False,NVIDIA Corporation; Colette M. Kress,
NVDA_0001045810-21-000034_chunk000,NVIDIA CORP,0001045810,2021-03-19,financial,neutral,3,True,NVIDIA Corporation; Jen-Hsun Huang; Colette M. Kress; Ajay K. Puri; Debora Shoquist; Timothy S. Teter,
NVDA_0001045810-21-000034_chunk001,NVIDIA CORP,0001045810,2021-03-19,none,neutral,1,False,"General Counsel and Secretary; $250,000; 29%",
NVDA_0001045810-21-000047_chunk000,NVIDIA CORP,0001045810,2021-04-12,none,positive,1,True,NVIDIA Corporation,
NVDA_0001045810-21-000056_chunk000,NVIDIA CORP,0001045810,2021-05-21,none,positive,1,False,NVIDIA Corporation,
NVDA_0001045810-21-000063_chunk000,NVIDIA CORP,0001045810,2021-05-26,none,positive,2,False,NVIDIA Corporation; Colette M. Kress,
NVDA_0001045810-21-000075_chunk000,NVIDIA CORP,0001045810,2021-06-07,none,positive,1,False,NVIDIA Corporation; Delaware; Robert K. Burgess; Tench Coxe; John O. Dabiri; Persis S. Drell,
NVDA_0001045810-21-000075_chunk001,NVIDIA CORP,0001045810,2021-06-07,none,neutral,1,False,Persis S. Drell; Jen-Hsun Huang; Dawn Hudson; 0; Harvey C. Jones; Michael G. McCaffery; Stephen C. Neal; Mark L. Perry; Aarti Shah; A. Brooke Seawell,
NVDA_0001045810-21-000075_chunk002,NVIDIA CORP,0001045810,2021-06-07,none,positive,1,False,NVIDIA Corporation; PricewaterhouseCoopers LLP,
NVDA_0001193125-21-192149_chunk000,NVIDIA CORP,0001045810,2021-06-16,financial,neutral,2,False,"NVIDIA Corporation; Morgan Stanley & Co. LLC; Wells Fargo Bank, National Association",
NVDA_0001193125-21-192149_chunk001,NVIDIA CORP,0001045810,2021-06-16,regulatory,negative,4,True,"Wells Fargo Bank, National Association; Moody’s Investors Service, Inc.; S&P Global Ratings",
NVDA_0001193125-21-192149_chunk002,NVIDIA CORP,0001045810,2021-06-16,regulatory,negative,4,True,"Moody’s Investors Service, Inc.; S&P Global Ratings; Company",
NVDA_0001193125-21-192149_chunk003,NVIDIA CORP,0001045810,2021-06-16,financial,neutral,2,False,"Morgan Stanley & Co. LLC; Well-Fargo Bank, National Association; NVIDIA Corporation",
NVDA_0001045810-21-000117_chunk000,NVIDIA CORP,0001045810,2021-06-28,regulatory,neutral,2,True,NVIDIA Corporation; U.S. Securities and Exchange Commission,
NVDA_0001045810-21-000128_chunk000,NVIDIA CORP,0001045810,2021-08-18,financial,positive,2,False,NVIDIA Corporation; Colette M. Kress,
NVDA_0001045810-21-000160_chunk000,NVIDIA CORP,0001045810,2021-11-17,none,positive,1,False,NVIDIA Corporation; Colette M. Kress,
NVDA_0001045810-22-000005_chunk000,NVIDIA CORP,0001045810,2022-02-08,regulatory,negative,4,True,NVIDIA Corporation; SoftBank Group Capital Limited; SVF Holdco (UK) Limited; Arm Limited,
NVDA_0001045810-22-000008_chunk000,NVIDIA CORP,0001045810,2022-02-16,none,positive,1,False,NVIDIA Corporation; Colette M. Kress,
NVDA_0001045810-22-000023_chunk000,NVIDIA CORP,0001045810,2022-03-09,none,positive,2,True,NVIDIA Corporation; Jen-Hsun Huang; Colette M. Kress; Ajay K. Puri; Debora Shoquist; Timothy S. Teter,
NVDA_0001045810-22-000023_chunk001,NVIDIA CORP,0001045810,2022-03-09,none,neutral,1,False,"NVIDIA Corporation; 2023; $250,000; 29%",
NVDA_0001045810-22-000073_chunk000,NVIDIA CORP,0001045810,2022-05-25,none,positive,1,False,NVIDIA Corporation; Colette M. Kress,
NVDA_0001045810-22-000088_chunk000,NVIDIA CORP,0001045810,2022-06-06,none,positive,1,False,NVIDIA Corporation; Securities and Exchange Commission; Delaware,
NVDA_0001045810-22-000088_chunk001,NVIDIA CORP,0001045810,2022-06-06,none,neutral,1,False,Robert K. Burgess; Tench Coxe; John O. Dabiri; Persis S. Drell; Jen-Hsun Huang; Dawn Hudson; Harvey C. Jones; Michael G. McCaffery,
NVDA_0001045810-22-000088_chunk002,NVIDIA CORP,0001045810,2022-06-06,none,positive,1,False,Michael G. McCaffery; Stephen C. Neal; Mark L. Perry; Aarti Shah; Mark A. Stevens; PricewaterhouseCoopers LLP,
NVDA_0001045810-22-000088_chunk003,NVIDIA CORP,0001045810,2022-06-06,none,neutral,1,False,NVIDIA Corporation; PricewaterhouseCoopers LLP,
NVDA_0001045810-22-000133_chunk000,NVIDIA CORP,0001045810,2022-08-08,financial,neutral,2,False,NVIDIA Corporation; U.S. Securities and Exchange Commission,
NVDA_0001045810-22-000136_chunk000,NVIDIA CORP,0001045810,2022-08-24,financial,positive,2,False,NVIDIA Corporation; Colette M. Kress; U.S. Securities and Exchange Commission,
NVDA_0001045810-22-000146_chunk000,NVIDIA CORP,0001045810,2022-08-31,regulatory,negative,5,True,NVIDIA Corporation; U.S. government; $400 million,
NVDA_0001045810-22-000146_chunk001,NVIDIA CORP,0001045810,2022-08-31,regulatory,negative,4,True,NVIDIA; USG; SEC,
NVDA_0001045810-22-000151_chunk000,NVIDIA CORP,0001045810,2022-09-01,regulatory,positive,1,False,NVIDIA Corporation; U.S. government; A100; H100,
NVDA_0001045810-22-000163_chunk000,NVIDIA CORP,0001045810,2022-11-16,financial,neutral,2,False,NVIDIA Corporation; Colette M. Kress; U.S. Securities and Exchange Commission,
NVDA_0001045810-23-000014_chunk000,NVIDIA CORP,0001045810,2023-02-22,none,positive,1,False,NVIDIA Corporation; Colette M. Kress; U.S. Securities and Exchange Commission,
NVDA_0001045810-23-000039_chunk000,NVIDIA CORP,0001045810,2023-03-08,none,positive,2,True,NVIDIA Corporation; Jen-Hsun Huang; Colette M. Kress; Ajay K. Puri; Debora Shoquist; Timothy S. Teter,
NVDA_0001045810-23-000039_chunk001,NVIDIA CORP,0001045810,2023-03-08,regulatory,neutral,2,False,Company; SEC; 2024 Plan; 2023; Board; Bylaws; 2023; stockholders; proxies; Rule 14a-8; Rule 14a-19,
NVDA_0001045810-23-000039_chunk002,NVIDIA CORP,0001045810,2023-03-08,none,neutral,1,False,NVIDIA Corporation,
NVDA_0001045810-23-000087_chunk000,NVIDIA CORP,0001045810,2023-05-24,financial,positive,2,False,NVIDIA Corporation; Colette M. Kress; U.S. Securities and Exchange Commission,
NVDA_0001045810-23-000146_chunk000,NVIDIA CORP,0001045810,2023-06-27,none,positive,1,False,NVIDIA Corporation; Robert K. Burgess; Tench Coxe; John O. Dabiri; Persis S. Drell; Jen-Hsun Huang; Dawn Hudson,
NVDA_0001045810-23-000146_chunk001,NVIDIA CORP,0001045810,2023-06-27,none,positive,1,False,Harvey C. Jones; Michael G. McCaffery; Stephen C. Neal; Mark L. Perry; Aarti Shah; A. Brooke Seawell; Mark A. Stevens,
NVDA_0001045810-23-000146_chunk002,NVIDIA CORP,0001045810,2023-06-27,none,positive,1,False,PricewaterhouseCoopers LLP; Securities and Exchange Commission,
NVDA_0001045810-23-000164_chunk000,NVIDIA CORP,0001045810,2023-07-24,leadership,positive,2,True,"NVIDIA Corporation; Melissa Lora; 2007 Plan; $77,250",
NVDA_0001045810-23-000171_chunk000,NVIDIA CORP,0001045810,2023-08-23,financial,neutral,2,False,NVIDIA Corporation; Colette M. Kress; U.S. Securities and Exchange Commission,
NVDA_0001045810-23-000217_chunk000,NVIDIA CORP,0001045810,2023-10-17,regulatory,neutral,3,True,U.S. Government; NVIDIA; China; Saudi Arabia; United Arab Emirates; Vietnam; Israel,
NVDA_0001045810-23-000217_chunk001,NVIDIA CORP,0001045810,2023-10-17,operational,negative,4,True,NVIDIA; SEC,
NVDA_0001045810-23-000221_chunk000,NVIDIA CORP,0001045810,2023-10-24,regulatory,neutral,3,True,NVIDIA Corporation; United States Government; Securities and Exchange Commission,
NVDA_0001045810-23-000225_chunk000,NVIDIA CORP,0001045810,2023-11-21,financial,positive,2,True,NVIDIA Corporation; Colette M. Kress; U.S. Securities and Exchange Commission,
NVDA_0001045810-24-000028_chunk000,NVIDIA CORP,0001045810,2024-02-21,financial,positive,2,False,NVIDIA Corporation; Colette M. Kress; U.S. Securities and Exchange Commission,
NVDA_0001045810-24-000069_chunk000,NVIDIA CORP,0001045810,2024-03-14,none,positive,2,True,NVIDIA Corporation; Jen-Hsun Huang; Colette M. Kress; Ajay K. Puri; Debora Shoquist; Timothy S. Teter,
NVDA_0001045810-24-000069_chunk001,NVIDIA CORP,0001045810,2024-03-14,none,neutral,1,False,NVIDIA Corporation,
NVDA_0001045810-24-000113_chunk000,NVIDIA CORP,0001045810,2024-05-22,none,positive,1,False,"NVIDIA Corporation; Securities Exchange Act of 1934; Securities Act of 1933; Delaware; common stock; record holder; market; split-adjusted basis; Trading; June 10, 2024; June 28, 2024",
NVDA_0001045810-24-000113_chunk001,NVIDIA CORP,0001045810,2024-05-22,none,positive,1,False,NVIDIA; SEC; 2024,
NVDA_0001045810-24-000144_chunk000,NVIDIA CORP,0001045810,2024-06-07,none,positive,1,False,NVIDIA Corporation; Secretary of the State of Delaware,
NVDA_0001045810-24-000206_chunk000,NVIDIA CORP,0001045810,2024-07-02,none,positive,1,False,NVIDIA Corporation; Robert K. Burgess; Tench Coxe; John O. Dabiri; Persis S. Drell; Jen-Hsun Huang; Dawn Hudson,
NVDA_0001045810-24-000206_chunk001,NVIDIA CORP,0001045810,2024-07-02,none,positive,1,False,Dawn Hudson; Harvey C. Jones; Melissa B. Lora; Stephen C. Neal; A. Brooke Seawell; Aarti Shah; Mark A. Stevens,
NVDA_0001045810-24-000206_chunk002,NVIDIA CORP,0001045810,2024-07-02,regulatory,neutral,2,False,PricewaterhouseCoopers LLP; stockholders; Board of Directors,
NVDA_0001045810-24-000262_chunk000,NVIDIA CORP,0001045810,2024-08-28,financial,neutral,2,False,NVIDIA Corporation; Colette M. Kress; U.S. Securities and Exchange Commission,
NVDA_0001045810-24-000300_chunk000,NVIDIA CORP,0001045810,2024-11-07,none,positive,1,False,"NVIDIA Corporation; Ellen Ochoa; 2007 Plan; $53,800",
NVDA_0001045810-24-000315_chunk000,NVIDIA CORP,0001045810,2024-11-20,financial,positive,2,False,NVIDIA Corporation; Colette M. Kress; U.S. Securities and Exchange Commission,
ORCL_0001564590-21-012058_chunk000,ORACLE CORP,0001341439,2021-03-10,none,positive,1,False,Oracle Corporation; U.S. Securities and Exchange Commission,
ORCL_0001193125-21-092631_chunk000,ORACLE CORP,0001341439,2021-03-24,none,neutral,1,False,"Oracle Corporation; BofA Securities, Inc.; Citigroup Global Markets Inc.; Deutsche Bank Securities Inc.; J.P. Morgan Securities LLC; Wells Fargo Securities, LLC; Citibank, N.A.; The Bank of New York Mellon Trust Company, N.A.",
ORCL_0001193125-21-092631_chunk001,ORACLE CORP,0001341439,2021-03-24,none,neutral,1,False,Oracle Systems Corporation; Oracle Corporation; Freshfields Bruckhaus Deringer US LLP,
ORCL_0001564590-21-032994_chunk000,ORACLE CORP,0001341439,2021-06-15,none,positive,2,False,Oracle Corporation,
ORCL_0001193125-21-209906_chunk000,ORACLE CORP,0001341439,2021-07-07,none,neutral,1,False,Oracle Corporation; Lawrence J. Ellison; Safra A. Catz,
ORCL_0001193125-21-259458_chunk000,ORACLE CORP,0001341439,2021-08-27,none,neutral,1,False,"investors; August 27, 2021",
ORCL_0001564590-21-047736_chunk000,ORACLE CORP,0001341439,2021-09-13,financial,neutral,2,False,Oracle Corporation; U.S. Securities and Exchange Commission,
ORCL_0001193125-21-328116_chunk000,ORACLE CORP,0001341439,2021-11-12,none,neutral,1,False,Oracle Corporation; U.S. Securities and Exchange Commission,
ORCL_0001193125-21-328116_chunk001,ORACLE CORP,0001341439,2021-11-12,none,neutral,1,False,Michael J. Boskin; Safra A. Catz; Bruce R. Chizen; George H. Conrades; Lawrence J. Ellison; Rona A. Fairhead; Jeffrey O. Henley; Renée J. James; Charles W. Moorman IV; Leon E. Panetta; William G. Parrett; Vishal Sikka,
ORCL_0001193125-21-328116_chunk002,ORACLE CORP,0001341439,2021-11-12,regulatory,negative,4,False,Oracle Corporation; Ernst & Young LLP; stockholders; non-white stakeholders; communities of color; political spending,
ORCL_0001193125-21-328116_chunk003,ORACLE CORP,0001341439,2021-11-12,none,neutral,1,False,Oracle Corporation,
ORCL_0001564590-21-059893_chunk000,ORACLE CORP,0001341439,2021-12-09,none,positive,1,False,Oracle Corporation; U.S. Securities and Exchange Commission,
ORCL_0001193125-21-362532_chunk000,ORACLE CORP,0001341439,2021-12-20,regulatory,neutral,3,True,Oracle Corporation; Cerner Corporation; U.S. Securities and Exchange Commission,
ORCL_0001193125-21-362532_chunk001,ORACLE CORP,0001341439,2021-12-20,none,positive,1,False,Cerner Corporation; Oracle Corporation,
ORCL_0001193125-21-363742_chunk000,ORACLE CORP,0001341439,2021-12-21,regulatory,neutral,3,True,Oracle Corporation; Cerner Corporation; OC Acquisition LLC; Cedar Acquisition Corporation; $95.00; Hart-Scott-Rodino Antitrust Improvements Act of 1976; European Union,
ORCL_0001193125-21-363742_chunk001,ORACLE CORP,0001341439,2021-12-21,regulatory,neutral,3,True,Company; Oracle; Merger Subsidiary; Delaware General Corporation Law,
ORCL_0001193125-21-363742_chunk002,ORACLE CORP,0001341439,2021-12-21,legal,neutral,3,False,Company; Parent; Oracle; Cerner; SEC,
ORCL_0001193125-21-363742_chunk003,ORACLE CORP,0001341439,2021-12-21,legal,neutral,2,False,Oracle Corporation; Cerner Corporation; OC Acquisition LLC; Cedar Acquisition Corporation,
ORCL_0001193125-21-363742_chunk004,ORACLE CORP,0001341439,2021-12-21,regulatory,neutral,2,False,Oracle Corporation; Cerner Corporation; OC Acquisition LLC; Cedar Acquisition Corporation,
ORCL_0001564590-22-009640_chunk000,ORACLE CORP,0001341439,2022-03-10,none,positive,1,False,Oracle Corporation,
ORCL_0001193125-22-083447_chunk000,ORACLE CORP,0001341439,2022-03-24,none,positive,1,False,Oracle Corporation; Awo Ablo,
ORCL_0001193125-22-169835_chunk000,ORACLE CORP,0001341439,2022-06-08,regulatory,positive,2,False,"Oracle Corporation; Cerner Corporation; OC Acquisition LLC; Cedar Acquisition Corporation; American Stock Transfer & Trust Company, LLC",
ORCL_0001193125-22-169835_chunk001,ORACLE CORP,0001341439,2022-06-08,regulatory,neutral,2,True,Cerner; Oracle; Purchaser; DGCL,
ORCL_0001193125-22-169835_chunk002,ORACLE CORP,0001341439,2022-06-08,financial,neutral,3,True,Oracle; Cerner; Nasdaq Global Select Market; $15.7 billion,
ORCL_0001193125-22-169835_chunk003,ORACLE CORP,0001341439,2022-06-08,financial,neutral,3,True,Oracle; Cerner; Bridge Facility; Bridge Credit Agreement,
ORCL_0001564590-22-023099_chunk000,ORACLE CORP,0001341439,2022-06-13,none,positive,1,False,Oracle Corporation,
ORCL_0001193125-22-187252_chunk000,ORACLE CORP,0001341439,2022-07-01,leadership,neutral,2,False,Oracle Corporation; Dorian Daley,
ORCL_0001193125-22-191296_chunk000,ORACLE CORP,0001341439,2022-07-11,none,positive,1,False,Oracle Corporation,
ORCL_0001564590-22-031466_chunk000,ORACLE CORP,0001341439,2022-09-12,financial,neutral,2,False,"Oracle Corporation; October 25, 2022; October 12, 2022",
ORCL_0001193125-22-259611_chunk000,ORACLE CORP,0001341439,2022-10-07,none,positive,1,False,Oracle Corporation; William Corey West; Maria Smith,
ORCL_0001193125-22-281194_chunk000,ORACLE CORP,0001341439,2022-11-09,financial,neutral,2,True,"Oracle Corporation; BofA Securities, Inc.; Citigroup Global Markets Inc.; Goldman Sachs & Co. LLC; HSBC Securities (USA) Inc.; J.P. Morgan Securities LLC; Citibank, N.A.; The Bank of New York Mellon Trust Company, N.A.",
ORCL_0001193125-22-281194_chunk001,ORACLE CORP,0001341439,2022-11-09,financial,neutral,2,False,Oracle Systems Corporation; Oracle Corporation; Freshfields Bruckhaus Deringer US LLP,
ORCL_0001193125-22-288990_chunk000,ORACLE CORP,0001341439,2022-11-18,none,neutral,1,False,Oracle Corporation; Lawrence J. Ellison; George H. Conrades; Bruce R. Chizen; Charles W. Moorman; Leon E. Panetta; William G. Par,
ORCL_0001193125-22-288990_chunk001,ORACLE CORP,0001341439,2022-11-18,none,neutral,1,False,Oracle; Ernst & Young LLP; Leon E. Panetta; William G. Parrett; Naomi O. Seligman; Vishal Sikka,
ORCL_0001564590-22-039236_chunk000,ORACLE CORP,0001341439,2022-12-12,none,positive,1,False,Oracle Corporation,
ORCL_0001193125-23-025644_chunk000,ORACLE CORP,0001341439,2023-02-06,financial,neutral,2,True,"Oracle Corporation; BofA Securities, Inc.; Citigroup Global Markets Inc.; Goldman Sachs & Co. LLC; HSBC Securities (USA) Inc.; J.P. Morgan Securities LLC; Citibank, N.A.; The Bank of New York Mellon Trust Company, N.A.",
ORCL_0001193125-23-025644_chunk001,ORACLE CORP,0001341439,2023-02-06,financial,neutral,3,False,Oracle Systems Corporation; Oracle Corporation; Freshfields Bruckhaus Deringer US LLP,
ORCL_0001564590-23-003362_chunk000,ORACLE CORP,0001341439,2023-03-09,none,positive,1,False,Oracle Corporation,
ORCL_0000950170-23-027490_chunk000,ORACLE CORP,0001341439,2023-06-12,none,positive,1,False,Oracle Corporation; Maria Smith,
ORCL_0000950170-23-047471_chunk000,ORACLE CORP,0001341439,2023-09-11,financial,neutral,2,False,Oracle Corporation; Maria Smith,
ORCL_0001193125-23-279837_chunk000,ORACLE CORP,0001341439,2023-11-17,regulatory,neutral,2,False,Oracle Corporation; SEC; DGCL,
ORCL_0001193125-23-279837_chunk001,ORACLE CORP,0001341439,2023-11-17,regulatory,neutral,3,False,Oracle; stockholders; DGCL,
ORCL_0001193125-23-279837_chunk002,ORACLE CORP,0001341439,2023-11-17,none,positive,1,False,Oracle; Lawrence J. Ellison; Safra A. Catz; George H. Conrades; Bruce R. Chizen; Lawrence Js Ellison; Jeffrey O. Henley; Renée J. James; Charles W. Moorman; William G. Parrett; Leon E. Panetta,
ORCL_0001193125-23-279837_chunk003,ORACLE CORP,0001341439,2023-11-17,none,neutral,1,False,Oracle Corporation; Ernst & Young LLP; William G. Parrett; Naomi O. Seligman; Vishal Sikka; Leon E. Panetta,
ORCL_0001193125-23-279837_chunk004,ORACLE CORP,0001341439,2023-11-17,regulatory,negative,4,False,Oracle Corporation; Ernst & Young LLP,
ORCL_0000950170-23-069410_chunk000,ORACLE CORP,0001341439,2023-12-11,none,positive,1,False,Oracle Corporation; Maria Smith,
ORCL_0000950170-24-029250_chunk000,ORACLE CORP,0001341439,2024-03-11,none,positive,1,False,Oracle Corporation; Maria Smith,
ORCL_0000950170-24-071916_chunk000,ORACLE CORP,0001341439,2024-06-11,none,positive,1,False,Oracle Corporation; Maria Smith,
ORCL_0000950170-24-104753_chunk000,ORACLE CORP,0001341439,2024-09-09,financial,neutral,2,False,Oracle Corporation; Maria Smith,
ORCL_0001193125-24-227971_chunk000,ORACLE CORP,0001341439,2024-09-27,financial,neutral,2,True,"Oracle Corporation; BofA Securities, Inc.; Citigroup Global Markets Inc.; Goldman Sachs & Co. LLC; HSBC Securities (USA) Inc.; J.P. Morgan Securities LLC; Citibank, N.A.; The Bank of New York Mellon Trust Company, N.A.",
ORCL_0001193125-24-227971_chunk001,ORACLE CORP,0001341439,2024-09-27,financial,neutral,2,False,Oracle Systems Corporation; Oracle Corporation; Freshfields Bruckhaus Deringer US LLP,
ORCL_0001193125-24-260986_chunk000,ORACLE CORP,0001341439,2024-11-18,none,neutral,1,False,Oracle Corporation; Lawrence J. Ellison; Broker Non-Votes,
ORCL_0001193125-24-260986_chunk001,ORACLE CORP,0001341439,2024-11-18,regulatory,negative,4,True,Oracle; Ernst & Young LLP; stockholders; retirement plan beneficiaries,
ORCL_0000950170-24-134537_chunk000,ORACLE CORP,0001341439,2024-12-09,none,positive,1,False,Oracle Corporation; Maria Smith,
PEP_0000077476-21-000009_chunk000,PEPSICO INC,0000077476,2021-02-11,none,neutral,1,False,"PepsiCo, Inc.",
PEP_0000077476-21-000021_chunk000,PEPSICO INC,0000077476,2021-04-15,none,neutral,1,False,PepsiCo; SEC; 8-K,
PEP_0000077476-21-000025_chunk000,PEPSICO INC,0000077476,2021-05-07,none,positive,1,False,"PepsiCo; Shona L. Brown; Cesar Conde; Ian Cook; Dina Dublon; Ramon L. Laguarta; Dave Lewis; David C. Page, MD; Robert C. Pohlad; Daniel Vasella, MD; Darren Walker; Alberto Weisser",
PEP_0000077476-21-000025_chunk001,PEPSICO INC,0000077476,2021-05-07,none,neutral,2,False,PepsiCo; KPMG LLP; shareholders; Alberto Weisser,
PEP_0001104659-21-074203_chunk000,PEPSICO INC,0000077476,2021-05-28,financial,neutral,2,True,"PepsiCo, Inc.; Citibank, N.A.; $3,750,000,000; 2021 364-Day Credit Agreement",
PEP_0001104659-21-074203_chunk001,PEPSICO INC,0000077476,2021-05-28,financial,neutral,2,True,"PepsiCo; Citibank, N.A.; $3,750,000,000; 2021 Five Year Credit Agreement",
PEP_0001104659-21-074203_chunk002,PEPSICO INC,0000077476,2021-05-28,financial,neutral,2,False,"PepsiCo; Citibank, N.A.; 2021 Five Year Credit Agreement; 2021 Three Hundred and Sixty-Four Day Credit Agreement",
PEP_0000077476-21-000041_chunk000,PEPSICO INC,0000077476,2021-07-13,none,neutral,1,False,PepsiCo; SEC; 8-K,
PEP_0000077476-21-000044_chunk000,PEPSICO INC,0000077476,2021-08-05,leadership,positive,2,True,"PepsiCo; Edith W. Cooper; Goldman Sachs Group, Inc.; Morgan Stanley; Bankers Trust Company; Medley; Museum of Modern Art; Smithsonian National Museum of African American History and Culture; Mount Sinai Hospital",
PEP_0001104659-21-100896_chunk000,PEPSICO INC,0000077476,2021-08-06,regulatory,neutral,2,False,"PepsiCo, Inc.; The Bank of New York Mellon; 2021 Notes; CUSIP No. 713448 DL9",
PEP_0001104659-21-100896_chunk001,PEPSICO INC,0000077476,2021-08-06,none,neutral,1,False,"PepsiCo, Inc.",
PEP_0000077476-21-000051_chunk000,PEPSICO INC,0000077476,2021-10-05,none,neutral,1,False,PepsiCo; SEC; 8-K,
PEP_0001104659-21-123508_chunk000,PEPSICO INC,0000077476,2021-10-06,financial,neutral,3,False,"PepsiCo, Inc.",
PEP_0001104659-21-126260_chunk000,PEPSICO INC,0000077476,2021-10-14,financial,neutral,2,True,PepsiCo; BNP Paribas; Goldman Sachs & Co. LLC; Morgan Stanley & Co. International plc; The Bank of New York Mellon; SEC,
PEP_0001104659-21-126260_chunk001,PEPSICO INC,0000077476,2021-10-14,financial,neutral,2,False,PepsiCo; SEC; underwriters,
PEP_0001104659-21-126260_chunk002,PEPSICO INC,0000077476,2021-10-14,none,neutral,1,False,PepsiCo; Davis Polk & Wardwell LLP; Womble Bond Dickinson (US) LLP,
PEP_0001104659-21-128512_chunk000,PEPSICO INC,0000077476,2021-10-21,none,neutral,1,False,PepsiCo; SEC; 8-K,
PEP_0001104659-21-128479_chunk000,PEPSICO INC,0000077476,2021-10-21,none,positive,2,False,"PepsiCo; BofA Securities, Inc.; Citigroup Global Markets Inc.; Deutsche Bank Securities Inc.; J.P. Morgan Securities LLC; The Bank of New York Mellon",
PEP_0001104659-21-128479_chunk001,PEPSICO INC,0000077476,2021-10-21,financial,neutral,3,False,PepsiCo; The Bank of New York Mellon; Treasury rate,
PEP_0001104659-21-128479_chunk002,PEPSICO INC,0000077476,2021-10-21,regulatory,neutral,2,False,"PepsiCo; BofA Securities, Inc.; Citigroup Global Markets Inc.; Deutsche Bank Securities Inc.; J.P. Morgan Securities LLC; Davis Polk & Wardwell LLP; Womble Bond Dickinson (US) LLP",
PEP_0001104659-21-128479_chunk003,PEPSICO INC,0000077476,2021-10-21,none,neutral,1,False,Davis Polk & Wardwell LLP; Womble Bond Dickinson (US) LLP,
PEP_0001104659-21-128297_chunk000,PEPSICO INC,0000077476,2021-10-21,regulatory,neutral,2,False,PepsiCo; SEC; 8-K,
PEP_0000077476-22-000011_chunk000,PEPSICO INC,0000077476,2022-02-10,none,neutral,1,False,"PepsiCo, Inc.",
PEP_0001104659-22-032667_chunk000,PEPSICO INC,0000077476,2022-03-11,operational,neutral,2,False,"PepsiCo, Inc.; The Bank of New York Mellon; 2022 Notes; CUSIP No. 713448 DT2",
PEP_0001104659-22-032667_chunk001,PEPSICO INC,0000077476,2022-03-11,none,neutral,1,False,PepsiCo; Securities and Exchange Commission,
PEP_0001104659-22-046278_chunk000,PEPSICO INC,0000077476,2022-04-15,financial,neutral,3,False,"PepsiCo, Inc.; The Bank of New York Mellon; 3.100% Senior Notes due 2022; CUSIP No. 713448 CX4",
PEP_0001104659-22-046278_chunk001,PEPSICO INC,0000077476,2022-04-15,none,neutral,1,False,PepsiCo; Securities and Exchange Commission,
PEP_0000077476-22-000021_chunk000,PEPSICO INC,0000077476,2022-04-26,none,neutral,1,False,PepsiCo; SEC; 8-K,
PEP_0000077476-22-000025_chunk000,PEPSICO INC,0000077476,2022-05-06,none,neutral,1,False,"PepsiCo; Segun Agbaje; Shona L. Brown; Cesar Conde; Ian Cook; Edith W. Cooper; Dina Dublon; Michelle Gass; Dave Lewis; David C. Page, MD; Robert C. Pohlad; Daniel Vasella, MD; Darren Walker",
PEP_0000077476-22-000025_chunk001,PEPSICO INC,0000077476,2022-05-06,regulatory,negative,3,False,PepsiCo; KPMG LLP; Daniel Vasella; Darren Walker; Alberto Weisser,
PEP_0001104659-22-065944_chunk000,PEPSICO INC,0000077476,2022-05-27,financial,neutral,2,True,"PepsiCo, Inc.; Citibank, N.A.; $3,750,000,000; $3,800,000,000; 2022 364-Day Credit Agreement",
PEP_0001104659-22-065944_chunk001,PEPSICO INC,0000077476,2022-05-27,financial,neutral,2,True,"PepsiCo; Citibank, N.A.; $3,750,000,000; $3,800,000,000",
PEP_0001104659-22-065944_chunk002,PEPSICO INC,0000077476,2022-05-27,financial,neutral,2,False,PepsiCo; Citibank; 2022 Five Year Credit Agreement,
PEP_0000077476-22-000045_chunk000,PEPSICO INC,0000077476,2022-07-12,none,neutral,1,False,PepsiCo; SEC; 8-K,
PEP_0001104659-22-080534_chunk000,PEPSICO INC,0000077476,2022-07-18,financial,positive,2,True,PepsiCo; Goldman Sachs & Co. LLC; Mizuho Securities USA LLC; Morgan Stanley & Co. LLC; The Bank of New York Mellon; SEC,
PEP_0001104659-22-080534_chunk001,PEPSICO INC,0000077476,2022-07-18,regulatory,neutral,2,False,PepsiCo; Goldman Sachs & Co. LLC; Mizuho Securities USA LLC; Morgan Stanley & Co. LLC,
PEP_0001104659-22-080534_chunk002,PEPSICO INC,0000077476,2022-07-18,none,neutral,1,False,"PepsiCo, Inc.; Davis Polk & Wardwell LLP; Womble Bond Dickinson (US) LLP",
PEP_0001104659-22-080528_chunk000,PEPSICO INC,0000077476,2022-07-18,financial,neutral,2,False,PepsiCo; Goldman Sachs & Co. LLC; Mizuho Securities USA LLC; Morgan Stanley & Co. LLC; The Bank of New York Mellon; SEC,
PEP_0001104659-22-080528_chunk001,PEPSICO INC,0000077476,2022-07-18,regulatory,neutral,3,True,PepsiCo; Treasury Rate; 99.872%; 99.881%; 2028 Note; 2052 Note; Indenture,
PEP_0001104659-22-080528_chunk002,PEPSICO INC,0000077476,2022-07-18,none,neutral,1,False,PepsiCo; Goldman Sachs & Co. LLC; Mizuho Securities USA LLC; Morgan Stanley & Co. LLC; Davis Polk & Wardwell LLP; Womble Bond Dickinson (US) LLP,
PEP_0001104659-22-082034_chunk000,PEPSICO INC,0000077476,2022-07-22,financial,neutral,2,False,PepsiCo; Barclays Bank PLC; BNP Paribas; HSBC Bank plc; The Bank of New York Mellon; SEC,
PEP_0001104659-22-082034_chunk001,PEPSICO INC,0000077476,2022-07-22,financial,neutral,3,True,PepsiCo; SEC; government bond rate,
PEP_0001104659-22-082034_chunk002,PEPSICO INC,0000077476,2022-07-22,none,neutral,1,False,PepsiCo; Davis Polk & Wardwell LLP; Womble Bond Dickinson (US) LLP,
PEP_0000077476-22-000054_chunk000,PEPSICO INC,0000077476,2022-10-12,none,neutral,1,False,"PepsiCo, Inc.",
PEP_0001104659-22-116509_chunk000,PEPSICO INC,0000077476,2022-11-09,financial,neutral,3,False,"PepsiCo, Inc.; PMBC; The Bank of New York Mellon; Wells Fargo Bank; CUSIP No. 713409 AC4; CUSIP No. 71343P AC5",
PEP_0001104659-22-116509_chunk001,PEPSICO INC,0000077476,2022-11-09,regulatory,neutral,2,False,"The Pepsi Bottling Group, Inc.; PepsiCo, Inc.; Securities and Exchange Commission",
PEP_0001104659-22-126298_chunk000,PEPSICO INC,0000077476,2022-12-12,none,neutral,1,False,,no JSON object found in response
PEP_0001104659-22-126298_chunk001,PEPSICO INC,0000077476,2022-12-12,legal,negative,2,False,PepsiCo; J.P. Morgan Trust Company; The First National Bank of Chicago,
PEP_0000077476-23-000009_chunk000,PEPSICO INC,0000077476,2023-02-09,none,neutral,1,False,PepsiCo; SEC; 8-K,
PEP_0001104659-23-022416_chunk000,PEPSICO INC,0000077476,2023-02-15,financial,neutral,2,False,"PepsiCo; BofA Securities, Inc.; Citigroup Global Markets Inc.; J.P. Morgan Securities LLC; SEC",
PEP_0001104659-23-022416_chunk001,PEPSICO INC,0000077476,2023-02-15,financial,neutral,3,True,"PepsiCo; The Bank of New York Mellon; SOFR; $350,000,000; $500,000,000; $650,000,000; $1,000,000,000; February 13, 2026; February 13, 2026; May 15, 2028; February 15, 2033; February 15, 2053",
PEP_0001104659-23-022416_chunk002,PEPSICO INC,0000077476,2023-02-15,financial,neutral,3,True,PepsiCo; Treasury Rate; 2026 Floating Rate Note; 2028 Note; 2033 Note; 2053 Note,
PEP_0001104659-23-022416_chunk003,PEPSICO INC,0000077476,2023-02-15,none,neutral,1,False,"PepsiCo; BofA Securities, Inc.; Citigroup Global Markets Inc.; J.P. Morgan Securities LLC; Davis Polk & Wardwell LLP; Womble Bond Dickinson (US) LLP",
PEP_0000077476-23-000025_chunk000,PEPSICO INC,0000077476,2023-04-25,none,neutral,1,False,PepsiCo; SEC; 8-K,
PEP_0000077476-23-000028_chunk000,PEPSICO INC,0000077476,2023-05-05,none,positive,1,False,"PepsiCo; Segun Agbaje; Jennifer Bailey; Cesar Conde; Ian Cook; Edith W. Cooper; Susan M. Diamond; Dina Dublon; Ramon L. Laguarta; Dave J. Lewis; David C. Page, MD; Robert C. Pohlad; Daniel Vasella",
PEP_0000077476-23-000028_chunk001,PEPSICO INC,0000077476,2023-05-05,regulatory,negative,3,True,"PepsiCo; KPMG LLP; Robert C. Pohlad; Daniel Vasella, MD; Darren Walker; Alberto Weisser; shareholders; PepsiCo’s executive compensation; PepsiCo’s named executive officers; Board of Directors; global transparency report; reproductive healthcare legislation",
PEP_0000077476-23-000028_chunk002,PEPSICO INC,0000077476,2023-05-05,none,neutral,2,False,shareholder proposal; reproductive healthcare legislation; net-zero emissions policies,
PEP_0001104659-23-066134_chunk000,PEPSICO INC,0000077476,2023-05-30,financial,neutral,3,True,"PepsiCo, Inc.; Citibank, N.A.; $3,800,000,000; $4,200,000,000; 2022 364 Day Credit Agreement; 2023 364 Day Credit Agreement",
PEP_0001104659-23-066134_chunk001,PEPSICO INC,0000077476,2023-05-30,financial,neutral,2,True,"PepsiCo; Citibank; $3,800,000,000; $4,200,000,000",
PEP_0001104659-23-066134_chunk002,PEPSICO INC,0000077476,2023-05-30,financial,neutral,2,False,PepsiCo; Citibank; 2023 Five Year Credit Agreement,
PEP_0000077476-23-000048_chunk000,PEPSICO INC,0000077476,2023-07-13,none,neutral,1,False,"PepsiCo, Inc.",
PEP_0000077476-23-000060_chunk000,PEPSICO INC,0000077476,2023-10-10,none,neutral,1,False,PepsiCo; SEC; 8-K,
PEP_0000077476-23-000064_chunk000,PEPSICO INC,0000077476,2023-11-06,none,positive,1,False,"PepsiCo, Inc.; Hugh F. Johnston; James (Jamie) Caulfield",
PEP_0001104659-23-117278_chunk000,PEPSICO INC,0000077476,2023-11-13,financial,neutral,2,False,"PepsiCo; BofA Securities, Inc.; The Bank of New York Mellon; SEC",
PEP_0001104659-23-117278_chunk001,PEPSICO INC,0000077476,2023-11-13,financial,neutral,3,True,PepsiCo; SOFR; Treasury Rate,
PEP_0001104659-23-117278_chunk002,PEPSICO INC,0000077476,2023-11-13,regulatory,neutral,2,False,"PepsiCo; BofA Securities, Inc.; Davis Polk & Wardwell LLP; Womble Bond Dickinson (US) LLP",
PEP_0001104659-23-117278_chunk003,PEPSICO INC,0000077476,2023-11-13,none,neutral,1,False,Womble Bond Dickinson (US) LLP; Davis Polk & Wardwell LLP,
PEP_0000077476-23-000069_chunk000,PEPSICO INC,0000077476,2023-11-17,none,positive,1,True,"PepsiCo; James Caulfield; $700,000; 150%; PepsiCo’s performance goals",
PEP_0000077476-24-000003_chunk000,PEPSICO INC,0000077476,2024-01-18,leadership,negative,3,False,"Kirk Tanner; PepsiCo Beverages North America; PepsiCo, Inc.",
PEP_0000077476-24-000010_chunk000,PEPSICO INC,0000077476,2024-02-09,none,neutral,1,False,PepsiCo; SEC; 8-K,
PEP_0001104659-24-024927_chunk000,PEPSICO INC,0000077476,2024-02-16,financial,neutral,3,False,"PepsiCo; PepsiCo Singapore Financing I Pte. Ltd.; Deutsche Bank AG, Singapore Branch; Goldman Sachs (Singapore) Pte.; Mizuho Securities (Singapore) Pte. Ltd.; Morgan Stanley Asia (Singapore) Pte.; SEC",
PEP_0001104659-24-024927_chunk001,PEPSICO INC,0000077476,2024-02-16,financial,neutral,2,False,"PepsiCo; Issuer; U.S. Bank Trust Company; SOFR; $300,000,000; $550,000,000; $450,000,000; February 16, 2027; February 16, 2029; February 16, 2034",
PEP_0001104659-24-024927_chunk002,PEPSICO INC,0000077476,2024-02-16,financial,neutral,3,True,PepsiCo; Issuer; Treasury Rate; SOFR Index; 2027 Floating Rate Note; 2029 Note; 2034 Note,
PEP_0001104659-24-024927_chunk003,PEPSICO INC,0000077476,2024-02-16,regulatory,neutral,2,False,PepsiCo; Deutsche Bank AG; Goldman Sachs (Singapore) Pte.; Mizuho Securities (Singapore) Pte. Ltd.; Morgan Stanley Asia (Singapore) Pte.,
PEP_0001104659-24-024927_chunk004,PEPSICO INC,0000077476,2024-02-16,none,neutral,1,False,,
PEP_0000077476-24-000019_chunk000,PEPSICO INC,0000077476,2024-04-23,none,neutral,1,False,"PepsiCo, Inc.",
PEP_0000077476-24-000026_chunk000,PEPSICO INC,0000077476,2024-05-03,none,positive,1,False,"PepsiCo, Inc.; Segun Agbaje; Jennifer Bailey; Cesar Conde; Ian Cook; Edith W. Cooper; Susan M. Diamond; Dina Dublon",
PEP_0000077476-24-000026_chunk001,PEPSICO INC,0000077476,2024-05-03,regulatory,neutral,2,False,"PepsiCo; KPMG LLP; shareholders; PepsiCo, Inc.; golden parachutes",
PEP_0000077476-24-000026_chunk002,PEPSICO INC,0000077476,2024-05-03,regulatory,negative,4,False,"shareholders; golden parachutes; gender-based compensation gaps; biodiversity and nature loss; racial equity audit; diversity, equity and inclusion efforts; global transparency report",
PEP_0000077476-24-000026_chunk003,PEPSICO INC,0000077476,2024-05-03,none,neutral,1,False,"PepsiCo, Inc.; Securities and Exchange Commission",
PEP_0001104659-24-065151_chunk000,PEPSICO INC,0000077476,2024-05-24,financial,neutral,2,True,"PepsiCo, Inc.; Citibank, N.A.; $4,200,000,000; $5,000,000,000; 2023 364 Day Credit Agreement; 2024 364 Day Credit Agreement",
PEP_0001104659-24-065151_chunk001,PEPSICO INC,0000077476,2024-05-24,financial,neutral,2,True,"PepsiCo; Citibank; $4,200,000,000; $5,000,000,000; 2024 Five Year Credit Agreement",
PEP_0001104659-24-065151_chunk002,PEPSICO INC,0000077476,2024-05-24,regulatory,neutral,2,False,"PepsiCo; Citibank, N.A.; 2024 Five Year Credit Agreement",
PEP_0000077476-24-000043_chunk000,PEPSICO INC,0000077476,2024-07-11,none,neutral,1,False,"PepsiCo, Inc.",
PEP_0001104659-24-080566_chunk000,PEPSICO INC,0000077476,2024-07-17,none,positive,2,False,"PepsiCo; BofA Securities, Inc.; Citigroup Global Markets Inc.; J.P. Morgan Securities LLC; U.S. Bank Trust Company, National Association",
PEP_0001104659-24-080566_chunk001,PEPSICO INC,0000077476,2024-07-17,financial,neutral,3,True,PepsiCo; Treasury Rate,
PEP_0001104659-24-080566_chunk002,PEPSICO INC,0000077476,2024-07-17,regulatory,neutral,2,False,"PepsiCo; BofA Securities, Inc.; Citigroup Global Markets Inc.; J.P. Morgan Securities LLC; Davis Polk & Wardwell LLP; Womble Bond Dickinson (US) LLP",
PEP_0001104659-24-080566_chunk003,PEPSICO INC,0000077476,2024-07-17,none,neutral,1,False,,
PEP_0000077476-24-000046_chunk000,PEPSICO INC,0000077476,2024-09-20,regulatory,neutral,2,False,"PepsiCo, Inc.; U.S. Securities and Exchange Commission; North Carolina Business Corporation Act",
PEP_0000077476-24-000054_chunk000,PEPSICO INC,0000077476,2024-10-08,none,neutral,1,False,PepsiCo; Marie T. Gallagher,
PEP_0000077476-24-000058_chunk000,PEPSICO INC,0000077476,2024-12-11,none,positive,1,False,"PepsiCo, Inc.; Christine E. Tammara; Marie T. Gallagher",
PFE_0001193125-21-006923_chunk000,PFIZER INC,0000078003,2021-01-12,regulatory,neutral,2,True,Pfizer Inc.; COVID-19; J.P. Morgan Health Care Conference; 2021; US GAAP,
PFE_0001193125-21-006923_chunk001,PFIZER INC,0000078003,2021-01-12,legal,negative,4,True,Pfizer; U.S. GAAP; litigation; GAAP,
PFE_0001193125-21-006923_chunk002,PFIZER INC,0000078003,2021-01-12,operational,negative,4,True,U.S. Food and Drug Administration; Europe Medicines Agency; in-line products; product candidates; external business-development activities; potential business development opportunities; acquired products; competition; public health outbreaks,
PFE_0001193125-21-006923_chunk003,PFIZER INC,0000078003,2021-01-12,regulatory,negative,5,True,Pfizer-BioNTech; BNT162b2; COVID-19,
PFE_0001193125-21-006923_chunk004,PFIZER INC,0000078003,2021-01-12,regulatory,negative,4,True,Pfizer; U.S. healthcare reform; Medicare; Medicaid; publicly funded health programs; employer-sponsored health insurance,
PFE_0001193125-21-006923_chunk005,PFIZER INC,0000078003,2021-01-12,regulatory,negative,4,True,pharmaceutical products; China; U.S.; capital and exchange controls; intellectual property; environmental contamination; tax litigation; patent applications; wholesale distributors; counterfeit medicines; outsourcing; joint ventures,
PFE_0001193125-21-006923_chunk006,PFIZER INC,0000078003,2021-01-12,operational,negative,4,True,counterfeit medicines; outsourcing; joint ventures; global economic conditions; terrorist activity; military action; product recalls; trade buying patterns; intangible assets; corporate strategic initiatives; restructurings; investors; Form 10-K; Form 10-Q; Form 8-K,
PFE_0000078003-21-000003_chunk000,PFIZER INC,0000078003,2021-02-02,none,positive,1,False,Pfizer Inc.; Securities Exchange Act of 1934; Securities Act of 1933,
PFE_0000078003-21-000059_chunk000,PFIZER INC,0000078003,2021-04-26,none,neutral,1,False,Pfizer Inc.; Ronald E. Blaylock; Albert Bourla; Susan Desmond-Hellmann; Joseph J. Echevarria; Scott Gottlieb; Helen H. Hobbs; Susan Hockfield; Dan R. Littman; Shantanu Narayen; Suzanne Nora Johnson; James Quincey; James C. Smith,
PFE_0000078003-21-000059_chunk001,PFIZER INC,0000078003,2021-04-26,regulatory,neutral,3,False,KPMG LLP; Company; Named Executive Officers; shareholders; COVID-19,
PFE_0000078003-21-000062_chunk000,PFIZER INC,0000078003,2021-05-04,none,positive,2,False,Pfizer Inc.; Securities Exchange Act of 1934; Securities Act of 1933,
PFE_0000078003-21-000087_chunk000,PFIZER INC,0000078003,2021-07-09,leadership,negative,3,False,Pfizer Inc.; John D. Young,
PFE_0000078003-21-000090_chunk000,PFIZER INC,0000078003,2021-07-28,none,positive,1,False,Pfizer Inc.; Securities Exchange Act of 1934; Securities Act of 1933,
PFE_0001193125-21-250347_chunk000,PFIZER INC,0000078003,2021-08-18,none,positive,2,False,Pfizer Inc.; The Bank of New York Mellon; Citigroup Global Markets Inc.; Goldman Sachs & Co. LLC; J.P. Morgan Securities LLC; Morgan Stanley & Co. LLC,
PFE_0001193125-21-250347_chunk001,PFIZER INC,0000078003,2021-08-18,none,neutral,1,False,Company; Margaret M. Madden; Senior Vice President and Corporate Secretary; Chief Governance Counsel; SEC; Form 8-K,
PFE_0000078003-21-000104_chunk000,PFIZER INC,0000078003,2021-11-02,none,positive,1,False,Pfizer Inc.; Securities Exchange Act of 1934; Securities Act of 1933,
PFE_0000078003-21-000114_chunk000,PFIZER INC,0000078003,2021-11-19,leadership,positive,2,False,Pfizer Inc.; Frank D'Amelio; Albert Bourla; Michael McDermott,
PFE_0000078003-21-000114_chunk001,PFIZER INC,0000078003,2021-11-19,none,positive,1,False,Pfizer Inc.,
PFE_0000078003-21-000118_chunk000,PFIZER INC,0000078003,2021-12-15,none,positive,1,True,Pfizer Inc.; Compensation Committee; Board of Directors; executive officers; Pfizer Inc. Global Performance Plan; Bonus Plan,
PFE_0000078003-22-000003_chunk000,PFIZER INC,0000078003,2022-02-08,none,positive,1,False,Pfizer Inc.; Securities Exchange Act of 1934; Securities Act of 1933,
PFE_0001193125-22-088144_chunk000,PFIZER INC,0000078003,2022-03-29,financial,neutral,3,True,Pfizer Inc.; GlaxoSmithKline plc; GSK Consumer Healthcare Capital US LLC; GSK Consumer Healthcare Capital UK plc; CH JVCo; 2024 Callable Fixed Rate Notes; 2024 Callable Floating Rate Notes; 2027 Fixed Rate Notes; 2029 Fixed Rate Notes; 2032 Fixed Rate Notes; 2052 Fixed Rate Notes,
PFE_0001193125-22-088144_chunk001,PFIZER INC,0000078003,2022-03-29,financial,neutral,3,True,CH JVCo; GSK Consumer Healthcare Capital NL B.V.; UK Issuer; 2025 Fixed Rate Notes; 2028 Fixed Rate Notes; 2038 Fixed Rate Notes; 2026 Fixed Rate Notes; 2030 Fixed Rate Notes; 2034 Fixed Rate Notes; Notes; Demerger,
PFE_0001193125-22-088144_chunk002,PFIZER INC,0000078003,2022-03-29,regulatory,neutral,2,True,SK; Pfizer; GSK; CH JVCo; Haleon plc,
PFE_0000078003-22-000057_chunk000,PFIZER INC,0000078003,2022-04-12,leadership,positive,2,True,"Pfizer Inc.; David M. Denton; Lowe’s Companies, Inc.; CVS Health; Deloitte Touche Tohmatsu; Tapestry, Inc.; $1,250,000; $5,000,000",
PFE_0000078003-22-000057_chunk001,PFIZER INC,0000078003,2022-04-12,none,positive,1,False,"Pfizer Inc.; Frank D’Amelio; $5,000,000; $3,250,000; $9,750,000",
PFE_0000078003-22-000057_chunk002,PFIZER INC,0000078003,2022-04-12,none,positive,1,False,Pfizer Inc.,
PFE_0000078003-22-000062_chunk000,PFIZER INC,0000078003,2022-04-20,none,neutral,1,False,,no JSON object found in response
PFE_0000078003-22-000062_chunk001,PFIZER INC,0000078003,2022-04-20,regulatory,neutral,3,True,Pfizer; U.S. Securities Exchange Act of 1934; U.S. Securities Act of 1933,
PFE_0000078003-22-000062_chunk002,PFIZER INC,0000078003,2022-04-20,none,neutral,1,True,Pfizer; U.S. Securities and Exchange Commission,
PFE_0000078003-22-000066_chunk000,PFIZER INC,0000078003,2022-05-02,none,neutral,1,False,Pfizer Inc.; U.S. Securities and Exchange Commission; Ronald E. Blaylock; Albert Bourla; Susan Desmond-Hellmann; Joseph J. Echevarria; Scott Gottlieb; Helen H. Hobbs; Susan Hockfield; Dan R. Littman; Shantanu Narayen; Suzanne Nora Johnson; James Quincey; James C. Smith,
PFE_0000078003-22-000066_chunk001,PFIZER INC,0000078003,2022-05-02,regulatory,neutral,3,False,KPMG LLP; Company; Named Executive Officers; shareholders; intellectual property; COVID-19; board oversight; anticompetitive practices,
PFE_0000078003-22-000066_chunk002,PFIZER INC,0000078003,2022-05-02,none,neutral,1,False,public health costs; vaccine technology,
PFE_0000078003-22-000068_chunk000,PFIZER INC,0000078003,2022-05-03,none,positive,1,False,Pfizer Inc.; Securities Exchange Act of 1934; Securities Act of 1933,
PFE_0001193125-22-145661_chunk000,PFIZER INC,0000078003,2022-05-10,regulatory,neutral,3,False,Pfizer Inc.; Biohaven Pharmaceutical Holding Company Ltd.; British Virgin Islands; Purchaser; SpinCo,
PFE_0001193125-22-145661_chunk001,PFIZER INC,0000078003,2022-05-10,regulatory,neutral,3,True,Pfizer; Biohaven; NURTEC ® ODT; zavegepant; $275 million; $1.26 billion,
PFE_0001193125-22-145661_chunk002,PFIZER INC,0000078003,2022-05-10,regulatory,negative,4,True,Pfizer; Biohaven; U.S. Securities and Exchange Commission,
PFE_0001193125-22-145661_chunk003,PFIZER INC,0000078003,2022-05-10,regulatory,negative,4,True,Pfizer; Biohaven; SEC; COVID-19,
PFE_0001193125-22-145661_chunk004,PFIZER INC,0000078003,2022-05-10,regulatory,neutral,2,True,Pfizer; SEC,
PFE_0000078003-22-000091_chunk000,PFIZER INC,0000078003,2022-07-28,none,positive,1,False,Pfizer Inc.; Securities Exchange Act of 1934; Securities Act of 1933,
PFE_0000078003-22-000098_chunk000,PFIZER INC,0000078003,2022-11-01,none,positive,1,False,Pfizer Inc.; Securities Exchange Act of 1934; Securities Act of 1933,
PFE_0000078003-22-000107_chunk000,PFIZER INC,0000078003,2022-12-13,regulatory,neutral,2,False,Pfizer Inc.; U.S. Securities and Exchange Commission,
PFE_0000078003-23-000004_chunk000,PFIZER INC,0000078003,2023-01-31,none,positive,1,False,Pfizer Inc.; Securities Exchange Act of 1934; Securities Act of 1933,
PFE_0000078003-23-000019_chunk000,PFIZER INC,0000078003,2023-02-21,none,neutral,1,False,Pfizer Inc.; New York; 66 Hudson Boulevard East; 212-733-2323,
PFE_0001193125-23-068538_chunk000,PFIZER INC,0000078003,2023-03-13,regulatory,neutral,3,True,"Pfizer Inc.; Seagen Inc.; Aris Merger Sub, Inc.; Hart-Scott-Rodino Antitrust Improvements Act of 1976",
PFE_0001193125-23-068538_chunk001,PFIZER INC,0000078003,2023-03-13,regulatory,neutral,2,True,Seagen; Pfizer; Merger Sub; Seagen Board,
PFE_0001193125-23-068538_chunk002,PFIZER INC,0000078003,2023-03-13,legal,negative,5,True,Pfizer; Seagen; Merger Sub; $1.65 billion; $2.22 billion,
PFE_0001193125-23-068538_chunk003,PFIZER INC,0000078003,2023-03-13,legal,neutral,2,False,Pfizer; Seagen; Merger Sub; Baker Bros. Advisors,
PFE_0001193125-23-068538_chunk004,PFIZER INC,0000078003,2023-03-13,regulatory,neutral,3,True,Pfizer; Seagen; Baker Bros. Advisors LP; Common Shares,
PFE_0001193125-23-068538_chunk005,PFIZER INC,0000078003,2023-03-13,legal,negative,3,True,Pfizer Inc.; Seagen Inc.; Baker Bros. Advisors LP,
PFE_0001193125-23-068538_chunk006,PFIZER INC,0000078003,2023-03-13,regulatory,negative,5,True,Pfizer; Seagen,
PFE_0001193125-23-068538_chunk007,PFIZER INC,0000078003,2023-03-13,regulatory,negative,4,True,Pfizer; Seagen; U.S. Securities and Exchange Commission,
PFE_0001628280-23-014368_chunk000,PFIZER INC,0000078003,2023-05-01,none,neutral,1,False,Pfizer Inc.; U.S. Securities and Exchange Commission; Ronald E. Blaylock; Albert Bourla; Susan Desmond-Hellmann; Joseph J. Echevarria; Scott Gottlieb; Helen H. Hobbs; Susan Hockfield; Dan R. Littman; Shantanu Narayen; Suzanne Nora Johnson; James Quincey; James C. Smith,
PFE_0001628280-23-014368_chunk001,PFIZER INC,0000078003,2023-05-01,regulatory,neutral,2,False,KPMG LLP; James Quincey; James C. Smith; Company; SEC; shareholders; COVID-19,
PFE_0001628280-23-014368_chunk002,PFIZER INC,0000078003,2023-05-01,regulatory,negative,4,False,shareholder proposal; extended patent exclusivities; product access; political contributions; Board of Directors,
PFE_0001628280-23-014759_chunk000,PFIZER INC,0000078003,2023-05-02,none,positive,1,False,Pfizer Inc.; Securities Exchange Act of 1934; Securities Act of 1933,
PFE_0001193125-23-144089_chunk000,PFIZER INC,0000078003,2023-05-15,regulatory,neutral,3,True,Pfizer Inc.; Seagen Inc.; Hart-Scott-Rodino Antitrust Improvements Act of 1976; United States Department of Justice; Federal Trade Commission,
PFE_0001193125-23-149364_chunk000,PFIZER INC,0000078003,2023-05-19,regulatory,neutral,2,True,Pfizer Investment Enterprises Pte. Ltd.; Pfizer Inc.; Seagen Inc.; Trustee,
PFE_0001193125-23-149364_chunk001,PFIZER INC,0000078003,2023-05-19,financial,negative,4,True,Seagen; Company; Issuer; Trustee; Bank of New York Mellon; 2033 Notes; 2053 Notes; Securities and Exchange Commission,
PFE_0001193125-23-149364_chunk002,PFIZER INC,0000078003,2023-05-19,legal,neutral,2,False,Pfizer Investment Enterprises Pte. Ltd.; Pfizer Inc.; The Bank of New York Mellon; Drew & Napier LLC,
PFE_0001193125-23-149364_chunk003,PFIZER INC,0000078003,2023-05-19,none,neutral,1,False,Margaret M. Madden; Drew & Napier LLC,
PFE_0000078003-23-000081_chunk000,PFIZER INC,0000078003,2023-07-27,leadership,neutral,3,True,Pfizer Inc.; Dr. Chris Boshoff; Dr. William Pao; Seagen Inc.; Pfizer Research and Development; Pfizer Supplemental Savings Plan; Global Performance Plan; Pfizer Stock Plan,
PFE_0000078003-23-000081_chunk001,PFIZER INC,0000078003,2023-07-27,none,positive,1,False,Dr. Pao; Company,
PFE_0000078003-23-000085_chunk000,PFIZER INC,0000078003,2023-08-01,none,positive,1,False,Pfizer Inc.; Securities Exchange Act of 1934; Securities Act of 1933,
PFE_0000078003-23-000099_chunk000,PFIZER INC,0000078003,2023-10-13,regulatory,neutral,3,True,Pfizer Inc.; U.S,
PFE_0000078003-23-000099_chunk001,PFIZER INC,0000078003,2023-10-13,operational,negative,4,True,Pfizer; U.S. government; Paxlovid; Comirnaty; BioNTech,
PFE_0000078003-23-000099_chunk002,PFIZER INC,0000078003,2023-10-13,regulatory,negative,5,True,Pfizer; Paxlovid; Comirnaty; BNT162 mRNA vaccine program,
PFE_0000078003-23-000099_chunk003,PFIZER INC,0000078003,2023-10-13,regulatory,negative,4,True,NT162 mRNA vaccine program; Paxlovid; Pfizer; Comirnaty; BNT162 program; BioNTech,
PFE_0000078003-23-000099_chunk004,PFIZER INC,0000078003,2023-10-13,operational,negative,5,True,BioNTech; Pfizer; Paxlovid; Comirnaty; BNT162; U.S. government,
PFE_0000078003-23-000099_chunk005,PFIZER INC,0000078003,2023-10-13,operational,negative,4,True,Pfizer; U.S. federal government; capital markets; global economies,
PFE_0000078003-23-000111_chunk000,PFIZER INC,0000078003,2023-10-31,none,positive,1,False,Pfizer Inc.; Securities Exchange Act of 1934; Securities Act of 1933,
PFE_0000078003-23-000118_chunk000,PFIZER INC,0000078003,2023-12-12,leadership,neutral,2,True,Pfizer Inc.; Dr. Chris Boshoff; Angela Hwang; Seagen Inc.; Aamir Malik; Alexandre de Germay; Dr. Albert Bourla,
PFE_0000078003-23-000118_chunk001,PFIZER INC,0000078003,2023-12-12,regulatory,neutral,3,True,Pfizer; Seagen; U.S. Federal Trade Commission; U.S. Department of Justice,
PFE_0000078003-23-000118_chunk002,PFIZER INC,0000078003,2023-12-12,regulatory,negative,5,True,Pfizer; Seagen; U.S. Securities and Exchange Commission,
PFE_0000078003-23-000120_chunk000,PFIZER INC,0000078003,2023-12-13,regulatory,neutral,2,True,Pfizer Inc.; U.S. Securities and Exchange Commission,
PFE_0001193125-23-295562_chunk000,PFIZER INC,0000078003,2023-12-14,regulatory,positive,2,False,"Pfizer Inc.; Aris Merger Sub, Inc.; Seagen Inc.; U.S. Securities and Exchange Commission",
PFE_0001193125-23-295562_chunk001,PFIZER INC,0000078003,2023-12-14,none,positive,1,False,"Pfizer Inc.; Aris Merger Sub, Inc.; Seagen Inc.; U.S. Securities and Exchange Commission",
PFE_0001193125-23-294930_chunk000,PFIZER INC,0000078003,2023-12-14,regulatory,positive,2,False,"Pfizer Inc.; Aris Merger Sub, Inc.; Seagen Inc.; U.S. Securities and Exchange Commission",
PFE_0001193125-23-294930_chunk001,PFIZER INC,0000078003,2023-12-14,none,positive,1,False,"Pfizer Inc.; Aris Merger Sub, Inc.; Seagen Inc.",
PFE_0000078003-24-000006_chunk000,PFIZER INC,0000078003,2024-01-10,regulatory,negative,3,False,"Pfizer Inc.; TRC Capital Investment Corporation; $27.35; $28.61; January 10, 2024; January 30, 2024",
PFE_0000078003-24-000017_chunk000,PFIZER INC,0000078003,2024-01-30,none,positive,1,False,Pfizer Inc.; Securities Exchange Act of 1934; Securities Act of 1933,
PFE_0000078003-24-000101_chunk000,PFIZER INC,0000078003,2024-04-29,none,neutral,1,False,Pfizer Inc.; Ronald E. Blaylock; Albert Bourla; Susan Desmond-Hellmann; Joseph J. Echevarria; Scott Gottlieb; Helen H. Hobbs; Susan Hockfield; Dan R. Littman; Shantanu Narayen; Suzanne Nora Johnson; James Quincey; James C. Smith,
PFE_0000078003-24-000101_chunk001,PFIZER INC,0000078003,2024-04-29,regulatory,neutral,2,False,KPMG LLP; Pfizer Inc.; James Quincey; James C. Smith; Pfizer Inc. 2019 Stock Plan; Company's Named Executive Officers; shareholder proposal; Independent Board Chair Policy; Congruency Report; Director Resignation Process; Company; shareholder proposal; Corporate Contributions,
PFE_0000078003-24-000101_chunk002,PFIZER INC,0000078003,2024-04-29,none,neutral,1,False,shareholder proposal; corporate contributions; Annual Meeting,
PFE_0000078003-24-000103_chunk000,PFIZER INC,0000078003,2024-05-01,none,neutral,1,False,Pfizer Inc.; Securities Exchange Act of 1934; Securities Act of 1933,
PFE_0000078003-24-000113_chunk000,PFIZER INC,0000078003,2024-05-22,operational,negative,4,True,Pfizer; U.S.,
PFE_0000078003-24-000113_chunk001,PFIZER INC,0000078003,2024-05-22,operational,negative,5,True,Pfizer; U.S. Securities and Exchange Commission; www.sec.gov; www.pfizer.com,
PFE_0000078003-24-000127_chunk000,PFIZER INC,0000078003,2024-07-01,none,positive,1,False,Pfizer Inc.; Cyrus Taraporevala; Board of Directors,
PFE_0000078003-24-000130_chunk000,PFIZER INC,0000078003,2024-07-10,leadership,neutral,2,False,Pfizer Inc.; Dr. Mikael Dolsten,
PFE_0000078003-24-000144_chunk000,PFIZER INC,0000078003,2024-07-26,operational,neutral,2,True,Albert Bourla; David M. Denton; Mikael Dolsten; Aamir Malik; Angela Hwang; Douglas M. Lankler; Compensation Committee; Board of Directors,
PFE_0000078003-24-000144_chunk001,PFIZER INC,0000078003,2024-07-26,regulatory,neutral,2,True,DRG; NYSE Arca Pharmaceutical; PSAs; 2022; 2023; 2025; 2026; 2027; 2028,
PFE_0000078003-24-000144_chunk002,PFIZER INC,0000078003,2024-07-26,none,positive,2,True,Pfizer; U.S. Securities and Exchange Commission; Fidelity NetBenefits,
PFE_0000078003-24-000144_chunk003,PFIZER INC,0000078003,2024-07-26,none,neutral,1,False,Pfizer; SEC,
PFE_0000078003-24-000155_chunk000,PFIZER INC,0000078003,2024-07-30,none,positive,1,False,Pfizer Inc.; Securities Exchange Act of 1934; Securities Act of 1933,
PFE_0000078003-24-000185_chunk000,PFIZER INC,0000078003,2024-10-15,none,positive,1,False,Pfizer Inc.; Mr. Buckley; Board of Directors,
PFE_0000078003-24-000188_chunk000,PFIZER INC,0000078003,2024-10-29,none,positive,1,False,Pfizer Inc.,
PFE_0000078003-24-000195_chunk000,PFIZER INC,0000078003,2024-12-17,regulatory,neutral,2,True,Pfizer Inc.; U.S. Securities and Exchange Commission,
PG_0000080424-21-000007_chunk000,PROCTER & GAMBLE Co,0000080424,2021-01-12,none,neutral,1,False,Procter & Gamble Company; New York Stock Exchange; PG21; PG22B; PG23A; PG24A; PG24B; PG25,
PG_0000080424-21-000007_chunk001,PROCTER & GAMBLE Co,0000080424,2021-01-12,none,neutral,1,False,The Procter & Gamble Company; New York Stock Exchange; $0.7907; PG24A; PG24B; PG25; PG27A; PG28; PG29B; PG29A; PG30; PG33; PG38,
PG_0000080424-21-000007_chunk002,PROCTER & GAMBLE Co,0000080424,2021-01-12,none,neutral,1,False,The Procter & Gamble Company,
PG_0000080424-21-000023_chunk000,PROCTER & GAMBLE Co,0000080424,2021-01-20,none,neutral,1,False,Procter & Gamble Company; PG; PG21; PG22B; PG23A; PG24A; PG24B; New York Stock Exchange,
PG_0000080424-21-000023_chunk001,PROCTER & GAMBLE Co,0000080424,2021-01-20,operational,neutral,2,False,The Procter & Gamble Company; New York Stock Exchange; 0.500% Notes; 0.625% Notes; 1.375% Notes; 4.875% EUR notes; 1.200% Notes; 1.250% Notes; 1.800% Notes; 6.250% GBP notes; 5.250% GBP notes; 1.875% Notes,
PG_0000080424-21-000023_chunk002,PROCTER & GAMBLE Co,0000080424,2021-01-20,none,neutral,1,False,The Procter & Gamble Company,
PG_0000080424-21-000021_chunk000,PROCTER & GAMBLE Co,0000080424,2021-01-20,regulatory,neutral,2,False,Procter & Gamble Company; NYSE; PG21; PG22B; PG23A; PG24A; PG24B; PG25; PG27A,
PG_0000080424-21-000021_chunk001,PROCTER & GAMBLE Co,0000080424,2021-01-20,none,neutral,1,False,The Procter & Gamble Company; NYSE; PG24B; PG25; PG27A; PG28; PG29B; PG29A; PG30; PG33; PG38,
PG_0000080424-21-000031_chunk000,PROCTER & GAMBLE Co,0000080424,2021-02-09,none,neutral,1,False,Procter & Gamble Company; New York Stock Exchange; PG21; PG22B; PG23A; PG24A; PG24B; PG25,
PG_0000080424-21-000031_chunk001,PROCTER & GAMBLE Co,0000080424,2021-02-09,leadership,neutral,2,False,The Procter & Gamble Company; Michael G. Homan; Valarie L. Sheppard,
PG_0000080424-21-000031_chunk002,PROCTER & GAMBLE Co,0000080424,2021-02-09,leadership,positive,2,False,Company; Ms. Sheppard; Mr. Homan,
PG_0000080424-21-000033_chunk000,PROCTER & GAMBLE Co,0000080424,2021-02-10,none,neutral,1,False,Procter & Gamble Company; New York Stock Exchange; PG; PG21; PG22B; PG23A; PG24A; PG24B,
PG_0000080424-21-000033_chunk001,PROCTER & GAMBLE Co,0000080424,2021-02-10,leadership,neutral,2,False,The Procter & Gamble Company; B. Marc Allen; The Boeing Company; New York Stock Exchange,
PG_0000080424-21-000033_chunk002,PROCTER & GAMBLE Co,0000080424,2021-02-10,regulatory,neutral,1,False,The Procter & Gamble Company; Mr. Allen,
PG_0000080424-21-000040_chunk000,PROCTER & GAMBLE Co,0000080424,2021-03-26,none,neutral,1,False,Procter & Gamble Company; PG; PG21; PG22B; PG23A; PG24A; PG24B; New York Stock Exchange,
PG_0000080424-21-000040_chunk001,PROCTER & GAMBLE Co,0000080424,2021-03-26,operational,neutral,2,False,The Procter & Gamble Company; New York Stock Exchange; Notes; EUR; GBP,
PG_0000080424-21-000044_chunk000,PROCTER & GAMBLE Co,0000080424,2021-03-29,none,neutral,1,False,Procter & Gamble Company; PG; PG21; PG22B; PG23A; PG24A; New York Stock Exchange,
PG_0000080424-21-000044_chunk001,PROCTER & GAMBLE Co,0000080424,2021-03-29,none,neutral,1,False,The Procter & Gamble Company; New York Stock Exchange; PG23A; PG24A; PG24B; PG25; PG27A; PG28; PG29A; PG29B; PG30; PG33; PG38,
PG_0000080424-21-000044_chunk002,PROCTER & GAMBLE Co,0000080424,2021-03-29,none,neutral,1,False,Procter & Gamble; SEC,
PG_0000080424-21-000046_chunk000,PROCTER & GAMBLE Co,0000080424,2021-04-13,none,neutral,1,False,Procter & Gamble Company; New York Stock Exchange; PG21; PG22B; PG23A; PG24A; PG24B; PG25,
PG_0000080424-21-000046_chunk001,PROCTER & GAMBLE Co,0000080424,2021-04-13,none,neutral,1,False,The Procter & Gamble Company; New York Stock Exchange; $0.8698; PG24A; PG24B; PG25; PG27A; PG28; PG29B; PG29A; PG30; PG33; PG38,
PG_0000080424-21-000046_chunk002,PROCTER & GAMBLE Co,0000080424,2021-04-13,none,neutral,1,False,The Procter & Gamble Company,
PG_0000080424-21-000059_chunk000,PROCTER & GAMBLE Co,0000080424,2021-04-20,none,neutral,1,False,Procter & Gamble Company; New York Stock Exchange; PG21; PG22B; PG23A; PG24A; PG24B,
PG_0000080424-21-000059_chunk001,PROCTER & GAMBLE Co,0000080424,2021-04-20,none,neutral,1,False,The Procter & Gamble Company; New York Stock Exchange,
PG_0000080424-21-000059_chunk002,PROCTER & GAMBLE Co,0000080424,2021-04-20,none,neutral,1,False,The Procter & Gamble Company,
PG_0000080424-21-000056_chunk000,PROCTER & GAMBLE Co,0000080424,2021-04-20,regulatory,neutral,2,False,Procter & Gamble Company; NYSE; PG21; PG22B; PG23A; PG24A; PG24B; PG25; PG27A,
PG_0000080424-21-000056_chunk001,PROCTER & GAMBLE Co,0000080424,2021-04-20,none,neutral,1,False,"The Procter & Gamble Company; NYSE; April 20, 2021; March 31, 2021",
PG_0001193125-21-129074_chunk000,PROCTER & GAMBLE Co,0000080424,2021-04-23,none,neutral,1,False,"The Procter & Gamble Company; Jennifer Henkel; Fried, Frank, Harris, Shriver & Jacobson LLP",
PG_0000080424-21-000070_chunk000,PROCTER & GAMBLE Co,0000080424,2021-06-11,none,neutral,1,False,Procter & Gamble Company; New York Stock Exchange; PG21; PG22B; PG23A; PG24A; PG24B,
PG_0000080424-21-000070_chunk001,PROCTER & GAMBLE Co,0000080424,2021-06-11,leadership,negative,3,False,The Procter & Gamble Company; Mary Lynn Ferguson-McHugh; Steven D. Bishop; New York Stock Exchange,
PG_0000080424-21-000070_chunk002,PROCTER & GAMBLE Co,0000080424,2021-06-11,leadership,negative,3,False,Bishop; Company,
PG_0000080424-21-000074_chunk000,PROCTER & GAMBLE Co,0000080424,2021-07-13,regulatory,neutral,2,False,Procter & Gamble Company; New York Stock Exchange; PG21; PG22B; PG23A; PG24A; PG24B; PG25,
PG_0000080424-21-000074_chunk001,PROCTER & GAMBLE Co,0000080424,2021-07-13,none,neutral,1,False,The Procter & Gamble Company; New York Stock Exchange; $0.8698; PG24A; PG24B; PG25; PG27A; PG28; PG29B; PG29A; PG30; PG33; PG38,
PG_0000080424-21-000074_chunk002,PROCTER & GAMBLE Co,0000080424,2021-07-13,none,neutral,1,False,The Procter & Gamble Company,
PG_0000080424-21-000078_chunk000,PROCTER & GAMBLE Co,0000080424,2021-07-29,none,neutral,1,False,Procter & Gamble Company; New York Stock Exchange; PG21; PG22B; PG23A; PG24A; PG24B; PG25,
PG_0000080424-21-000078_chunk001,PROCTER & GAMBLE Co,0000080424,2021-07-29,leadership,neutral,2,False,The Procter & Gamble Company; David S. Taylor; Jon R. Moeller,
PG_0000080424-21-000078_chunk002,PROCTER & GAMBLE Co,0000080424,2021-07-29,leadership,negative,3,True,"Mr. Moeller; Mr. Jejurikar; Company; Board of Directors; U.S. $1,600,000; Company's annual incentive program; long-term incentive award; Company's Performance Stock Program; Company's Long-Term Incentive Program; Company's retirement program",
PG_0000080424-21-000078_chunk003,PROCTER & GAMBLE Co,0000080424,2021-07-29,leadership,positive,2,True,"Company; Mr. Moeller; Mr. Jejurikar; Mr. Taylor; U.S. $1,000,000; U.S. $1,200,000; Performance Stock Program; Long-Term Incentive Program",
PG_0000080424-21-000078_chunk004,PROCTER & GAMBLE Co,0000080424,2021-07-29,leadership,positive,2,False,The Procter & Gamble Company; Mr. Moeller; Mr. Jejurikar; Mr. Taylor,
PG_0000080424-21-000091_chunk000,PROCTER & GAMBLE Co,0000080424,2021-07-30,none,neutral,1,False,Procter & Gamble Company; PG; PG21; PG22B; PG23A; PG24A; PG24B; New York Stock Exchange,
PG_0000080424-21-000091_chunk001,PROCTER & GAMBLE Co,0000080424,2021-07-30,none,neutral,1,False,The Procter & Gamble Company; New York Stock Exchange,
PG_0000080424-21-000091_chunk002,PROCTER & GAMBLE Co,0000080424,2021-07-30,none,neutral,1,False,The Procter & Gamble Company,
PG_0000080424-21-000083_chunk000,PROCTER & GAMBLE Co,0000080424,2021-07-30,regulatory,neutral,2,False,Procter & Gamble Company; NYSE; PG21; PG22B; PG23A; PG24A; PG24B; PG25; PG27,
PG_0000080424-21-000083_chunk001,PROCTER & GAMBLE Co,0000080424,2021-07-30,none,neutral,1,False,The Procter & Gamble Company; NYSE; USD; EUR; GBP,
PG_0000080424-21-000096_chunk000,PROCTER & GAMBLE Co,0000080424,2021-08-05,none,neutral,1,False,Procter & Gamble Company; New York Stock Exchange; PG; PG21; PG22B; PG23A; PG24A; PG24B,
PG_0000080424-21-000096_chunk001,PROCTER & GAMBLE Co,0000080424,2021-08-05,leadership,negative,3,False,The Procter & Gamble Company; Nelson Peltz; New York Stock Exchange,
PG_0000080424-21-000096_chunk002,PROCTER & GAMBLE Co,0000080424,2021-08-05,leadership,negative,3,False,The Procter & Gamble Company; Mr. Peltz,
PG_0000080424-21-000114_chunk000,PROCTER & GAMBLE Co,0000080424,2021-10-12,none,neutral,1,False,Procter & Gamble Company; United States; Securities and Exchange Commission; Ohio; Cincinnati; 513-983-1100; New York Stock Exchange; PG; PG21; PG22B; PG23A; PG24A; PG24B; PG25,
PG_0000080424-21-000114_chunk001,PROCTER & GAMBLE Co,0000080424,2021-10-12,none,neutral,1,False,The Procter & Gamble Company; McDonald’s Corporation; New York Stock Exchange; $0.8698; PG24A; PG24B; PG25; PG27A; PG28; PG29B; PG29A; PG30; PG33; PG38,
PG_0000080424-21-000114_chunk002,PROCTER & GAMBLE Co,0000080424,2021-10-12,none,neutral,1,False,"The Procter & Gamble Company; SEC; October 12, 2021",
PG_0000080424-21-000116_chunk000,PROCTER & GAMBLE Co,0000080424,2021-10-15,none,positive,1,False,"The Procter & Gamble Company; Allen, B. Marc; Braly, Angela F.; Chang, Amy L.; Jimenez, Joseph; Kempczinski, Christopher; Lee, Debra L.; Lundgren, Terry J.; McCarthy, Christine M.; Moeller, Jon R.; Taylor, David S.; Whitman, Margaret C.; Woertz, Patricia A.",
PG_0000080424-21-000116_chunk001,PROCTER & GAMBLE Co,0000080424,2021-10-15,none,neutral,2,False,"Woertz, Patricia A.; SEC; Say on Pay; non-management employees",
PG_0000080424-21-000125_chunk000,PROCTER & GAMBLE Co,0000080424,2021-10-19,none,neutral,1,False,Procter & Gamble Company; PG; PG21; PG22B; PG23A; PG24A; PG24B; New York Stock Exchange,
PG_0000080424-21-000125_chunk001,PROCTER & GAMBLE Co,0000080424,2021-10-19,none,neutral,1,False,The Procter & Gamble Company; New York Stock Exchange,
PG_0000080424-21-000125_chunk002,PROCTER & GAMBLE Co,0000080424,2021-10-19,none,neutral,1,False,The Procter & Gamble Company,
PG_0000080424-21-000123_chunk000,PROCTER & GAMBLE Co,0000080424,2021-10-19,regulatory,neutral,2,False,Procter & Gamble Company; NYSE; PG21; PG22B; PG23A; PG24A; PG24B; PG25; PG27A,
PG_0000080424-21-000123_chunk001,PROCTER & GAMBLE Co,0000080424,2021-10-19,none,neutral,1,False,The Procter & Gamble Company; NYSE; PG24B; PG25; PG27A; PG28; PG29B; PG29A; PG30; PG33; PG38,
PG_0001193125-21-321765_chunk000,PROCTER & GAMBLE Co,0000080424,2021-11-05,none,positive,1,False,"The Procter & Gamble Company; Jennifer Henkel; Fried, Frank, Harris, Shriver & Jacobson LLP",
PG_0001193125-21-323196_chunk000,PROCTER & GAMBLE Co,0000080424,2021-11-08,none,neutral,1,False,"The Procter & Gamble Company; Jennifer Henkel; Fried, Frank, Harris, Shriver & Jacobson LLP",
PG_0000080424-21-000138_chunk000,PROCTER & GAMBLE Co,0000080424,2021-12-10,none,neutral,1,False,Procter & Gamble Company; New York Stock Exchange; PG22B; PG23A; PG24A; PG24B; PG25,
PG_0000080424-21-000138_chunk001,PROCTER & GAMBLE Co,0000080424,2021-12-10,leadership,neutral,2,False,The Procter & Gamble Company; U.S. Senate; Margaret C. Whitman,
PG_0000080424-21-000138_chunk002,PROCTER & GAMBLE Co,0000080424,2021-12-10,leadership,neutral,2,False,The Procter & Gamble Company; Margaret C. Whitman; U.S. Senate,
PG_0000080424-22-000002_chunk000,PROCTER & GAMBLE Co,0000080424,2022-01-11,none,neutral,1,False,Procter & Gamble Company; New York Stock Exchange; PG22B; PG23A; PG24A; PG24B; PG25; PG26D,
PG_0000080424-22-000002_chunk001,PROCTER & GAMBLE Co,0000080424,2022-01-11,none,neutral,1,False,The Procter & Gamble Company; New York Stock Exchange; $0.8698; Series A and Series B ESOP Convertible Class A Preferred Stock,
PG_0000080424-22-000002_chunk002,PROCTER & GAMBLE Co,0000080424,2022-01-11,none,neutral,1,False,The Procter & Gamble Company,
PG_0000080424-22-000004_chunk000,PROCTER & GAMBLE Co,0000080424,2022-01-12,none,neutral,1,False,Procter & Gamble Company; New York Stock Exchange; PG22B; PG23A; PG24A; PG24B; PG25,
PG_0000080424-22-000004_chunk001,PROCTER & GAMBLE Co,0000080424,2022-01-12,leadership,negative,3,False,The Procter & Gamble Company; Michael G. Homan,
PG_0000080424-22-000004_chunk002,PROCTER & GAMBLE Co,0000080424,2022-01-12,leadership,positive,2,False,The Procter & Gamble Company; Matthew W. Janzaruk,
PG_0000080424-22-000014_chunk000,PROCTER & GAMBLE Co,0000080424,2022-01-19,none,neutral,1,False,Procter & Gamble Company; New York Stock Exchange; PG22B; PG23A; PG24A; PG24B; PG25; PG26D,
PG_0000080424-22-000014_chunk001,PROCTER & GAMBLE Co,0000080424,2022-01-19,operational,neutral,2,False,The Procter & Gamble Company; New York Stock Exchange; EU; GBP; USD,
PG_0000080424-22-000014_chunk002,PROCTER & GAMBLE Co,0000080424,2022-01-19,financial,neutral,2,False,The Procter & Gamble Company,
PG_0000080424-22-000011_chunk000,PROCTER & GAMBLE Co,0000080424,2022-01-19,regulatory,neutral,2,False,Procter & Gamble Company; NYSE; PG22B; PG23A; PG24A; PG24B; PG25; PG26D; PG27,
PG_0000080424-22-000011_chunk001,PROCTER & GAMBLE Co,0000080424,2022-01-19,none,neutral,1,False,The Procter & Gamble Company; NYSE; 2025; 2026; EUR; GBP; 2030; 2031; 2033; 2038; 2041; 2022,
PG_0001193125-22-024644_chunk000,PROCTER & GAMBLE Co,0000080424,2022-02-01,none,positive,1,False,"The Procter & Gamble Company; Jennifer Henkel; Fried, Frank, Harris, Shriver & Jacobson LLP",
PG_0001193125-22-031163_chunk000,PROCTER & GAMBLE Co,0000080424,2022-02-08,none,neutral,1,False,"The Procter & Gamble Company; Floating Rate Notes; Jennifer Henkel; Fried, Frank, Harris, Shriver & Jacobson LLP",
PG_0000080424-22-000022_chunk000,PROCTER & GAMBLE Co,0000080424,2022-04-12,regulatory,neutral,2,False,Procter & Gamble Company; New York Stock Exchange; PG22B; PG23A; PG24A; PG24B; PG25; PG26D,
PG_0000080424-22-000022_chunk001,PROCTER & GAMBLE Co,0000080424,2022-04-12,none,neutral,1,False,The Procter & Gamble Company; New York Stock Exchange; $0.9133; Common Stock; Series A and Series B ESOP Convertible Class A Preferred Stock,
PG_0000080424-22-000022_chunk002,PROCTER & GAMBLE Co,0000080424,2022-04-12,financial,neutral,2,False,The Procter & Gamble Company; SEC,
PG_0000080424-22-000025_chunk000,PROCTER & GAMBLE Co,0000080424,2022-04-14,none,neutral,1,False,Procter & Gamble Company; New York Stock Exchange; PG22B; PG23A; PG24A; PG24B; PG25,
PG_0000080424-22-000025_chunk001,PROCTER & GAMBLE Co,0000080424,2022-04-14,leadership,negative,3,False,The Procter & Gamble Company; New York Stock Exchange; David S. Taylor; Jon R. Moeller,
PG_0000080424-22-000025_chunk002,PROCTER & GAMBLE Co,0000080424,2022-04-14,leadership,neutral,2,False,The Procter & Gamble Company; David S. Taylor; Jon R. Moeller; Joseph Jimenez,
PG_0000080424-22-000032_chunk000,PROCTER & GAMBLE Co,0000080424,2022-04-20,none,neutral,1,False,Procter & Gamble Company; New York Stock Exchange; PG22B; PG23A; PG24A; PG24B; PG25; PG26D,
PG_0000080424-22-000032_chunk001,PROCTER & GAMBLE Co,0000080424,2022-04-20,regulatory,neutral,2,True,The Procter & Gamble Company; New York Stock Exchange,
PG_0000080424-22-000032_chunk002,PROCTER & GAMBLE Co,0000080424,2022-04-20,financial,neutral,2,False,The Procter & Gamble Company,
PG_0000080424-22-000029_chunk000,PROCTER & GAMBLE Co,0000080424,2022-04-20,regulatory,neutral,2,False,Procter & Gamble Company; NYSE; PG22B; PG23A; PG24A; PG24B; PG25; PG26D; PG27,
PG_0000080424-22-000029_chunk001,PROCTER & GAMBLE Co,0000080424,2022-04-20,none,neutral,1,False,The Procter & Gamble Company; NYSE,
PG_0000080424-22-000044_chunk000,PROCTER & GAMBLE Co,0000080424,2022-07-12,regulatory,neutral,2,False,Procter & Gamble Company; New York Stock Exchange; PG22B; PG23A; PG24A; PG24B; PG25; PG26D,
PG_0000080424-22-000044_chunk001,PROCTER & GAMBLE Co,0000080424,2022-07-12,none,neutral,1,False,The Procter & Gamble Company; New York Stock Exchange; $0.9133; PG24B; PG25; PG26D; PG27A; PG28; PG29B; PG29A; PG30; PG30C; PG31A; PG33; PG38; PG41,
PG_0000080424-22-000044_chunk002,PROCTER & GAMBLE Co,0000080424,2022-07-12,none,neutral,1,False,The Procter & Gamble Company,
PG_0000080424-22-000053_chunk000,PROCTER & GAMBLE Co,0000080424,2022-07-29,none,neutral,1,False,Procter & Gamble Company; New York Stock Exchange; PG22B; PG23A; PG24A; PG24B; PG25; PG26D,
PG_0000080424-22-000053_chunk001,PROCTER & GAMBLE Co,0000080424,2022-07-29,regulatory,neutral,2,True,The Procter & Gamble Company; New York Stock Exchange; EU; GBP; USD,
PG_0000080424-22-000053_chunk002,PROCTER & GAMBLE Co,0000080424,2022-07-29,financial,neutral,2,False,The Procter & Gamble Company,
PG_0000080424-22-000051_chunk000,PROCTER & GAMBLE Co,0000080424,2022-07-29,regulatory,neutral,2,False,Procter & Gamble Company; NYSE; PG22B; PG23A; PG24A; PG24B; PG25; PG26D; EUR,
PG_0000080424-22-000051_chunk001,PROCTER & GAMBLE Co,0000080424,2022-07-29,none,neutral,1,False,The Procter & Gamble Company; NYSE; 2025; 2026; EUR; GBP; 2030; 2031; 2033; 2038; 2041; 2038; 2041; 2030; 2031; 2033,
PG_0000080424-22-000074_chunk000,PROCTER & GAMBLE Co,0000080424,2022-10-11,regulatory,neutral,2,False,Procter & Gamble Company; New York Stock Exchange; PG23A; PG24A; PG24B; PG25; PG26D; PG27A,
PG_0000080424-22-000074_chunk001,PROCTER & GAMBLE Co,0000080424,2022-10-11,none,neutral,1,False,The Procter & Gamble Company; FedEx Corporation; New York Stock Exchange; PG25; PG26D; PG27A; PG28; PG29B; PG29A; PG30; PG30C; PG31A; PG33; PG38; PG41,
PG_0000080424-22-000074_chunk002,PROCTER & GAMBLE Co,0000080424,2022-10-11,none,positive,1,False,The Procter & Gamble Company; SEC; Common Stock; Series A and Series B ESOP Convertible Class A Preferred Stock,
PG_0000080424-22-000086_chunk000,PROCTER & GAMBLE Co,0000080424,2022-10-14,none,positive,1,False,"The Procter & Gamble Company; Allen, B. Marc; Braly, Angela F. Angela; Chang, Amy L.; Jimenez, Joseph; Kempczinski, Christopher; Lee, Debra L.; Lundgren, Terry J.; McCarthy, Christine M.; Moeller, Jon R.; Patricia A. Woertz; Rajesh Subramaniam",
PG_0000080424-22-000086_chunk001,PROCTER & GAMBLE Co,0000080424,2022-10-14,none,positive,1,False,Company; security holders,
PG_0000080424-22-000099_chunk000,PROCTER & GAMBLE Co,0000080424,2022-10-19,none,neutral,1,False,Procter & Gamble Company; New York Stock Exchange; PG; PG23A; PG24A; PG24B; PG25; PG26D; PG27A,
PG_0000080424-22-000099_chunk001,PROCTER & GAMBLE Co,0000080424,2022-10-19,operational,neutral,2,False,The Procter & Gamble Company; New York Stock Exchange,
PG_0000080424-22-000099_chunk002,PROCTER & GAMBLE Co,0000080424,2022-10-19,financial,neutral,2,False,The Procter & Gamble Company,
PG_0000080424-22-000097_chunk000,PROCTER & GAMBLE Co,0000080424,2022-10-19,regulatory,neutral,2,False,Procter & Gamble Company; NYSE; PG23A; PG24A; PG24B; PG25; PG26D; PG27A; PG28,
PG_0000080424-22-000097_chunk001,PROCTER & GAMBLE Co,0000080424,2022-10-19,none,neutral,1,False,The Procter & Gamble Company; NYSE,
PG_0000080424-22-000109_chunk000,PROCTER & GAMBLE Co,0000080424,2022-12-13,none,neutral,1,False,Procter & Gamble Company; New York Stock Exchange; PG23A; PG24A; PG24B; PG25; PG26D; PG27A,
PG_0000080424-22-000109_chunk001,PROCTER & GAMBLE Co,0000080424,2022-12-13,regulatory,neutral,2,False,The Procter & Gamble Company; New York Stock Exchange; PG25; PG26D; PG27A; PG28; PG29B; PG29A; PG30; PG30C; PG31A; PG33; PG38; PG41,
PG_0000080424-22-000109_chunk002,PROCTER & GAMBLE Co,0000080424,2022-12-13,regulatory,neutral,2,False,The Procter & Gamble Company; Securities Exchange Act of 1934; Rule 14a-19,
PG_0000080424-23-000003_chunk000,PROCTER & GAMBLE Co,0000080424,2023-01-10,regulatory,neutral,2,False,Procter & Gamble Company; New York Stock Exchange; PG23A; PG24A; PG24B; PG25; PG26D; PG27A,
PG_0000080424-23-000003_chunk001,PROCTER & GAMBLE Co,0000080424,2023-01-10,none,neutral,1,False,The Procter & Gamble Company; New York Stock Exchange; Common Stock; Series A and Series B ESOP Convertible Class A Preferred Stock,
PG_0000080424-23-000003_chunk002,PROCTER & GAMBLE Co,0000080424,2023-01-10,regulatory,neutral,2,False,The Procter & Gamble Company,
PG_0000080424-23-000010_chunk000,PROCTER & GAMBLE Co,0000080424,2023-01-19,none,neutral,1,False,Procter & Gamble Company; New York Stock Exchange; PG23A; PG24A; PG24B; PG25; PG26D; PG27A,
PG_0000080424-23-000010_chunk001,PROCTER & GAMBLE Co,0000080424,2023-01-19,operational,neutral,2,False,The Procter & Gamble Company; New York Stock Exchange,
PG_0000080424-23-000010_chunk002,PROCTER & GAMBLE Co,0000080424,2023-01-19,none,neutral,1,False,The Procter & Gamble Company,
PG_0000080424-23-000008_chunk000,PROCTER & GAMBLE Co,0000080424,2023-01-19,regulatory,neutral,2,False,Procter & Gamble Company; NYSE; PG23A; PG24A; PG24B; PG25; PG26D; PG27A; PG28,
PG_0000080424-23-000008_chunk001,PROCTER & GAMBLE Co,0000080424,2023-01-19,none,neutral,1,False,The Procter & Gamble Company; NYSE; PG26D; PG27A; PG28; PG29B; PG29A; PG30; PG30C; PG31A; PG33; PG38; PG41,
PG_0001193125-23-016270_chunk000,PROCTER & GAMBLE Co,0000080424,2023-01-26,none,neutral,1,False,"The Procter & Gamble Company; Jennifer Henkel; Fried, Frank, Harris, Shriver & Jacobson LLP",
PG_0001193125-23-024268_chunk000,PROCTER & GAMBLE Co,0000080424,2023-02-03,none,neutral,1,False,"The Procter & Gamble Company; Floating Rate Notes; Jennifer Henkel; Fried, Frank, Harris, Shriver & Jacobson LLP",
PG_0000080424-23-000027_chunk000,PROCTER & GAMBLE Co,0000080424,2023-04-11,regulatory,neutral,2,False,Procter & Gamble Company; NYSE; PG23A; PG24A; PG24B; PG25; PG26D; PG27A; PG28,
PG_0000080424-23-000027_chunk001,PROCTER & GAMBLE Co,0000080424,2023-04-11,leadership,positive,2,False,"The Procter & Gamble Company; World Wildlife Fund, Inc.; Robert Portman; Sheila Bonini",
PG_0000080424-23-000027_chunk002,PROCTER & GAMBLE Co,0000080424,2023-04-11,regulatory,positive,2,True,"Ms. Bonini; Mr. Portman; WWF-US; $550,000",
PG_0000080424-23-000027_chunk003,PROCTER & GAMBLE Co,0000080424,2023-04-11,none,neutral,1,False,The Procter & Gamble Company,
PG_0000080424-23-000026_chunk000,PROCTER & GAMBLE Co,0000080424,2023-04-11,regulatory,neutral,2,False,Procter & Gamble Company; NYSE; PG23A; PG24A; PG24B; PG25; PG26D; PG27A; PG28,
PG_0000080424-23-000026_chunk001,PROCTER & GAMBLE Co,0000080424,2023-04-11,none,neutral,1,False,The Procter & Gamble Company; NYSE; Common Stock; Series A and Series B ESOP Convertible Class A Preferred Stock,
PG_0000080424-23-000026_chunk002,PROCTER & GAMBLE Co,0000080424,2023-04-11,financial,positive,2,False,The Procter & Gamble Company,
PG_0000080424-23-000043_chunk000,PROCTER & GAMBLE Co,0000080424,2023-04-21,none,neutral,1,False,Procter & Gamble Company; New York Stock Exchange; PG; PG23A; PG24A; PG24B; PG25; PG26D; PG27A; PG28,
PG_0000080424-23-000043_chunk001,PROCTER & GAMBLE Co,0000080424,2023-04-21,none,neutral,1,False,The Procter & Gamble Company; NYSE; EU; GBP; 2026; 2027; 2028; 2029; 2030; 2031; 2033; 2038; 2041; 2033; 2038; 2041,
PG_0000080424-23-000039_chunk000,PROCTER & GAMBLE Co,0000080424,2023-04-21,regulatory,neutral,2,False,Procter & Gamble Company; NYSE; PG23A; PG24A; PG24B; PG25; PG26D; PG27A; PG28,
PG_0000080424-23-000039_chunk001,PROCTER & GAMBLE Co,0000080424,2023-04-21,none,neutral,1,False,The Procter & Gamble Company; NYSE,
PG_0001193125-23-132560_chunk000,PROCTER & GAMBLE Co,0000080424,2023-05-02,none,positive,1,False,"The Procter & Gamble Company; Jennifer Henkel; Fried, Frank, Harris, Shriver & Jacobson LLP",
PG_0000080424-23-000056_chunk000,PROCTER & GAMBLE Co,0000080424,2023-07-11,none,neutral,1,False,Procter & Gamble Company; NYSE; PG23A; PG24A; PG24B; PG25; PG26D; PG26F; PG27A,
PG_0000080424-23-000056_chunk001,PROCTER & GAMBLE Co,0000080424,2023-07-11,none,neutral,1,False,The Procter & Gamble Company; NYSE; Common Stock; Series A and Series B ESOP Convertible Class A Preferred Stock,
PG_0000080424-23-000056_chunk002,PROCTER & GAMBLE Co,0000080424,2023-07-11,none,neutral,1,False,The Procter & Gamble Company,
PG_0000080424-23-000061_chunk000,PROCTER & GAMBLE Co,0000080424,2023-07-28,none,neutral,1,False,Procter & Gamble Company; NYSE; PG23A; PG24A; PG24B; PG25; PG26D; PG26E; PG27A,
PG_0000080424-23-000061_chunk001,PROCTER & GAMBLE Co,0000080424,2023-07-28,operational,neutral,2,False,The Procter & Gamble Company; NYSE; USD; EUR; GBP; 2026; 2027; 2028; 2029; 2030; 2031; 2033; 2038; 2041,
PG_0000080424-23-000061_chunk002,PROCTER & GAMBLE Co,0000080424,2023-07-28,none,neutral,1,False,The Procter & Gamble Company,
PG_0000080424-23-000059_chunk000,PROCTER & GAMBLE Co,0000080424,2023-07-28,none,neutral,1,False,Procter & Gamble Company; NYSE; PG23A; PG24A; PG24B; PG25; PG26D; PG26E,
PG_0000080424-23-000059_chunk001,PROCTER & GAMBLE Co,0000080424,2023-07-28,none,neutral,1,False,The Procter & Gamble Company; NYSE; PG25; PG26D; PG26E; PG27A; PG28; PG29B; PG29A; PG30; PG30C; PG31A; PG31B; PG33; PG38; PG41,
PG_0000080424-23-000088_chunk000,PROCTER & GAMBLE Co,0000080424,2023-10-10,regulatory,neutral,2,False,Procter & Gamble Company; NYSE; PG23A; PG24A; PG24B; PG25; PG26D; PG26E; PG27A; PG27A,
PG_0000080424-23-000088_chunk001,PROCTER & GAMBLE Co,0000080424,2023-10-10,none,neutral,1,False,"The Procter & Gamble Company; Walmart, Inc; Brett Biggs; NYSE; Common Stock; Series A and Series B ESOP Convertible Class A Preferred Stock",
PG_0000080424-23-000088_chunk002,PROCTER & GAMBLE Co,0000080424,2023-10-10,none,positive,1,False,The Procter & Gamble Company,
PG_0000080424-23-000090_chunk000,PROCTER & GAMBLE Co,0000080424,2023-10-13,none,positive,1,False,"The Procter & Gamble Company; Allen, B. Marc; Brett Biggs; Sheila Bonini; Angela F. Braly; Joseph Jimenez; Christopher Kempczinski; Debra L. Lee; Terry J. Lundgren; Christine M. McCarthy; Jon R. Moeller; Robert J. Portman",
PG_0000080424-23-000090_chunk001,PROCTER & GAMBLE Co,0000080424,2023-10-13,regulatory,neutral,2,False,"Portman, Robert J.; Subramaniam, Rajesh; Woertz, Patricia A.; Say on Pay; Say on Frequency; Civil Rights Audit of Reverse Discrimination; Annual Report on Operations in China",
PG_0000080424-23-000090_chunk002,PROCTER & GAMBLE Co,0000080424,2023-10-13,none,neutral,2,False,Company; security holders,
PG_0000080424-23-000096_chunk000,PROCTER & GAMBLE Co,0000080424,2023-10-18,none,neutral,1,False,Procter & Gamble Company; NYSE; PG23A; PG24A; PG24B; PG25; PG26D; PG26E; PG27A,
PG_0000080424-23-000096_chunk001,PROCTER & GAMBLE Co,0000080424,2023-10-18,none,neutral,1,False,,no JSON object found in response
PG_0000080424-23-000096_chunk002,PROCTER & GAMBLE Co,0000080424,2023-10-18,none,neutral,1,False,The Procter & Gamble Company,
PG_0000080424-23-000094_chunk000,PROCTER & GAMBLE Co,0000080424,2023-10-18,regulatory,neutral,2,False,Procter & Gamble Company; NYSE; PG23A; PG24A; PG24B; PG25; PG26D; PG26E,
PG_0000080424-23-000094_chunk001,PROCTER & GAMBLE Co,0000080424,2023-10-18,none,neutral,1,False,The Procter & Gamble Company; NYSE; PG26D; PG26E; PG27A; PG28; PG29B; PG29A; PG30; PG30C; PG31A; PG31B; PG33; PG38; PG41,
PG_0001193125-23-268205_chunk000,PROCTER & GAMBLE Co,0000080424,2023-11-01,none,neutral,1,False,"The Procter & Gamble Company; Fried, Frank, Harris, Shriver & Jacobson LLP",
PG_0000080424-23-000107_chunk000,PROCTER & GAMBLE Co,0000080424,2023-12-05,financial,negative,4,True,The Procter & Gamble Company; Argentina; Nigeria; U.S. dollar,
PG_0000080424-23-000107_chunk001,PROCTER & GAMBLE Co,0000080424,2023-12-05,operational,negative,4,True,Company; Russia-Ukraine War,
PG_0000080424-23-000107_chunk002,PROCTER & GAMBLE Co,0000080424,2023-12-05,operational,negative,4,True,Ukraine War; terrorism; disease outbreaks; commodities; raw materials; labor; transportation; energy; pension; healthcare; intellectual property; competitors; sales channels; customer relationships; reputation; brand equity; suppliers; contract manufacturers; distributors; contractors; external business partners; company and third-party information and operational technology systems; political and geopolitical conditions; exchange rate fluctuations; market contraction; regulatory and legal requirements; tax laws; acquisition; divestiture; joint venture activities; productivity improvements; cost savings; organizational changes; key employees; growth markets,
PG_0000080424-23-000107_chunk003,PROCTER & GAMBLE Co,0000080424,2023-12-05,operational,neutral,3,True,company; governmental responses; Russia; Ukraine,
PG_0000080424-23-000114_chunk000,PROCTER & GAMBLE Co,0000080424,2023-12-13,none,neutral,1,False,Procter & Gamble Company; NYSE; PG24A; PG24B; PG25; PG26D; PG26E; PG27A; PG27A; PG28,
PG_0000080424-23-000114_chunk001,PROCTER & GAMBLE Co,0000080424,2023-12-13,leadership,positive,2,False,The Procter & Gamble Company; Ashley McEvoy; Johnson & Johnson,
PG_0000080424-23-000114_chunk002,PROCTER & GAMBLE Co,0000080424,2023-12-13,none,positive,1,False,The Procter & Gamble Company; Ms. McEvoy,
PG_0000080424-24-000004_chunk000,PROCTER & GAMBLE Co,0000080424,2024-01-09,regulatory,neutral,2,False,Procter & Gamble Company; NYSE; PG24A; PG24B; PG25; PG26D; PG26E; PG27A; PG28,
PG_0000080424-24-000004_chunk001,PROCTER & GAMBLE Co,0000080424,2024-01-09,none,neutral,1,False,The Procter & Gamble Company; NYSE; EUR; GBP; Notes due 2026; Notes due May 2027; Notes due 2028; Notes due 2029; Notes due January 2030; Notes due 2030; Notes due 2031; Notes due 2038; Notes due 2041; Notes due 2033,
PG_0000080424-24-000004_chunk002,PROCTER & GAMBLE Co,0000080424,2024-01-09,regulatory,neutral,2,False,The Procter & Gamble Company,
PG_0000080424-24-000015_chunk000,PROCTER & GAMBLE Co,0000080424,2024-01-23,regulatory,neutral,2,False,Procter & Gamble Company; NYSE; PG24A; PG24B; PG25; PG26D; PG26E; PG27A; PG28,
PG_0000080424-24-000015_chunk001,PROCTER & GAMBLE Co,0000080424,2024-01-23,none,neutral,1,False,The Procter & Gamble Company; NYSE; EUR; GBP; Notes due 2026; Notes due 2027; Notes due 2028; Notes due 2029; Notes due 2030; Notes due 2031; Notes due 2038; Notes due 2041; Notes due 2033,
PG_0000080424-24-000013_chunk000,PROCTER & GAMBLE Co,0000080424,2024-01-23,regulatory,neutral,2,False,Procter & Gamble Company; NYSE; PG24A; PG24B; PG25; PG26D; PG26E; PG27A; PG,
PG_0000080424-24-000013_chunk001,PROCTER & GAMBLE Co,0000080424,2024-01-23,none,neutral,1,False,The Procter & Gamble Company; NYSE; EUR; GBP; Notes due 2026; Notes due May 2027; Notes due 2028; Notes due 2029; Notes due 2029; Notes due January 2030; Notes due 2030; Notes due 2031; Notes due 2031; Notes due January 2033; Notes due 2038; Notes due 2041; Notes due 2038; Notes due 2041; Notes due 2041,
PG_0001193125-24-018146_chunk000,PROCTER & GAMBLE Co,0000080424,2024-01-29,none,positive,1,False,"The Procter & Gamble Company; Jennifer Henkel; Fried, Frank, Harris, Shriver & Jacobson LLP",
PG_0000080424-24-000030_chunk000,PROCTER & GAMBLE Co,0000080424,2024-04-09,none,neutral,1,False,Procter & Gamble Company; NYSE; PG24A; PG24B; PG25; PG26D; PG26E; PG27A; PG28,
PG_0000080424-24-000030_chunk001,PROCTER & GAMBLE Co,0000080424,2024-04-09,leadership,neutral,2,False,Angela F. Braly; The Procter & Gamble Company; NYSE,
PG_0000080424-24-000029_chunk000,PROCTER & GAMBLE Co,0000080424,2024-04-09,regulatory,neutral,2,False,Procter & Gamble Company; NYSE; PG24A; PG24B; PG25; PG26D; PG26E; PG27A; PG28,
PG_0000080424-24-000029_chunk001,PROCTER & GAMBLE Co,0000080424,2024-04-09,none,neutral,1,False,The Procter & Gamble Company; NYSE; EUR Notes; GBP Notes; PG26E; PG27A; PG28; PG29B; PG29A; PG30; PG30C; PG31A; PG31B; PG33; PG38; PG41,
PG_0000080424-24-000029_chunk002,PROCTER & GAMBLE Co,0000080424,2024-04-09,none,neutral,1,False,The Procter & Gamble Company,
PG_0000080424-24-000048_chunk000,PROCTER & GAMBLE Co,0000080424,2024-04-19,none,neutral,1,False,Procter & Gamble Company; NYSE; PG24A; PG24B; PG25; PG26D; PG26E; PG27A; PG28,
PG_0000080424-24-000048_chunk001,PROCTER & GAMBLE Co,0000080424,2024-04-19,none,neutral,1,False,The Procter & Gamble Company; NYSE; EUR; GBP; Notes due 2026; Notes due May 2027; Notes due 2028; Notes due 2029; Notes due January 2030; Notes due 2030; Notes due 2031; Notes due 2038; Notes due 2041; Notes due 2033,
PG_0000080424-24-000046_chunk000,PROCTER & GAMBLE Co,0000080424,2024-04-19,regulatory,neutral,2,False,Procter & Gamble Company; NYSE; PG24A; PG24B; PG25; PG26D; PG26E; PG27A; PG,
PG_0000080424-24-000046_chunk001,PROCTER & GAMBLE Co,0000080424,2024-04-19,none,neutral,1,False,The Procter & Gamble Company; NYSE; EUR; GBP; Notes; 2026; 2027; 2028; 2029; 2030; 2031; 2033; 2038; 2041,
PG_0001193125-24-122626_chunk000,PROCTER & GAMBLE Co,0000080424,2024-04-29,none,neutral,1,False,"The Procter & Gamble Company; Jennifer Henkel; Fried, Frank, Harris, Shriver & Jacobson LLP",
PG_0000080424-24-000063_chunk000,PROCTER & GAMBLE Co,0000080424,2024-07-09,regulatory,neutral,2,False,Procter & Gamble Company; NYSE; PG24A; PG24B; PG25; PG26D; PG26F; PG27A; PG28,
PG_0000080424-24-000063_chunk001,PROCTER & GAMBLE Co,0000080424,2024-07-09,none,positive,1,False,The Procter & Gamble Company; NYSE; $1.0065; Common Stock; Series A and Series B ESOP Convertible Class A Preferred Stock,
PG_0000080424-24-000063_chunk002,PROCTER & GAMBLE Co,0000080424,2024-07-09,financial,neutral,2,False,The Procter & Gamble Company,
PG_0000080424-24-000073_chunk000,PROCTER & GAMBLE Co,0000080424,2024-07-30,regulatory,neutral,2,False,Procter & Gamble Company; NYSE; PG24A; PG24B; PG25; PG26D; PG26F; PG27A; PG28,
PG_0000080424-24-000073_chunk001,PROCTER & GAMBLE Co,0000080424,2024-07-30,none,neutral,1,False,The Procter & Gamble Company; NYSE; EUR; GBP; Notes due 2026; Notes due 2027; Notes due 2028; Notes due 2029; Notes due 2030; Notes due 2031; Notes due 2033; Notes due 2034; Notes due 2038; Notes due 2041; Notes due 2030; Notes due 2031; Notes due 2033; Notes due 2034; Notes due 2038; Notes due 2041,
PG_0000080424-24-000073_chunk002,PROCTER & GAMBLE Co,0000080424,2024-07-30,financial,neutral,2,False,The Procter & Gamble Company,
PG_0000080424-24-000071_chunk000,PROCTER & GAMBLE Co,0000080424,2024-07-30,regulatory,neutral,2,False,Procter & Gamble Company; NYSE; PG24A; PG24B; PG25; PG26D; PG26F; PG27A; PG28,
PG_0000080424-24-000071_chunk001,PROCTER & GAMBLE Co,0000080424,2024-07-30,none,neutral,1,False,The Procter & Gamble Company; NYSE,
PG_0000080424-24-000098_chunk000,PROCTER & GAMBLE Co,0000080424,2024-10-08,none,neutral,1,False,Procter & Gamble Company; NYSE; PG24A; PG24B; PG25; PG26D; PG26F; PG27A; PG28,
PG_0000080424-24-000098_chunk001,PROCTER & GAMBLE Co,0000080424,2024-10-08,none,neutral,1,False,The Procter & Gamble Company; NYSE; EUR; GBP; Notes; 2026; 2027; 2028; 2030; 2031; 2033; 2034; 2038; 2041; PG26F; PG27A; PG28; PG28B; PG29A; PG29B; PG30; PG30C; PG31A; PG31B; PG33; PG34C; PG38; PG41,
PG_0000080424-24-000098_chunk002,PROCTER & GAMBLE Co,0000080424,2024-10-08,none,neutral,1,False,The Procter & Gamble Company,
PG_0000080424-24-000100_chunk000,PROCTER & GAMBLE Co,0000080424,2024-10-10,none,positive,1,False,"The Procter & Gamble Company; Allen, B. Marc; Brett Biggs; Sheila Bonini; Amy L. Chang; Joseph Jimenez; Christopher Kempczinski; Debra L. Lee; Terry J. Lundgren; Christine M. McCarthy; Ashley McEvoy; Jon R. Moeller; Robert J. Portman",
PG_0000080424-24-000100_chunk001,PROCTER & GAMBLE Co,0000080424,2024-10-10,none,neutral,2,False,"Portman, Robert J.; Subramaniam, Rajesh; Woertz, Patricia A.; Company; security holders",
PG_0000080424-24-000110_chunk000,PROCTER & GAMBLE Co,0000080424,2024-10-18,regulatory,neutral,2,False,Procter & Gamble Company; NYSE; PG24A; PG24B; PG25; PG26D; PG26F; PG27A; PG28,
PG_0000080424-24-000110_chunk001,PROCTER & GAMBLE Co,0000080424,2024-10-18,none,neutral,1,False,,no JSON object found in response
PG_0000080424-24-000110_chunk002,PROCTER & GAMBLE Co,0000080424,2024-10-18,financial,neutral,2,False,The Procter & Gamble Company,
PG_0000080424-24-000108_chunk000,PROCTER & GAMBLE Co,0000080424,2024-10-18,regulatory,neutral,2,False,Procter & Gamble Company; NYSE; PG24A; PG24B; PG25; PG26D; PG26F; PG27A,
PG_0000080424-24-000108_chunk001,PROCTER & GAMBLE Co,0000080424,2024-10-18,none,neutral,1,False,The Procter & Gamble Company; NYSE; EUR; GBP; Notes; 2026; 2027; 2028; 2030; 2031; 2033; 2034; 2041,
PG_0000080424-24-000108_chunk002,PROCTER & GAMBLE Co,0000080424,2024-10-18,none,neutral,1,False,The Procter & Gamble Company,
PG_0001193125-24-242887_chunk000,PROCTER & GAMBLE Co,0000080424,2024-10-24,none,positive,1,False,"The Procter & Gamble Company; Jennifer Henkel; Fried, Frank, Harris, Shriver & Jacobson LLP",
PM_0001193125-21-025605_chunk000,Philip Morris International Inc.,0001413329,2021-02-02,financial,neutral,2,True,Philip Morris International Inc.; Citibank Europe PLC; $1.75 billion; $1.86 billion; LIBOR,
PM_0001193125-21-025605_chunk001,Philip Morris International Inc.,0001413329,2021-02-02,financial,neutral,3,False,PMI; lenders; 364-day Credit Agreement; Multi-year Credit Agreement,
PM_0001193125-21-025605_chunk002,Philip Morris International Inc.,0001413329,2021-02-02,none,neutral,1,False,"PMI; Citibank Europe PLC; Citibank, N.A.",
PM_0001413329-21-000003_chunk000,Philip Morris International Inc.,0001413329,2021-02-04,none,neutral,1,False,Philip Morris International Inc.; Securities and Exchange Commission,
PM_0001413329-21-000003_chunk001,Philip Morris International Inc.,0001413329,2021-02-04,none,neutral,1,False,"Philip Morris International Inc.; February 4, 2021; Conference Call Script; Webcast Slides; Cover Page Interactive Data File",
PM_0001413329-21-000010_chunk000,Philip Morris International Inc.,0001413329,2021-02-09,leadership,neutral,2,True,Philip Morris International Inc.; André Calantzopoulos; Emmanuel Babeau; Martin G. King; Jacek Olczak; Marc Firestone; Miroslaw Zielinski,
PM_0001413329-21-000010_chunk001,Philip Morris International Inc.,0001413329,2021-02-09,leadership,neutral,2,True,André Calantzopoulos; Emmanuel Babeau; Marc Firestone; Martin G. King; Jacek Olczak; U.S. Securities and Exchange Commission; CHF; US$,
PM_0001413329-21-000010_chunk002,Philip Morris International Inc.,0001413329,2021-02-09,leadership,neutral,2,True,Calantzopoulos; Olczak; Bonin Bough; Finance,
PM_0001413329-21-000010_chunk003,Philip Morris International Inc.,0001413329,2021-02-09,regulatory,neutral,2,False,Bonin Bough; Company; U.S. Securities and Exchange Commission,
PM_0001413329-21-000010_chunk004,Philip Morris International Inc.,0001413329,2021-02-09,none,neutral,1,False,Philip Morris International Inc.,
PM_0001413329-21-000012_chunk000,Philip Morris International Inc.,0001413329,2021-02-10,none,positive,1,False,Philip Morris International Inc.; PMI,
PM_0001413329-21-000015_chunk000,Philip Morris International Inc.,0001413329,2021-02-22,leadership,neutral,2,False,Philip Morris International Inc.; Jennifer Li; Board,
PM_0001413329-21-000020_chunk000,Philip Morris International Inc.,0001413329,2021-04-20,none,neutral,1,False,Philip Morris International Inc.; Securities and Exchange Commission,
PM_0001413329-21-000020_chunk001,Philip Morris International Inc.,0001413329,2021-04-20,regulatory,neutral,2,False,"Philip Morris International; Securities Act of 1933; April 20, 2021",
PM_0001413329-21-000027_chunk000,Philip Morris International Inc.,0001413329,2021-05-10,none,neutral,1,False,Philip Morris International Inc.; Brant Bonin Bough; André Calantzopoulos; Michel Combes; Juan José Daboub; Werner Geissler; Lisa A. Hook; Jun Makihara; Kalpana Morparia; Lucio A. Noto; Jacek Olczak; Frederik Paulsen; Robert B. Polet,
PM_0001413329-21-000027_chunk001,Philip Morris International Inc.,0001413329,2021-05-10,regulatory,neutral,2,False,Philip Morris International Inc.; Robert B. Polet; Shlomo Yanai; Lucio A. Noto; PWCoopers SA,
PM_0001413329-21-000034_chunk000,Philip Morris International Inc.,0001413329,2021-06-08,none,neutral,1,False,Philip Morris International Inc.; Deutsche Bank; Emmanuel Babeau,
PM_0001413329-21-000039_chunk000,Philip Morris International Inc.,0001413329,2021-06-11,none,positive,2,True,"Philip Morris International Inc.; SEC; June 11, 2021",
PM_0001413329-21-000045_chunk000,Philip Morris International Inc.,0001413329,2021-06-16,leadership,neutral,2,True,Philip Morris International Inc.; Martin King; Deepak Mishra; Andreas Kurali; Reginaldo Dobrowolski; CHF; USD,
PM_0001413329-21-000045_chunk001,Philip Morris International Inc.,0001413329,2021-06-16,none,positive,1,False,Martin G. King; Company; Mr. Dobrowolski; spouse; Global Head Corporate Finance & Treasury Planning; Vice President Treasury and Corporate Finance,
PM_0001413329-21-000048_chunk000,Philip Morris International Inc.,0001413329,2021-06-22,operational,neutral,2,True,Philip Morris International Inc.; Connecticut; New York,
PM_0001413329-21-000051_chunk000,Philip Morris International Inc.,0001413329,2021-07-07,regulatory,neutral,3,True,"PMI Global Services, Inc.; Philip Morris International Inc.; Claudio Topco B.V.; Bagger-Sorensen & Co. A/S; Fertin Pharma A/S",
PM_0001413329-21-000051_chunk001,Philip Morris International Inc.,0001413329,2021-07-07,regulatory,neutral,3,True,Buyer; Sellers; Bagger-Sorensen; Fertin; Danish law,
PM_0001413329-21-000051_chunk002,Philip Morris International Inc.,0001413329,2021-07-07,regulatory,neutral,2,False,"Claudio Topco B.V.; Bagger-Sorenson & Co. A/S; PMI Global Services, Inc.; Philip Morris International Inc.; Fertin Pharma A/S",
PM_0001413329-21-000053_chunk000,Philip Morris International Inc.,0001413329,2021-07-09,none,neutral,1,False,Philip Morris International Inc.; Vectura Group plc,
PM_0001413329-21-000055_chunk000,Philip Morris International Inc.,0001413329,2021-07-20,none,neutral,1,False,Philip Morris International Inc.; Securities and Exchange Commission,
PM_0001413329-21-000055_chunk001,Philip Morris International Inc.,0001413329,2021-07-20,none,neutral,1,False,Philip Morris International Inc.,
PM_0001413329-21-000060_chunk000,Philip Morris International Inc.,0001413329,2021-08-10,regulatory,neutral,2,False,Philip Morris International Inc.; OtiTopic; Vectura Group plc; The Carlyle Group Inc.,
PM_0001413329-21-000060_chunk001,Philip Morris International Inc.,0001413329,2021-08-10,none,neutral,1,False,,
PM_0001413329-21-000062_chunk000,Philip Morris International Inc.,0001413329,2021-08-16,none,neutral,1,False,Philip Morris International Inc; Vectura Group plc,
PM_0001413329-21-000065_chunk000,Philip Morris International Inc.,0001413329,2021-08-18,regulatory,neutral,2,False,Philip Morris International Inc.; Vectura Group plc,
PM_0001413329-21-000067_chunk000,Philip Morris International Inc.,0001413329,2021-08-19,none,neutral,1,False,Philip Morris International Inc.; Vectura Group plc,
PM_0001413329-21-000070_chunk000,Philip Morris International Inc.,0001413329,2021-08-20,leadership,neutral,3,True,Philip Morris International Inc.; Martin G. King; Philip Morris Services S.A.; CHF; USD,
PM_0001413329-21-000070_chunk001,Philip Morris International Inc.,0001413329,2021-08-20,legal,negative,3,False,Company; CHF; USD,
PM_0001413329-21-000073_chunk000,Philip Morris International Inc.,0001413329,2021-08-27,regulatory,neutral,2,False,Philip Morris International Inc.; SEC,
PM_0001413329-21-000075_chunk000,Philip Morris International Inc.,0001413329,2021-09-08,regulatory,neutral,1,False,Philip Morris International Inc.; Securities and Exchange Commission; Barclays Global Consumer Staples Conference,
PM_0001413329-21-000078_chunk000,Philip Morris International Inc.,0001413329,2021-09-16,regulatory,neutral,3,True,"PMI Global Services, Inc.; Philip Morris International Inc.; Claudio Holdco A/S; Fertin Pharma A/S; Japan Fair Trade Commission; Vectura Group plc",
PM_0001413329-21-000078_chunk001,Philip Morris International Inc.,0001413329,2021-09-16,regulatory,positive,2,False,"PMI Global Services, Inc.; Claudio Topco B.V.; Bagger-Sorens e.a.; Philip Morris International Inc.; Vectura Group plc",
PM_0001413329-21-000078_chunk002,Philip Morris International Inc.,0001413329,2021-09-16,none,positive,1,False,Philip Morris International Inc.; Vectura Group plc; Ferin Pharma A/S,
PM_0001413329-21-000080_chunk000,Philip Morris International Inc.,0001413329,2021-09-21,regulatory,neutral,3,False,"Philip Morris International Inc.; Vectura Group plc; PMI Global Services, Inc.; United Kingdom; London Stock Exchange",
PM_0001413329-21-000080_chunk001,Philip Morris International Inc.,0001413329,2021-09-21,none,neutral,1,False,Philip Morris International Inc.; Vectura Group plc; London Stock Exchange,
PM_0001193125-21-287277_chunk000,Philip Morris International Inc.,0001413329,2021-09-30,regulatory,neutral,3,True,"Philip Morris International Inc.; Citibank Europe PLC; Citibank, N.A.; U.S. Dollars; Euro",
PM_0001193125-21-287277_chunk001,Philip Morris International Inc.,0001413329,2021-09-30,financial,neutral,2,False,"PMI; lenders; Citibank Europe PLC; Citibank, N.A.",
PM_0001193125-21-287277_chunk002,Philip Morris International Inc.,0001413329,2021-09-30,financial,neutral,2,False,"PMI; Citibank Europe PLC; Citibank, N.A.",
PM_0001413329-21-000082_chunk000,Philip Morris International Inc.,0001413329,2021-10-01,regulatory,neutral,2,False,"Philip Morris International Inc.; Vectura; PMI Global Services, Inc.; United Kingdom; Regulatory News Service",
PM_0001413329-21-000086_chunk000,Philip Morris International Inc.,0001413329,2021-10-19,none,neutral,1,False,Philip Morris International Inc.; Securities and Exchange Commission,
PM_0001413329-21-000086_chunk001,Philip Morris International Inc.,0001413329,2021-10-19,none,neutral,1,False,Philip Morris International; Vectura; London Stock Exchange,
PM_0001413329-21-000089_chunk000,Philip Morris International Inc.,0001413329,2021-10-27,regulatory,neutral,2,False,Philip Morris International Inc.; Securities Exchange Act of 1934; Securities Act of 1933,
PM_0001413329-21-000094_chunk000,Philip Morris International Inc.,0001413329,2021-12-01,none,neutral,1,False,Philip Morris International Inc.; Emmanuel Babeau; Morgan Stanley,
PM_0001413329-21-000096_chunk000,Philip Morris International Inc.,0001413329,2021-12-10,none,positive,1,False,Philip Morris International Inc.; Ms. Dessislava Temperley; $1.25,
PM_0001413329-21-000098_chunk000,Philip Morris International Inc.,0001413329,2021-12-13,financial,neutral,3,False,"Philip Morris International Inc.; PMI; HSBC Bank USA, National Association; CUSIP No. 718172 BZ1; ISIN No. US718172BZ15; $500,000,000",
PM_0001413329-22-000003_chunk000,Philip Morris International Inc.,0001413329,2022-02-01,regulatory,neutral,2,True,"Philip Morris International Inc.; Citibank Europe PLC; Citibank, N.A.; $1.75 billion; $2.0 billion",
PM_0001413329-22-000003_chunk001,Philip Morris International Inc.,0001413329,2022-02-01,financial,neutral,3,True,PMI; lenders; 364-day Credit Agreement; Multi-year Credit Agreement; SOFR; U.S. Dollar; Multi-year Amendment and Extension Agreement,
PM_0001413329-22-000003_chunk002,Philip Morris International Inc.,0001413329,2022-02-01,financial,neutral,2,False,"PMI; Citibank Europe PLC; Citibank, N.A.",
PM_0001413329-22-000007_chunk000,Philip Morris International Inc.,0001413329,2022-02-10,none,positive,1,False,Philip Morris International Inc.; Securities and Exchange Commission,
PM_0001413329-22-000007_chunk001,Philip Morris International Inc.,0001413329,2022-02-10,none,neutral,1,False,Philip Morris International Inc.; Securities Exchange Act of 1934; Securities Act of 1933,
PM_0001413329-22-000014_chunk000,Philip Morris International Inc.,0001413329,2022-02-23,none,neutral,1,False,Philip Morris International Inc.; PMI; Securities and Exchange Commission; Consumer Analyst Group of New York Conference,
PM_0001413329-22-000017_chunk000,Philip Morris International Inc.,0001413329,2022-02-25,operational,negative,4,False,Philip Morris International Inc.; Ukraine; Kharkiv,
PM_0001413329-22-000019_chunk000,Philip Morris International Inc.,0001413329,2022-03-09,regulatory,negative,4,False,Philip Morris International Inc.; Russian Federation,
PM_0001413329-22-000022_chunk000,Philip Morris International Inc.,0001413329,2022-03-10,none,positive,1,False,Philip Morris International Inc.; Securities Exchange Act of 1934; Securities Act of 1933,
PM_0001413329-22-000024_chunk000,Philip Morris International Inc.,0001413329,2022-03-24,regulatory,negative,3,False,Philip Morris International Inc.; Russian Federation,
PM_0001413329-22-000031_chunk000,Philip Morris International Inc.,0001413329,2022-04-21,none,neutral,1,False,Philip Morris International Inc.; Securities Exchange Act of 1934; Securities Act of 1933,
PM_0001413329-22-000038_chunk000,Philip Morris International Inc.,0001413329,2022-05-06,none,neutral,1,False,Philip Morris International Inc.; Brant Bonin Bough; André Calantzopoulos; Michel Combes; Juan José Daboub; Werner Geissler; Lisa A. Hook,
PM_0001413329-22-000038_chunk001,Philip Morris International Inc.,0001413329,2022-05-06,none,positive,1,False,Werner Geissler; Lisa A. Hook; Jun Makihara; Kalpana Morparia; Lucio A. Noto; Jacek Olczak; Frederik Paulsen; Robert B. Polet; Dessislava Temperley; Shlomo Yanai; Philip Morris International Inc.; PricewaterhouseCoopers SA,
PM_0001413329-22-000038_chunk002,Philip Morris International Inc.,0001413329,2022-05-06,regulatory,negative,4,False,Philip Morris International Inc; PMI,
PM_0001413329-22-000043_chunk000,Philip Morris International Inc.,0001413329,2022-05-09,legal,negative,3,True,Philip Morris International Inc.; Swedish Match; Securities Exchange Act of 1934; Private Securities Litigation Reform Act of 1995,
PM_0001413329-22-000043_chunk001,Philip Morris International Inc.,0001413329,2022-05-09,none,neutral,1,False,Philip Morris International Inc.,
PM_0001413329-22-000047_chunk000,Philip Morris International Inc.,0001413329,2022-05-11,none,neutral,1,False,,"bad risk_category 'finan0.0,'; bad sentiment ''; bad severity None; bad contains_forward_looking_statement None"
PM_0001413329-22-000047_chunk001,Philip Morris International Inc.,0001413329,2022-05-11,regulatory,neutral,2,False,Swedish Match; Securities and Exchange Commission; Sweden,
PM_0001413329-22-000047_chunk002,Philip Morris International Inc.,0001413329,2022-05-11,regulatory,neutral,3,True,Philip Morris Holland Holdings B.V.; Swedish Match; Nasdaq Stockholm; Takeover Act of Sweden,
PM_0001413329-22-000047_chunk003,Philip Morris International Inc.,0001413329,2022-05-11,regulatory,neutral,3,True,PMHH; Swedish Match; Nasdaq Stockholm; Swedish Securities Council,
PM_0001413329-22-000047_chunk004,Philip Morris International Inc.,0001413329,2022-05-11,regulatory,negative,4,True,"Company; excise tax; marketing and regulatory restrictions; health concerns; litigation; intellectual property; competition; economic and regulatory developments; natural disasters and conflicts; Russia’s invasion of Ukraine; adult smoker behavior; counterfeiting; governmental investigations; currency exchange rates; corporate tax laws; cost, availability, and quality of tobacco and other agricultural products; information systems integrity; data privacy policies; reduced-risk products; brand portfolio; global talent",
PM_0001413329-22-000047_chunk005,Philip Morris International Inc.,0001413329,2022-05-11,regulatory,negative,4,True,"Swedish Match; Citibank Europe PLC; May 11, 2022",
PM_0001413329-22-000058_chunk000,Philip Morris International Inc.,0001413329,2022-06-14,regulatory,neutral,2,False,Philip Morris International Inc.; Securities and Exchange Commission; Deutsche Bank Global Consumer Conference; Emmanuel Babeau,
PM_0001413329-22-000060_chunk000,Philip Morris International Inc.,0001413329,2022-06-17,none,positive,1,False,Philip Morris International Inc.; Securities Exchange Act of 1934; Securities Act of 1933,
PM_0001413329-22-000065_chunk000,Philip Morris International Inc.,0001413329,2022-06-28,financial,neutral,3,True,Philip Morris International Inc.; Citibank Europe PLC; Swedish Match AB; Euro,
PM_0001413329-22-000065_chunk001,Philip Morris International Inc.,0001413329,2022-06-28,regulatory,negative,4,False,Philip Morris International Inc.; Citibank Europe PLC; credit agreement,
PM_0001413329-22-000062_chunk000,Philip Morris International Inc.,0001413329,2022-06-28,regulatory,neutral,2,False,Philip Morris International Inc.; PMHH; Swedish Match,
PM_0001413329-22-000070_chunk000,Philip Morris International Inc.,0001413329,2022-07-21,none,neutral,1,False,Philip Morris International Inc.,
PM_0001413329-22-000075_chunk000,Philip Morris International Inc.,0001413329,2022-08-09,none,neutral,1,False,Philip Morris Holland Holdings B.V.; Philip Morris International Inc.; Swedish Match AB,
PM_0001413329-22-000081_chunk000,Philip Morris International Inc.,0001413329,2022-09-02,none,neutral,1,False,Philip Morris International Inc.; Citibank Europe plc; Bridge Credit Agreement; Term Loan Credit Agreement,
PM_0001413329-22-000084_chunk000,Philip Morris International Inc.,0001413329,2022-09-06,regulatory,neutral,2,False,Philip Morris International Inc.; Securities and Exchange Commission; Barclays Global Consumer Staples Conference,
PM_0001413329-22-000086_chunk000,Philip Morris International Inc.,0001413329,2022-09-14,none,positive,1,False,Philip Morris International Inc.; SEC; U.S. Securities Exchange Act of 1934,
PM_0001413329-22-000090_chunk000,Philip Morris International Inc.,0001413329,2022-09-19,regulatory,neutral,2,False,Philip Morris International Inc.; Securities Exchange Act of 1934; Securities and Exchange Commission,
PM_0001413329-22-000095_chunk000,Philip Morris International Inc.,0001413329,2022-09-23,financial,neutral,2,True,"Philip Morris International Inc.; Citibank Europe PLC; Citibank, N.A.; $2.5 billion; SOFR",
PM_0001413329-22-000095_chunk001,Philip Morris International Inc.,0001413329,2022-09-23,none,neutral,1,False,"PMI; Citibank Europe PLC; Citibank, N.A.",
PM_0001413329-22-000099_chunk000,Philip Morris International Inc.,0001413329,2022-10-04,regulatory,neutral,2,False,Philip Morris Holland Holdings B.V.; Philip Morris International Inc.; Swedish Match AB,
PM_0001413329-22-000109_chunk000,Philip Morris International Inc.,0001413329,2022-10-20,none,neutral,1,False,Philip Morris International Inc.,
PM_0001413329-22-000105_chunk000,Philip Morris International Inc.,0001413329,2022-10-20,financial,neutral,3,True,"Philip Morris International Inc.; Triaga Inc.; Altria Group, Inc.; Altria Client Services LLC",
PM_0001413329-22-000105_chunk001,Philip Morris International Inc.,0001413329,2022-10-20,none,neutral,1,False,Philip Morris International Inc.; Altria Client Services LLC; Swedish Match,
PM_0001413329-22-000111_chunk000,Philip Morris International Inc.,0001413329,2022-10-25,regulatory,neutral,2,False,Philip Morris International Inc.; Swedish Match AB,
PM_0001413329-22-000117_chunk000,Philip Morris International Inc.,0001413329,2022-10-28,regulatory,neutral,2,False,Philip Morris International Inc.; Swedish Match AB,
PM_0001413329-22-000119_chunk000,Philip Morris International Inc.,0001413329,2022-11-07,financial,neutral,3,True,Philip Morris International Inc.; Swedish Match; Citibank Europe PLC; Sweden,
PM_0001413329-22-000119_chunk001,Philip Morris International Inc.,0001413329,2022-11-07,none,neutral,1,False,Philip Morris International Inc.; Swedish Match,
PM_0001413329-22-000123_chunk000,Philip Morris International Inc.,0001413329,2022-11-10,regulatory,neutral,2,False,Philip Morris International Inc.; PMHH; Swedish Match; Swedish Match shares,
PM_0001413329-22-000125_chunk000,Philip Morris International Inc.,0001413329,2022-11-14,financial,neutral,3,False,Philip Morris International Inc.; Swedish Match AB; Citibank Europe PLC,
PM_0001193125-22-287701_chunk000,Philip Morris International Inc.,0001413329,2022-11-17,none,positive,1,False,"Philip Morris International Inc.; HSBC Bank USA, National Association; Barclays Capital Inc.; BofA Securities, Inc.; Citigroup Global Markets Inc.; Deutsche Bank Securities Inc.; Mizuho Securities USA LLC; SMBC Nikko Securities America, Inc.; BBVA Securities Inc.; Credit Suisse Securities (USA) LLC; HSBC Securities (USA) Inc.; Santander Investment Securities Inc.; Standard Chartered Bank; Wells Fargo Securities, LLC",
PM_0001193125-22-287701_chunk001,Philip Morris International Inc.,0001413329,2022-11-17,financial,neutral,3,True,PMI; Citibank Europe PLC; 2024 Notes; 2025 Notes; 2027 Notes,
PM_0001193125-22-287701_chunk002,Philip Morris International Inc.,0001413329,2022-11-17,financial,neutral,2,False,PMI; Underwriters; affiliates; PMI’s credit facilities; foreign exchange; derivative arrangements,
PM_0001193125-22-287701_chunk003,Philip Morris International Inc.,0001413329,2022-11-17,financial,neutral,2,False,"PMI; Underwriters; Barclays Capital Inc.; BofA Securities Inc.; Citigroup Global Markets Inc.; Deutsche Bank Securities Inc.; Mizuho Securities USA LLC; SMBC Nikko Securities America, Inc.; BBVA Securities Inc.; Credit Suisse Securities (USA) LLC; HSBC Securities (USA) Inc.; Santander Investment Securities Inc.; Standard Chartered Bank; Wells Fargo Securities, LLC",
PM_0001413329-22-000129_chunk000,Philip Morris International Inc.,0001413329,2022-11-25,leadership,positive,2,True,Philip Morris International Inc.; Drago Azinovic; Paul Riley; Frederic de Wilde; Massimo Andolina; Deepak Mishra,
PM_0001413329-22-000132_chunk000,Philip Morris International Inc.,0001413329,2022-11-28,regulatory,neutral,2,False,Philip Morris International Inc.; PMHH; Swedish Match; Sweden,
PM_0001413329-22-000135_chunk000,Philip Morris International Inc.,0001413329,2022-12-08,none,positive,1,False,Philip Morris International Inc.; U.S. Securities and Exchange Commission,
PM_0001413329-22-000137_chunk000,Philip Morris International Inc.,0001413329,2022-12-14,none,positive,1,False,Philip Morris International Inc.; Jorge Insuasty; Badrul Chowdhury; Frederic de Wilde; Jacek Olczak; Commonwealth of Independent States (CIS); Middle East and Africa (MEA) Region,
PM_0001413329-23-000014_chunk000,Philip Morris International Inc.,0001413329,2023-01-11,none,positive,2,True,Philip Morris International Inc.; PMI; Jacek Olczak; IQOS; Swedish Match,
PM_0001413329-23-000014_chunk001,Philip Morris International Inc.,0001413329,2023-01-11,regulatory,negative,4,True,PMI; Russia; Ukraine; tobacco; electronic devices,
PM_0001413329-23-000014_chunk002,Philip Morris International Inc.,0001413329,2023-01-11,operational,negative,4,True,"PMI; Altria Group, Inc.; Swedish Match",
PM_0001413329-23-000016_chunk000,Philip Morris International Inc.,0001413329,2023-01-30,financial,neutral,2,False,Philip Morris International Inc.; Citibank Europe PLC; SOFR; KT&G,
PM_0001413329-23-000016_chunk001,Philip Morris International Inc.,0001413329,2023-01-30,regulatory,neutral,2,False,PMI; KT&G; Citibank Europe PLC; Citibank International Limited,
PM_0001413329-23-000020_chunk000,Philip Morris International Inc.,0001413329,2023-02-09,none,neutral,1,False,Philip Morris International Inc.; Securities Exchange Act of 1934; Securities Act of 1933,
PM_0001193125-23-041987_chunk000,Philip Morris International Inc.,0001413329,2023-02-17,none,positive,2,False,"Philip Morris International Inc.; Citibank Europe PLC; PMI; HSBC Bank USA; Barclays Capital Inc.; BofA Securities, Inc.; Citigroup Global Markets Inc.; Deutsche Bank Securities Inc.; HSBC Securities (USA) Inc.; Mizuho Securities USA LLC; SMBC Nikko Securities America, Inc.; BBVA Securities Inc.; Credit Suisse Securities (USA) LLC; Santander US Capital Markets LLC; Standard Chartered Bank; Wells Fargo Securities, LLC",
PM_0001193125-23-041987_chunk001,Philip Morris International Inc.,0001413329,2023-02-17,financial,neutral,3,True,PMI; Underwriters; Bridge Facility; USD 4.4 billion,
PM_0001193125-23-041987_chunk002,Philip Morris International Inc.,0001413329,2023-02-17,regulatory,neutral,2,True,PMI; Underwriters; affiliates; PMI’s credit facilities; foreign exchange; derivative arrangements; commercial paper programs,
PM_0001193125-23-041987_chunk003,Philip Morris International Inc.,0001413329,2023-02-17,regulatory,negative,4,True,PMI; Russia; Ukraine; COVID-19,
PM_0001193125-23-041987_chunk004,Philip Morris International Inc.,0001413329,2023-02-17,operational,negative,4,True,"PMI; Barclays Capital Inc.; BofA Securities, Inc.; Citigroup Global Markets Inc.; Deutsche Bank Securities Inc.; HSBC Securities (USA) Inc.; Mizuho Securities USA LLC; SMBC Nikko Securities America, Inc.; BBVA Securities Inc.; Credit Suisse Securities (USA) LLC; Standard Chartered Bank; Wells Fargo Securities, LLC",
PM_0001193125-23-041987_chunk005,Philip Morris International Inc.,0001413329,2023-02-17,none,neutral,1,False,DLA Piper LLP; US,
PM_0001413329-23-000089_chunk000,Philip Morris International Inc.,0001413329,2023-02-22,regulatory,neutral,1,False,Philip Morris International Inc.; Securities and Exchange Commission; Consumer Analyst Group of New York Conference,
PM_0001413329-23-000098_chunk000,Philip Morris International Inc.,0001413329,2023-03-03,leadership,negative,3,True,Philip Morris International Inc.; Drago Azinovic; Philip Morris Products S.A.; CHF; EUR,
PM_0001413329-23-000098_chunk001,Philip Morris International Inc.,0001413329,2023-03-03,none,neutral,1,False,"Mr. Azinovic; Company; CHF 1,267,500; 2023",
PM_0001413329-23-000103_chunk000,Philip Morris International Inc.,0001413329,2023-03-09,none,positive,1,False,Philip Morris International Inc.; Securities Exchange Act of 1934; Securities Act of 1933,
PM_0001413329-23-000106_chunk000,Philip Morris International Inc.,0001413329,2023-03-28,none,positive,1,False,Philip Morris International Inc.; Swedish Match AB; U.S. Securities and Exchange Commission; 2022 Form 10-K,
PM_0001413329-23-000106_chunk001,Philip Morris International Inc.,0001413329,2023-03-28,none,neutral,1,False,PMI; Swedish Match; Securities and Exchange Commission,
PM_0001413329-23-000106_chunk002,Philip Morris International Inc.,0001413329,2023-03-28,none,neutral,1,False,Securities Exchange Act of 1934; Securities Act of 1933; PMI; Swedish Match,
PM_0001413329-23-000114_chunk000,Philip Morris International Inc.,0001413329,2023-04-20,none,neutral,1,False,Philip Morris International Inc.; Securities Exchange Act of 1934; Securities Act of 1933,
PM_0001104659-23-054345_chunk000,Philip Morris International Inc.,0001413329,2023-05-01,none,neutral,1,False,"Philip Morris International Inc.; US$450,000,000; US$550,000,000; US$700,000,000; US$750,000,000; US$1,250,000,000; US$1,000,000,000; US$1,500,000,000; Existing 2026 Notes; Existing 2028 Notes; Existing 2030 Notes; Existing 2033 Notes",
PM_0001104659-23-054345_chunk001,Philip Morris International Inc.,0001413329,2023-05-01,financial,neutral,3,True,"PMI; HSBC Bank USA; BBVA Securities Inc.; Goldman Sachs & Co. LLC; Wells Fargo Securities, LLC; Commerz Markets LLC; Santander US Capital Markets LLC; Altria Group, Inc.",
PM_0001104659-23-054345_chunk002,Philip Morris International Inc.,0001413329,2023-05-01,financial,neutral,2,True,PMI; Additional Notes; 2026; 2028; 2030; 2033,
PM_0001104659-23-054345_chunk003,Philip Morris International Inc.,0001413329,2023-05-01,financial,neutral,3,False,"PMI; BBVA Securities Inc.; Goldman Sachs & Co. LLC; Wells Fargo Securities, LLC; Commerz Markets LLC; Santander US Capital Markets LLC; DLA Piper LLP",
PM_0001413329-23-000124_chunk000,Philip Morris International Inc.,0001413329,2023-05-03,regulatory,neutral,1,False,Philip Morris International Inc.; Securities Exchange Act of 1934; Securities Act of 1933,
PM_0001413329-23-000151_chunk000,Philip Morris International Inc.,0001413329,2023-05-09,none,neutral,1,False,Philip Morris International Inc.; Brant Bonin Bough; André Calantzopoulos; Michel Combes; Juan José Daboub; Werner Geissler; Lisa A. Hook; Jun Makihara; Kalpana Morparia; Jacek Olczak; Robert B. Polet; Dessislava Temperley,
PM_0001413329-23-000151_chunk001,Philip Morris International Inc.,0001413329,2023-05-09,regulatory,negative,3,False,PricewaterhouseCoopers SA; Shlomo Yanai; Dessislava Temperley,
PM_0001413329-23-000153_chunk000,Philip Morris International Inc.,0001413329,2023-05-23,none,neutral,1,False,"Philip Morris International Inc.; UnHerd Club; London, U.K.",
PM_0001413329-23-000158_chunk000,Philip Morris International Inc.,0001413329,2023-06-06,regulatory,neutral,2,False,Philip Morris International Inc.; Securities and Exchange Commission; Deutsche Bank Global Consumer Conference,
PM_0001413329-23-000160_chunk000,Philip Morris International Inc.,0001413329,2023-06-09,none,positive,1,False,Philip Morris International Inc.; SEC,
PM_0001413329-23-000173_chunk000,Philip Morris International Inc.,0001413329,2023-07-20,none,neutral,1,False,Philip Morris International Inc.; Securities Exchange Act of 1934; Securities Act of 1933,
PM_0001413329-23-000178_chunk000,Philip Morris International Inc.,0001413329,2023-07-28,regulatory,neutral,2,False,Swedish Match; Philip Morris International Inc.; ISIN/Common Code; USD; SEK; EUR; XS0939505003; XS1400621030; XS1493333717; XS1715328768; XS1940966317; XS2125123039; XS2306815114; XS2329603539,
PM_0001413329-23-000178_chunk001,Philip Morris International Inc.,0001413329,2023-07-28,financial,neutral,3,True,Swedish Match; PMI; Noteholders,
PM_0001104659-23-098933_chunk000,Philip Morris International Inc.,0001413329,2023-09-07,financial,neutral,2,True,Philip Morris International Inc.; HSBC Bank USA; Barclays Capital Inc.; Deutsche Bank Securities Inc.; Citigroup Global Markets Inc.; HSBC Securities (USA) Inc.; Standard Chartered Bank; Securities and Exchange Commission,
PM_0001104659-23-098933_chunk001,Philip Morris International Inc.,0001413329,2023-09-07,financial,neutral,3,False,PMI; Underwriters; affiliates; 2028 Notes; 2030 Notes; 2033 Notes,
PM_0001104659-23-098933_chunk002,Philip Morris International Inc.,0001413329,2023-09-07,none,neutral,2,False,PMI; Barclays Capital Inc.; BofA Securities Inc.; Deutsche Bank Securities Inc.; Citigroup Global Markets Inc.; HSBC Securities (USA) Inc.; Standard Chartered Bank,bad risk_category 'finan0cial'
PM_0001413329-23-000182_chunk000,Philip Morris International Inc.,0001413329,2023-09-13,none,positive,1,False,Philip Morris International Inc.; Securities Exchange Act of 1934; Securities Act of 1933,
PM_0001413329-23-000186_chunk000,Philip Morris International Inc.,0001413329,2023-09-18,leadership,positive,2,False,Philip Morris International Inc.; Victoria Harker; New York Stock Exchange,
PM_0001104659-23-102292_chunk000,Philip Morris International Inc.,0001413329,2023-09-20,financial,neutral,2,False,"Philip Morris International Inc.; Citibank Europe PLC; Citibank, N.A.; $2.5 billion; $2.34 billion",
PM_0001104659-23-102292_chunk001,Philip Morris International Inc.,0001413329,2023-09-20,financial,neutral,2,False,"PMI; Citibank Europe PLC; Citibank, N.A.",
PM_0001413329-23-000191_chunk000,Philip Morris International Inc.,0001413329,2023-09-28,regulatory,neutral,2,False,Philip Morris International Inc.; Securities and Exchange Commission,
PM_0001413329-23-000196_chunk000,Philip Morris International Inc.,0001413329,2023-10-19,none,neutral,1,False,Philip Morris International Inc.; Securities Exchange Act of 1934; Securities Act of 1933,
PM_0001413329-23-000207_chunk000,Philip Morris International Inc.,0001413329,2023-12-07,none,positive,1,False,Philip Morris International Inc.; Securities Exchange Act of 1934; Securities Act of 1933,
PM_0001413329-23-000209_chunk000,Philip Morris International Inc.,0001413329,2023-12-08,none,neutral,1,False,Philip Morris International Inc.; Departure of Directors or Certain Officers; Election of Directors; Appointment of Certain Officers; Compensatory Arrangements of Certain Officers,
PM_0001104659-24-006244_chunk000,Philip Morris International Inc.,0001413329,2024-01-24,financial,neutral,2,False,Philip Morris International; Citibank Europe plc; PMI; Credit Agreement,
PM_0001104659-24-006244_chunk001,Philip Morris International Inc.,0001413329,2024-01-24,none,neutral,1,False,PMI; Citibank Europe plc; Darlene Quashie Henry,
PM_0001413329-24-000007_chunk000,Philip Morris International Inc.,0001413329,2024-02-02,regulatory,negative,4,False,Philip Morris Products S.A.; PMI; Nicoventures Trading Limited; British American Tobacco p.l.c.,
PM_0001413329-24-000007_chunk001,Philip Morris International Inc.,0001413329,2024-02-02,legal,neutral,3,True,Parties; Settlement Agreement; patents; intellectual property rights; HNB Products; eVapor Products; ARUs; trade secrets,
PM_0001413329-24-000007_chunk002,Philip Morris International Inc.,0001413329,2024-02-02,regulatory,neutral,2,False,Philip Morris International Inc.; BAT; SEC,
PM_0001413329-24-000012_chunk000,Philip Morris International Inc.,0001413329,2024-02-08,none,neutral,1,False,Philip Morris International Inc.; Securities Exchange Act of 1934; Securities Act of 1933,
PM_0001104659-24-019869_chunk000,Philip Morris International Inc.,0001413329,2024-02-13,none,neutral,1,False,"Philip Morris International Inc.; HSBC Bank USA, National Association; Barclays Capital Inc.; Citigroup Global Markets Inc.; Mizuho Securities USA LLC; BBVA Securities Inc.; BofA Securities, Inc.; Deutsche Bank Securities Inc.; Goldman Sachs & Co. LLC; HSBC Securities (USA) Inc.; Santander US Capital Markets LLC; SMBC Nikko Securities America, Inc.; Standard Chartered Bank; UBS Securities LLC; Wells Fargo Securities, LLC",
PM_0001104659-24-019869_chunk001,Philip Morris International Inc.,0001413329,2024-02-13,financial,neutral,3,True,PMI; 2027 Notes; 2029 Notes; 2031 Notes; 2034 Notes,
PM_0001104659-24-019869_chunk002,Philip Morris International Inc.,0001413329,2024-02-13,financial,neutral,2,False,"PMI; Barclays Capital Inc.; Citigroup Global Markets Inc.; Mizuho Securities USA LLC; BBVA Securities Inc.; BofA Securities, Inc.; Deutsche Bank Securities Inc.; Goldman Sachs & Co. LLC; HSBC Securities (USA) Inc.; Santander US Capital Markets LLC; SMBC Nikko",
PM_0001104659-24-019869_chunk003,Philip Morris International Inc.,0001413329,2024-02-13,none,neutral,1,False,"Mizuho Securities USA LLC; BBVA Securities Inc.; BofA Securities, Inc.; Deutsche Bank Securities Inc.; Goldman Sachs & Co. LLC; HSBC Securities (USA) Inc.; Santander US Capital Markets LLC; SMBC Nikko Securities America, Inc.; Standard Chartered Bank; UBS Securities LLC; Wells Fargo Securities, LLC; Darlene Quashie Henry; Philip Morris International Inc.",
PM_0001413329-24-000039_chunk000,Philip Morris International Inc.,0001413329,2024-02-21,regulatory,neutral,1,False,Philip Morris International Inc.; Securities and Exchange Commission; Consumer Analyst Group of New York Conference,
PM_0001413329-24-000071_chunk000,Philip Morris International Inc.,0001413329,2024-02-27,regulatory,neutral,2,False,Philip Morris International Inc.; U.S. Securities and Exchange Commission; 2023 Form 10-K,
PM_0001413329-24-000071_chunk001,Philip Morris International Inc.,0001413329,2024-02-27,none,neutral,1,False,PMI; Securities and Exchange Commission; General Instruction B.2; Form 8-K; Securities Exchange Act of 1934; Securities Act of 1933,
PM_0001413329-24-000073_chunk000,Philip Morris International Inc.,0001413329,2024-03-07,none,positive,1,False,Philip Morris International Inc.; Securities Exchange Act of 1934; Securities Act of 1933,
PM_0001413329-24-000083_chunk000,Philip Morris International Inc.,0001413329,2024-04-23,none,neutral,1,False,Philip Morris International Inc.; Securities Exchange Act of 1934; Securities Act of 1933,
PM_0001413329-24-000094_chunk000,Philip Morris International Inc.,0001413329,2024-05-08,regulatory,neutral,1,False,Philip Morris International Inc.; Securities Exchange Act of 1934; Securities Act of 1933,
PM_0001413329-24-000100_chunk000,Philip Morris International Inc.,0001413329,2024-05-09,none,neutral,1,False,Philip Morris International Inc.; Brant Bonin Bough; André Calantzopoulos; Michel Combes; Juan José Daboub; Werner Geissler; Victoria Harker; Lisa A. Hook; Kalpana Morparia; Jacek Olczak; Robert B. Polet; Dessislava Temperley,
PM_0001413329-24-000100_chunk001,Philip Morris International Inc.,0001413329,2024-05-09,none,positive,1,False,Dessislava Temperley; Shlomo Yanai; PricewaterhouseCoopers SA,
PM_0001413329-24-000126_chunk000,Philip Morris International Inc.,0001413329,2024-06-04,regulatory,neutral,2,False,Philip Morris International Inc.; Securities and Exchange Commission; Deutsche Bank Global Consumer Conference,
PM_0001104659-24-069077_chunk000,Philip Morris International Inc.,0001413329,2024-06-06,financial,neutral,3,True,"Philip Morris International; HSBC Bank USA; Securities and Exchange Commission; €500,000,000; 3.750% Notes; 2031",
PM_0001104659-24-069077_chunk001,Philip Morris International Inc.,0001413329,2024-06-06,financial,neutral,3,False,PMI; Hunton Andrews Kurth LLP; Philip Morris International Inc.,
PM_0001104659-24-069077_chunk002,Philip Morris International Inc.,0001413329,2024-06-06,none,neutral,1,False,PHILIP MORRIS INTERNATIONAL INC.; Darlene Quashie Henry,
PM_0001413329-24-000128_chunk000,Philip Morris International Inc.,0001413329,2024-06-07,none,positive,1,False,Philip Morris International Inc.; Securities Exchange Act of 1934; Securities Act of 1933,
PM_0001413329-24-000131_chunk000,Philip Morris International Inc.,0001413329,2024-06-17,regulatory,negative,4,False,Philip Morris International Inc.; Attorney General of the District of Columbia,
PM_0001413329-24-000140_chunk000,Philip Morris International Inc.,0001413329,2024-07-23,none,neutral,1,False,Philip Morris International Inc.; Securities Exchange Act of 1934; Securities Act of 1933,
PM_0001413329-24-000155_chunk000,Philip Morris International Inc.,0001413329,2024-09-03,none,neutral,1,False,Philip Morris International Inc.; Jacek Olczak; Securities and Exchange Commission,
PM_0001413329-24-000157_chunk000,Philip Morris International Inc.,0001413329,2024-09-12,none,positive,1,False,Philip Morris International Inc.; Securities Exchange Act of 1934; Securities Act of 1933,
PM_0001413329-24-000160_chunk000,Philip Morris International Inc.,0001413329,2024-09-17,financial,negative,4,True,Philip Morris International Inc.; Vectura Fertin Pharma Inc.; Vectura Group Ltd.; Molex Asia Holdings Ltd.; GBP; USD,
PM_0001413329-24-000163_chunk000,Philip Morris International Inc.,0001413329,2024-10-18,regulatory,negative,4,False,"Philip Morris International Inc.; Rothmans, Benson & Hedges Inc.; Companies' Creditors Arrangement Act",
PM_0001413329-24-000167_chunk000,Philip Morris International Inc.,0001413329,2024-10-22,none,neutral,1,False,Philip Morris International Inc.; Securities Exchange Act of 1934; Securities Act of 1933,
PM_0001104659-24-113481_chunk000,Philip Morris International Inc.,0001413329,2024-11-01,none,neutral,1,False,"Philip Morris International Inc.; HSBC Bank USA, National Association; BBVA Securities Inc.; Deutsche Bank Securities Inc.; Goldman Sachs & Co. LLC; Wells Fargo Securities, LLC; Barclays Capital Inc.; Citigroup Global Markets Inc.; Mizuho Securities USA LLC; UBS Securities LLC",
PM_0001104659-24-113481_chunk001,Philip Morris International Inc.,0001413329,2024-11-01,financial,neutral,3,True,PMI; Term Loan Facility; 2027 Notes; 2029 Notes; 2031 Notes; 2034 Notes,
PM_0001104659-24-113481_chunk002,Philip Morris International Inc.,0001413329,2024-11-01,financial,neutral,3,True,"PMI; BBVA Securities Inc.; BofA Securities, Inc.; Deutsche Bank Securities",
PM_0001104659-24-113481_chunk003,Philip Morris International Inc.,0001413329,2024-11-01,none,neutral,1,False,"PMI; BBVA Securities Inc.; BofA Securities, Inc.; Deutsche Bank Securities Inc.; Goldman Sachs & Co. LLC; Wells Fargo Securities, LLC; Barclays Capital Inc.; Citigroup Global Markets Inc.; Mizuho Securities USA LLC; UBS Securities LLc; Hunton Andrews Kurth LLP",
PM_0001104659-24-121514_chunk000,Philip Morris International Inc.,0001413329,2024-11-21,financial,neutral,3,False,Philip Morris International Inc.; Citibank Europe PLC; Darlene Quashie Henry,
PM_0001413329-24-000185_chunk000,Philip Morris International Inc.,0001413329,2024-12-12,none,positive,1,False,Philip Morris International Inc.; U.S. Securities and Exchange Commission,
PM_0001104659-24-129362_chunk000,Philip Morris International Inc.,0001413329,2024-12-17,regulatory,neutral,3,True,Philip Morris International Inc.; Citibank Europe PLC; €1.5 billion; ERISA,
PM_0001104659-24-129362_chunk001,Philip Morris International Inc.,0001413329,2024-12-17,none,neutral,2,False,PMI; Citibank Europe PLC; Darlene Quashie Henry,bad risk_category 'finan001'
QCOM_0001728949-21-000004_chunk000,QUALCOMM INC/DE,0000804328,2021-01-08,leadership,positive,2,True,QUALCOMM Incorporated; Steve Mollenkopf; Cristiano Amon; UNICAMP,
QCOM_0001728949-21-000004_chunk001,QUALCOMM INC/DE,0000804328,2021-01-08,regulatory,neutral,3,True,Mr. Amon; Mr. Mollenkopf; UNICAMP; Brazil; Company; CEO; 2021 ACIP,
QCOM_0001728949-21-000009_chunk000,QUALCOMM INC/DE,0000804328,2021-01-13,regulatory,neutral,2,True,"Qualcomm Technologies, Inc.; NuVia, Inc.; Merger Sub; Shareholder Representative Services, LLC",
QCOM_0001728949-21-000009_chunk001,QUALCOMM INC/DE,0000804328,2021-01-13,none,neutral,1,False,,no JSON object found in response
QCOM_0001728949-21-000009_chunk002,QUALCOMM INC/DE,0000804328,2021-01-13,legal,neutral,2,False,"Qualcomm Technologies, Inc.; Nile Acquisition Corporation; NuVia, Inc.",
QCOM_0001728949-21-000021_chunk000,QUALCOMM INC/DE,0000804328,2021-02-03,none,neutral,1,False,"QUALCOMM Incorporated; February 3, 2021",
QCOM_0001628280-21-004741_chunk000,QUALCOMM INC/DE,0000804328,2021-03-15,none,neutral,1,False,"QUALCOMM Incor08.2021, 2021 Annual Meeting of Stockholders, Annual Meeting, Company, stockholders, proposals, Sylvia Acevedo, Mark Fields, Jeffrey W. Henderson, Gregory N. Johnson, Ann M. Livermore, Harish Manwani, Mark D. McLaughlin, Jamie S. Miller, Steve Mollenkopf, Clark T. Randt, Jr., Irene B. Rosenfeld, Kornelis (Neil) Smit, Jean-Pascal Tricoire",
QCOM_0001628280-21-004741_chunk001,QUALCOMM INC/DE,0000804328,2021-03-15,none,positive,1,False,Kornelis (Neil) Smit; Jean-Pascal Tricoire; Anthony J. Vinciquerra; PricewaterhouseCoopers LLP,
QCOM_0001728949-21-000042_chunk000,QUALCOMM INC/DE,0000804328,2021-04-28,none,neutral,1,False,QUALCOMM Incorporated; Regulation G; GAAP,
QCOM_0001728949-21-000048_chunk000,QUALCOMM INC/DE,0000804328,2021-05-21,none,positive,1,False,"QUALCOMM Incorporated; Cristiano R. Amon; Steve Mollenkopf; Rogerio Amon; Qualcomm Technologies, Inc.",
QCOM_0001728949-21-000055_chunk000,QUALCOMM INC/DE,0000804328,2021-07-23,none,positive,1,False,QUALCOMM Incorporated; Delaware law,
QCOM_0001728949-21-000065_chunk000,QUALCOMM INC/DE,0000804328,2021-07-28,none,neutral,1,False,QUALCOMM Incorporated; Regulation G; GAAP,
QCOM_0001104659-21-122578_chunk000,QUALCOMM INC/DE,0000804328,2021-10-04,regulatory,neutral,3,True,"QUALCOMM Incorporated; SSW HoldCo LP; SSW Merger Sub Corp; Veoneer, Inc.; Merger Consideration",
QCOM_0001104659-21-122578_chunk001,QUALCOMM INC/DE,0000804328,2021-10-04,operational,neutral,3,True,Veoneer; Merger Consideration; Veoneer Common Stock; New York Stock Exchange,
QCOM_0001104659-21-122578_chunk002,QUALCOMM INC/DE,0000804328,2021-10-04,regulatory,neutral,3,True,Veoneer; Qualcomm; SSW; Merger Agreement; Securities Exchange Act of 1934; Hart-Scott-Rodino Antitrust Improvements Act of 1066,
QCOM_0001104659-21-122578_chunk003,QUALCOMM INC/DE,0000804328,2021-10-04,legal,negative,4,True,Veoneer; Acquiring Parties; $110 million,
QCOM_0001104659-21-122578_chunk004,QUALCOMM INC/DE,0000804328,2021-10-04,financial,negative,4,True,Veoneer; Magna International Inc.; Qualcomm; 2486345 Delaware Corporation,
QCOM_0001104659-21-122578_chunk005,QUALCOMM INC/DE,0000804328,2021-10-04,regulatory,neutral,3,True,Veoneer; Acquiring Parties,
QCOM_0001104659-21-122578_chunk006,QUALCOMM INC/DE,0000804328,2021-10-04,regulatory,negative,3,True,Qualcomm; SSW; Merger Sub; Investment and Separation Matters Agreement,
QCOM_0001104659-21-122578_chunk007,QUALCOMM INC/DE,0000804328,2021-10-04,regulatory,neutral,2,False,"QUALCOMM Incorporated; SSW HoldCo LP; Veoneer, Inc.",
QCOM_0001104659-21-122578_chunk008,QUALCOMM INC/DE,0000804328,2021-10-04,none,neutral,1,False,Veoneer; Qualcomm; SSW; SEC; stockholders,
QCOM_0001104659-21-122578_chunk009,QUALCOMM INC/DE,0000804328,2021-10-04,regulatory,neutral,3,True,Veoneer; Qualcomm; Merger Sub,
QCOM_0001104659-21-122578_chunk010,QUALCOMM INC/DE,0000804328,2021-10-04,regulatory,negative,4,True,Qualcomm; Veoneer; SEC,
QCOM_0001104659-21-122578_chunk011,QUALCOMM INC/DE,0000804328,2021-10-04,regulatory,negative,4,True,Veoneer; Qualcomm; stockholders; governmental and regulatory approvals,
QCOM_0001104659-21-122578_chunk012,QUALCOMM INC/DE,0000804328,2021-10-04,operational,negative,4,True,Veoneer; SEC,
QCOM_0001728949-21-000075_chunk000,QUALCOMM INC/DE,0000804328,2021-11-03,none,neutral,1,False,QUALCOMM Incorporated; SEC; GAAP,
QCOM_0001728949-22-000011_chunk000,QUALCOMM INC/DE,0000804328,2022-02-02,none,neutral,1,False,QUALCOMM Incorporated; Regulation G; GAAP,
QCOM_0001728949-22-000016_chunk000,QUALCOMM INC/DE,0000804328,2022-03-14,none,neutral,1,False,,no JSON object found in response
QCOM_0001728949-22-000016_chunk001,QUALCOMM INC/DE,0000804328,2022-03-14,none,positive,1,False,Anthony J. Vinciquerra; PricewaterhouseCoopers LLP; BROKER NON-VOTES,
QCOM_0001728949-22-000025_chunk000,QUALCOMM INC/DE,0000804328,2022-04-27,none,neutral,1,False,QUALCOMM Incorporated; Regulation G; GAAP,
QCOM_0001104659-22-057562_chunk000,QUALCOMM INC/DE,0000804328,2022-05-09,regulatory,neutral,2,True,"QUALCOMM Incorporated; U.S. Bank Trust Company, National Association; $500,000,000; $1,000,000,000; 4.250% Notes due 2032; 4.500% Notes due 2052; May 20, 2032; May 20, 2052",
QCOM_0001104659-22-057562_chunk001,QUALCOMM INC/DE,0000804328,2022-05-09,financial,negative,4,False,"QUALCOMM Incorporated; BofA Securities, Inc.; Citigroup Global Markets Inc.; Goldman Sachs & Co. LLC; J.P. Morgan Securities LLC; SEC",
QCOM_0001104659-22-057562_chunk002,QUALCOMM INC/DE,0000804328,2022-05-09,none,neutral,1,False,"QUALCOMM Incorporated; U.S. Bank Trust Company; Cravath, Swaine & Moore LLP",
QCOM_0001728949-22-000039_chunk000,QUALCOMM INC/DE,0000804328,2022-07-27,none,neutral,1,False,QUALCOMM Incorporated; United States Securities and Exchange Commission,
QCOM_0000804328-22-000020_chunk000,QUALCOMM INC/DE,0000804328,2022-11-02,none,neutral,1,False,QUALCOMM Incorporated; SEC; GAAP,
QCOM_0001104659-22-116535_chunk000,QUALCOMM INC/DE,0000804328,2022-11-09,regulatory,neutral,2,True,"QUALCOMM Incorporated; U.S. Bank Trust Company, National Association; $700,000,000; $1,200,000,000; 5.400% Notes; 6.000% Notes; May 20, 2033; May 20, 2053",
QCOM_0001104659-22-116535_chunk001,QUALCOMM INC/DE,0000804328,2022-11-09,financial,negative,4,False,"QUALCOMM Incorporated; Barclays Capital Inc.; BofA Securities, Inc.; Goldman Sachs & Co. LLC; J.P. Morgan Securities LLC; SEC",
QCOM_0001104659-22-116535_chunk002,QUALCOMM INC/DE,0000804328,2022-11-09,none,neutral,1,False,"QUALCOMM Incorporated; U.S. Bank Trust Company, National Association; Cravath, Swaine & Moore LLP",
QCOM_0001728949-22-000041_chunk000,QUALCOMM INC/DE,0000804328,2022-12-08,leadership,neutral,2,False,"QUALCOMM Incorporated; Erin Polek; Neil Martin; McGladrey & Pullen, LLP",
QCOM_0000804328-23-000005_chunk000,QUALCOMM INC/DE,0000804328,2023-02-02,none,neutral,1,False,QUALCOMM Incorporated; Regulation G; GAAP,
QCOM_0000804328-23-000014_chunk000,QUALCOMM INC/DE,0000804328,2023-03-09,none,neutral,1,False,,no JSON object found in response
QCOM_0000804328-23-000014_chunk001,QUALCOMM INC/DE,0000804328,2023-03-09,none,positive,1,False,Anthony J. Vinciquerra; PricewaterhouseCoopers LLP; QUALCOMM Incorporated,
QCOM_0000804328-23-000022_chunk000,QUALCOMM INC/DE,0000804328,2023-05-03,none,neutral,1,False,QUALCOMM Incorporated; Regulation G; GAAP,
QCOM_0000804328-23-000033_chunk000,QUALCOMM INC/DE,0000804328,2023-07-21,regulatory,neutral,2,False,QUALCOMM Incorporated; Securities Exchange Act of 1934; Securities and Exchange Commission; Delaware General Corporation Law,
QCOM_0000804328-23-000033_chunk001,QUALCOMM INC/DE,0000804328,2023-07-21,none,neutral,1,False,QUALCOMM Incorporated,
QCOM_0000804328-23-000042_chunk000,QUALCOMM INC/DE,0000804328,2023-08-02,none,neutral,1,False,QUALCOMM Incorporated; Regulation G; GAAP,
QCOM_0000804328-23-000054_chunk000,QUALCOMM INC/DE,0000804328,2023-11-01,none,neutral,1,False,QUALCOMM Incorporated; SEC; Regulation G,
QCOM_0000804328-24-000005_chunk000,QUALCOMM INC/DE,0000804328,2024-01-23,none,positive,1,False,QUALCOMM Incorporated; Akash Palkhiwala; Securities and Exchange Commission,
QCOM_0000804328-24-000015_chunk000,QUALCOMM INC/DE,0000804328,2024-01-31,none,neutral,1,False,QUALCOMM Incorporated; Regulation G; GAAP,
QCOM_0000804328-24-000020_chunk000,QUALCOMM INC/DE,0000804328,2024-03-07,none,neutral,1,False,QUALCOMM Incorporated; Sylvia Acevedo; Cristiano R. Amon; Mark Fields; Jeffrey W. Henderson; Gregory N. Johnson; Ann M. Livermore; Mark D. McLaughlin; Jamie S. Miller; Irene B. Rosenfeld; Kornelis (Neil) Smit; Jean-Pascal Tricoire; Anthony J. Vinciquerra,
QCOM_0000804328-24-000020_chunk001,QUALCOMM INC/DE,0000804328,2024-03-07,none,neutral,1,False,QUALCOMM INCORPORATED; Anthony J. Vinciquerra; PricewaterhouseCoopers LLP; Delaware; Secretary of State,
QCOM_0000804328-24-000020_chunk002,QUALCOMM INC/DE,0000804328,2024-03-07,regulatory,neutral,2,False,QUALCOMM; State of Delaware; Securities Act,
QCOM_0000804328-24-000038_chunk000,QUALCOMM INC/DE,0000804328,2024-05-01,none,neutral,1,False,QUALCOMM Incorporated; Regulation G; GAAP,
QCOM_0000804328-24-000042_chunk000,QUALCOMM INC/DE,0000804328,2024-05-09,regulatory,negative,4,True,"QUALCOMM Incorporated; U.S. Department of Commerce; Huawei Device Co., Ltd.; Form 10-Q",
QCOM_0000804328-24-000042_chunk001,QUALCOMM INC/DE,0000804328,2024-05-09,none,negative,5,True,Qualcomm; OEMs; governmental investigations; semiconductor industry; stock price; pandemics,bad risk_category 'multiple'
QCOM_0000804328-24-000055_chunk000,QUALCOMM INC/DE,0000804328,2024-07-31,none,neutral,1,False,QUALCOMM Incorporated; Regulation G; GAAP,
QCOM_0000804328-24-000061_chunk000,QUALCOMM INC/DE,0000804328,2024-08-09,financial,neutral,3,True,"QUALCOMM Incorporated; Bank of America, N.A.; Standard & Poor’s Financial Services LLC; Moody’s Investors Service, Inc.",
QCOM_0000804328-24-000061_chunk001,QUALCOMM INC/DE,0000804328,2024-08-09,financial,neutral,2,False,"Poor’s Financial Services LLC; Moody’s Investors Service, Inc.; QUALCOMM Incorporated; Bank of America, N.A.",
QCOM_0000804328-24-000064_chunk000,QUALCOMM INC/DE,0000804328,2024-10-09,none,neutral,1,False,QUALCOMM Incorporated; Hewlett Packard Enterprise Company; Marie Myers; Director Compensation Plan,
QCOM_0000804328-24-000074_chunk000,QUALCOMM INC/DE,0000804328,2024-11-06,none,neutral,1,False,QUALCOMM Incorporated; U.S. Securities and Exchange Commission,
QCOM_0000804328-24-000079_chunk000,QUALCOMM INC/DE,0000804328,2024-12-12,leadership,neutral,2,False,"Qualcomm Technologies, Inc.; QUALCOMM Incorporated; Dr. James H. Thompson; Dr. Baaziz Achour",
TMO_0000097745-21-000002_chunk000,THERMO FISHER SCIENTIFIC INC.,0000097745,2021-01-11,operational,positive,3,True,Thermo Fisher Scientific Inc.; Marc N. Casper; J.P. Morgan Healthcare Conference; COVID-19,
TMO_0000097745-21-000002_chunk001,THERMO FISHER SCIENTIFIC INC.,0000097745,2021-01-11,regulatory,negative,4,True,Thermo Fisher Scientific Inc.; SEC; COVID-19; government funding policies; exchange rate fluctuations; intellectual property; government regulations; government contracts,
TMO_0000097745-21-000006_chunk000,THERMO FISHER SCIENTIFIC INC.,0000097745,2021-02-01,financial,negative,4,True,Registrant; Securities Exchange Act of 1934; Securities Act of 1933; COVID-19; Company; economic conditions; government funding policies; exchange rate fluctuations; intellectual property; government regulations; government contracts,
TMO_0000097745-21-000006_chunk001,THERMO FISHER SCIENTIFIC INC.,0000097745,2021-02-01,regulatory,negative,4,True,Therma Fisher Scientific Inc.; U.S. government,
TMO_0000097745-21-000009_chunk000,THERMO FISHER SCIENTIFIC INC.,0000097745,2021-02-24,none,positive,1,False,Thermo Fisher Scientific Inc.; Delaware General Corporation Law,
TMO_0000097745-21-000014_chunk000,THERMO FISHER SCIENTIFIC INC.,0000097745,2021-03-11,none,positive,2,False,Thermo Fisher Scientific Inc.; $500 million; $1.5 billion,
TMO_0000950157-21-000419_chunk000,THERMO FISHER SCIENTIFIC INC.,0000097745,2021-04-15,regulatory,negative,4,True,"Thermo Fisher Scientific Inc.; PPD, Inc.; Powder Acquisition Corp.; Thermo Fisher; Powder",
TMO_0000950157-21-000419_chunk001,THERMO FISHER SCIENTIFIC INC.,0000097745,2021-04-15,operational,negative,4,True,"Thermo Fisher Scientific, Inc.; PPD, Inc.; U.S. Securities and Exchange Commission; Thermo Fisher’s Annual Report on Form 10-K; Powder’s Annual Report on Form 10-K",
TMO_0000950157-21-000428_chunk000,THERMO FISHER SCIENTIFIC INC.,0000097745,2021-04-16,regulatory,neutral,2,False,Thermo Fisher Scientific Inc.; New York Stock Exchange; TMO 25B,
TMO_0000950157-21-000428_chunk001,THERMO FISHER SCIENTIFIC INC.,0000097745,2021-04-16,legal,negative,3,False,"Thermo Fisher Scientific Inc.; PPD, Inc.; Powder Acquisition Corp.",
TMO_0000950157-21-000428_chunk002,THERMO FISHER SCIENTIFIC INC.,0000097745,2021-04-16,none,positive,2,False,Thermo Fisher; PPD; Merger Sub; Written Consent,
TMO_0000950157-21-000428_chunk003,THERMO FISHER SCIENTIFIC INC.,0000097745,2021-04-16,regulatory,neutral,3,True,PPD; Merger Consideration; HSR Act; Thermo Fisher,
TMO_0000950157-21-000428_chunk004,THERMO FISHER SCIENTIFIC INC.,0000097745,2021-04-16,regulatory,neutral,2,False,Thermo Fisher; PPD; HSR Act,
TMO_0000950157-21-000428_chunk005,THERMO FISHER SCIENTIFIC INC.,0000097745,2021-04-16,regulatory,negative,3,True,"Thermo Fisher; Merger Sub; PPD; Morgan Stanley Senior Funding, Inc.; Barclays Bank PLC",
TMO_0000950157-21-000428_chunk006,THERMO FISHER SCIENTIFIC INC.,0000097745,2021-04-16,regulatory,negative,4,True,Thermo Fisher; SEC; COVID-19; government funding policies,
TMO_0000950157-21-000428_chunk007,THERMO FISHER SCIENTIFIC INC.,0000097745,2021-04-16,regulatory,negative,3,True,"U.S. Securities and Exchange Commission; Thermo Fisher Scientific Inc.; Powder Acquisition Corp.; PPD, Inc.",
TMO_0000097745-21-000023_chunk000,THERMO FISHER SCIENTIFIC INC.,0000097745,2021-04-29,operational,negative,4,True,"the Registrant; PPD, Inc.",
TMO_0000097745-21-000023_chunk001,THERMO FISHER SCIENTIFIC INC.,0000097745,2021-04-29,regulatory,neutral,2,True,Therma Fisher Scientific Inc.; SEC,
TMO_0000097745-21-000028_chunk000,THERMO FISHER SCIENTIFIC INC.,0000097745,2021-05-20,none,neutral,2,False,Thermo Fisher Scientific Inc.; Marc N. Casper; Nelson J. Chai; C. Martin Harris; Tyler Jacks; R. Alexandra Keith; Thomas J. Lynch; Jim P. Manzi; James C. Mullen; Lars R. Sørensen; Debora L. Spar; Scott M. Sperling; Dion J. Weisler,
TMO_0000097745-21-000028_chunk001,THERMO FISHER SCIENTIFIC INC.,0000097745,2021-05-20,none,positive,2,False,Therma Fisher Scientific Inc.; PricewaterhouseCoopers LLP; shareholder,
TMO_0000097745-21-000038_chunk000,THERMO FISHER SCIENTIFIC INC.,0000097745,2021-07-09,none,neutral,1,False,Thermo Fisher Scientific Inc.; SEC; 2021,
TMO_0000097745-21-000042_chunk000,THERMO FISHER SCIENTIFIC INC.,0000097745,2021-07-28,financial,negative,4,True,"PPD, Inc.",
TMO_0000097745-21-000042_chunk001,THERMO FISHER SCIENTIFIC INC.,0000097745,2021-07-28,regulatory,neutral,2,True,Therma Fisher Scientific Inc.; SEC,
TMO_0001193125-21-253972_chunk000,THERMO FISHER SCIENTIFIC INC.,0000097745,2021-08-23,regulatory,neutral,2,False,"Thermo Fisher Scientific Inc.; The Bank of New York Mellon Trust Company, N.A.; 2028 Notes; 2031 Notes; 2041 Notes; SEC",
TMO_0001193125-21-253972_chunk001,THERMO FISHER SCIENTIFIC INC.,0000097745,2021-08-23,regulatory,neutral,3,True,"Company; Moody’s Investors Service, Inc.; S&P Global Ratings; Fitch Ratings, Limited",
TMO_0001193125-21-253972_chunk002,THERMO FISHER SCIENTIFIC INC.,0000097745,2021-08-23,regulatory,neutral,3,False,"Wilmer Cutler Pickering Hale and Dorr LLP; Barclays Capital Inc.; Morgan Stanley & Co. LLC; BofA Securities, Inc.; Citigroup Global Markets Inc.; Company",
TMO_0001193125-21-253972_chunk003,THERMO FISHER SCIENTIFIC INC.,0000097745,2021-08-23,regulatory,neutral,2,True,"Company; Barclays Capital Inc.; Morgan Stanley & Co. LLC; BofA Securities, Inc.; Citigroup Global Markets Inc.; PPD Acquisition; The Bank of New York Mellon Trust Company, N.A.",
TMO_0001193125-21-253972_chunk004,THERMO FISHER SCIENTIFIC INC.,0000097745,2021-08-23,regulatory,neutral,2,True,"Company; The Bank of New York Mellon Trust Company, N.A.; Wilmer Cutler Pickering Hale and Dorr LLP; SEC",
TMO_0000097745-21-000048_chunk000,THERMO FISHER SCIENTIFIC INC.,0000097745,2021-09-17,operational,neutral,3,True,Thermo Fisher Scientific Inc.; Stephen Williamson; $40.3 billion; adjusted EPS,
TMO_0000097745-21-000048_chunk001,THERMO FISHER SCIENTIFIC INC.,0000097745,2021-09-17,regulatory,negative,4,True,"Thermo Fisher; PPD, Inc.; COVID-19; government funding policies; exchange rate fluct001; intellectual property",
TMO_0000097745-21-000048_chunk002,THERMO FISHER SCIENTIFIC INC.,0000097745,2021-09-17,operational,negative,4,True,Thermo Fisher Scientific; GAAP,
TMO_0000097745-21-000051_chunk000,THERMO FISHER SCIENTIFIC INC.,0000097745,2021-09-28,leadership,neutral,2,False,Thermo Fisher Scientific Inc.; Mark Stevenson; Syed Jafry; Michel Lagarde; Gianluca Pettiti,
TMO_0001193125-21-301063_chunk000,THERMO FISHER SCIENTIFIC INC.,0000097745,2021-10-18,regulatory,neutral,2,True,"Thermo Fisher Scientific (Finance I) B.V.; Thermo Fisher International; Company; SEC; Bank of New York Mellon Trust Company, N.A.",
TMO_0001193125-21-301063_chunk001,THERMO FISHER SCIENTIFIC INC.,0000097745,2021-10-18,regulatory,negative,4,True,"Thermo Fisher International; Moody’s Investors Service, Inc.; S&P Global Ratings; Fitch Ratings Limited",
TMO_0001193125-21-301063_chunk002,THERMO FISHER SCIENTIFIC INC.,0000097745,2021-10-18,financial,negative,4,True,Fitch Ratings Limited; Thermo Fisher International; Notes; Guarantee; Indenture,
TMO_0001193125-21-301063_chunk003,THERMO FISHER SCIENTIFIC INC.,0000097745,2021-10-18,financial,negative,4,True,Thermo Fisher International; PPD Acquisition; Barclays Bank PLC; Morgan Stanley Europe SE; Citigroup Global Markets Europe AG; Mizuho Securities Europe GmbH,
TMO_0001193125-21-301063_chunk004,THERMO FISHER SCIENTIFIC INC.,0000097745,2021-10-18,regulatory,neutral,2,True,"Thermo Fisher International; the Company; Barclays Bank PLC; Morgan Stanley Europe SE; BofA Securities Europe SA; Citigroup Global Markets Europe AG; Mizuho Securities Europe GmbH; The Bank of New York Mellon Trust Company, N.A.",
TMO_0001193125-21-301063_chunk005,THERMO FISHER SCIENTIFIC INC.,0000097745,2021-10-18,regulatory,neutral,2,True,Interactive Data File; SEC; 10-K; 10-Q; thermofisher.com,
TMO_0001193125-21-305403_chunk000,THERMO FISHER SCIENTIFIC INC.,0000097745,2021-10-22,financial,neutral,3,False,"Thermo Fisher Scientific Inc.; The Bank of New York Mellon Trust Company, N.A.; $1,000,000,000; $500,000,000; $1,350,000,000; $2,500,000,000; Form S-3; Securities and Exchange Commission; Base Indenture; Supplemental Indenture; Calculation Agency Agreement",
TMO_0001193125-21-305403_chunk001,THERMO FISHER SCIENTIFIC INC.,0000097745,2021-10-22,financial,neutral,2,True,"The Company; The Bank of New York Mellon Trust Company, N.A.; The 18-Month Notes; The 2023 Floating Rate Notes; The 2024 Floating Rate Notes; The Fixed Rate Notes; Treasury Rate",
TMO_0001193125-21-305403_chunk002,THERMO FISHER SCIENTIFIC INC.,0000097745,2021-10-22,financial,negative,4,True,"Company; PPD Acquisition; Moody’s Investors Service, Inc.; S&P Global Ratings; Fitch Ratings, Limited; Principal Properties; Company's subsidiaries",
TMO_0001193125-21-305403_chunk003,THERMO FISHER SCIENTIFIC INC.,0000097745,2021-10-22,regulatory,neutral,3,True,"Wilmer Cutler Pickering Hale and Dorr LLP; Barclays Capital Inc.; Morgan Stanley & Co. LLC; BofA Securities, Inc.; Citigroup Global Markets Inc.; Mizuho Securities USA LLC; PPD Acquisition",
TMO_0001193125-21-305403_chunk004,THERMO FISHER SCIENTIFIC INC.,0000097745,2021-10-22,regulatory,neutral,3,True,"Company; Barclays Capital Inc.; Morgan Stanley & Co. LLC; BofA Securities, Inc.; Citigroup Global Markets Inc.; Mizuho Securities USA LLC; The Bank of New York Mellon Trust Company, N.A.",
TMO_0001193125-21-305403_chunk005,THERMO FISHER SCIENTIFIC INC.,0000097745,2021-10-22,none,neutral,1,True,thermofisher; SEC,
TMO_0000097745-21-000054_chunk000,THERMO FISHER SCIENTIFIC INC.,0000097745,2021-10-27,financial,negative,4,True,"PPD, Inc.",
TMO_0000097745-21-000054_chunk001,THERMO FISHER SCIENTIFIC INC.,0000097745,2021-10-27,regulatory,neutral,2,True,Therma Fisher Scientific Inc.; SEC,
TMO_0001193125-21-333790_chunk000,THERMO FISHER SCIENTIFIC INC.,0000097745,2021-11-18,regulatory,neutral,2,True,"Thermo Fisher Scientific (Finance I) B.V.; Thermo Fisher International; Company; Securities; Bank of New York Mellon Trust Company, N.A.; Floating Rate Notes; 2023 Notes; Sustainability Notes; SEC",
TMO_0001193125-21-333790_chunk001,THERMO FISHER SCIENTIFIC INC.,0000097745,2021-11-18,regulatory,negative,4,True,"Thermo Fisher International; Moody’s Investors Service, Inc.; S&P Global Ratings; Fitch Ratings Limited",
TMO_0001193125-21-333790_chunk002,THERMO FISHER SCIENTIFIC INC.,0000097745,2021-11-18,regulatory,negative,4,False,Thermo Fisher International; Wilmer Cutler Pickering Hale and Dorr LLP; Linklaters LLP,
TMO_0001193125-21-333790_chunk003,THERMO FISHER SCIENTIFIC INC.,0000097745,2021-11-18,regulatory,neutral,3,True,Company; Thermo Fisher International; Linklaters LLP; 4.133% Senior Notes; 2025 Notes; 4.497% Senior Notes; 2030 Notes; Redemption Date,
TMO_0001193125-21-333790_chunk004,THERMO FISHER SCIENTIFIC INC.,0000097745,2021-11-18,financial,neutral,3,True,"Thermo Fisher International; the Company; Barclays Bank PLC; Morgan Stanley Europe SE; Citigroup Global Markets Europe AG; Mizuho Securities Europe GmbH; PPD, Inc.",
TMO_0001193125-21-333790_chunk005,THERMO FISHER SCIENTIFIC INC.,0000097745,2021-11-18,regulatory,neutral,2,True,"Thermo Fisher International; the Company; Barclays Bank PLC; Morgan Stanley Europe SE; BofA Securities Europe SA; Citigroup Global Markets Europe AG; Mizuho Securities Europe GmbH; The Bank of New York Mellon Trust Company, N.A.",
TMO_0001193125-21-333790_chunk006,THERMO FISHER SCIENTIFIC INC.,0000097745,2021-11-18,regulatory,negative,4,True,Company; PPD; SEC; COVID-19; government funding policies; exchange rate fluctuations; intellectual property; government regulations; laws and regulations governing government contracts,
TMO_0000950157-21-001239_chunk000,THERMO FISHER SCIENTIFIC INC.,0000097745,2021-12-08,none,positive,1,False,"Thermo Fisher; PPD, Inc.",
TMO_0001193125-21-357356_chunk000,THERMO FISHER SCIENTIFIC INC.,0000097745,2021-12-15,none,negative,4,True,"Thermo Fisher Scientific Inc.; U.S. Securities and Exchange Commission; $1,200,000,000; $750,000,000",bad risk_category 'finan01'
TMO_0001193125-21-357356_chunk001,THERMO FISHER SCIENTIFIC INC.,0000097745,2021-12-15,regulatory,neutral,2,True,Company; SEC; Form 10-K; Form 10-Q,
TMO_0001104659-22-002262_chunk000,THERMO FISHER SCIENTIFIC INC.,0000097745,2022-01-07,financial,neutral,3,True,"Thermo Fisher Scientific Inc.; Bank of America, N.A.; $5.0 billion; $3.0 billion",
TMO_0001104659-22-002262_chunk001,THERMO FISHER SCIENTIFIC INC.,0000097745,2022-01-07,financial,neutral,3,True,Company; Credit Facility; subsidiaries; long-term debt credit ratings,
TMO_0001104659-22-002262_chunk002,THERMO FISHER SCIENTIFIC INC.,0000097745,2022-01-07,none,neutral,1,False,,no JSON object found in response
TMO_0001104659-22-002262_chunk003,THERMO FISHER SCIENTIFIC INC.,0000097745,2022-01-07,regulatory,neutral,2,False,"Thermo Fisher Scientific Inc.; Bank of America, N.A.; U.S. dollars; euro; Japanese yen; British pounds sterling; Swiss franc; Canadian dollars",
TMO_0001193125-22-014316_chunk000,THERMO FISHER SCIENTIFIC INC.,0000097745,2022-01-21,regulatory,neutral,2,True,"Thermo Fisher Scientific Inc.; SEC; $350,000,000; 3.650% Senior Notes due 2025",
TMO_0001193125-22-014316_chunk001,THERMO FISHER SCIENTIFIC INC.,0000097745,2022-01-21,none,neutral,1,True,,
TMO_0000097745-22-000003_chunk000,THERMO FISHER SCIENTIFIC INC.,0000097745,2022-02-02,financial,negative,4,True,Registrant; COVID-19; government funding policies; intellectual property; government contracts,
TMO_0000097745-22-000003_chunk001,THERMO FISHER SCIENTIFIC INC.,0000097745,2022-02-02,regulatory,neutral,2,True,Therma Fisher Scientific Inc.,
TMO_0000097745-22-000008_chunk000,THERMO FISHER SCIENTIFIC INC.,0000097745,2022-02-24,leadership,neutral,2,False,"Thermo Fisher Scientific Inc.; Ruby R. Chandy; Pall Corporation; Dow Chemical Company; Rohm and Haas Corporation; DuPont de Nemours, Inc.; Flowserve Corporation; Pritzker Private Capital; MIT Sloan Americas Executive Board; University of Pennsylvania Penn Center for Innovation; Thomas J. Lynch",
TMO_0000097745-22-000008_chunk001,THERMO FISHER SCIENTIFIC INC.,0000097745,2022-02-24,none,neutral,1,False,Thermo Fisher Scientific Inc.,
TMO_0000097745-22-000022_chunk000,THERMO FISHER SCIENTIFIC INC.,0000097745,2022-04-28,financial,negative,4,True,Registrant; COVID-19; government funding policies; intellectual property; government contracts,
TMO_0000097745-22-000022_chunk001,THERMO FISHER SCIENTIFIC INC.,0000097745,2022-04-28,regulatory,neutral,2,True,Therma Fisher Scientific Inc.; SEC,
TMO_0000097745-22-000032_chunk000,THERMO FISHER SCIENTIFIC INC.,0000097745,2022-05-19,none,neutral,1,False,Thermo Fisher Scientific Inc.; Marc N. Casper; Nelson J. Chai; Ruby R. Chandy; C. Martin Harris; Tyler Jacks; R. Alexandra Keith; Jim P. Manzi; James C. Mullen; Lars R. Sørensen; Debora L. Spar; Scott M. Sperling; Dion J. Weisler,
TMO_0000097745-22-000032_chunk001,THERMO FISHER SCIENTIFIC INC.,0000097745,2022-05-19,none,positive,1,False,Therma Fisher Scientific Inc.; PricewaterhouseCoopers LLP,
TMO_0000097745-22-000044_chunk000,THERMO FISHER SCIENTIFIC INC.,0000097745,2022-07-28,none,neutral,1,False,Therma Fisher Scientific Inc.; Securities Exchange Act of 1934; Securities Act of 1933,
TMO_0001140361-22-037956_chunk000,THERMO FISHER SCIENTIFIC INC.,0000097745,2022-10-20,regulatory,neutral,2,False,"Thermo Fisher Scientific Inc.; The Bank of New York Mellon Trust Company, N.A.; ¥22,300,000,000; ¥28,900,000,000; ¥4,700,000,000; ¥6,300,000,000; ¥14,600,000,000; ¥33,300,000,000; ¥2.069%; ¥2.382%; ¥2025; ¥2027; ¥2029; ¥2032; ¥2042; ¥2052",
TMO_0001140361-22-037956_chunk001,THERMO FISHER SCIENTIFIC INC.,0000097745,2022-10-20,regulatory,negative,4,True,"New York Mellon Trust Company; Moody’s Investors Service, Inc.; S&P Global Ratings; Fitch Ratings, Limited; Company",
TMO_0001140361-22-037956_chunk002,THERMO FISHER SCIENTIFIC INC.,0000097745,2022-10-20,financial,neutral,3,True,"Company; Citigroup Global Markets Limited; Mizuho Securities USA LLC; MUFG Securities EMEA plc; SMBC Nikko Securities America, Inc.; ¥109.1 billion",
TMO_0001140361-22-037956_chunk003,THERMO FISHER SCIENTIFIC INC.,0000097745,2022-10-20,none,neutral,1,False,"Company; Citigroup Global Markets Limited; Mizuho Securities USA LLC; MUFG Securities EMEA plc; SMBC Nikko Securities America, Inc.; The Bank of New York Mellon Trust Company, N.A.; Wilmer Cutler Pickering Hale and Dorr LLP",
TMO_0000097745-22-000053_chunk000,THERMO FISHER SCIENTIFIC INC.,0000097745,2022-10-26,none,neutral,1,False,Therma Fisher Scientific Inc.; Securities Exchange Act of 1934; Securities Act of 1933,
TMO_0000097745-22-000060_chunk000,THERMO FISHER SCIENTIFIC INC.,0000097745,2022-11-14,none,positive,1,False,Marc N. Casper; Thermo Fisher Scientific Inc.,
TMO_0001140361-22-042550_chunk000,THERMO FISHER SCIENTIFIC INC.,0000097745,2022-11-21,financial,neutral,3,True,"Thermo Fisher Scientific Inc.; Euro Offering; The Bank of New York Mellon Trust Company, N.A.; 2026 Notes; 2034 Notes; Securities and Exchange Commission",
TMO_0001140361-22-042550_chunk001,THERMO FISHER SCIENTIFIC INC.,0000097745,2022-11-21,regulatory,negative,4,True,"Company; Moody’s Investors Service, Inc.; S&P Global Ratings; Fitch Ratings, Limited",
TMO_0001140361-22-042550_chunk002,THERMO FISHER SCIENTIFIC INC.,0000097745,2022-11-21,financial,negative,4,True,Company; Wilmer Cutler Pickering Hale and Dorr LLP; USD Offering; 2027 Notes; 2032 Notes,
TMO_0001140361-22-042550_chunk003,THERMO FISHER SCIENTIFIC INC.,0000097745,2022-11-21,regulatory,neutral,2,True,Company; Trustee; USD Notes; 2027 Notes; 2032 Notes; Treasury Rate,
TMO_0001140361-22-042550_chunk004,THERMO FISHER SCIENTIFIC INC.,0000097745,2022-11-21,regulatory,negative,4,True,Company; Moody’s Investors Service; S&P Global Ratings; Fitch Ratings; USD Notes; Principal Properties; Principal Subsidiaries,
TMO_0001140361-22-042550_chunk005,THERMO FISHER SCIENTIFIC INC.,0000097745,2022-11-21,financial,neutral,3,True,Company; Citigroup Global Markets Limited; Deutsche Bank AG; Merrill Lynch International; Euro Underwriting Agreement; USD Underwriting Agreement; USD Notes; Euro Notes,
TMO_0001140361-22-042550_chunk006,THERMO FISHER SCIENTIFIC INC.,0000097745,2022-11-21,financial,neutral,2,True,"Company; BofA Securities, Inc.; Citigroup Global Markets Inc.; Deutsche Bank Securities Inc.; The Bank of New York Mellon Trust Company, N.A.",
TMO_0001140361-22-042550_chunk007,THERMO FISHER SCIENTIFIC INC.,0000097745,2022-11-21,none,neutral,1,False,"Company; The Bank of New York Mellon Trust Company, N.A.; Wilmer Cutler Pickering Hale and Dorr LLP",
TMO_0000097745-23-000003_chunk000,THERMO FISHER SCIENTIFIC INC.,0000097745,2023-02-01,financial,neutral,2,False,Thermo Fisher Scientific Inc.; Securities Exchange Act of 1934; Securities Act of 1933,
TMO_0001628280-23-013041_chunk000,THERMO FISHER SCIENTIFIC INC.,0000097745,2023-04-26,financial,neutral,2,False,Thermo Fisher Scientific Inc.; Securities Exchange Act of 1934; Securities Act of 1933,
TMO_0000097745-23-000042_chunk000,THERMO FISHER SCIENTIFIC INC.,0000097745,2023-05-26,none,positive,1,False,Thermo Fisher Scientific Inc.; U.S. Securities and Exchange Commission; Marc N. Casper,
TMO_0000097745-23-000042_chunk001,THERMO FISHER SCIENTIFIC INC.,0000097745,2023-05-26,none,neutral,2,False,Marc N. Casper; Nelson J. Chai; Ruby R. Chandy; 0; C. Martin Harris; Tyler Jacks; R. Alexandra Keith; James C. Mullen; Lars R. Sørensen; Debora L. Spar; Scott M. Sperling; Dion J. Weisler; PricewaterhouseCoopers LLP,
TMO_0000097745-23-000042_chunk002,THERMO FISHER SCIENTIFIC INC.,0000097745,2023-05-26,none,positive,2,False,Thermo Fisher Scientific Inc.; PricewaterhouseCoopers LLP; 2023 Global Employee Stock Purchase Plan; 2023 Stock Incentive Plan,
TMO_0000097745-23-000051_chunk000,THERMO FISHER SCIENTIFIC INC.,0000097745,2023-07-13,leadership,positive,2,False,"Thermo Fisher Scientific Inc.; Jennifer Johnson; Franklin Resources, Inc.; $1.4 trillion",
TMO_0000097745-23-000054_chunk000,THERMO FISHER SCIENTIFIC INC.,0000097745,2023-07-26,none,neutral,1,False,Registrant; Securities Exchange Act of 1934; Securities Act of 1933,
TMO_0001140361-23-038455_chunk000,THERMO FISHER SCIENTIFIC INC.,0000097745,2023-08-08,regulatory,negative,4,True,"Thermo Fisher Scientific Inc.; SEC; $500,000,000; $600,000,000; $750,000,000; $1,000,000,000; $600,000,000",
TMO_0001140361-23-038455_chunk001,THERMO FISHER SCIENTIFIC INC.,0000097745,2023-08-08,regulatory,negative,4,True,Company; SEC; COVID-19; economic conditions; government funding policies; exchange rate fluctuations; intellectual property; government regulations; natural disaster; public health crisis; catastrophic event; government contracts; acquisitions,
TMO_0001140361-23-039086_chunk000,THERMO FISHER SCIENTIFIC INC.,0000097745,2023-08-10,regulatory,neutral,2,True,"Thermo Fisher Scientific Inc.; The Bank of New York Mellon Trust Company, N.A.; $600,000,000; $750,000,000; $1,000,000,000; $600,000,000; Form S-3; Form S-3 File No. 333-263034; Base Indenture; Supplemental Indenture; 2026 Notes; 2030 Notes; 2033 Notes; 2043 Notes",
TMO_0001140361-23-039086_chunk001,THERMO FISHER SCIENTIFIC INC.,0000097745,2023-08-10,regulatory,negative,4,True,"Company; Moody’s Investors Service, Inc.; S&P Global Ratings; Fitch Ratings, Limited",
TMO_0001140361-23-039086_chunk002,THERMO FISHER SCIENTIFIC INC.,0000097745,2023-08-10,financial,negative,4,True,Company; Wilmer Cutler Pickering Hale and Dorr LLP; Base Indenture; Supplemental Indenture,
TMO_0001140361-23-039086_chunk003,THERMO FISHER SCIENTIFIC INC.,0000097745,2023-08-10,financial,neutral,3,True,BNP Paribas Securities Corp.; Citigroup Global Markets Inc.; Goldman Sachs & Co. LLC; Mizuho Securities USA LLC; Company,
TMO_0001140361-23-039086_chunk004,THERMO FISHER SCIENTIFIC INC.,0000097745,2023-08-10,none,neutral,1,False,"igroup Global Markets Inc.; Goldman Sachs & Co. LLC; Mizuho Securities USA LLC; The Bank of New York Mellon Trust Company, N.A.",
TMO_0000097745-23-000062_chunk000,THERMO FISHER SCIENTIFIC INC.,0000097745,2023-09-21,none,positive,1,False,Thermo Fisher Scientific Inc.; Jennifer Johnson,
TMO_0000950157-23-001058_chunk000,THERMO FISHER SCIENTIFIC INC.,0000097745,2023-10-17,regulatory,negative,4,True,Thermo Fisher Scientific Inc.; Olink Holding AB; COVID-19; government funding policies; intellectual property; government contracts,
TMO_0000950157-23-001058_chunk001,THERMO FISHER SCIENTIFIC INC.,0000097745,2023-10-17,regulatory,negative,4,True,Thermo Fisher; Olink; SEC,
TMO_0000950157-23-001058_chunk002,THERMO FISHER SCIENTIFIC INC.,0000097745,2023-10-17,none,neutral,2,False,Thermo Fisher; Olink; SEC; 781-622-1111,
TMO_0000097745-23-000065_chunk000,THERMO FISHER SCIENTIFIC INC.,0000097745,2023-10-25,none,neutral,1,False,Registrant; Securities Exchange Act of 1934; Securities Act of 1933,
TMO_0000097745-23-000072_chunk000,THERMO FISHER SCIENTIFIC INC.,0000097745,2023-11-07,regulatory,negative,3,False,Thermo Fisher Scientific Inc.; 401(k) plan; Company; Employment Retirement Income Security Act of 1974; Sarbanes-Oxley Act of 2002; Regulation BTR,
TMO_0000097745-23-000072_chunk001,THERMO FISHER SCIENTIFIC INC.,0000097745,2023-11-07,regulatory,neutral,2,False,"Thermo Fisher Scientific Inc.; Corporate Secretary; 168 Third Avenue, Waltham, Massachusetts 02451",
TMO_0001140361-23-056365_chunk000,THERMO FISHER SCIENTIFIC INC.,0000097745,2023-12-05,regulatory,neutral,2,True,"Thermo Fisher Scientific Inc.; The Bank of New York Mellon Trust Company, N.A.; $1,000,000,000; $500,000,000; Form S-3; Form S-333-263034",
TMO_0001140361-23-056365_chunk001,THERMO FISHER SCIENTIFIC INC.,0000097745,2023-12-05,regulatory,negative,4,True,"Company; Moody’s Investors Service, Inc.; S&P Global Ratings; Fitch Ratings, Limited",
TMO_0001140361-23-056365_chunk002,THERMO FISHER SCIENTIFIC INC.,0000097745,2023-12-05,regulatory,negative,4,True,"Company; BofA Securities, Inc.; Morgan Stanley & Co. LL",
TMO_0001140361-23-056365_chunk003,THERMO FISHER SCIENTIFIC INC.,0000097745,2023-12-05,none,positive,2,False,"Company; BofA Securities, Inc.; Morgan Stanley & Co. LLC; U.S. Bancorp Investments, Inc.; Wells Fargo Securities, LLC; The Bank of New York Mellon Trust Company, N.A.",
TMO_0001140361-23-056365_chunk004,THERMO FISHER SCIENTIFIC INC.,0000097745,2023-12-05,none,neutral,1,False,Company; Wilmer Cutler Pickering Hale and Dorr LLP,
TMO_0000097745-24-000003_chunk000,THERMO FISHER SCIENTIFIC INC.,0000097745,2024-01-31,none,neutral,1,False,Registrant; Securities Exchange Act of 1934; Securities Act of 1933,
TMO_0000097745-24-000019_chunk000,THERMO FISHER SCIENTIFIC INC.,0000097745,2024-04-24,none,neutral,1,False,Registrant; Securities Exchange Act of 1934; Securities Act of 1933,
TMO_0000097745-24-000026_chunk000,THERMO FISHER SCIENTIFIC INC.,0000097745,2024-05-24,none,positive,1,False,Company; Marc N. Casper; Nelson J. Chai; Ruby R. Chandy; C. Martin Harris; Tyler Jacks; Jennifer M. Johnson; R. Alexandra Keith; James C. Mullen; Debora L. Spar; Scott M. Sperling; Dion J. Weisler; PricewaterhouseCoopers LLP,
TMO_0000097745-24-000026_chunk001,THERMO FISHER SCIENTIFIC INC.,0000097745,2024-05-24,none,neutral,2,False,PricewaterhouseCoopers LLP; Company; shareholder; Broker; votes,
TMO_0000950157-24-000978_chunk000,THERMO FISHER SCIENTIFIC INC.,0000097745,2024-07-10,none,positive,1,False,Thermo Fisher Scientific Inc.; Orion Acquisition AB; Thermo Fisher; Olink Holding AB,
TMO_0000097745-24-000036_chunk000,THERMO FISHER SCIENTIFIC INC.,0000097745,2024-07-24,none,neutral,1,False,Registrant; Securities Exchange Act of 1934; Securities Act of 1933,
TMO_0000097745-24-000043_chunk000,THERMO FISHER SCIENTIFIC INC.,0000097745,2024-10-23,none,neutral,1,False,Registrant; Securities Exchange Act of 1934; Securities Act of 1933,
TSLA_0001564590-21-000010_chunk000,"Tesla, Inc.",0001318605,2021-01-04,none,positive,1,False,"Tesla, Inc.; Tesla Motors Netherlands B.V.; Panasonic Corporation of North America; Sanyo Electric Co., Ltd.",
TSLA_0001564590-21-000008_chunk000,"Tesla, Inc.",0001318605,2021-01-04,regulatory,neutral,2,False,"Tesla, Inc.; Securities Exchange Act of 1934; Securities Act of 1933",
TSLA_0001564590-21-002645_chunk000,"Tesla, Inc.",0001318605,2021-01-27,none,positive,1,False,"Tesla, Inc.",
TSLA_0001564590-21-012981_chunk000,"Tesla, Inc.",0001318605,2021-03-15,none,positive,1,False,Elon Musk; Zach Kirkhorn; Tesla,
TSLA_0001564590-21-012962_chunk000,"Tesla, Inc.",0001318605,2021-03-15,none,positive,1,False,"Tesla, Inc.; Jerome Guillen; Automotive; Tesla Heavy Trucking; Tesla Semi",
TSLA_0001564590-21-017443_chunk000,"Tesla, Inc.",0001318605,2021-04-02,none,neutral,1,False,"Tesla, Inc.",
TSLA_0001564590-21-020558_chunk000,"Tesla, Inc.",0001318605,2021-04-26,none,positive,1,False,"Tesla, Inc.",
TSLA_0001564590-21-031976_chunk000,"Tesla, Inc.",0001318605,2021-06-07,leadership,neutral,2,False,Tesla; Jerome Guillen,
TSLA_0000950170-21-000423_chunk000,"Tesla, Inc.",0001318605,2021-07-02,none,neutral,1,False,"Tesla, Inc.",
TSLA_0001564590-21-037953_chunk000,"Tesla, Inc.",0001318605,2021-07-26,none,positive,1,False,"Tesla, Inc.",
TSLA_0001564590-21-046390_chunk000,"Tesla, Inc.",0001318605,2021-08-30,none,neutral,1,False,"Tesla Energy Operations, Inc.; The Research Foundation for the State University of New York",
TSLA_0001564590-21-049874_chunk000,"Tesla, Inc.",0001318605,2021-10-04,none,neutral,1,False,"Tesla, Inc.",
TSLA_0001564590-21-050737_chunk000,"Tesla, Inc.",0001318605,2021-10-13,none,neutral,1,False,"Tesla, Inc.; James Murdoch; Kimbal Musk; PricewaterhouseCoopers LLP",
TSLA_0001564590-21-050737_chunk001,"Tesla, Inc.",0001318605,2021-10-13,regulatory,neutral,2,False,stockholder proposals; director terms; diversity and inclusion; employee arbitration; human capital management; human rights,
TSLA_0001564590-21-051307_chunk000,"Tesla, Inc.",0001318605,2021-10-20,none,positive,1,False,"Tesla, Inc.",
TSLA_0001564590-21-058953_chunk000,"Tesla, Inc.",0001318605,2021-12-01,none,neutral,1,False,"Tesla, Inc.; Gigafactory Texas; Austin; Texas",
TSLA_0001564590-22-000009_chunk000,"Tesla, Inc.",0001318605,2022-01-03,none,neutral,1,False,"Tesla, Inc.",
TSLA_0001564590-22-002476_chunk000,"Tesla, Inc.",0001318605,2022-01-26,none,positive,1,False,"Tesla, Inc.",
TSLA_0001564590-22-011875_chunk000,"Tesla, Inc.",0001318605,2022-03-28,none,positive,1,False,"Tesla, Inc.; Elon Musk; SEC; 2022 Annual Meeting",
TSLA_0001564590-22-013264_chunk000,"Tesla, Inc.",0001318605,2022-04-04,none,neutral,1,False,"Tesla, Inc.",
TSLA_0001564590-22-014917_chunk000,"Tesla, Inc.",0001318605,2022-04-20,none,positive,1,False,"Tesla, Inc.",
TSLA_0001564590-22-017214_chunk000,"Tesla, Inc.",0001318605,2022-05-03,none,positive,1,False,"Tesla, Inc.; Elon Musk; SEC; Austin, TX",
TSLA_0001564590-22-025153_chunk000,"Tesla, Inc.",0001318605,2022-07-05,none,neutral,1,False,"Tesla, Inc.",
TSLA_0001564590-22-026048_chunk000,"Tesla, Inc.",0001318605,2022-07-20,none,positive,2,False,"Tesla, Inc.",
TSLA_0001564590-22-028207_chunk000,"Tesla, Inc.",0001318605,2022-08-05,none,neutral,1,False,"Tesla, Inc.; Ira Ehrenpreis; Kathleen Wilson-Thompson; PricewaterhouseCoopers LLP",
TSLA_0001564590-22-028207_chunk001,"Tesla, Inc.",0001318605,2022-08-05,regulatory,neutral,2,False,PricewaterhouseCoopers LLP; SEC; stockholders; board diversity; employee arbitration; lobbying; freedom of association and collective bargaining,
TSLA_0001564590-22-028207_chunk002,"Tesla, Inc.",0001318605,2022-08-05,none,neutral,1,False,"Tesla, Inc.; Elon Musk; Securities and Exchange Commission; US$214,095,344; US$427,836,445; US$24,563,006; US$160,206,457; US$69,241,120; US$587,705,507; US$9,548,167; US$233,727,702; US$426,509,894; US$6,257,198",
TSLA_0001564590-22-032575_chunk000,"Tesla, Inc.",0001318605,2022-09-28,none,positive,1,False,"Tesla, Inc.; Joseph Gebbia",
TSLA_0001564590-22-033053_chunk000,"Tesla, Inc.",0001318605,2022-10-03,none,neutral,1,False,"Tesla, Inc.; Securities Exchange Act of 1934; Securities Act of 1933",
TSLA_0001564590-22-034639_chunk000,"Tesla, Inc.",0001318605,2022-10-19,none,positive,1,False,"Tesla, Inc.",
TSLA_0001564590-23-000002_chunk000,"Tesla, Inc.",0001318605,2023-01-03,none,neutral,1,False,"Tesla, Inc.",
TSLA_0001564590-23-000799_chunk000,"Tesla, Inc.",0001318605,2023-01-25,financial,neutral,3,True,"Tesla, Inc.; Citibank, N.A.; Deutsche Bank Securities Inc.; $5.0 billion; $2.0 billion; Term SOFR; SONIA; EURIBOR; $1.0 billion",
TSLA_0001564590-23-000799_chunk001,"Tesla, Inc.",0001318605,2023-01-25,operational,neutral,2,False,Tesla; Deutsche Bank AG New York Branch; ABL Credit Agreement; RCF Credit Agreement,
TSLA_0001564590-23-000799_chunk002,"Tesla, Inc.",0001318605,2023-01-25,financial,neutral,2,False,"Tesla, Inc.",
TSLA_0001564590-23-005126_chunk000,"Tesla, Inc.",0001318605,2023-04-03,none,neutral,1,False,"Tesla, Inc.",
TSLA_0001564590-23-005462_chunk000,"Tesla, Inc.",0001318605,2023-04-05,regulatory,positive,2,False,"Tesla, Inc.; U.S. Securities and Exchange Commission",
TSLA_0001564590-23-005959_chunk000,"Tesla, Inc.",0001318605,2023-04-19,none,positive,2,False,"Tesla, Inc.",
TSLA_0001564590-23-007379_chunk000,"Tesla, Inc.",0001318605,2023-05-22,none,neutral,1,False,"Tesla, Inc.; Elon Musk; Robyn Denholm; JB Straubel; PricewaterhouseCoopers LLP",
TSLA_0001564590-23-007379_chunk001,"Tesla, Inc.",0001318605,2023-05-22,none,neutral,2,False,"Against; Broker Non-Votes; 2,389,300,488; 26,447,821; 4,309,476; 0; Proposal 5; 109,763,690; 1,768,867,381; 14,436,216; 526,990,497; Proposal 6; 0; 2,420,047,519; 0",
TSLA_0000950170-23-031241_chunk000,"Tesla, Inc.",0001318605,2023-07-03,none,neutral,1,False,"Tesla, Inc.",
TSLA_0000950170-23-033544_chunk000,"Tesla, Inc.",0001318605,2023-07-19,none,positive,2,False,"Tesla, Inc.",
TSLA_0000950170-23-033695_chunk000,"Tesla, Inc.",0001318605,2023-07-20,leadership,neutral,2,False,"Tesla, Inc.; Elon Musk; Delaware Court of Chancery",
TSLA_0000950170-23-038779_chunk000,"Tesla, Inc.",0001318605,2023-08-07,none,positive,1,False,"Tesla, Inc.; Vaibhav Taneja; Zachary Kirkhorn; SolarCity Corporation; PricewaterhouseCoopers",
TSLA_0000950170-23-050938_chunk000,"Tesla, Inc.",0001318605,2023-10-02,none,neutral,1,False,"Tesla, Inc.",
TSLA_0000950170-23-052618_chunk000,"Tesla, Inc.",0001318605,2023-10-10,none,neutral,1,False,Tesla,
TSLA_0001628280-23-034588_chunk000,"Tesla, Inc.",0001318605,2023-10-18,financial,neutral,2,False,"Tesla, Inc.; Securities Exchange Act of 1934; Securities Act of 1933",
TSLA_0000950170-24-000282_chunk000,"Tesla, Inc.",0001318605,2024-01-02,none,neutral,1,False,"Tesla, Inc.",
TSLA_0000950170-24-007073_chunk000,"Tesla, Inc.",0001318605,2024-01-24,financial,neutral,2,False,"Tesla, Inc.; Securities Exchange Act of 1934; Securities Act of 1933",
TSLA_0000950170-24-040274_chunk000,"Tesla, Inc.",0001318605,2024-04-02,none,neutral,1,False,"Tesla, Inc.",
TSLA_0000950170-24-044588_chunk000,"Tesla, Inc.",0001318605,2024-04-16,operational,neutral,3,True,"Tesla, Inc.; Andrew Baglino",
TSLA_0000950170-24-046895_chunk000,"Tesla, Inc.",0001318605,2024-04-23,financial,neutral,2,False,"Tesla, Inc.; Securities Exchange Act of 1934; Securities Act of 1933",
TSLA_0001104659-24-071439_chunk000,"Tesla, Inc.",0001318605,2024-06-14,regulatory,positive,2,False,"Tesla, Inc.; Elon Musk; Kimbal Musk; Delaware; Texas",
TSLA_0001104659-24-071439_chunk001,"Tesla, Inc.",0001318605,2024-06-14,regulatory,neutral,2,False,Tesla; Elon Musk; NASDAQ,
TSLA_0001104659-24-071439_chunk002,"Tesla, Inc.",0001318605,2024-06-14,regulatory,neutral,2,True,Tesla; Elon Musk; Kimbal Musk; PricewaterhouseCoopers LLP,
TSLA_0001104659-24-071439_chunk003,"Tesla, Inc.",0001318605,2024-06-14,none,neutral,1,False,,no JSON object found in response
TSLA_0001628280-24-030714_chunk000,"Tesla, Inc.",0001318605,2024-07-02,none,neutral,1,False,"Tesla, Inc.",
TSLA_0001628280-24-032603_chunk000,"Tesla, Inc.",0001318605,2024-07-23,financial,neutral,2,False,"Tesla, Inc.",
TSLA_0001628280-24-041816_chunk000,"Tesla, Inc.",0001318605,2024-10-02,none,neutral,1,False,"Tesla, Inc.",
TSLA_0001628280-24-043432_chunk000,"Tesla, Inc.",0001318605,2024-10-23,financial,neutral,2,False,"Tesla, Inc.; Securities Exchange Act of 1934; Securities Act of 1933",
TXN_0000097476-21-000003_chunk000,TEXAS INSTRUMENTS INC,0000097476,2021-01-26,regulatory,neutral,2,False,United States Securities and Exchange Commission; Texas Instruments Inc.; Nasdaq Global Select Market,
TXN_0000097476-21-000003_chunk001,TEXAS INSTRUMENTS INC,0000097476,2021-01-26,financial,neutral,2,False,company; registrant,
TXN_0000097476-21-000011_chunk000,TEXAS INSTRUMENTS INC,0000097476,2021-04-27,regulatory,neutral,2,False,United States Securities and Exchange Commission; Texas Instruments Inc.; Nasdaq Global Select Market,
TXN_0000097476-21-000011_chunk001,TEXAS INSTRUMENTS INC,0000097476,2021-04-27,financial,neutral,2,False,company; Registrant,
TXN_0001193125-21-136852_chunk000,TEXAS INSTRUMENTS INC,0000097476,2021-04-28,regulatory,neutral,2,False,Texas Instruments Inc.; United States Securities and Exchange Commission; Nasdaq Global Select Market,
TXN_0001193125-21-136852_chunk001,TEXAS INSTRUMENTS INC,0000097476,2021-04-28,none,positive,1,False,Company; Julie Knecht; Rafael Lizardi,
TXN_0001193125-21-136843_chunk000,TEXAS INSTRUMENTS INC,0000097476,2021-04-28,regulatory,neutral,2,False,United States; Securities and Exchange Commission; Texas Instruments Inc.; Nasdaq Global Select Market,
TXN_0001193125-21-136843_chunk001,TEXAS INSTRUMENTS INC,0000097476,2021-04-28,none,neutral,1,False,Texas Instruments Incorporated; Mark A. Blinn; Todd M. Bluedorn; Janet F. Clark; Carrie S. Cox; Martin S. Craighead; Jean M. Hobby; Michael Hsu; Ronald Kirk; Pamela H. Patsley; Robert E. Sanchez; Richard K. Templeton,
TXN_0001193125-21-136843_chunk002,TEXAS INSTRUMENTS INC,0000097476,2021-04-28,none,neutral,2,False,"Richard K. Templeton; 706,611,968; 39,429,623; 4,773,908; 70,174,112; Ernst & Young LLP; 777,010,341; 42,440,309; 1,538,961; 582,669,072; 164,741,415; 3,405,012",
TXN_0000097476-21-000019_chunk000,TEXAS INSTRUMENTS INC,0000097476,2021-07-21,regulatory,neutral,2,False,United States Securities and Exchange Commission; Texas Instruments Inc.; Nasdaq Global Select Market,
TXN_0000097476-21-000019_chunk001,TEXAS INSTRUMENTS INC,0000097476,2021-07-21,financial,neutral,2,False,company; Registrant,
TXN_0001193125-21-273955_chunk000,TEXAS INSTRUMENTS INC,0000097476,2021-09-15,financial,neutral,2,False,Texas Instruments; U.S. Bank National Association; Davis Polk & Wardwell LLP,
TXN_0001193125-21-273955_chunk001,TEXAS INSTRUMENTS INC,0000097476,2021-09-15,none,neutral,1,False,,
TXN_0000097476-21-000025_chunk000,TEXAS INSTRUMENTS INC,0000097476,2021-09-15,regulatory,neutral,2,False,United States Securities and Exchange Commission; Texas Instruments Inc.; Nasdaq Global Select Market,
TXN_0000097476-21-000025_chunk001,TEXAS INSTRUMENTS INC,0000097476,2021-09-15,none,neutral,1,False,SEC; emerging growth company; registrant,
TXN_0000097476-21-000030_chunk000,TEXAS INSTRUMENTS INC,0000097476,2021-10-26,regulatory,neutral,2,False,United States Securities and Exchange Commission; Texas Instruments Inc.; Nasdaq Global Select Market,
TXN_0000097476-21-000030_chunk001,TEXAS INSTRUMENTS INC,0000097476,2021-10-26,financial,neutral,2,False,company; SEC; exchange act,
TXN_0001193125-21-350324_chunk000,TEXAS INSTRUMENTS INC,0000097476,2021-12-07,regulatory,neutral,2,False,"Texas Instruments Incorporated; Securities and Exchange Commission; United States; Washington, D.C.; Form 8-K; December 2, 2021; Nasdaq Global Select Market",
TXN_0001193125-21-350324_chunk001,TEXAS INSTRUMENTS INC,0000097476,2021-12-07,leadership,positive,2,False,Haviv Ilan; Company,
TXN_0000097476-22-000004_chunk000,TEXAS INSTRUMENTS INC,0000097476,2022-01-25,regulatory,neutral,2,False,United States Securities and Exchange Commission; Texas Instruments Inc.; Nasdaq Global Select Market,
TXN_0000097476-22-000004_chunk001,TEXAS INSTRUMENTS INC,0000097476,2022-01-25,none,neutral,1,False,company; Registrant; exchange act,
TXN_0001193125-22-018409_chunk000,TEXAS INSTRUMENTS INC,0000097476,2022-01-26,regulatory,neutral,2,False,Texas Instruments Inc.; United States Securities and Exchange Commission; Nasdaq Global Select Market,
TXN_0001193125-22-018409_chunk001,TEXAS INSTRUMENTS INC,0000097476,2022-01-26,none,neutral,1,False,Texas Instruments Incorporated,
TXN_0000097476-22-000026_chunk000,TEXAS INSTRUMENTS INC,0000097476,2022-04-26,regulatory,neutral,2,False,United States Securities and Exchange Commission; Texas Instruments Inc.; Nasdaq Global Select Market,
TXN_0000097476-22-000026_chunk001,TEXAS INSTRUMENTS INC,0000097476,2022-04-26,financial,neutral,2,False,"company; SEC; April 26, 2022",
TXN_0000097476-22-000034_chunk000,TEXAS INSTRUMENTS INC,0000097476,2022-04-29,regulatory,neutral,2,False,United States Securities and Exchange Commission; Texas Instruments Inc.; Nasdaq Global Select Market,
TXN_0000097476-22-000034_chunk001,TEXAS INSTRUMENTS INC,0000097476,2022-04-29,none,neutral,1,False,Texas Instrus Incorporated; Mark A. Blinn; Todd M. Bluedorn; Janet F. Clark; Carrie S. Cox; Martin S. Craighead; Jean M. Hobby; Michael D. Hsu; Haviv Ilan; Ronald Kirk; Pamela H. Patsley; Robert E. Sanchez; Richard K. Templeton,
TXN_0000097476-22-000034_chunk002,TEXAS INSTRUMENTS INC,0000097476,2022-04-29,none,neutral,1,False,Ernst & Young LLP; Richard K. Templeton,
TXN_0000097476-22-000038_chunk000,TEXAS INSTRUMENTS INC,0000097476,2022-07-26,regulatory,neutral,2,False,United States Securities and Exchange Commission; Texas Instruments Inc.; Nasdaq Global Select Market,
TXN_0000097476-22-000038_chunk001,TEXAS INSTRUMENTS INC,0000097476,2022-07-26,financial,neutral,2,False,company; Registrant,
TXN_0001193125-22-222326_chunk000,TEXAS INSTRUMENTS INC,0000097476,2022-08-16,none,neutral,1,False,"Texas Instruments; U.S. Bank Trust Company, National Association; Davis Polk & Wardwell LLP",
TXN_0000097476-22-000043_chunk000,TEXAS INSTRUMENTS INC,0000097476,2022-09-15,regulatory,neutral,2,False,United States Securities and Exchange Commission; Texas Instruments Inc.; Nasdaq Global Select Market,
TXN_0000097476-22-000043_chunk001,TEXAS INSTRUMENTS INC,0000097476,2022-09-15,none,neutral,1,False,emerging growth company; SEC; Exhibit 99,
TXN_0000097476-22-000047_chunk000,TEXAS INSTRUMENTS INC,0000097476,2022-10-25,regulatory,neutral,2,False,United States Securities and Exchange Commission; Texas Instruments Inc.; Nasdaq Global Select Market,
TXN_0000097476-22-000047_chunk001,TEXAS INSTRUMENTS INC,0000097476,2022-10-25,financial,neutral,2,False,company; SEC; exchange act,
TXN_0001193125-22-288982_chunk000,TEXAS INSTRUMENTS INC,0000097476,2022-11-18,none,neutral,1,False,"Texas Instruments; U.S. Bank Trust Company, National Association; J.P. Morgan Securities LLC; Mizuho Securities USA LLC; Morgan Stanley & Co. LLC",
TXN_0001193125-23-011991_chunk000,TEXAS INSTRUMENTS INC,0000097476,2023-01-20,regulatory,neutral,2,False,"Texas Instruments Inc.; Securities and Exchange Commission; United States; Washington, D.C.; Form 8-K; Texas Instrus Inc.; Dallas, Texas; Nasdaq Global Select Market",
TXN_0001193125-23-011991_chunk001,TEXAS INSTRUMENTS INC,0000097476,2023-01-20,leadership,positive,2,False,Company; Haviv Ilan; Richard K. Templeton,
TXN_0000097476-23-000003_chunk000,TEXAS INSTRUMENTS INC,0000097476,2023-01-24,regulatory,neutral,2,False,United States Securities and Exchange Commission; Texas Instruments Inc.; Nasdaq Global Select Market,
TXN_0000097476-23-000003_chunk001,TEXAS INSTRUMENTS INC,0000097476,2023-01-24,financial,neutral,2,False,company; registrant; shareholders,
TXN_0001193125-23-041080_chunk000,TEXAS INSTRUMENTS INC,0000097476,2023-02-16,regulatory,neutral,2,False,Texas Instruments Inc.; Securities and Exchange Commission; Nasdaq Global Select Market,
TXN_0001193125-23-041080_chunk001,TEXAS INSTRUMENTS INC,0000097476,2023-02-16,leadership,neutral,2,False,Texas Instruments Incorporated; Curtis C. Farmer,
TXN_0001193125-23-070157_chunk000,TEXAS INSTRUMENTS INC,0000097476,2023-03-14,none,neutral,1,False,"Texas Instruments; U.S. Bank Trust Company, National Association; Davis Polk & Wardwell LLP",
TXN_0000097476-23-000023_chunk000,TEXAS INSTRUMENTS INC,0000097476,2023-04-25,regulatory,neutral,2,False,United States Securities and Exchange Commission; Texas Instruments Inc.; Nasdaq Global Select Market,
TXN_0000097476-23-000023_chunk001,TEXAS INSTRUMENTS INC,0000097476,2023-04-25,financial,neutral,2,False,company; Registrant,
TXN_0000097476-23-000029_chunk000,TEXAS INSTRUMENTS INC,0000097476,2023-05-03,regulatory,neutral,2,False,United States Securities and Exchange Commission; Texas Instruments Inc.; Nasdaq Global Select Market,
TXN_0000097476-23-000029_chunk001,TEXAS INSTRUMENTS INC,0000097476,2023-05-03,none,neutral,1,False,Texas Instruments Incorporated; Mark A. Blinn; Todd M. Bluedorn; Janet F. Clark; Carrie S. Cox; Martin S. Craighead; Curtis C. Farmer; Jean M. Hobby; Haviv Ilan; Ronald Kirk; Pamela H. Patsley; Robert E. Sanchez; Richard K. Templeton,
TXN_0000097476-23-000029_chunk002,TEXAS INSTRUMENTS INC,0000097476,2023-05-03,none,neutral,1,False,,no JSON object found in response
TXN_0001193125-23-148183_chunk000,TEXAS INSTRUMENTS INC,0000097476,2023-05-18,regulatory,neutral,2,True,"Texas Instruments; J.P. Morgan Securities LLC; Morgan Stanley & Co. LLC; U.S. Bancorp Investments, Inc.; U.S. Bank Trust Company, National Association; U.S. Bank National Association",
TXN_0001193125-23-148183_chunk001,TEXAS INSTRUMENTS INC,0000097476,2023-05-18,none,neutral,1,False,"Texas Instruments Incorporated; J.P. Morgan Securities LLC; Morgan Stanley & Co. LLC; U.S. Bancorp Investments, Inc.; Davis Polk & Wardwell LLP",
TXN_0000097476-23-000033_chunk000,TEXAS INSTRUMENTS INC,0000097476,2023-07-25,regulatory,neutral,2,False,United States Securities and Exchange Commission; Texas Instruments Inc.; Nasdaq Global Select Market,
TXN_0000097476-23-000033_chunk001,TEXAS INSTRUMENTS INC,0000097476,2023-07-25,financial,neutral,2,False,company; Registrant,
TXN_0000950103-23-013859_chunk000,TEXAS INSTRUMENTS INC,0000097476,2023-09-21,none,neutral,1,False,Registrant; SEC; 99,
TXN_0000097476-23-000039_chunk000,TEXAS INSTRUMENTS INC,0000097476,2023-10-24,regulatory,neutral,2,False,United States Securities and Exchange Commission; Texas Instruments Inc.; Nasdaq Global Select Market,
TXN_0000097476-23-000039_chunk001,TEXAS INSTRUMENTS INC,0000097476,2023-10-24,none,neutral,2,False,"emerging growth company; registrant; news release; October 24, 2023; GAAP measures; free cash flow",
TXN_0001193125-24-007559_chunk000,TEXAS INSTRUMENTS INC,0000097476,2024-01-12,regulatory,neutral,2,False,Texas Instruments Inc.; United States Securities and Exchange Commission; Nasdaq Global Select Market,
TXN_0001193125-24-007559_chunk001,TEXAS INSTRUMENTS INC,0000097476,2024-01-12,leadership,negative,2,False,Texas Instruments Incorporated; Kyle M. Flessner,
TXN_0000097476-24-000004_chunk000,TEXAS INSTRUMENTS INC,0000097476,2024-01-23,none,neutral,1,False,Texas Instruments Inc.; United States Securities and Exchange Commission; Nasdaq Global Select Market,
TXN_0000097476-24-000004_chunk001,TEXAS INSTRUMENTS INC,0000097476,2024-01-23,none,neutral,1,False,emerging growth company; registrant; news release; fourth-quarter; 2023; financial measures; free cash flow; ratios; cash generating capability; shareholders; GAAP measures; Non-GAAP financial information,
TXN_0001193125-24-028127_chunk000,TEXAS INSTRUMENTS INC,0000097476,2024-02-08,financial,neutral,2,True,"Texas Instruments; BofA Securities, Inc.; Citigroup Global Markets Inc.; Mizuho Securities USA LLC; U.S. Bank Trust Company, National Association; U.S. Bank National Association; 2027 Notes; 2029 Notes; 2034 Notes; 2054 Notes; 2063 Notes",
TXN_0001193125-24-028127_chunk001,TEXAS INSTRUMENTS INC,0000097476,2024-02-08,none,neutral,1,False,"Texas Instruments Incorporated; BofA Securities, Inc.; Citigroup Global Markets Inc.; Mizuho Securities USA LLC; Davis Polk & Wardwell LLP",
TXN_0001193125-24-040151_chunk000,TEXAS INSTRUMENTS INC,0000097476,2024-02-20,regulatory,neutral,2,False,Texas Instruments Inc.; United States Securities and Exchange Commission; Nasdaq Global Select Market,
TXN_0001193125-24-040151_chunk001,TEXAS INSTRUMENTS INC,0000097476,2024-02-20,leadership,positive,2,False,"Texas Instruments Incorporated; Reginald DesRoches; $230,000; $110,000",
TXN_0000097476-24-000020_chunk000,TEXAS INSTRUMENTS INC,0000097476,2024-04-23,regulatory,neutral,2,False,United States Securities and Exchange Commission; Texas Instruments Inc.; Nasdaq Global Select Market,
TXN_0000097476-24-000020_chunk001,TEXAS INSTRUMENTS INC,0000097476,2024-04-23,none,neutral,1,False,"emerging growth company; registrant; news release; April 23, 2024; free cash flow; GAAP measures",
TXN_0000097476-24-000024_chunk000,TEXAS INSTRUMENTS INC,0000097476,2024-04-26,regulatory,neutral,2,False,United States Securities and Exchange Commission; Texas Instruments Inc.; Nasdaq Global Select Market,
TXN_0000097476-24-000024_chunk001,TEXAS INSTRUMENTS INC,0000097476,2024-04-26,none,positive,1,False,Texas Instruments Incorporated; Mark A. Blinn; Todd M. Bluedorn; Janet F. Clark; Carrie S. Cox; Martin S. Craighead,
TXN_0000097476-24-000024_chunk002,TEXAS INSTRUMENTS INC,0000097476,2024-04-26,regulatory,neutral,3,True,Texas Instruments; Ernst & Young LLP; SEC,
TXN_0000097476-24-000024_chunk003,TEXAS INSTRUMENTS INC,0000097476,2024-04-26,operational,neutral,2,False,Texas Instruments; SEC; Form S-8,
TXN_0000097476-24-000029_chunk000,TEXAS INSTRUMENTS INC,0000097476,2024-07-23,regulatory,neutral,2,False,United States Securities and Exchange Commission; Texas Instruments Inc.; Nasdaq Global Select Market,
TXN_0000097476-24-000029_chunk001,TEXAS INSTRUMENTS INC,0000097476,2024-07-23,none,neutral,2,False,"emerging growth company; registrant; news release; July 23, 2024; free cash flow; GAAP measures",
TXN_0000097476-24-000036_chunk000,TEXAS INSTRUMENTS INC,0000097476,2024-09-19,regulatory,neutral,2,False,United States Securities and Exchange Commission; Texas Instruments Inc.; Nasdaq Global Select Market,
TXN_0000097476-24-000036_chunk001,TEXAS INSTRUMENTS INC,0000097476,2024-09-19,none,neutral,1,False,emerging growth company; registrant,
TXN_0000097476-24-000040_chunk000,TEXAS INSTRUMENTS INC,0000097476,2024-10-22,none,neutral,1,False,United States Securities and Exchange Commission; Texas Instruments Inc.; Nasdaq Global Select Market,
TXN_0000097476-24-000040_chunk001,TEXAS INSTRUMENTS INC,0000097476,2024-10-22,none,neutral,2,False,"emerging growth company; registrant; news release; October 22, 2024; free cash flow; GAAP measures",
UNH_0001193125-21-002419_chunk000,UNITEDHEALTH GROUP INC,0000731766,2021-01-06,none,neutral,1,False,UnitedHealth Group; Change Healthcare,
UNH_0000731766-21-000002_chunk000,UNITEDHEALTH GROUP INC,0000731766,2021-01-20,none,neutral,1,False,UnitedHealth Group Incorporated; Securities Exchange Act of 1934; Securities Act of 1933,
UNH_0000731766-21-000004_chunk000,UNITEDHEALTH GROUP INC,0000731766,2021-02-08,leadership,neutral,2,False,UnitedHealth Group; Sir Andrew P. Witty; Dirk C. McMahon; David S. Wichmann,
UNH_0000731766-21-000004_chunk001,UNITEDHEALTH GROUP INC,0000731766,2021-02-08,none,neutral,1,False,UNITEDHEALTH GROUP INCORPORATED; Andrew P. Witty; Dannette L. Smith,
UNH_0000731766-21-000010_chunk000,UNITEDHEALTH GROUP INC,0000731766,2021-02-26,none,positive,2,False,UnitedHealth Group Incorporated; Dirk C. McMahon; Sir Andrew Witty; John F. Rex,
UNH_0000731766-21-000015_chunk000,UNITEDHEALTH GROUP INC,0000731766,2021-03-08,leadership,positive,2,True,UnitedHealth Group Incorporated; Barclays Global Healthcare Conference,
UNH_0000731766-21-000018_chunk000,UNITEDHEALTH GROUP INC,0000731766,2021-04-15,none,neutral,1,False,UnitedHealth Group Incorporated; Securities Exchange Act of 1934; Securities Act of 1933,
UNH_0000731766-21-000023_chunk000,UNITEDHEALTH GROUP INC,0000731766,2021-05-07,leadership,positive,2,False,UnitedHealth Group Incorporated; Bank of America Securities; Dannette L. Smith,
UNH_0001193125-21-166654_chunk000,UNITEDHEALTH GROUP INC,0000731766,2021-05-19,financial,neutral,2,False,"UnitedHealth Group Incorporated; Citigroup Global Markets Inc.; BofA Securities, Inc.; Credit Suisse Securities (USA) LLC; Goldman Sachs & Co. LLC; J.P. Morgan Securities LLC; PNC Capital Markets LLC; Wells Fargo Securities, LLC; U.S. Bank National Association; SEC",
UNH_0001193125-21-166654_chunk001,UNITEDHEALTH GROUP INC,0000731766,2021-05-19,none,neutral,1,False,"Company; Citigroup Global Markets Inc.; BofA Securities, Inc.; Credit Suisse Securities (USA) LLC; Goldman Sachs & Co. LLC; J.P. Morgan Securities LLC; PNC Capital Markets LLC; Wells Fargo Securities, LLC",
UNH_0001193125-21-166654_chunk002,UNITEDHEALTH GROUP INC,0000731766,2021-05-19,none,positive,1,False,UnitedHealth Group Inc.; Hogan Lovells US LLP,
UNH_0000731766-21-000025_chunk000,UNITEDHEALTH GROUP INC,0000731766,2021-05-28,leadership,neutral,2,False,UnitedHealth Group Incorporated; Bernstein; Dannette L. Smith,
UNH_0000731766-21-000028_chunk000,UNITEDHEALTH GROUP INC,0000731766,2021-06-11,none,neutral,1,False,"Company; Deloitte & Touche LLP; shareholders; Richard T. Burke; Timothy P. Flynn; Stephen J. Hemsley; Michele J. Hooper; F. William McNabb III; Valerie C. Montgomery Rice, M.D.; John H. Noseworthy, M.D.; Gail R. Wilensky, Ph.s.D.; Andrew Witty",
UNH_0000731766-21-000028_chunk001,UNITEDHEALTH GROUP INC,0000731766,2021-06-11,none,neutral,1,False,Deloitte & Touche LLP; UnitedHealth Group; Securities Exchange Act of 1934,
UNH_0000731766-21-000033_chunk000,UNITEDHEALTH GROUP INC,0000731766,2021-07-15,none,neutral,1,False,UnitedHealth Group Incorporated; Securities Exchange Act of 1934,
UNH_0000731766-21-000040_chunk000,UNITEDHEALTH GROUP INC,0000731766,2021-10-14,none,neutral,1,False,UnitedHealth Group Incorporated; Securities Exchange Act of 1934; Securities Act of 1933,
UNH_0000731766-21-000053_chunk000,UNITEDHEALTH GROUP INC,0000731766,2021-11-08,none,positive,1,False,UnitedHealth Group; Paul R. Garcia; Global Payments Inc.; Deluxe Corporation; Repay Holdings Corporation; Truist Financial Corporation; The Dun & Bradstreet Corporation; West Corporation,
UNH_0000731766-21-000053_chunk001,UNITEDHEALTH GROUP INC,0000731766,2021-11-08,none,neutral,1,False,"UNITEDHEALTH GROUP INCORPORATED; Dannette L. Smith; Michele J. Hooper; John H. Noseworthy, M.D.",
UNH_0000731766-21-000055_chunk000,UNITEDHEALTH GROUP INC,0000731766,2021-11-23,none,positive,1,False,UnitedHealth Group Incorporated; Dannette L. Smith,
UNH_0000731766-21-000057_chunk000,UNITEDHEALTH GROUP INC,0000731766,2021-11-29,none,neutral,1,True,UnitedHealth Group Incorporated; Dannette L. Smith,
UNH_0000731766-22-000004_chunk000,UNITEDHEALTH GROUP INC,0000731766,2022-01-19,none,neutral,1,False,UnitedHealth Group Incorporated; Securities Exchange Act of 1934,
UNH_0000731766-22-000010_chunk000,UNITEDHEALTH GROUP INC,0000731766,2022-02-17,leadership,neutral,2,False,UnitedHealth Group Incorporated,
UNH_0001193125-22-087427_chunk000,UNITEDHEALTH GROUP INC,0000731766,2022-03-29,none,neutral,1,False,UnitedHealth Group; LHC; Securities Exchange Act of 1934,
UNH_0000731766-22-000013_chunk000,UNITEDHEALTH GROUP INC,0000731766,2022-04-05,regulatory,neutral,2,False,UnitedHealth Group; Change Healthcare; Securities Exchange Act of 1934,
UNH_0000731766-22-000016_chunk000,UNITEDHEALTH GROUP INC,0000731766,2022-04-14,none,neutral,1,False,UnitedHealth Group Incorporated; Securities Exchange Act of 1934,
UNH_0000731766-22-000021_chunk000,UNITEDHEALTH GROUP INC,0000731766,2022-05-06,leadership,positive,2,True,UnitedHealth Group Incorporated; Bank of America Securities; Securities Exchange Act of 1934,
UNH_0001193125-22-156291_chunk000,UNITEDHEALTH GROUP INC,0000731766,2022-05-20,none,neutral,1,False,"UnitedHealth Group Incorporated; BofA Securities, Inc.; Barclays Capital Inc.; Deutsche Bank Securities Inc.; Morgan Stanley & Co. LLC; RBC Capital Markets, LLC; U.S. Bancorp Investments, Inc.; U.S. Bank Trust Company, National Association; Indenture",
UNH_0001193125-22-156291_chunk001,UNITEDHEALTH GROUP INC,0000731766,2022-05-20,none,neutral,1,False,"Company; BofA Securities, Inc.; Barclays Capital Inc.; Deutsche Bank Securities Inc.; Morgan Stanley & Co. LLC; RBC Capital Markets, LLC; U.S. Bancorp Investments, Inc.; 3.700% Notes; 4.000% Notes",
UNH_0001193125-22-156291_chunk002,UNITEDHEALTH GROUP INC,0000731766,2022-05-20,none,neutral,1,False,UNITEDHEALTH GROUP INCORPORATED; Hogan Lovells US LLP,
UNH_0000731766-22-000026_chunk000,UNITEDHEALTH GROUP INC,0000731766,2022-05-31,leadership,positive,2,False,UnitedHealth Group Incorporated; Bernstein; Kuai H. Leong,
UNH_0000731766-22-000028_chunk000,UNITEDHEALTH GROUP INC,0000731766,2022-06-10,none,positive,1,False,"Company; Deloitte & Touche LLP; Paul R. Garcia; Stephen J. Hemsley; Michele J. Hooper; F. William McNabb III; Valerie C. Montgomery Rice, M.D.; John H. Noseworthy, M.D.; Andrew Witty",
UNH_0000731766-22-000028_chunk001,UNITEDHEALTH GROUP INC,0000731766,2022-06-10,none,neutral,1,False,Deloitte & Touche LLP; UnitedHealth Group Incorporated; Kuai H. Leong,
UNH_0000731766-22-000033_chunk000,UNITEDHEALTH GROUP INC,0000731766,2022-07-15,none,neutral,1,False,UnitedHealth Group Incorporated; Securities Exchange Act of 1934,
UNH_0000731766-22-000038_chunk000,UNITEDHEALTH GROUP INC,0000731766,2022-09-09,leadership,positive,2,True,UnitedHealth Group Incorporated; Morgan Stanley; Kuai. H. Leong,
UNH_0001104659-22-104936_chunk000,UNITEDHEALTH GROUP INC,0000731766,2022-10-03,regulatory,neutral,2,False,Optum; Change Healthcare Inc.; UnitedHealth Group Inc.,
UNH_0000731766-22-000041_chunk000,UNITEDHEALTH GROUP INC,0000731766,2022-10-14,none,neutral,1,False,UnitedHealth Group Incorporated; Securities Exchange Act of 1934; Securities Act of 1933,
UNH_0001193125-22-272540_chunk000,UNITEDHEALTH GROUP INC,0000731766,2022-10-28,financial,neutral,3,False,"UnitedHealth Group Incorporated; BofA Securities, Inc.; Barclays Capital Inc.; Citigroup Global Markets Inc.; J.P. Morgan Securities LLC; U.S. Bancorp Investments, Inc.; Wells Fargo Securities, LLC; U.S. Bank Trust Company, National Association",
UNH_0001193125-22-272540_chunk001,UNITEDHEALTH GROUP INC,0000731766,2022-10-28,regulatory,neutral,2,False,"Company; BofA Securities, Inc.; Barclays Capital Inc.; Citigroup Global Markets Inc.; J.P. Morgan Securities LLC; U.S. Bancorp Investments, Inc.; Wells Fargo Securities, LLC; 5.000% Notes; 5.150% Notes",
UNH_0001193125-22-272540_chunk002,UNITEDHEALTH GROUP INC,0000731766,2022-10-28,none,neutral,1,False,Hogan Lovells US LLP; Indenture,
UNH_0001193125-22-272540_chunk003,UNITEDHEALTH GROUP INC,0000731766,2022-10-28,none,neutral,1,False,UnitedHealth Group Inc.; Hogan Lovells US LLP,
UNH_0000731766-22-000046_chunk000,UNITEDHEALTH GROUP INC,0000731766,2022-11-22,none,positive,1,False,UnitedHealth Group Incorporated; Securities Exchange Act of 1934; Securities Act of 1933,
UNH_0000731766-22-000048_chunk000,UNITEDHEALTH GROUP INC,0000731766,2022-11-28,regulatory,neutral,2,True,UnitedHealth Group Incorporated; Securities Exchange Act of 1934; Securities Act of 1933,
UNH_0000731766-22-000051_chunk000,UNITEDHEALTH GROUP INC,0000731766,2022-12-12,none,positive,1,False,UnitedHealth Group Incorporated; Kristen L. Gil,
UNH_0000731766-23-000003_chunk000,UNITEDHEALTH GROUP INC,0000731766,2023-01-13,none,neutral,1,False,UnitedHealth Group Incorporated; Securities Exchange Act of 1934; Securities Act of 1933,
UNH_0001193125-23-082238_chunk000,UNITEDHEALTH GROUP INC,0000731766,2023-03-28,none,neutral,1,False,"UnitedHealth Group Incorporated; Wells Fargo Securities, LLC; Citigroup Global Markets Inc.; Deutsche Bank Securities Inc.; Goldman Sachs & Co. LLC; Morgan Stanley & Co. LLC; PNC Capital Markets LLC; RBC Capital Markets, LLC; Truist Securities, Inc.; U.S. Bank Trust Company, National Association; Indenture",
UNH_0001193125-23-082238_chunk001,UNITEDHEALTH GROUP INC,0000731766,2023-03-28,regulatory,neutral,2,False,"Wells Fargo Securities, LLC; Citigroup Global Markets Inc.; Deutsche Bank Securities Inc.; Goldman Sachs & Co. LLC; Morgan Stanley & Co. LLC; PNC Capital Markets LLC; RBC Capital Markets, LLC; Truist Securities, Inc.; Company",
UNH_0001193125-23-082238_chunk002,UNITEDHEALTH GROUP INC,0000731766,2023-03-28,none,neutral,1,False,UNITEDHEALTH GROUP INCORPORATED; Hogan Lovells US LLP,
UNH_0000731766-23-000026_chunk000,UNITEDHEALTH GROUP INC,0000731766,2023-04-14,none,neutral,1,False,UnitedHealth Group Incorporated; Securities Exchange Act of 1934; Securities Act of 1933,
UNH_0001193125-23-113025_chunk000,UNITEDHEALTH GROUP INC,0000731766,2023-04-24,regulatory,neutral,2,False,"UnitedHealth Group Incorporated; U.S. Bank Trust Company, National Association; $819,804,000",
UNH_0001193125-23-113025_chunk001,UNITEDHEALTH GROUP INC,0000731766,2023-04-24,none,neutral,1,False,"UnitedHealth Group Incorporated; U.S. Bank Trust Company, National Association",
UNH_0001193125-23-127633_chunk000,UNITEDHEALTH GROUP INC,0000731766,2023-04-28,regulatory,neutral,2,False,"UnitedHealth Group Incorporated; Wilmington Trust Company; $1,360,315,000; 5.800% Senior Notes due 2036; 6.500% Senior Notes due 2037; 6.625% Senior Notes due 2037; 1998 A&R Indenture; 1998 Notes; 2008 Base Indenture; Newly Issued Notes",
UNH_0001193125-23-127633_chunk001,UNITEDHEALTH GROUP INC,0000731766,2023-04-28,regulatory,neutral,2,False,UnitedHealth Group Incorporated; Wilmington Trust Company,
UNH_0000731766-23-000031_chunk000,UNITEDHEALTH GROUP INC,0000731766,2023-05-05,leadership,positive,2,False,UnitedHealth Group Incorporated; Bank of America Securities; Securities Exchange Act of 1934,
UNH_0000731766-23-000042_chunk000,UNITEDHEALTH GROUP INC,0000731766,2023-05-30,leadership,neutral,2,False,UnitedHealth Group Incorporated; Bernstein; Kuai H. Leong,
UNH_0000731766-23-000044_chunk000,UNITEDHEALTH GROUP INC,0000731766,2023-06-09,none,neutral,1,False,"Company; Timothy Flynn; Paul Garcia; Kristen Gil; Stephen Hemsley; Michele Hooper; F. William McNabb III; Valerie Montgomery Rice, M.D.; John Noseworthy, M.D.; Andrew Witty; Broker",
UNH_0000731766-23-000044_chunk001,UNITEDHEALTH GROUP INC,0000731766,2023-06-09,none,neutral,2,False,UnitedHealth Group Incorporated; Deloitte & Touche LLP; Goldman Sachs,
UNH_0000731766-23-000044_chunk002,UNITEDHEALTH GROUP INC,0000731766,2023-06-09,none,neutral,1,False,UNITEDHEALTH GROUP INCORPORATED; Kuai H. Leong,
UNH_0000731766-23-000049_chunk000,UNITEDHEALTH GROUP INC,0000731766,2023-07-14,none,neutral,1,False,UnitedHealth Group Incorporated; Securities Exchange Act of 1934,
UNH_0000731766-23-000055_chunk000,UNITEDHEALTH GROUP INC,0000731766,2023-09-22,none,positive,1,False,UNITEDHEALTH GROUP INCORPORATED; Kuai H. Leong,
UNH_0000731766-23-000058_chunk000,UNITEDHEALTH GROUP INC,0000731766,2023-10-13,none,neutral,1,False,UnitedHealth Group Incorporated; Securities Exchange Act of 1934,
UNH_0000731766-23-000061_chunk000,UNITEDHEALTH GROUP INC,0000731766,2023-11-03,leadership,positive,2,False,UnitedHealth Group Incorporated; Charles D. Baker; Audit and Finance Committee; Health and Clinical Practice Policies Committee,
UNH_0000731766-23-000075_chunk000,UNITEDHEALTH GROUP INC,0000731766,2023-11-22,none,positive,1,False,UnitedHealth Group Incorporated; Securities Exchange Act of 1934,
UNH_0000731766-23-000080_chunk000,UNITEDHEALTH GROUP INC,0000731766,2023-11-28,regulatory,neutral,2,True,UnitedHealth Group Incorporated; Securities Exchange Act of 1934,
UNH_0000731766-23-000115_chunk000,UNITEDHEALTH GROUP INC,0000731766,2023-12-29,regulatory,negative,4,True,UnitedHealth Group; private investor; U.S. federal securities laws,
UNH_0000731766-24-000023_chunk000,UNITEDHEALTH GROUP INC,0000731766,2024-01-12,none,neutral,1,False,UnitedHealth Group Incorporated; Securities Exchange Act of 1934,
UNH_0000731766-24-000026_chunk000,UNITEDHEALTH GROUP INC,0000731766,2024-02-07,leadership,positive,2,False,UnitedHealth Group Incorporated; Dirk McMahon; Kuai H. Leong,
UNH_0000731766-24-000028_chunk000,UNITEDHEALTH GROUP INC,0000731766,2024-02-09,none,neutral,1,False,UnitedHealth Group; Securities and Exchange Commission,
UNH_0000731766-24-000045_chunk000,UNITEDHEALTH GROUP INC,0000731766,2024-02-22,operational,neutral,3,True,UnitedHealth Group; Change Healthcare; law enforcement; government agencies,
UNH_0000731766-24-000045_chunk001,UNITEDHEALTH GROUP INC,0000731766,2024-02-22,none,neutral,1,False,UNITEDHEALTH GROUP INCORPORATED; Kuai H. Leong,
UNH_0000731766-24-000085_chunk000,UNITEDHEALTH GROUP INC,0000731766,2024-03-08,operational,neutral,3,True,Change Healthcare; U.S. health system; law enforcement,
UNH_0000731766-24-000085_chunk001,UNITEDHEALTH GROUP INC,0000731766,2024-03-08,regulatory,neutral,2,True,UNITEDHEALTH GROUP INCORPORATED; Kuai H. Leong,
UNH_0001193125-24-073887_chunk000,UNITEDHEALTH GROUP INC,0000731766,2024-03-21,none,neutral,1,False,"UnitedHealth Group Incorporated; BofA Securities, Inc.; Barclays Capital Inc.; J.P. Morgan Securities LLC; Mizuho Securities USA LLC; U.S. Bank Trust Company, National Association; Indenture",
UNH_0001193125-24-073887_chunk001,UNITEDHEALTH GROUP INC,0000731766,2024-03-21,financial,neutral,2,False,"Company; BofA Securities, Inc.; Barclays Capital Inc.; J.P. Morgan Securities LLC; Mizuho Securities USA LLC; 4.600% Notes; 4.700% Notes; 4.900% Notes",
UNH_0001193125-24-073887_chunk002,UNITEDHEALTH GROUP INC,0000731766,2024-03-21,none,positive,1,False,UNITEDHEALTH GROUP; Hogan Lovells US LLP,
UNH_0000731766-24-000122_chunk000,UNITEDHEALTH GROUP INC,0000731766,2024-03-28,leadership,neutral,1,False,UnitedHealth Group Incorporated; John Rex; Securities Exchange Act of 1934,
UNH_0000731766-24-000146_chunk000,UNITEDHEALTH GROUP INC,0000731766,2024-04-16,none,neutral,1,False,UnitedHealth Group Incorporated; Securities Exchange Act of 1934,
UNH_0000731766-24-000148_chunk000,UNITEDHEALTH GROUP INC,0000731766,2024-04-17,none,positive,2,False,UNITEDHEALTH GROUP INCORPORATED; Kuai H. Leong; Mr. Rex,
UNH_0000731766-24-000150_chunk000,UNITEDHEALTH GROUP INC,0000731766,2024-04-24,operational,neutral,3,True,Change Healthcare; UNITEDHEALTH GROUP INCORPORATED; Kuai H. Leong,
UNH_0000731766-24-000157_chunk000,UNITEDHEALTH GROUP INC,0000731766,2024-05-09,leadership,neutral,1,False,UnitedHealth Group Incorporated; Bank of America Securities; Securities Exchange Act of 1934,
UNH_0000731766-24-000159_chunk000,UNITEDHEALTH GROUP INC,0000731766,2024-05-15,leadership,neutral,2,False,UnitedHealth Group Incorporated; Rupert Bondy; Chris Zaetta; Optum,
UNH_0000731766-24-000161_chunk000,UNITEDHEALTH GROUP INC,0000731766,2024-05-24,leadership,neutral,1,False,UnitedHealth Group Incorporated; Bernstein’s 40th Annual Strategic Decisions Conference,
UNH_0000731766-24-000167_chunk000,UNITEDHEALTH GROUP INC,0000731766,2024-06-07,none,positive,1,False,"Company; Deloitte & Touche LLP; Charles Baker; Timothy Flynn; Paul Garcia; Kristen Gil; Stephen Hemsley; Michele Hooper; F. William McNabb III; Valerie Montgomery Rice, M.D.; John Noseworthy, M.D.; Andrew Witty",
UNH_0000731766-24-000167_chunk001,UNITEDHEALTH GROUP INC,0000731766,2024-06-07,regulatory,neutral,2,False,Deloitte & Touche LLP; UnitedHealth Group Inc.; Kuai H. Leong,
UNH_0000731766-24-000242_chunk000,UNITEDHEALTH GROUP INC,0000731766,2024-07-16,none,neutral,1,False,UnitedHealth Group Incorporated; Securities Exchange Act of 1934,
UNH_0000731766-24-000255_chunk000,UNITEDHEALTH GROUP INC,0000731766,2024-07-25,financial,neutral,3,False,"UnitedHealth Group Incorporated; Wells Fargo Securities, LLC; Citigroup Global Markets Inc.; J.P. Morgan Securities LLC; PNC Capital Markets LLC; RBC Capital Markets, LLC; U.S. Bancorp Investments, Inc.; U.S. Bank Trust Company, National Association",
UNH_0000731766-24-000255_chunk001,UNITEDHEALTH GROUP INC,0000731766,2024-07-25,regulatory,neutral,2,False,"Company; Wells Fargo Securities, LLC; Citigroup Global Markets Inc.; J.P. Morgan Securities LLC; PNC Capital Markets LLC; RBC Capital Markets, LLC; U.S. Bancorp Investments, Inc.; SEC; Indenture",
UNH_0000731766-24-000255_chunk002,UNITEDHEALTH GROUP INC,0000731766,2024-07-25,none,neutral,1,False,Company; Indenture; Notes,
UNH_0000731766-24-000255_chunk003,UNITEDHEALTH GROUP INC,0000731766,2024-07-25,none,positive,1,False,UNITEDHEALTH GROUP INCORPORATED; Kuai H. Leong,
UNH_0000731766-24-000320_chunk000,UNITEDHEALTH GROUP INC,0000731766,2024-10-15,none,neutral,1,False,UnitedHealth Group Incorporated; Securities Exchange Act of 1934,
UNH_0000731766-24-000334_chunk000,UNITEDHEALTH GROUP INC,0000731766,2024-11-26,none,positive,1,False,UnitedHealth Group Incorporated; Securities Exchange Act of 1934; Securities Act of 1933,
UNH_0000731766-24-000338_chunk000,UNITEDHEALTH GROUP INC,0000731766,2024-12-03,none,neutral,1,True,UnitedHealth Group Incorporated; Securities Exchange Act of 1934; Securities Act of 1933,
UNH_0000731766-24-000340_chunk000,UNITEDHEALTH GROUP INC,0000731766,2024-12-04,leadership,negative,3,False,UnitedHealth Group Incorporated; Brian Thompson; UnitedHealthcare,
V_0001403161-21-000005_chunk000,VISA INC.,0001403161,2021-01-27,none,neutral,1,False,Visa Inc.; Securities and Exchange Commission,
V_0001403161-21-000005_chunk001,VISA INC.,0001403161,2021-01-27,none,neutral,1,False,Company; Delaware; Secretary of State; Class A common stockholders; Lloyd A. Carney; Mary B. Cranston; Francisco Javier Fernández-Carbajal,
V_0001403161-21-000005_chunk002,VISA INC.,0001403161,2021-01-27,none,neutral,1,False,"Francisco Javier Fernández-Carbajal; Alfred F. Kelly, Jr.; Ramon Laguarta; John F. Lundgren; Robert W. Matschullat; Denise M. Morrison; Suzanne Nora Johnson; Linda J. Rendle; John A. C. Swainson; Maynard G. Webb, Jr.",
V_0001403161-21-000005_chunk003,VISA INC.,0001403161,2021-01-27,none,neutral,2,False,Visa Inc.; KPMG LLP; Company,
V_0001403161-21-000005_chunk004,VISA INC.,0001403161,2021-01-27,none,neutral,2,False,Visa Inc.,
V_0001403161-21-000009_chunk000,VISA INC.,0001403161,2021-01-28,none,positive,2,False,"Visa Inc.; January 28, 2021; $0.32; March 1, 2021; February 12, 2021",
V_0001403161-21-000017_chunk000,VISA INC.,0001403161,2021-03-09,financial,neutral,3,True,Visa; COVID-19; U.S.; Europe; Asia Pacific; CEMEA; Latin America; Italy; Singapore; Hong Kong; cross-border volume; travel-related spend; weather impacts; 2020 leap year,
V_0001403161-21-000017_chunk001,VISA INC.,0001403161,2021-03-09,operational,neutral,2,True,Visa; U.S. Payments Volume; Cross-Border Volume; COVID-19,
V_0001403161-21-000017_chunk002,VISA INC.,0001403161,2021-03-09,regulatory,negative,4,True,global economic; global payments industry; government-imposed obligations; UK's withdrawal from the EU; cyber-attack,
V_0001403161-21-000020_chunk000,VISA INC.,0001403161,2021-03-19,regulatory,negative,3,False,Visa; U.S. Department of Justice,
V_0001403161-21-000023_chunk000,VISA INC.,0001403161,2021-04-27,none,positive,1,False,"Visa Inc.; SEC; April 27, 2021; June 1, 2021; $0.32",
V_0001403161-21-000033_chunk000,VISA INC.,0001403161,2021-06-01,operational,positive,2,False,Visa; COVID-19; U.01; Credit; Debit; India; Europe; Cross-border volume; Global processed transactions,
V_0001403161-21-000033_chunk001,VISA INC.,0001403161,2021-06-01,operational,neutral,3,True,Visa; COVID-19; U.S. Payments Volume; Cross-Border Volume; 2019; 2020,
V_0001403161-21-000033_chunk002,VISA INC.,0001403161,2021-06-01,regulatory,negative,4,True,global payments industry; government-imposed obligations; UK withdrawal from EU; cyber-attack,
V_0001403161-21-000038_chunk000,VISA INC.,0001403161,2021-07-27,financial,neutral,2,False,"Visa Inc.; SEC; July 27, 2021; August 13, 2021; September 1, 2021; $0.32",
V_0001403161-21-000048_chunk000,VISA INC.,0001403161,2021-09-03,financial,positive,2,False,Visa; U.S.; Credit; Debit; Cross-Border Volume; Processed Transactions; 2019; 2020; 2021,
V_0001403161-21-000048_chunk001,VISA INC.,0001403161,2021-09-03,regulatory,neutral,2,True,Visa; U.S. Payments Volume; Cross-Border Volume; COVID-19,
V_0001403161-21-000048_chunk002,VISA INC.,0001403161,2021-09-03,regulatory,negative,4,True,global payments industry; government-imposed obligations; UK withdrawal from EU; cyber-attack,
V_0001403161-21-000052_chunk000,VISA INC.,0001403161,2021-09-22,leadership,positive,2,False,Visa Inc.,
V_0001403161-21-000056_chunk000,VISA INC.,0001403161,2021-10-26,none,neutral,1,False,"Visa Inc.; SEC; October 26, 2021; December 7, 2021; $0.375",
V_0001403161-21-000065_chunk000,VISA INC.,0001403161,2021-12-01,operational,positive,2,False,Visa; COVID-19; 2019; 2020; U.S.; India; Australia; New Zealand; U.S. border,
V_0001403161-21-000065_chunk001,VISA INC.,0001403161,2021-12-01,operational,negative,4,True,Visa; U.S. Payments Volume; Cross-Border Volume; COVID-19,
V_0001403161-21-000065_chunk002,VISA INC.,0001403161,2021-12-01,regulatory,negative,4,True,global payments industry; government-imposed obligations; COVID-19 pandemic; U.S. Securities and Exchange Commission,
V_0001403161-21-000069_chunk000,VISA INC.,0001403161,2021-12-15,none,positive,2,True,"Visa Inc.; SEC; December 13, 2021; $12.0 billion; $4.7 billion; $3.5 billion; December 15, 2021; share repurchase program; Rule 10b5-1 plans",
V_0001403161-21-000072_chunk000,VISA INC.,0001403161,2021-12-30,financial,negative,3,True,Visa Inc.; U.S. retrospective responsibility plan; $250 million; class B common stock; class A common stock,
V_0001403161-22-000005_chunk000,VISA INC.,0001403161,2022-01-26,none,positive,1,False,"Visa Inc.; Lloyd A. Carney; Mary B. Cranston; Francisco Javier Fernández-Carbajal; Alfred F. Kelly, Jr.; Ramon Laguarta; John F. Lundgren; Robert W. Matschullat; Denise M. Morrison; Linda J. Rendle",
V_0001403161-22-000005_chunk001,VISA INC.,0001403161,2022-01-26,none,positive,1,False,"Linda J. Rendle; Maynard G. Webb, Jr.; KPMG LLP",
V_0001403161-22-000009_chunk000,VISA INC.,0001403161,2022-01-27,none,positive,1,False,"Visa Inc.; SEC; January 27, 2022; March 1, 2022; $0.375",
V_0001403161-22-000016_chunk000,VISA INC.,0001403161,2022-03-02,regulatory,neutral,3,True,Visa; COVID-19; U.S. payments volume; Credit; Debit; Card not present; International market; India; Canada; Brazil; Italy; Germany; Japan; Hong Kong; New Zealand; Ukraine; Russia; Visa Inc.,
V_0001403161-22-000016_chunk001,VISA INC.,0001403161,2022-03-02,operational,neutral,3,True,Visa; COVID-19; U.S. Payments Volume; Credit; Debit; Cross-Border Volume; Processed Transactions,
V_0001403161-22-000016_chunk002,VISA INC.,0001403161,2022-03-02,operational,negative,4,True,coronavirus; Russia; Ukraine; global payments industry; government; clients; merchants; networks; systems; acquisitions,
V_0001403161-22-000016_chunk003,VISA INC.,0001403161,2022-03-02,none,neutral,1,False,Securities and Exchange Commission,
V_0001403161-22-000020_chunk000,VISA INC.,0001403161,2022-04-11,leadership,positive,2,False,Visa Inc.; Teri List; New York Stock Exchange; SEC,
V_0001403161-22-000020_chunk001,VISA INC.,0001403161,2022-04-11,none,neutral,1,False,Visa Inc.,
V_0001403161-22-000023_chunk000,VISA INC.,0001403161,2022-04-26,none,neutral,1,False,"Visa Inc.; SEC; April 26, 2022; June 1, 2022; $0.375",
V_0001403161-22-000032_chunk000,VISA INC.,0001403161,2022-06-01,regulatory,positive,2,False,Visa; Russia; U.S.; Asia Pacific; 2019; 2021,
V_0001403161-22-000032_chunk001,VISA INC.,0001403161,2022-06-01,regulatory,neutral,2,False,Europe; U.S.; Cross-Border Volume; Processed Transactions; Russia-related Results,
V_0001403161-22-000032_chunk002,VISA INC.,0001403161,2022-06-01,regulatory,neutral,2,True,Visa; Russia; Ukraine; COVID-19,
V_0001403161-22-000032_chunk003,VISA INC.,0001403161,2022-06-01,regulatory,negative,4,True,Russia; Ukraine; sanctions; COVID-19; government; competition; technology; payments industry; clients; merchants; litigation; governmental investigation; acquisitions; strategic investments; SEC; Form 10-K; Form 10-Q; Form 8-K,
V_0001193125-22-165274_chunk000,VISA INC.,0001403161,2022-06-01,financial,neutral,3,True,"Visa Inc.; J.P. Morgan Securities plc; Barclays Bank PLC; Citigroup Global Markets Limited; HSBC Bank plc; Merrill Lynch International; U.S. Bank Trust Company, National Association; SEC; €; 1,350,000,000; 1,000,000,000; 650,000,000; 2026 Notes; 2029 Notes; 2034 Notes",
V_0001193125-22-165274_chunk001,VISA INC.,0001403161,2022-06-01,financial,neutral,3,True,Company; Comparable Government Bond; SEC; 8-K,
V_0001193125-22-165274_chunk002,VISA INC.,0001403161,2022-06-01,none,neutral,1,False,Visa Inc.; J.P. Morgan Securities plc; Barclays Bank PLC; Citigroup Global Markets Limited; HSBC Bank plc; Merrill Lynch International; Davis Polk & Wardwell LLP,
V_0001403161-22-000038_chunk000,VISA INC.,0001403161,2022-06-27,leadership,positive,2,True,"Visa Inc.; James Hoffmeister; Peter Andreski; $450,000; University of Nebraska; University of Washington; Deloitte & Touche",
V_0001403161-22-000038_chunk001,VISA INC.,0001403161,2022-06-27,none,positive,1,False,Mr. Andreski; Company,
V_0001403161-22-000043_chunk000,VISA INC.,0001403161,2022-06-28,financial,negative,3,True,Visa Inc.; U.S. financial institutions; class B shares; class A shares,
V_0001403161-22-000045_chunk000,VISA INC.,0001403161,2022-07-06,none,neutral,1,False,Visa Inc.; U.S. litigation escrow account; $600 million,
V_0001403161-22-000047_chunk000,VISA INC.,0001403161,2022-07-08,regulatory,neutral,3,True,Visa Inc.; Litigation Management Deed; Litigation Management Committee; Visa Europe; Series B Preferred Stock; Series C Preferred Stock; Class A Common Equivalent Number; Liability Coverage Reduction Amount; Conversion Adjustment,
V_0001403161-22-000047_chunk001,VISA INC.,0001403161,2022-07-08,financial,neutral,3,True,Visa; Securities Act of 1933,
V_0001403161-22-000055_chunk000,VISA INC.,0001403161,2022-07-26,none,neutral,1,False,"Visa Inc.; SEC; July 22, 2022; July 26, 2022; August 12, 2022; September 1, 2022; $0.375",
V_0001403161-22-000065_chunk000,VISA INC.,0001403161,2022-08-05,none,positive,1,False,Visa Inc.; Securities and Exchange Commission; Delaware General Corporation Law,
V_0001403161-22-000065_chunk001,VISA INC.,0001403161,2022-08-05,none,neutral,1,False,Visa Inc.,
V_0001403161-22-000069_chunk000,VISA INC.,0001403161,2022-08-30,regulatory,neutral,2,False,Visa; Russia; U.S.; Europe; Asia Pacific,
V_0001403161-22-000069_chunk001,VISA INC.,0001403161,2022-08-30,none,neutral,1,False,U.S. Payments Volume; Processed Transactions; Cross-Border Volume; 2022; 2019; Russia,
V_0001403161-22-000069_chunk002,VISA INC.,0001403161,2022-08-30,regulatory,negative,4,True,Visa; Russia; Ukraine; COVID-19; government; competition; technology; third parties,
V_0001403161-22-000069_chunk003,VISA INC.,0001403161,2022-08-30,operational,negative,4,True,clients; acquirers; processors; merchants; payments facilitators; ecommerce platforms; fintechs; U.S. Securities and Exchange Commission; Annual Report on Form 10-K; reports on Forms 10-Q and 8-K,
V_0001403161-22-000072_chunk000,VISA INC.,0001403161,2022-10-11,none,positive,1,False,Visa Inc.; Kermit R. Crawford; New York Stock Exchange; SEC,
V_0001403161-22-000076_chunk000,VISA INC.,0001403161,2022-10-25,none,positive,1,False,"Visa Inc.; SEC; October 25, 2022; December 1, 2022; November 11, 2022; $0.45",
V_0000898822-22-000008_chunk000,VISA INC.,0001403161,2022-11-17,leadership,positive,2,False,"Visa Inc.; Ryan McInerney; Alfred F. Kelly, Jr.",
V_0001403161-22-000083_chunk000,VISA INC.,0001403161,2022-11-23,none,positive,2,False,Visa; Russia; U.S.; international market; Asia Pacific region; constant-dollar basis; fiscal year 2022; fiscal year 2023,
V_0001403161-22-000083_chunk001,VISA INC.,0001403161,2022-11-23,financial,neutral,3,True,U.S. Payments Volume; Credit; Debit; Cross-Border Volume Excluding Intra-Europe Transactions; FY23 Constant-Dollar Basis; FY22 Constant-Dollar Basis,
V_0001403161-22-000083_chunk002,VISA INC.,0001403161,2022-11-23,operational,neutral,2,False,U.S. dollar; exchange rates; fiscal year 2023; fiscal year 2022,
V_0001403161-22-000083_chunk003,VISA INC.,0001403161,2022-11-23,regulatory,negative,4,True,Visa; Ukraine; sanctions; COVID-19; global payments industry,
V_0001403161-22-000083_chunk004,VISA INC.,0001403161,2022-11-23,operational,negative,4,True,clients; merchants; payments industry; fintechs,
V_0001403161-23-000003_chunk000,VISA INC.,0001403161,2023-01-05,financial,negative,3,True,Visa Inc.; U.S. retrospective responsibility plan; $350 million; class B common stock; class A common stock,
V_0001403161-23-000008_chunk000,VISA INC.,0001403161,2023-01-25,none,positive,1,False,"Visa Inc.; Lloyd A. Carney; Kermit R. Crawford; Francisco Javier Fernández-Carbajal; Alfred F. Kelly, Jr.; Ramon Laguarta; Teri L. List; John F. Lundgren; Denise M. Morrison; Linda J. Rendle",
V_0001403161-23-000008_chunk001,VISA INC.,0001403161,2023-01-25,none,neutral,1,False,"KPMG LLP; Linda J. Rendle; Maynard G. Webb, Jr.",
V_0001403161-23-000008_chunk002,VISA INC.,0001403161,2023-01-25,none,neutral,1,False,stockholder; company; regulators; monetary amounts,
V_0001403161-23-000010_chunk000,VISA INC.,0001403161,2023-01-26,none,neutral,1,False,"Visa Inc.; SEC; January 26, 2023; March 1, 2023; $0.45",
V_0001403161-23-000017_chunk000,VISA INC.,0001403161,2023-02-01,leadership,neutral,2,True,"Visa Inc.; Ryan McInerney; Alfred F. Kelly, Jr.",
V_0001403161-23-000017_chunk001,VISA INC.,0001403161,2023-02-01,leadership,neutral,3,True,"Mr. McInerney; Mr. Kelly; Kelly Mahon Tullier; Rajat Taneja; $250,000; $250,000; $1,250,000",
V_0001403161-23-000017_chunk002,VISA INC.,0001403161,2023-02-01,none,positive,1,True,"Company; Kelly Mahon Tullier; Rajat Taneja; $250,000; $5,000,000",
V_0000898822-23-000007_chunk000,VISA INC.,0001403161,2023-02-16,leadership,negative,3,False,Visa Inc.; Vasant Prabhu; SEC,
V_0001403161-23-000022_chunk000,VISA INC.,0001403161,2023-03-03,none,positive,2,True,Visa; Russia; Omicron; U.S.; international markets; Asia Pacific region; travel cross-border volume; global processed transactions,
V_0001403161-23-000022_chunk001,VISA INC.,0001403161,2023-03-03,regulatory,neutral,2,True,Visa; U.S. Payments Volume; 2022-2023; 2019,
V_0001403161-23-000022_chunk002,VISA INC.,0001403161,2023-03-03,regulatory,negative,4,True,"U.S. Securities and Exchange Commission; global payments industry; government-imposed obligations; international payment systems; tax, litigation and governmental investigation matters; competition in the payments industry; new technologies and business models; payments facilitators; ecommerce platforms; fintechs; third parties",
V_0001403161-23-000024_chunk000,VISA INC.,0001403161,2023-04-10,none,positive,1,False,Visa Inc.; Pam Murphy; New York Stock Exchange; SEC,
V_0001403161-23-000027_chunk000,VISA INC.,0001403161,2023-04-25,none,positive,2,False,"Visa Inc.; SEC; June 1, 2023; $0.45",
V_0001403161-23-000043_chunk000,VISA INC.,0001403161,2023-05-30,none,positive,2,False,Visa; U.S.; Russia; 2019; 2022,
V_0001403161-23-000043_chunk001,VISA INC.,0001403161,2023-05-30,regulatory,neutral,2,True,Visa; U.S. Payments Volume; Cross-Border Volume; Russia-related volumes,
V_0001403161-23-000043_chunk002,VISA INC.,0001403161,2023-05-30,regulatory,negative,4,True,U.S. Securities and Exchange Commission; global payments industry; government-imposed obligations; COVID-19 pandemic; war in Ukraine; sanctions; litigation; brand reputation; settlement guarantees; cyber-attack,
V_0001403161-23-000051_chunk000,VISA INC.,0001403161,2023-06-20,none,positive,1,False,"Visa Inc.; Chris Suh; Ryan McInerney; Electronic Arts Inc.; Microsoft Corporation; Cardlytics, Inc.",
V_0001403161-23-000051_chunk001,VISA INC.,0001403161,2023-06-20,none,positive,2,True,"abhu; Visa Inc.; Mr. Suh; $900,000; $11,000,000",
V_0001403161-23-000051_chunk002,VISA INC.,0001403161,2023-06-20,financial,neutral,3,True,"Mr. Suh; Visa; Visa Inc.; $11,000,000; $3,000,000; $1,300,000",
V_0001403161-23-000051_chunk003,VISA INC.,0001403161,2023-06-20,none,neutral,1,False,Visa Inc.; Chris Suh,
V_0001403161-23-000055_chunk000,VISA INC.,0001403161,2023-06-23,financial,negative,4,True,Visa Inc.; U.S. retrospective responsibility plan; $500 million; litigation escrow account; class B shares; class A common stock,
V_0001403161-23-000064_chunk000,VISA INC.,0001403161,2023-06-29,none,neutral,1,False,Visa Inc.; U.S. litigation escrow account; $500 million,
V_0001403161-23-000069_chunk000,VISA INC.,0001403161,2023-07-25,financial,neutral,2,False,"Visa Inc.; SEC; July 25, 2023; August 11, 2023; September 1, 2023; $0.450",
V_0001403161-23-000080_chunk000,VISA INC.,0001403161,2023-08-30,none,positive,2,False,Visa; Russia; U.S.; international markets; Asia Pacific region; 2019; 2022,
V_0001403161-23-000080_chunk001,VISA INC.,0001403161,2023-08-30,none,neutral,1,True,Visa; U.S. Payments Volume; Processed Transactions; Cross-Border Volume; Russia-related volumes,
V_0001403161-23-000080_chunk002,VISA INC.,0001403161,2023-08-30,regulatory,negative,4,True,"U.S. Securities and Exchange Commission; global payments industry; government-imposed obligations; international payment systems; tax, litigation and governmental investigation matters; competition in the payments industry; new technologies and business models; payments facilitators; ecommerce platforms; fintechs; our clients; acquirers; processors; merchants",
V_0001193125-23-234352_chunk000,VISA INC.,0001403161,2023-09-13,regulatory,neutral,3,True,Visa Inc.; New York Stock Exchange; U.S. financial institutions; Visa U.S.A. Inc.,
V_0001193125-23-234352_chunk001,VISA INC.,0001403161,2023-09-13,regulatory,neutral,3,True,Visa; U.S. covered litigation; New York Stock Exchange; Class A common stock; Class B common stock; Class C common stock,
V_0001193125-23-234352_chunk002,VISA INC.,0001403161,2023-09-13,regulatory,positive,2,True,Visa; Class B-1 common stock; Class B-2 common stock; Class C common stock,
V_0001193125-23-234352_chunk003,VISA INC.,0001403161,2023-09-13,regulatory,negative,4,True,Visa; U.S. covered litigation,
V_0001193125-23-234352_chunk004,VISA INC.,0001403161,2023-09-13,regulatory,neutral,3,True,Visa; SEC,
V_0001193125-23-234352_chunk005,VISA INC.,0001403161,2023-09-13,regulatory,neutral,2,False,Visa; SEC; stockholders; executive officers; directors,
V_0001193125-23-234352_chunk006,VISA INC.,0001403161,2023-09-13,regulatory,negative,4,True,Visa; Securities Act of 1933; Securities Exchange Act of 1044,
V_0001193125-23-234352_chunk007,VISA INC.,0001403161,2023-09-13,regulatory,negative,4,True,Visa Inc.; Ukraine; COVID-19; global payments industry; government-imposed obligations; settlement guarantees; cyber-attack,
V_0001403161-23-000085_chunk000,VISA INC.,0001403161,2023-10-02,financial,negative,3,True,Visa Inc.; U.S. financial institutions; class B common stock; class A common stock; litigation escrow account,
V_0001403161-23-000087_chunk000,VISA INC.,0001403161,2023-10-18,leadership,neutral,2,False,"Visa Inc.; Alfred F. Kelly, Jr.; John F. Lundgren; Nominating and Governance Committee",
V_0001403161-23-000092_chunk000,VISA INC.,0001403161,2023-10-24,none,positive,2,False,"Visa Inc.; SEC; December 1, 2023; November 9, 2023; $0.520",
V_0001403161-24-000005_chunk000,VISA INC.,0001403161,2024-01-24,regulatory,neutral,2,False,Visa Inc.; Delaware; Securities and Exchange Commission; Class A common stock; Class B common stock; Class C common stock,
V_0001403161-24-000005_chunk001,VISA INC.,0001403161,2024-01-24,none,neutral,1,False,Company; Lloyd A. Carney; Kermit R. Crawford; Francisco Javier Fernández-Carbajal; Ramon Laguarta; Teri L. List; John F. Lundgren; Ryan McInerney; Denise M. Morrison; Pamela Murphy; Linda J. Rendle,
V_0001403161-24-000005_chunk002,VISA INC.,0001403161,2024-01-24,regulatory,neutral,2,False,"Murphy; Linda J. Rendle; Maynard G. Webb, Jr.; KPMG LLP; Class A stockholders; Class B common stock; Class C common stock",
V_0001403161-24-000005_chunk003,VISA INC.,0001403161,2024-01-24,regulatory,neutral,2,False,Company; SEC; Class A common stock; Class B common stock; Class C common stock; stockholders,
V_0001403161-24-000005_chunk004,VISA INC.,0001403161,2024-01-24,regulatory,negative,4,False,Visa Inc.; SEC; stockholders,
V_0001403161-24-000013_chunk000,VISA INC.,0001403161,2024-01-25,none,neutral,1,False,"Visa Inc.; SEC; January 25, 2024; March 1, 2024; $0.520",
V_0001403161-24-000021_chunk000,VISA INC.,0001403161,2024-03-26,regulatory,neutral,3,False,Visa Inc.; U.S. merchants; Mastercard,
V_0001403161-24-000027_chunk000,VISA INC.,0001403161,2024-04-23,none,neutral,1,False,Visa Inc.; Securities and Exchange Commission; $0.520,
V_0001193125-24-131519_chunk000,VISA INC.,0001403161,2024-05-06,none,neutral,1,False,Visa,
V_0001193125-24-133824_chunk000,VISA INC.,0001403161,2024-05-08,none,neutral,1,False,Visa Inc.,
V_0001403161-24-000035_chunk000,VISA INC.,0001403161,2024-07-10,regulatory,neutral,3,True,Visa Inc.; Litigation Management Committee; Series B Preferred Stock; Series C Preferred Stock; Class A Common Equivalent Number; Liability Coverage Reduction Amount,
V_0001403161-24-000035_chunk001,VISA INC.,0001403161,2024-07-10,financial,negative,4,True,Visa; Securities Act of 1933,
V_0001403161-24-000040_chunk000,VISA INC.,0001403161,2024-07-23,none,neutral,1,False,"Visa Inc.; SEC; July 23, 2024",
V_0001403161-24-000047_chunk000,VISA INC.,0001403161,2024-09-26,financial,negative,4,True,Visa Inc.; U.S. financial institutions; class A common stock; class B-1 common stock; class B-2 common stock,
V_0001403161-24-000050_chunk000,VISA INC.,0001403161,2024-10-11,none,neutral,1,False,Visa Inc.; U.S. litigation escrow account; $1.5 billion; class B-1 common stock; class B-2 common stock,
V_0001403161-24-000053_chunk000,VISA INC.,0001403161,2024-10-29,none,positive,1,False,"Visa Inc.; SEC; December 2, 2024; $0.590",
VZ_0000732712-21-000003_chunk000,VERIZON COMMUNICATIONS INC,0000732712,2021-01-26,none,positive,2,False,Verizon Communications Inc.; SEC; GAAP,
VZ_0000732712-21-000003_chunk001,VERIZON COMMUNICATIONS INC,0000732712,2021-01-26,financial,neutral,2,True,Verizon Media; Auction 103; Huffington Post; real estate properties,
VZ_0000732712-21-000003_chunk002,VERIZON COMMUNICATIONS INC,0000732712,2021-01-26,regulatory,neutral,2,True,Verizon; Special Items; Pension and Other Postretirement Benefits; Plan Assets; Projected Discount Rates,
VZ_0000732712-21-000003_chunk003,VERIZON COMMUNICATIONS INC,0000732712,2021-01-26,none,neutral,1,False,Verizon Communications Inc.,
VZ_0001193125-21-044142_chunk000,VERIZON COMMUNICATIONS INC,0000732712,2021-02-16,leadership,neutral,2,False,Verizon Communications Inc.; Vittorio Colao; Italy,
VZ_0000732712-21-000006_chunk000,VERIZON COMMUNICATIONS INC,0000732712,2021-02-24,financial,neutral,3,True,"Verizon; JPMorgan Chase Bank, N.A.; Morgan Stanley Senior Funding, Inc.",
VZ_0000732712-21-000006_chunk001,VERIZON COMMUNICATIONS INC,0000732712,2021-02-24,financial,neutral,3,True,Verizon; Wall Street Journal; Federal funds rate; LIBOR; Cellco Partnership; FCC; $45.5 billion,
VZ_0000732712-21-000006_chunk002,VERIZON COMMUNICATIONS INC,0000732712,2021-02-24,none,positive,2,False,FCC; Cellco Partnership; $45.5 billion; $13.1 billion,
VZ_0000732712-21-000015_chunk000,VERIZON COMMUNICATIONS INC,0000732712,2021-03-11,financial,neutral,3,True,Verizon Communications Inc.; Securities and Exchange Commission; GAAP; non-GAAP financial information,
VZ_0000732712-21-000015_chunk001,VERIZON COMMUNICATIONS INC,0000732712,2021-03-11,regulatory,neutral,2,True,2021; special items,
VZ_0001193125-21-089114_chunk000,VERIZON COMMUNICATIONS INC,0000732712,2021-03-22,financial,neutral,2,False,"Verizon Communications Inc.; U.S. Dollar Offering; J.P. Morgan Securities LLC; Morgan Stanley & Co. LLC; Barclays Capital Inc.; Citigroup Global Markets Inc.; Credit Suisse Securities (USA) LLC; Canadian Dollar Offering; Merrill Lynch Canada, Inc.; RBC Dominion Securities Inc.; TD Securities Inc.; Deutsche Bank Securities Inc.; Scotia Capital Inc.",
VZ_0001193125-21-089114_chunk001,VERIZON COMMUNICATIONS INC,0000732712,2021-03-22,none,neutral,1,False,Verizon; 2024; 2026; 2028; 2051; 2051,
VZ_0000732712-21-000019_chunk000,VERIZON COMMUNICATIONS INC,0000732712,2021-04-21,none,positive,2,False,Verizon Communications Inc.; SEC; GAAP; EBITDA; Depreciation and Amortization,
VZ_0000732712-21-000019_chunk001,VERIZON COMMUNICATIONS INC,0000732712,2021-04-21,financial,neutral,3,True,Verizon; Huffington Post; Auction 103,
VZ_0000732712-21-000019_chunk002,VERIZON COMMUNICATIONS INC,0000732712,2021-04-21,operational,neutral,2,True,Verizon; 2021,
VZ_0000732712-21-000019_chunk003,VERIZON COMMUNICATIONS INC,0000732712,2021-04-21,none,neutral,1,False,Verizon Communications Inc.,
VZ_0001193125-21-146756_chunk000,VERIZON COMMUNICATIONS INC,0000732712,2021-05-03,regulatory,neutral,3,True,"Verizon Communications Inc.; Verizon; Verizon Business International Holdings B.V.; College Parent, L.P.; Oath Inc.; Verizon Media Netherlands B.V.",
VZ_0001193125-21-160418_chunk000,VERIZON COMMUNICATIONS INC,0000732712,2021-05-13,none,positive,1,False,Verizon Communications Inc.; Roxanne S. Austin,
VZ_0001193125-21-165314_chunk000,VERIZON COMMUNICATIONS INC,0000732712,2021-05-18,none,neutral,1,False,Verizon Communications Inc.; Ernst & Young LLP,
VZ_0001193125-21-165314_chunk001,VERIZON COMMUNICATIONS INC,0000732712,2021-05-18,none,neutral,1,False,Ernst & Young LLP; Shareholder Action by Written Consent; Amendment to the Clawback Policy; Shareholder Ratification of Annual Equity Awards,
VZ_0001193125-21-199523_chunk000,VERIZON COMMUNICATIONS INC,0000732712,2021-06-25,none,neutral,1,False,Verizon Communications Inc.; Reckitt Benckiser Group PLC; Laxman Narasimhan,
VZ_0000732712-21-000042_chunk000,VERIZON COMMUNICATIONS INC,0000732712,2021-07-21,none,positive,2,False,Verizon Communications Inc.; SEC; GAAP; EBITDA; Depreciation and Amortization,
VZ_0000732712-21-000042_chunk001,VERIZON COMMUNICATIONS INC,0000732712,2021-07-21,financial,neutral,3,True,Verizon; Huffington Post; Auction 103; Consolidated Adjusted EBITDA; Net Unsecured Debt; Adjusted EPS,
VZ_0000732712-21-000042_chunk002,VERIZON COMMUNICATIONS INC,0000732712,2021-07-21,regulatory,neutral,2,True,Verizon Communications Inc.; Special items; Adjusted EPS; Adjusted ETR Forecast; 2021,
VZ_0001193125-21-245801_chunk000,VERIZON COMMUNICATIONS INC,0000732712,2021-08-13,none,neutral,1,False,"Verizon Communications Inc.; Carol B. Tomé; United Parcel Service, Inc.",
VZ_0001193125-21-262922_chunk000,VERIZON COMMUNICATIONS INC,0000732712,2021-09-01,none,neutral,1,False,"Verizon Communications Inc.; Mr. Guru Gowrappan; Verizon Media Inc.; Oath Inc.; Verizon Media Group; College Parent, L.P.; $4.25 billion; non-convertible preferred limited partnership units; common limited partnership units",
VZ_0001193125-21-264561_chunk000,VERIZON COMMUNICATIONS INC,0000732712,2021-09-02,none,neutral,1,False,Verizon Communications Inc.,
VZ_0001193125-21-276236_chunk000,VERIZON COMMUNICATIONS INC,0000732712,2021-09-17,none,neutral,1,False,Verizon Communications Inc.,
VZ_0000732712-21-000050_chunk000,VERIZON COMMUNICATIONS INC,0000732712,2021-10-20,none,positive,2,False,Verizon Communications Inc.; Verizon Media,
VZ_0000732712-21-000050_chunk001,VERIZON COMMUNICATIONS INC,0000732712,2021-10-20,financial,neutral,3,False,Verizon; Consolidated Adjusted EBITDA; Net Unsecured Debt; secured debt; cash and cash equivalents,
VZ_0000732712-21-000050_chunk002,VERIZON COMMUNICATIONS INC,0000732712,2021-10-20,none,neutral,2,True,Verizon; Media,
VZ_0000732712-21-000050_chunk003,VERIZON COMMUNICATIONS INC,0000732712,2021-10-20,financial,neutral,2,False,Verizon Communications Inc.,
VZ_0001193125-21-323046_chunk000,VERIZON COMMUNICATIONS INC,0000732712,2021-11-08,leadership,neutral,2,False,Verizon Communications Inc.; Ronan Dunne; Hans E. Vestberg,
VZ_0001193125-21-337924_chunk000,VERIZON COMMUNICATIONS INC,0000732712,2021-11-23,regulatory,neutral,2,True,"Verizon Communications Inc.; AMX USA Holding, S.A. de C.V.; TracFone Wireless, Inc.; Securities Act of 1933; Mexico; America Móvil, S.A.B. de C.V.",
VZ_0001193125-21-346654_chunk000,VERIZON COMMUNICATIONS INC,0000732712,2021-12-02,none,positive,1,False,Verizon Communications Inc.; Laxman Narasimhan,
VZ_0001193125-21-346650_chunk000,VERIZON COMMUNICATIONS INC,0000732712,2021-12-02,none,positive,1,False,Verizon Communications Inc.; Carol B. Tomé; Finance Committee,
VZ_0000732712-22-000004_chunk000,VERIZON COMMUNICATIONS INC,0000732712,2022-01-25,none,positive,2,True,Verizon Communications Inc.; SEC; GAAP; EBITDA; Adjusted EBITDA,
VZ_0000732712-22-000004_chunk001,VERIZON COMMUNICATIONS INC,0000732712,2022-01-25,financial,neutral,3,True,Verizon; Consolidated Adjusted EBITDA; Net Unsecured Debt; Adjusted EPS,
VZ_0000732712-22-000004_chunk002,VERIZON COMMUNICATIONS INC,0000732712,2022-01-25,operational,neutral,3,True,Verizon; Auction 103; Huffington Post; spectrum licenses,
VZ_0000732712-22-000004_chunk003,VERIZON COMMUNICATIONS INC,0000732712,2022-01-25,regulatory,neutral,2,False,Verizon Communications Inc.,
VZ_0001193125-22-039753_chunk000,VERIZON COMMUNICATIONS INC,0000732712,2022-02-14,regulatory,neutral,2,False,"Verizon Communications Inc.; U.S. Bank Trust Company, National Association",
VZ_0000732712-22-000012_chunk000,VERIZON COMMUNICATIONS INC,0000732712,2022-03-03,financial,neutral,3,True,Verizon Communications Inc.; Securities and Exchange Commission; non-GAAP financial measure,
VZ_0000732712-22-000012_chunk001,VERIZON COMMUNICATIONS INC,0000732712,2022-03-03,financial,neutral,3,True,Verizon Communications Inc.; Consolidated Adjusted EBITDA; Net Unsecured Debt; Free Cash Flow; GAAP,
VZ_0000732712-22-000015_chunk000,VERIZON COMMUNICATIONS INC,0000732712,2022-04-22,none,positive,2,True,Verizon Communications Inc.; SEC; GAAP; EBITDA; Adjusted EBITDA,
VZ_0000732712-22-000015_chunk001,VERIZON COMMUNICATIONS INC,0000732712,2022-04-22,financial,neutral,3,True,Verizon; Consolidated Adjusted EBITDA; Net Unsecured Debt; Adjusted EPS,
VZ_0000732712-22-000015_chunk002,VERIZON COMMUNICATIONS INC,0000732712,2022-04-22,operational,neutral,2,True,Verizon; 2022,
VZ_0000732712-22-000015_chunk003,VERIZON COMMUNICATIONS INC,0000732712,2022-04-22,none,neutral,1,False,Verizon Communications Inc.,
VZ_0001193125-22-151826_chunk000,VERIZON COMMUNICATIONS INC,0000732712,2022-05-16,leadership,neutral,2,False,Verizon Communications Inc.; Tami A. Erwin; Hans Vestberg,
VZ_0001193125-22-152993_chunk000,VERIZON COMMUNICATIONS INC,0000732712,2022-05-17,none,positive,1,False,"Verizon Communications Inc.; Shellye Archambeau; Roxanne Austin; Mark Bertolini; Melanie Healey; Laxman Narasimhan; Clarence Otis, Jr.; Daniel Schulman; Rodney Slater; Carol Tomé; Hans Vestberg; Gregory Weaver",
VZ_0001193125-22-152993_chunk001,VERIZON COMMUNICATIONS INC,0000732712,2022-05-17,regulatory,negative,4,False,Gregory Weaver; Ernst & Young LLP; China,
VZ_0001193125-22-168378_chunk000,VERIZON COMMUNICATIONS INC,0000732712,2022-06-06,leadership,neutral,2,False,Verizon Communications Inc.; Tami A. Erwin; Hans Vestberg,
VZ_0000732712-22-000040_chunk000,VERIZON COMMUNICATIONS INC,0000732712,2022-07-22,none,positive,2,True,Verizon Communications Inc.; SEC; GAAP; EBITDA; Adjusted EBITDA,
VZ_0000732712-22-000040_chunk001,VERIZON COMMUNICATIONS INC,0000732712,2022-07-22,financial,neutral,3,True,Verizon; Consolidated Adjusted EBITDA; Net Unsecured Debt; Adjusted EPS,
VZ_0000732712-22-000040_chunk002,VERIZON COMMUNICATIONS INC,0000732712,2022-07-22,operational,neutral,2,True,Verizon,
VZ_0000732712-22-000040_chunk003,VERIZON COMMUNICATIONS INC,0000732712,2022-07-22,none,neutral,1,False,Verizon Communications Inc.,
VZ_0001193125-22-230055_chunk000,VERIZON COMMUNICATIONS INC,0000732712,2022-08-25,leadership,negative,3,False,Verizon Communications Inc.; Ronan Dunne; Hans Vestberg,
VZ_0001193125-22-230053_chunk000,VERIZON COMMUNICATIONS INC,0000732712,2022-08-25,leadership,negative,3,False,Verizon Communications Inc.; Tami A. Erwin; Hans Vestberg,
VZ_0001193125-22-255484_chunk000,VERIZON COMMUNICATIONS INC,0000732712,2022-09-30,regulatory,neutral,2,False,Verizon Communications Inc.; Delaware General Corporation Law; Securities Exchange Act of 1934,
VZ_0000732712-22-000046_chunk000,VERIZON COMMUNICATIONS INC,0000732712,2022-10-21,none,positive,1,True,Verizon Communications Inc.; SEC; GAAP; EBITDA; Consolidated Adjusted EBITDA; Consolidated Adjusted EBITDA Growth Forecast,
VZ_0000732712-22-000046_chunk001,VERIZON COMMUNICATIONS INC,0000732712,2022-10-21,financial,neutral,3,True,Verizon; Consolidated Adjusted EBITDA; Net Unsecured Debt; Adjusted EPS,
VZ_0000732712-22-000046_chunk002,VERIZON COMMUNICATIONS INC,0000732712,2022-10-21,operational,neutral,2,True,Verizon; Media,
VZ_0000732712-22-000046_chunk003,VERIZON COMMUNICATIONS INC,0000732712,2022-10-21,none,neutral,2,False,Verizon Communications Inc.,
VZ_0001193125-22-278771_chunk000,VERIZON COMMUNICATIONS INC,0000732712,2022-11-07,none,positive,1,False,"Verizon Communications Inc.; Vittorio Colao; Italian Minister for Innovation, Digital Transition and Space; Vodafone Group Plc",
VZ_0000732712-23-000007_chunk000,VERIZON COMMUNICATIONS INC,0000732712,2023-01-24,none,positive,2,False,Verizon Communications Inc.; Verizon,
VZ_0000732712-23-000007_chunk001,VERIZON COMMUNICATIONS INC,0000732712,2023-01-24,financial,neutral,3,True,Verizon; 2023; unsecured debt,
VZ_0000732712-23-000007_chunk002,VERIZON COMMUNICATIONS INC,0000732712,2023-01-24,financial,neutral,2,True,company; pension and other postretirement benefits; plan assets; spectrum licenses; investment; Verizon Media,
VZ_0000732712-23-000007_chunk003,VERIZON COMMUNICATIONS INC,0000732712,2023-01-24,none,neutral,2,True,Verizon Communications Inc.; 2023; Verizon; free cash flow; GAAP; capital expenditures,
VZ_0000732712-23-000007_chunk004,VERIZON COMMUNICATIONS INC,0000732712,2023-01-24,none,neutral,2,False,Verizon Communications Inc.,
VZ_0001193125-23-058988_chunk000,VERIZON COMMUNICATIONS INC,0000732712,2023-03-03,leadership,positive,2,True,"Verizon; Anthony T. Skiadas; Matthew D. Ellis; Mary-Lee Stillwell; Kyle Malady; NRG Energy, Inc.; Clearway Energy",
VZ_0001193125-23-058988_chunk001,VERIZON COMMUNICATIONS INC,0000732712,2023-03-03,leadership,negative,3,False,Verizon; Mr. Malady; Mr. Ellis,
VZ_0000732712-23-000026_chunk000,VERIZON COMMUNICATIONS INC,0000732712,2023-04-25,none,positive,2,True,"Verizon Communications Inc.; SEC; April 25, 2023",
VZ_0000732712-23-000026_chunk001,VERIZON COMMUNICATIONS INC,0000732712,2023-04-25,financial,neutral,3,True,Verizon; Verizon Media; sec 8-K,
VZ_0000732712-23-000026_chunk002,VERIZON COMMUNICATIONS INC,0000732712,2023-04-25,regulatory,neutral,2,True,Verizon; Adjusted EPS; Adjusted ETR Forecast; Free Cash Flow,
VZ_0000732712-23-000026_chunk003,VERIZON COMMUNICATIONS INC,0000732712,2023-04-25,none,neutral,1,False,Verizon Communications Inc.,
VZ_0001193125-23-146084_chunk000,VERIZON COMMUNICATIONS INC,0000732712,2023-05-16,none,neutral,1,False,"Verizon Communications Inc.; Shellye Archambeau; Roxanne Austin; Mark Bertolini; Vittorio Colao; Melanie Healey; Laxman Narasimhan; Clarence Otis, Jr.; Daniel Schulman; Rodney Slater; Carol Tomé; Hans Vestberg; Gregory Weaver",
VZ_0001193125-23-146084_chunk001,VERIZON COMMUNICATIONS INC,0000732712,2023-05-16,regulatory,negative,3,False,Verizon; Ernst & Young LLP; Gregory Weaver; Hans Vestberg; SEC; 2023,
VZ_0001193125-23-146084_chunk002,VERIZON COMMUNICATIONS INC,0000732712,2023-05-16,none,neutral,1,False,broker; shareholder; annual equity awards; independent chair,
VZ_0000732712-23-000051_chunk000,VERIZON COMMUNICATIONS INC,0000732712,2023-07-25,none,positive,2,False,Verizon Communications Inc.; SEC; GAAP; EBITDA; Adjusted EBITDA,
VZ_0000732712-23-000051_chunk001,VERIZON COMMUNICATIONS INC,0000732712,2023-07-25,financial,neutral,3,True,Verizon; Verizon Media; secured debt; cash and cash equivalents; debt maturing within one year; long-term debt,
VZ_0000732712-23-000051_chunk002,VERIZON COMMUNICATIONS INC,0000732712,2023-07-25,regulatory,neutral,2,True,Verizon; intangible assets; acquisitions; PE&Q companies,
VZ_0000732712-23-000051_chunk003,VERIZON COMMUNICATIONS INC,0000732712,2023-07-25,none,neutral,2,False,Verizon Communications Inc.; Special Items,
VZ_0000732712-23-000051_chunk004,VERIZON COMMUNICATIONS INC,0000732712,2023-07-25,none,neutral,1,False,Verizon Communications Inc.,
VZ_0001193125-23-208283_chunk000,VERIZON COMMUNICATIONS INC,0000732712,2023-08-10,regulatory,negative,3,True,Verizon Communications Inc.; TRC Capital Investment Corporation; SEC,
VZ_0000732712-23-000060_chunk000,VERIZON COMMUNICATIONS INC,0000732712,2023-10-24,none,positive,2,True,"Verizon Communications Inc.; SEC; October 24, 2023",
VZ_0000732712-23-000060_chunk001,VERIZON COMMUNICATIONS INC,0000732712,2023-10-24,financial,neutral,3,True,Verizon; BlueJeans; Verizon Business,
VZ_0000732712-23-000060_chunk002,VERIZON COMMUNICATIONS INC,0000732712,2023-10-24,none,neutral,2,True,Verizon,
VZ_0000732712-23-000060_chunk003,VERIZON COMMUNICATIONS INC,0000732712,2023-10-24,operational,neutral,2,True,Verizon; Free Cash Flow; Capital Expenditures; Consolidated Operating Expenses,
VZ_0000732712-23-000060_chunk004,VERIZON COMMUNICATIONS INC,0000732712,2023-10-24,none,positive,1,False,Verizon Communications Inc.,
VZ_0000732712-24-000003_chunk000,VERIZON COMMUNICATIONS INC,0000732712,2024-01-17,financial,negative,5,True,Verizon Communications Inc.; Verizon Business Group,
VZ_0000732712-24-000007_chunk000,VERIZON COMMUNICATIONS INC,0000732712,2024-01-23,none,positive,2,True,Verizon Communications Inc.; GAAP; EBITDA; Adjusted EBITDA,
VZ_0000732712-24-000007_chunk001,VERIZON COMMUNICATIONS INC,0000732712,2024-01-23,financial,negative,4,True,Verizon Business; Verizon; 2023; 2024; Net Unsecured Debt; Consolidated Adjusted EBITDA,
VZ_0000732712-24-000007_chunk002,VERIZON COMMUNICATIONS INC,0000732712,2024-01-23,none,neutral,1,False,,no JSON object found in response
VZ_0000732712-24-000007_chunk003,VERIZON COMMUNICATIONS INC,0000732712,2024-01-23,none,neutral,2,True,Verizon; Free Cash Flow; Consolidated Operating Expenses,
VZ_0000732712-24-000007_chunk004,VERIZON COMMUNICATIONS INC,0000732712,2024-01-23,none,positive,1,False,Verizon Communications Inc.; Verizon Business goodwill impairment; asset rationalization; legal settlement,
VZ_0001193125-24-013874_chunk000,VERIZON COMMUNICATIONS INC,0000732712,2024-01-24,leadership,neutral,2,False,Verizon Communications Inc.; Melanie L. Healey,
VZ_0001193125-24-022476_chunk000,VERIZON COMMUNICATIONS INC,0000732712,2024-02-02,none,neutral,1,False,Verizon Communications Inc.; Anthony T. Skiadas,
VZ_0000732712-24-000015_chunk000,VERIZON COMMUNICATIONS INC,0000732712,2024-03-06,financial,neutral,3,True,Verizon Communications Inc.; State Street Global Advisors Trust Company; Prudential Insurance Company of America; RGA Reinsurance Company; Verizon Management Pension Plan; Verizon Pension Plan for Associates,
VZ_0000732712-24-000015_chunk001,VERIZON COMMUNICATIONS INC,0000732712,2024-03-06,regulatory,neutral,2,True,RGA; Verizon; Pension Plans; $365 million,
VZ_0000732712-24-000025_chunk000,VERIZON COMMUNICATIONS INC,0000732712,2024-04-22,none,positive,2,True,"Verizon Communications Inc.; SEC; April 22, 2024",
VZ_0000732712-24-000025_chunk001,VERIZON COMMUNICATIONS INC,0000732712,2024-04-22,regulatory,negative,3,True,Verizon; Costa Rica; telephone directories; Verizon Business Group; litigation matter; settlement; administrative fees; strategic partnership initiatives,
VZ_0000732712-24-000025_chunk002,VERIZON COMMUNICATIONS INC,0000732712,2024-04-22,regulatory,neutral,2,True,Verizon; secured debt; cash and cash equivalents; debt maturing within one year; long-term debt; Consolidated Adjusted EBITDA; Adjusted EPS; acquisition-related intangible assets; legacy legal matter,
VZ_0000732712-24-000025_chunk003,VERIZON COMMUNICATIONS INC,0000732712,2024-04-22,operational,neutral,3,True,Verizon; 2024,
VZ_0000732712-24-000025_chunk004,VERIZON COMMUNICATIONS INC,0000732712,2024-04-22,none,positive,1,False,Verizon Communications Inc.,
VZ_0001193125-24-137239_chunk000,VERIZON COMMUNICATIONS INC,0000732712,2024-05-13,none,positive,1,False,"Verizon Communications Inc.; Shellye Archambeau; Roxanne Austin; Mark Bertolini; Vittorio Colao; Laxman Narasimhan; Clarence Otis, Jr.; Daniel Schulman; Rodney Slater; Carol Tomé; Hans Vestberg",
VZ_0001193125-24-137239_chunk001,VERIZON COMMUNICATIONS INC,0000732712,2024-05-13,regulatory,negative,4,False,Ernst & Young LLP; SEC; shareholders; political contributions; civil liberties; digital services; lead-sheathed cable; political expenditures,
VZ_0001193125-24-137239_chunk002,VERIZON COMMUNICATIONS INC,0000732712,2024-05-13,none,neutral,1,False,shareholder proposal; political expenditures; votes; abstentions; broker non-votes,
VZ_0001193125-24-146021_chunk000,VERIZON COMMUNICATIONS INC,0000732712,2024-05-23,leadership,neutral,2,False,Verizon Communications Inc.; Craig L. Silliman; Hans E. Vestberg,
VZ_0001193125-24-170544_chunk000,VERIZON COMMUNICATIONS INC,0000732712,2024-06-27,none,positive,1,False,"Verizon Communications Inc.; Caroline A. Litchfield; Merck & Co., Inc.",
VZ_0001193125-24-182250_chunk000,VERIZON COMMUNICATIONS INC,0000732712,2024-07-22,none,neutral,1,False,Verizon Communications Inc.,
VZ_0000732712-24-000049_chunk000,VERIZON COMMUNICATIONS INC,0000732712,2024-07-22,none,positive,1,False,"Verizon Communications Inc.; SEC; July 22, 2024",
VZ_0000732712-24-000049_chunk001,VERIZON COMMUNICATIONS INC,0000732712,2024-07-22,financial,negative,4,True,Verizon; Verizon Business; Costa Rica; telephone directories; equity in earnings; severance charges; Verizon Business goodwill impairment; asset rationalization; legal settlement; business transformation costs; managed network support services; BlueJeans business,
VZ_0000732712-24-000049_chunk002,VERIZON COMMUNICATIONS INC,0000732712,2024-07-22,regulatory,neutral,2,True,Verizon; secured debt; cash and cash equivalents; debt maturing within one year; long-term debt; Consolidated Adjusted EBITDA; Adjusted EPS; acquisition-related intangible assets,
VZ_0000732712-24-000049_chunk003,VERIZON COMMUNICATIONS INC,0000732712,2024-07-22,operational,neutral,2,True,Verizon; Free Cash Flow; Capital Expenditures; Consolidated Operating Expenses,
VZ_0000732712-24-000049_chunk004,VERIZON COMMUNICATIONS INC,0000732712,2024-07-22,none,neutral,1,False,Verizon Communications Inc.,
VZ_0001193125-24-189129_chunk000,VERIZON COMMUNICATIONS INC,0000732712,2024-07-31,none,neutral,1,False,Verizon Communications Inc.,
VZ_0001193125-24-193907_chunk000,VERIZON COMMUNICATIONS INC,0000732712,2024-08-05,none,neutral,1,False,Verizon Communications Inc.,
VZ_0001193125-24-203259_chunk000,VERIZON COMMUNICATIONS INC,0000732712,2024-08-20,none,neutral,1,False,Verizon Communications Inc.,
VZ_0001193125-24-214318_chunk000,VERIZON COMMUNICATIONS INC,0000732712,2024-09-05,regulatory,positive,2,False,"Verizon Communications Inc.; Frontier Communications Parent, Inc.; France Merger Sub Inc.; Citi 2024 Global TMT Conference; CNBC’s Squawk Box",
VZ_0001193125-24-214318_chunk001,VERIZON COMMUNICATIONS INC,0000732712,2024-09-05,regulatory,negative,4,True,Verizon; Frontier,
VZ_0001193125-24-214318_chunk002,VERIZON COMMUNICATIONS INC,0000732712,2024-09-05,financial,negative,4,True,Frontier; Verizon; SEC,
VZ_0001193125-24-214318_chunk003,VERIZON COMMUNICATIONS INC,0000732712,2024-09-05,none,neutral,1,False,Frontier; Citi; Verizon,
VZ_0001193125-24-213664_chunk000,VERIZON COMMUNICATIONS INC,0000732712,2024-09-05,regulatory,neutral,2,False,"Verizon Communications Inc.; Frontier Communications Parent, Inc.; France Merger Sub Inc.; Delaware Secretary of State; SEC",
VZ_0001193125-24-213664_chunk001,VERIZON COMMUNICATIONS INC,0000732712,2024-09-05,regulatory,neutral,3,True,Verizon; Frontier; Federal Communications Commission; Hart-Scott-Rodino Antitrust Improvements Act of 1976,
VZ_0001193125-24-213664_chunk002,VERIZON COMMUNICATIONS INC,0000732712,2024-09-05,regulatory,negative,4,True,Verizon; Frontier,
VZ_0001193125-24-213664_chunk003,VERIZON COMMUNICATIONS INC,0000732712,2024-09-05,operational,negative,4,True,Frontier; Verizon; SEC,
VZ_0001193125-24-213664_chunk004,VERIZON COMMUNICATIONS INC,0000732712,2024-09-05,regulatory,neutral,2,True,"Verizon Communications Inc.; Frontier Communications Parent, Inc.; France Merger Sub Inc.",
VZ_0001193125-24-216012_chunk000,VERIZON COMMUNICATIONS INC,0000732712,2024-09-09,regulatory,neutral,2,True,"Verizon Communications Inc.; Frontier Communications Parent, Inc.; France Merger Sub Inc.; Hans Vestberg; Goldman Sachs Communacopia and Technology Conference",
VZ_0001193125-24-216012_chunk001,VERIZON COMMUNICATIONS INC,0000732712,2024-09-09,operational,negative,4,True,Frontier; Verizon; SEC,
VZ_0001193125-24-216012_chunk002,VERIZON COMMUNICATIONS INC,0000732712,2024-09-09,none,neutral,1,False,Frontier; Verizon; SEC,
VZ_0000732712-24-000056_chunk000,VERIZON COMMUNICATIONS INC,0000732712,2024-09-12,financial,negative,5,True,Verizon Communications Inc.; U.S. government; $1.7 billion; $1.9 billion; $1.3 billion; $1.4 billion; $230 million; $380 million; $170 million; $290 million,
VZ_0001193125-24-228402_chunk000,VERIZON COMMUNICATIONS INC,0000732712,2024-09-30,regulatory,neutral,2,True,"Verizon Communications Inc.; Vertical Bridge REIT, LLC; $3.3 billion; Federal Communications Commission",
VZ_0000732712-24-000065_chunk000,VERIZON COMMUNICATIONS INC,0000732712,2024-10-22,none,neutral,2,False,Verizon Communications Inc.; Securities and Exchange Commission; GAAP; non-GAAP financial measures,
VZ_0000732712-24-000065_chunk001,VERIZON COMMUNICATIONS INC,0000732712,2024-10-22,financial,neutral,3,True,Verizon; secured debt; cash and cash equivalents; debt maturing within one year; long-term debt,
VZ_0000732712-24-000065_chunk002,VERIZON COMMUNICATIONS INC,0000732712,2024-10-22,none,neutral,2,False,Verizon Communications Inc.,
VZ_0000732712-24-000062_chunk000,VERIZON COMMUNICATIONS INC,0000732712,2024-10-22,none,positive,2,True,"Verizon Communications Inc.; SEC; October 22, 2024",
VZ_0000732712-24-000062_chunk001,VERIZON COMMUNICATIONS INC,0000732712,2024-10-22,operational,neutral,3,True,Verizon Business; Costa Rica; telephone directories; litigation matter,
VZ_0000732712-24-000062_chunk002,VERIZON COMMUNICATIONS INC,0000732712,2024-10-22,regulatory,neutral,2,True,Verizon; litigation matter; administrative fees; strategic partnership initiatives; Verizon Business customers; BlueJeans business offering; Consolidated Adjusted EBITDA Growth Forecast; Net Unsecured Debt; Consolidated Adjusted EBITDA; Adjusted EPS; acquisition-related intangible assets; severance charges; asset and business rationalization; business transformation costs; non-strategic business shutdown,
VZ_0000732712-24-000062_chunk003,VERIZON COMMUNICATIONS INC,0000732712,2024-10-22,none,neutral,2,True,Verizon; 2024,
VZ_0000732712-24-000062_chunk004,VERIZON COMMUNICATIONS INC,0000732712,2024-10-22,none,neutral,1,False,Verizon Communications Inc.,
VZ_0001193125-24-272452_chunk000,VERIZON COMMUNICATIONS INC,0000732712,2024-12-06,none,neutral,1,False,Verizon Communications Inc.; SEC; Board of Directors,
WFC_0000072971-21-000003_chunk000,WELLS FARGO & COMPANY/MN,0000072971,2021-01-08,none,positive,1,False,Wells Fargo & Company; SEC; Item 8.01; Item 9.01,
WFC_0000072971-21-000008_chunk000,WELLS FARGO & COMPANY/MN,0000072971,2021-01-15,none,neutral,1,True,Wells Fargo & Company; Securities Exchange Act of 1934; Securities Act of 1933,
WFC_0001193125-21-010889_chunk000,WELLS FARGO & COMPANY/MN,0000072971,2021-01-19,financial,neutral,3,False,"Wells Fargo & Company; Wells Fargo Securities, LLC",
WFC_0001193125-21-014338_chunk000,WELLS FARGO & COMPANY/MN,0000072971,2021-01-22,none,neutral,1,False,Wells Fargo & Company; Delaware Secretary of State,
WFC_0001193125-21-017280_chunk000,WELLS FARGO & COMPANY/MN,0000072971,2021-01-26,regulatory,neutral,2,False,"Wells Fargo & Company; Wachovia Corporation; The Bank of New York Mellon; The First National Bank of Chicago; Floating Rate Junior Subordinated Deferrable Interest Debentures; Series BB Preferred Stock; New Equity Amount; Wells Fargo Securities, LLC; Equiniti Trust Company",
WFC_0001193125-21-017280_chunk001,WELLS FARGO & COMPANY/MN,0000072971,2021-01-26,none,neutral,1,False,"Wells Fargo & Company; Wells Fargo Securities, LLC; The Bank of New York Mellon; Richards, Layton & Finger, P.A.; Faegre Drinker Biddle & Reath LLP; Equiniti Trust Company",
WFC_0001193125-21-017127_chunk000,WELLS FARGO & COMPANY/MN,0000072971,2021-01-26,none,neutral,1,False,"Wells Fargo & Company; Wells Fargo Securities, LLC",
WFC_0001193125-21-021930_chunk000,WELLS FARGO & COMPANY/MN,0000072971,2021-01-29,financial,neutral,3,False,"Wells Fargo & Company; Wells Fargo Securities, LLC",
WFC_0000072971-21-000019_chunk000,WELLS FARGO & COMPANY/MN,0000072971,2021-01-29,regulatory,neutral,3,True,"Wells Fargo & Company; Charles W. Scharf; $20,335,000; $23,000,000; Performance Shares; Restricted Share Rights; Paycheck Protection Program; 3.6 million customers; 194,000 loans; $10.5 billion",
WFC_0000072971-21-000019_chunk001,WELLS FARGO & COMPANY/MN,0000072971,2021-01-29,none,positive,2,True,Company; HRC; John R. Shrewsberry; Mary T. Mack; Perry G. Pelos; Saul Van Beurden,
WFC_0001193125-21-024026_chunk000,WELLS FARGO & COMPANY/MN,0000072971,2021-02-01,regulatory,neutral,2,False,Wells Fargo & Company; Delaware Secretary of State; Series CC Preferred Stock; Depositary Shares; Equiniti Trust Company,
WFC_0001193125-21-024026_chunk001,WELLS FARGO & COMPANY/MN,0000072971,2021-02-01,none,neutral,1,False,"Wells Fargo & Company; Wells Fargo Securities, LLC; Equiniti Trust Company",
WFC_0001193125-21-033639_chunk000,WELLS FARGO & COMPANY/MN,0000072971,2021-02-09,none,neutral,1,False,Wells Fargo & Company; Series CC Preferred Stock; Equiniti Trust Company,
WFC_0001193125-21-033639_chunk001,WELLS FARGO & COMPANY/MN,0000072971,2021-02-09,none,neutral,1,False,"Wells Fargo & Company; Equiniti Trust Company; Richards, Layton & Finger, P.A.; Faegre Drinker Biddle & Reath LLP",
WFC_0001193125-21-035451_chunk000,WELLS FARGO & COMPANY/MN,0000072971,2021-02-10,financial,neutral,3,True,Wells Fargo & Company; Series P Preferred Stock; Series W Preferred Stock; Series N Preferred Stock; Wachovia Capital Trust III,
WFC_0001193125-21-035451_chunk001,WELLS FARGO & COMPANY/MN,0000072971,2021-02-10,financial,neutral,3,False,Wachovia Capital Trust III; Wells Fargo & Company; U.S. Bank National Association,
WFC_0001193125-21-041571_chunk000,WELLS FARGO & COMPANY/MN,0000072971,2021-02-12,none,neutral,1,False,"Wells Fargo & Company; Wells Fargo Securities, LLC",
WFC_0001193125-21-062463_chunk000,WELLS FARGO & COMPANY/MN,0000072971,2021-03-01,none,neutral,1,False,"Wells Fargo & Company; Wells Fargo Securities, LLC",
WFC_0001193125-21-082405_chunk000,WELLS FARGO & COMPANY/MN,0000072971,2021-03-16,regulatory,neutral,2,False,Wells Fargo & Company; Delaware Secretary of State; Series P Preferred; Series W Preferred; Series I Preferred; Wachovia Capital Trust III,
WFC_0001193125-21-082405_chunk001,WELLS FARGO & COMPANY/MN,0000072971,2021-03-16,none,neutral,1,False,Company; SEC; Wells Fargo Securities,
WFC_0000072971-21-000206_chunk000,WELLS FARGO & COMPANY/MN,0000072971,2021-04-14,financial,neutral,3,True,Wells Fargo & Company; Securities Exchange Act of 1934; Securities Act of 1933,
WFC_0000072971-21-000219_chunk000,WELLS FARGO & COMPANY/MN,0000072971,2021-04-30,none,positive,1,False,"Wells Fargo & Company; KPMG LLP; Steven D. Black; Mark A. Chancy; Celeste A. Clark; Theodore F. Craver, Jr.; Wayne M. Hewett; Maria R. Morris; Charles H. Noski; Richard B. Payne, Jr.; Juan A.",
WFC_0000072971-21-000219_chunk001,WELLS FARGO & COMPANY/MN,0000072971,2021-04-30,regulatory,neutral,3,False,"KPMG LLP; Richard B. Payne, Jr.; Juan A. Pujadas; Ronald L. Sargent; Charles W. Scharf; Suzanne M. Vautrinot",
WFC_0000072971-21-000219_chunk002,WELLS FARGO & COMPANY/MN,0000072971,2021-04-30,none,neutral,2,False,ABSTENTIONS; BROKER; NON-VOTES; Shareholder Proposal; Racial Equity Audit,
WFC_0001193125-21-158402_chunk000,WELLS FARGO & COMPANY/MN,0000072971,2021-05-12,none,neutral,1,False,"Company; SEC; May 12, 2021; June 15, 2021; 14,000 shares; Non-Cumulative; Perpetual Class A Preferred Stock; Series N Preferred Stock; Series N Depositary Shares; 14,000,000 shares",
WFC_0001193125-21-166476_chunk000,WELLS FARGO & COMPANY/MN,0000072971,2021-05-19,financial,neutral,2,False,Wells Fargo & Company; Faegre Drinker Biddle & Reath LLP,
WFC_0001193125-21-167314_chunk000,WELLS FARGO & COMPANY/MN,0000072971,2021-05-20,regulatory,neutral,3,False,Central Fidelity Capital Trust I; Wells Fargo & Company; Wachovia Capital Trust II; Central Fidelity Capital Securities; Wachovia Capital Securities; Central Fidelity Debentures; Wachovia Debentures,
WFC_0001193125-21-167314_chunk001,WELLS FARGO & COMPANY/MN,0000072971,2021-05-20,none,neutral,1,False,Wells Fargo & Company,
WFC_0001193125-21-192121_chunk000,WELLS FARGO & COMPANY/MN,0000072971,2021-06-16,none,neutral,1,False,Wells Fargo & Company; Delaware Secretary of State,
WFC_0000072971-21-000254_chunk000,WELLS FARGO & COMPANY/MN,0000072971,2021-07-14,none,neutral,1,True,Wells Fargo & Company; Securities Exchange Act of 1934; Securities Act of 1933,
WFC_0001193125-21-225184_chunk000,WELLS FARGO & COMPANY/MN,0000072971,2021-07-27,regulatory,neutral,2,False,Wells Fargo & Company; Delaware Secretary of State; Series DD Preferred Stock; Equiniti Trust Company,
WFC_0001193125-21-225184_chunk001,WELLS FARGO & COMPANY/MN,0000072971,2021-07-27,none,neutral,1,False,"Wells Fargo & Company; Wells Fargo Securities, LLC; Equiniti Trust Company",
WFC_0000072971-21-000270_chunk000,WELLS FARGO & COMPANY/MN,0000072971,2021-08-03,none,neutral,1,False,Wells Fargo & Company; Series O Preferred Stock; Series X Preferred Stock,
WFC_0000072971-21-000272_chunk000,WELLS FARGO & COMPANY/MN,0000072971,2021-08-10,leadership,neutral,2,False,Wells Fargo & Company; Charles H. Noski; Steven D. Black; Wayne M. Hewett,
WFC_0000072971-21-000289_chunk000,WELLS FARGO & COMPANY/MN,0000072971,2021-09-09,regulatory,negative,5,False,Wells Fargo & Company; Office of the Comptroller of the Currency; $250 million,
WFC_0001193125-21-275177_chunk000,WELLS FARGO & COMPANY/MN,0000072971,2021-09-16,none,neutral,1,False,Wells Fargo & Company; Delaware Secretary of State; Series O Preferred; Series X Preferred,
WFC_0000072971-21-000294_chunk000,WELLS FARGO & COMPANY/MN,0000072971,2021-10-14,regulatory,neutral,2,True,Wells Fargo & Company; Securities Exchange Act of 1934; Securities Act of 1933,
WFC_0000072971-22-000003_chunk000,WELLS FARGO & COMPANY/MN,0000072971,2022-01-14,none,neutral,2,True,Wells Fargo & Company; Securities Exchange Act of 1934; Securities Act of 1933,
WFC_0001193125-22-010597_chunk000,WELLS FARGO & COMPANY/MN,0000072971,2022-01-18,financial,neutral,3,False,"Wells Fargo & Company; Wells Fargo Securities, LLC",
WFC_0001193125-22-016577_chunk000,WELLS FARGO & COMPANY/MN,0000072971,2022-01-25,regulatory,neutral,2,False,"Wells Fargo & Company; Wells Fargo Securities, LLC",
WFC_0001193125-22-063098_chunk000,WELLS FARGO & COMPANY/MN,0000072971,2022-03-02,none,neutral,1,False,Wells Fargo & Company; Securities and Exchange Commission; Faegre Drinker Biddle & Reath LLP,
WFC_0001193125-22-083978_chunk000,WELLS FARGO & COMPANY/MN,0000072971,2022-03-24,none,neutral,1,False,Wells Fargo & Company; Securities and Exchange Commission; Faegre Drinker Biddle & Reath LLP,
WFC_0000072971-22-000107_chunk000,WELLS FARGO & COMPANY/MN,0000072971,2022-04-14,financial,neutral,3,True,Wells Fargo & Company; Securities Exchange Act of 1934; Securities Act of 1933,
WFC_0001193125-22-117785_chunk000,WELLS FARGO & COMPANY/MN,0000072971,2022-04-25,financial,neutral,2,False,Wells Fargo & Company; Securities and Exchange Commission; Faegre Drinker Biddle & Reath LLP,
WFC_0001193125-22-123773_chunk000,WELLS FARGO & COMPANY/MN,0000072971,2022-04-27,financial,neutral,2,False,Wells Fargo & Company; Securities and Exchange Commission; Faegre Drinker Biddle & Reath LLP,
WFC_0000072971-22-000111_chunk000,WELLS FARGO & COMPANY/MN,0000072971,2022-04-29,none,positive,1,False,Wells Fargo & Company; KPMG LLP,
WFC_0000072971-22-000111_chunk001,WELLS FARGO & COMPANY/MN,0000072971,2022-04-29,none,neutral,1,False,"Mark A. Chancy; Celeste A. Clark; Theodore F. Craver, Jr.; 0; Richard K. Davis; Wayne M. Hewett; CeCelia (“CeCe”) G. Morken; Maria R. Morris; Felicia F. Norwood; Richard B. Payne, Jr.; Juan A. Pujadas; Ronald L. Sargent; Charles W. Scharf; Suzanne M. Vautrinot",
WFC_0000072971-22-000111_chunk002,WELLS FARGO & COMPANY/MN,0000072971,2022-04-29,regulatory,neutral,2,False,Suzanne M. Vautrinot; KPMG LLP; 2022 Long-Term Incentive Plan; 2022; 2022 Long-Term Incentive Plan; KPMG LLP; 2022; 2022; 2022; 2022,
WFC_0000072971-22-000111_chunk003,WELLS FARGO & COMPANY/MN,0000072971,2022-04-29,regulatory,negative,4,False,Wells Fargo & Company; SEC; shareholders; Indigenous Peops' Rights; Climate Change Policy; Racial Equity Audit; Charitable Donations Disclosure,
WFC_0000072971-22-000155_chunk000,WELLS FARGO & COMPANY/MN,0000072971,2022-07-15,none,neutral,1,True,Wells Fargo & Company; Securities Exchange Act of 1934; Securities Act of 1933,
WFC_0001193125-22-200939_chunk000,WELLS FARGO & COMPANY/MN,0000072971,2022-07-25,financial,neutral,3,False,Wells Fargo & Company; Securities and Exchange Commission; Faegre Drinker Biddle & Reath LLP,
WFC_0001193125-22-221329_chunk000,WELLS FARGO & COMPANY/MN,0000072971,2022-08-15,none,neutral,1,False,Wells Fargo & Company; Securities and Exchange Commission; Faegre Drinker Biddle & Reath LLP,
WFC_0000072971-22-000190_chunk000,WELLS FARGO & COMPANY/MN,0000072971,2022-10-14,regulatory,neutral,2,True,Wells Fargo & Company; Securities Exchange Act of 1934; Securities Act of 1933,
WFC_0001839882-22-023759_chunk000,WELLS FARGO & COMPANY/MN,0000072971,2022-10-17,none,neutral,1,False,Wells Fargo & Company; Wells Fargo Finance LLC; Davis Polk & Wardwell LLP,
WFC_0000950123-22-010332_chunk000,WELLS FARGO & COMPANY/MN,0000072971,2022-10-19,regulatory,neutral,2,False,Wells Fargo & Company; Delaware Secretary of State,
WFC_0000950123-22-010332_chunk001,WELLS FARGO & COMPANY/MN,0000072971,2022-10-19,none,neutral,1,False,Company; ESOP Cumulative Convertible Preferred Stock,
WFC_0000072971-22-000220_chunk000,WELLS FARGO & COMPANY/MN,0000072971,2022-12-20,regulatory,negative,5,True,Wells Fargo & Company; Consumer Financial Protection Bureau; $1.7 billion; CFPB; 2022 Consent Order; Modification to 2018 Consent Order,
WFC_0000072971-23-000003_chunk000,WELLS FARGO & COMPANY/MN,0000072971,2023-01-13,none,neutral,1,True,Wells Fargo & Company; Securities Exchange Act of 1934; Securities Act of 1933,
WFC_0000072971-23-000024_chunk000,WELLS FARGO & COMPANY/MN,0000072971,2023-01-26,leadership,neutral,3,True,Wells Fargo & Company; Charles W. Scharf; Human Resources Committee; $24.5 million; $27 million; $2.5 million; $22 million; Performance Share award,
WFC_0000072971-23-000024_chunk001,WELLS FARGO & COMPANY/MN,0000072971,2023-01-26,regulatory,positive,2,False,Wells Fargo; Consumer Financial Protection Bureau; Mr. Scharf,
WFC_0001193125-23-042049_chunk000,WELLS FARGO & COMPANY/MN,0000072971,2023-02-17,none,positive,1,False,Wells Fargo & Company,
WFC_0000072971-23-000073_chunk000,WELLS FARGO & COMPANY/MN,0000072971,2023-02-24,leadership,neutral,1,False,Wells Fargo & Company; Juan A. Pujadas,
WFC_0000072971-23-000081_chunk000,WELLS FARGO & COMPANY/MN,0000072971,2023-04-13,leadership,positive,2,False,Wells Fargo & Company; Saul Van Beurden; Mary T. Mack,
WFC_0000072971-23-000083_chunk000,WELLS FARGO & COMPANY/MN,0000072971,2023-04-14,regulatory,neutral,2,True,Wells Fargo & Company; Securities Exchange Act of 1934; Securities Act of 1933,
WFC_0001193125-23-113019_chunk000,WELLS FARGO & COMPANY/MN,0000072971,2023-04-24,none,neutral,1,False,Wells Fargo & Company; Securities and Exchange Commission; Faegre Drinker Biddle & Reath LLP,
WFC_0001387131-23-005553_chunk000,WELLS FARGO & COMPANY/MN,0000072971,2023-04-27,none,neutral,1,False,Wells Fargo & Company; Wells Fargo Finance LLC; Agent,
WFC_0000072971-23-000097_chunk000,WELLS FARGO & COMPANY/MN,0000072971,2023-04-27,regulatory,positive,2,False,Wells Fargo & Company; Board of Directors; Company; shareholders; KPMG LLP,
WFC_0000072971-23-000097_chunk001,WELLS FARGO & COMPANY/MN,0000072971,2023-04-27,none,positive,1,False,"KPMG LLP; Steven D. Black; Mark A. Chancy; Celeste A. Clark; Theodore F. Craver, Jr.; Richard K. Davis; Wayne M. Hewett; CeCelia G. Morken; Maria R. Morris; Felicia F. Norwood; Richard B. Payne, Jr.",
WFC_0000072971-23-000097_chunk002,WELLS FARGO & COMPANY/MN,0000072971,2023-04-27,none,neutral,1,False,"KPMG LLP; Richard B. Payne, Jr.; Ronald L. Sargent; Charles W. Scharf; Suzanne M. Vautrinot; KPMG LLP; KPMG LLP",
WFC_0000072971-23-000097_chunk003,WELLS FARGO & COMPANY/MN,0000072971,2023-04-27,regulatory,neutral,3,False,Company A; Company B; SEC; Broker; Shareholder; Climate Lobbying; Fossil Fuel Lending; Workplace Harrassment; Freedom of Association; Collective Bargaining,
WFC_0001193125-23-142793_chunk000,WELLS FARGO & COMPANY/MN,0000072971,2023-05-12,regulatory,neutral,2,False,Wells Fargo & Company; U.S. Dollar LIBOR-linked instruments,
WFC_0000072971-23-000122_chunk000,WELLS FARGO & COMPANY/MN,0000072971,2023-06-29,regulatory,neutral,2,False,Wells Fargo & Company; Board of Directors; Wells Fargo & Company By-Laws; Securities Exchange Act of 1934,
WFC_0000072971-23-000122_chunk001,WELLS FARGO & COMPANY/MN,0000072971,2023-06-29,regulatory,negative,4,False,Delaware General Corporation Law; DGCL; Company,
WFC_0000072971-23-000126_chunk000,WELLS FARGO & COMPANY/MN,0000072971,2023-07-14,financial,neutral,3,True,Wells Fargo & Company; Securities Exchange Act of 1934; Securities Act of 1933,
WFC_0001193125-23-192252_chunk000,WELLS FARGO & COMPANY/MN,0000072971,2023-07-24,regulatory,neutral,2,False,"Wells Fargo & Company; Delaware Secretary of State; Series EE Preferred Stock; Equiniti Trust Company, LLC",
WFC_0001193125-23-192252_chunk001,WELLS FARGO & COMPANY/MN,0000072971,2023-07-24,regulatory,neutral,2,False,"Wells Fargo & Company; Equiniti Trust Company, LLC; Deposit Agreement; Series EE Preferred Stock",
WFC_0001193125-23-193498_chunk000,WELLS FARGO & COMPANY/MN,0000072971,2023-07-25,financial,neutral,3,False,Wells Fargo & Company; Securities and Exchange Commission; Faegre Drinker Biddle & Reath LLP,
WFC_0001193125-23-208143_chunk000,WELLS FARGO & COMPANY/MN,0000072971,2023-08-10,none,neutral,1,False,Wells Fargo & Company; Series Q Preferred Stock; Series Q Depositary Shares,
WFC_0001193125-23-236970_chunk000,WELLS FARGO & COMPANY/MN,0000072971,2023-09-18,none,neutral,1,False,Wells Fargo & Company; Delaware Secretary of State,
WFC_0000072971-23-000158_chunk000,WELLS FARGO & COMPANY/MN,0000072971,2023-10-13,none,neutral,1,True,Wells Fargo & Company; Securities Exchange Act of 1934; Securities Act of 1933,
WFC_0001193125-23-260849_chunk000,WELLS FARGO & COMPANY/MN,0000072971,2023-10-23,financial,neutral,3,False,Wells Fargo & Company; Securities and Exchange Commission; Faegre Drinker Biddle & Reath LLP,
WFC_0000072971-23-000190_chunk000,WELLS FARGO & COMPANY/MN,0000072971,2023-12-13,leadership,neutral,2,True,Wells Fargo & Company; Mary T. Mack,
WFC_0000072971-24-000004_chunk000,WELLS FARGO & COMPANY/MN,0000072971,2024-01-12,regulatory,neutral,2,True,Wells Fargo & Company; Securities Exchange Act of 1934; Securities Act of 1933,
WFC_0001193125-24-013029_chunk000,WELLS FARGO & COMPANY/MN,0000072971,2024-01-23,financial,neutral,2,False,Wells Fargo & Company; Securities and Exchange Commission; Faegre Drinker Biddle & Reath LLP,
WFC_0000072971-24-000031_chunk000,WELLS FARGO & COMPANY/MN,0000072971,2024-01-24,regulatory,neutral,2,False,Wells Fargo & Company; Court of Chancery of the State of Delaware; federal district courts of the United States; Securities Act of 1933,
WFC_0000072971-24-000034_chunk000,WELLS FARGO & COMPANY/MN,0000072971,2024-01-25,leadership,neutral,2,True,Wells Fargo & Company; Charles W. Scharf; $29 million; $2.5 million; $6.6 million; $19 million,
WFC_0000072971-24-000034_chunk001,WELLS FARGO & COMPANY/MN,0000072971,2024-01-25,none,positive,1,True,Wells Fargo; Mr. Scharf; HRC,
WFC_0001193125-24-024829_chunk000,WELLS FARGO & COMPANY/MN,0000072971,2024-02-06,financial,negative,4,False,Wells Fargo & Company; Series R Preferred Stock; Series R Depositary Shares,
WFC_0001193125-24-070208_chunk000,WELLS FARGO & COMPANY/MN,0000072971,2024-03-18,regulatory,neutral,2,False,Wells Fargo & Company; Delaware Secretary of State,
WFC_0000072971-24-000115_chunk000,WELLS FARGO & COMPANY/MN,0000072971,2024-04-12,none,neutral,1,True,Wells Fargo & Company; Securities Exchange Act of 1934; Securities Act of 1933,
WFC_0001193125-24-105007_chunk000,WELLS FARGO & COMPANY/MN,0000072971,2024-04-22,financial,neutral,3,False,Wells Fargo & Company; Securities and Exchange Commission; Faegre Drinker Biddle & Reath LLP,
WFC_0001193125-24-107105_chunk000,WELLS FARGO & COMPANY/MN,0000072971,2024-04-23,financial,neutral,3,False,Wells Fargo & Company; Securities and Exchange Commission; Faegre Drinker Biddle & Reath LLP,
WFC_0000072971-24-000130_chunk000,WELLS FARGO & COMPANY/MN,0000072971,2024-05-02,regulatory,positive,2,False,Wells Fargo & Company; Secretary of State of Delaware; DGCL Section 203,
WFC_0000072971-24-000130_chunk001,WELLS FARGO & COMPANY/MN,0000072971,2024-05-02,none,neutral,1,False,"KPMG LLP; Theodore F. Craver, Jr.; CeCelia G. Morken; Maria R. Morris; Felicia F. Norwood; Steven D. Black; Mark A. Chancy; Celeste A. Clark; Richard K. Davis; Fabian T. Garcia; Wayne M. Hewett",
WFC_0000072971-24-000130_chunk002,WELLS FARGO & COMPANY/MN,0000072971,2024-05-02,none,neutral,1,False,,no JSON object found in response
WFC_0000072971-24-000130_chunk003,WELLS FARGO & COMPANY/MN,0000072971,2024-05-02,none,neutral,1,False,,no JSON object found in response
WFC_0000072971-24-000130_chunk004,WELLS FARGO & COMPANY/MN,0000072971,2024-05-02,legal,neutral,3,False,Shareholder Proposal; Broker; Non-Votes; Incorporation; Politicized De-Banking,
WFC_0001193125-24-134794_chunk000,WELLS FARGO & COMPANY/MN,0000072971,2024-05-09,regulatory,neutral,2,False,Wells Fargo & Company; SEC,
WFC_0001193125-24-163462_chunk000,WELLS FARGO & COMPANY/MN,0000072971,2024-06-18,none,neutral,1,False,Wells Fargo & Company; Delaware Secretary of State,
WFC_0000072971-24-000170_chunk000,WELLS FARGO & COMPANY/MN,0000072971,2024-07-12,none,neutral,1,True,Wells Fargo & Company; Securities Exchange Act of 1934; Securities Act of 1933,
WFC_0001193125-24-182694_chunk000,WELLS FARGO & COMPANY/MN,0000072971,2024-07-23,regulatory,neutral,2,False,"Wells Fargo & Company; Delaware Secretary of State; Series FF Preferred Stock; Equiniti Trust Company, LLC",
WFC_0001193125-24-182694_chunk001,WELLS FARGO & COMPANY/MN,0000072971,2024-07-23,financial,neutral,2,False,"Equiniti Trust Company, LLC; Wells Fargo & Company; Wells Fargo Securities, LLC; Richards, Layton & Finger, P.A.; Faegre Drinker Biddle & Reath LLP",
WFC_0000072971-24-000206_chunk000,WELLS FARGO & COMPANY/MN,0000072971,2024-09-12,regulatory,negative,4,False,"Wells Fargo & Company; Wells Fargo Bank, N.A.; Office of the Comptroller of the Currency",
WFC_0000072971-24-000218_chunk000,WELLS FARGO & COMPANY/MN,0000072971,2024-10-11,none,neutral,1,True,Wells Fargo & Company; Securities Exchange Act of 1934; Securities Act of 1933,
WFC_0001193125-24-269996_chunk000,WELLS FARGO & COMPANY/MN,0000072971,2024-12-03,financial,neutral,2,False,Wells Fargo & Company; Securities and Exchange Commission; Faegre Drinker Biddle & Reath LLP,
WMT_0000104169-21-000005_chunk000,Walmart Inc.,0000104169,2021-01-15,leadership,neutral,2,False,Walmart Inc.; Marc Lore; John Furner,
WMT_0000104169-21-000011_chunk000,Walmart Inc.,0000104169,2021-01-29,leadership,negative,3,True,"Walmart Inc.; Marc Lore; $36,000; Jet.com, Inc.",
WMT_0000104169-21-000013_chunk000,Walmart Inc.,0000104169,2021-02-05,legal,negative,3,False,Walmart Inc.; U.S. Department of Justice; U.S. Drug Enforcement Agency,
WMT_0000104169-21-000024_chunk000,Walmart Inc.,0000104169,2021-02-18,financial,negative,4,True,"Walmart Inc.; Asda Group Limited; $5.7 billion; fiscal year ending January 31, 2022",
WMT_0000104169-21-000022_chunk000,Walmart Inc.,0000104169,2021-02-18,none,neutral,1,False,Walmart Inc.; Securities and Exchange Commission; General Instruction B.2; Exchange Act; Securities Act of 1933,
WMT_0000104169-21-000027_chunk000,Walmart Inc.,0000104169,2021-03-05,leadership,positive,2,True,"Walmart Inc.; Randall L. Stephenson; $100,000",
WMT_0000104169-21-000030_chunk000,Walmart Inc.,0000104169,2021-03-12,leadership,neutral,2,False,Walmart Inc.; C. Douglas McMillon; Securities and Exchange Commission; Form 144; Form 4,
WMT_0000104169-21-000037_chunk000,Walmart Inc.,0000104169,2021-05-18,none,neutral,1,False,Walmart Inc.; Securities and Exchange Commission; General Instruction B.2; Exchange Act; Securities Act of 1933,
WMT_0000104169-21-000041_chunk000,Walmart Inc.,0000104169,2021-06-04,none,neutral,1,False,Walmart Inc.; Cesar Conde; Timothy P. Flynn; Sarah J. Friar; Carla A. Harris; Thomas W. Horton; Marissa A. Mayer; C. Douglas McMillon; Gregory B. Penner; Steven S Reinemund,
WMT_0000104169-21-000041_chunk001,Walmart Inc.,0000104169,2021-06-04,regulatory,negative,3,False,Steven S Reinemund; Randall L. Stephenson; S. Robson Walton; Steuart L. Walton; Ernst & Young LLP; Company,
WMT_0000104169-21-000041_chunk002,Walmart Inc.,0000104169,2021-06-04,none,neutral,1,False,Company; Broker; Shareholders; Business Roundtable,
WMT_0000104169-21-000054_chunk000,Walmart Inc.,0000104169,2021-08-17,none,neutral,1,False,Walmart Inc.; Securities and Exchange Commission; General Instruction B.2; Exchange Act; Securities Act of 1933,
WMT_0001193125-21-267343_chunk000,Walmart Inc.,0000104169,2021-09-08,none,neutral,1,False,,no JSON object found in response
WMT_0001193125-21-267343_chunk001,Walmart Inc.,0000104169,2021-09-08,none,neutral,1,False,Company; Securities; Tender Offer,
WMT_0001193125-21-274145_chunk000,Walmart Inc.,0000104169,2021-09-15,financial,neutral,2,False,"Walmart Inc.; AmeriVet Securities, Inc.; BofA Securities, Inc.; Citigroup Global Markets Inc.; C.L. King & Associates, Inc.; Morgan Stanley & Co. LLC; Samuel A. Ramirez & Company, Inc.; Siebert Williams Shank & Co., LLC; 2031 Notes; Green Bond Underwriters; New Issue Underwriters",
WMT_0001193125-21-274145_chunk001,Walmart Inc.,0000104169,2021-09-15,financial,neutral,2,True,Company; New Issue Underwriters; 2026 Notes; 2028 Notes; 2041 Notes; 2051 Notes; Green Notes,
WMT_0001193125-21-274145_chunk002,Walmart Inc.,0000104169,2021-09-15,financial,neutral,2,True,"Company; 2026 Series; 2028 Series; 2031 Series; 2041 Notes; 2051 Notes; 2026 Notes; 2028 Notes; 2031 Notes; 2041 Notes; 2051 Notes; $6,983,662,500; $6,947,537,500",
WMT_0001193125-21-274145_chunk003,Walmart Inc.,0000104169,2021-09-15,none,neutral,1,False,"Company; The Bank of New York Mellon Trust Company, N.A.; Trustee",
WMT_0001193125-21-274145_chunk004,Walmart Inc.,0000104169,2021-09-15,regulatory,neutral,2,False,Global Note; Securities and Exchange Commission; 2031 Series; Green Bond Prospectus Supplement; New Issue Notes; 2026 Notes,
WMT_0001193125-21-274145_chunk005,Walmart Inc.,0000104169,2021-09-15,none,positive,1,False,Cede & Co.; The Depository Trust Company; Company; Trustee; Indenture; Green Bond Agreement; New Issue Agreement; 1.050% Notes Due 2026; 1.500% Notes Due 2028,
WMT_0001193125-21-274145_chunk006,Walmart Inc.,0000104169,2021-09-15,regulatory,neutral,2,False,Company; SEC; Hunton Andrews Kurth LLP; Form S-3ASR; 2026 Global Note; 2028 Global Note; 2031 Global Note; 2041 Global Note; 2051 Global Note,
WMT_0001193125-21-274145_chunk007,Walmart Inc.,0000104169,2021-09-15,legal,neutral,2,False,Company; Underwriters; Hunton Andrews Kurth LLP,
WMT_0001193125-21-274145_chunk008,Walmart Inc.,0000104169,2021-09-15,legal,neutral,2,False,Interactive Data File; Hunton Andrews Kurth LLP; Company,
WMT_0001193125-21-279535_chunk000,Walmart Inc.,0000104169,2021-09-22,none,neutral,1,False,,no JSON object found in response
WMT_0001193125-21-279535_chunk001,Walmart Inc.,0000104169,2021-09-22,financial,positive,2,False,Company; Securities; Early Payment Date; Tender Offer,
WMT_0000104169-21-000063_chunk000,Walmart Inc.,0000104169,2021-11-16,none,neutral,1,False,Walmart Inc.; Securities and Exchange Commission; General Instruction B.2; Exchange Act; Securities Act of 1933; Cover Page Interactive Data File,
WMT_0000104169-21-000065_chunk000,Walmart Inc.,0000104169,2021-11-23,legal,negative,4,False,Walmart; U.S. District Court for the Northern District of Ohio,
WMT_0000104169-21-000068_chunk000,Walmart Inc.,0000104169,2021-11-29,leadership,neutral,2,False,Walmart Inc.; M. Brett Biggs; Walmart U.S.; Sam’s Club,
WMT_0000104169-21-000068_chunk001,Walmart Inc.,0000104169,2021-11-29,legal,negative,4,False,Company; Mr. Biggs,
WMT_0000104169-22-000009_chunk000,Walmart Inc.,0000104169,2022-02-17,none,neutral,1,False,Walmart Inc.; Securities and Exchange Commission; General Instruction B.2; Exchange Act; Securities Act of 1933; Cover Page Interactive Data File,
WMT_0000104169-22-000014_chunk000,Walmart Inc.,0000104169,2022-04-12,leadership,positive,2,True,"John David Rainey; Walmart Inc.; PayPal Holdings, Inc.; United Airlines Holdings, Inc.; Nasdaq, Inc.",
WMT_0000104169-22-000014_chunk001,Walmart Inc.,0000104169,2022-04-12,legal,neutral,3,True,"Walmart; Mr. Rainey; $7,500,000; $1,500,000; $5,000,000; CMDC",
WMT_0000104169-22-000014_chunk002,Walmart Inc.,0000104169,2022-04-12,none,positive,1,False,John David Rainey; Company,
WMT_0000104169-22-000024_chunk000,Walmart Inc.,0000104169,2022-05-17,none,neutral,1,False,Walmart Inc.; Securities and Exchange Commission; General Instruction B.2; Exchange Act; Securities Act of 1933; SEC; Interactive Data File,
WMT_0000104169-22-000030_chunk000,Walmart Inc.,0000104169,2022-06-03,none,neutral,1,False,Walmart Inc.; Cesar Conde; Timothy P. Flynn; Sarah J. Friar; Carla A. Harris; Thomas W. Horton; Marissa A. Mayer; C. Douglas McMillon; Gregory B. Penner; Randall L. Stephenson,
WMT_0000104169-22-000030_chunk001,Walmart Inc.,0000104169,2022-06-03,regulatory,negative,3,True,Randall L. Stephenson; S. Robson Walton; Steuart L. Walton; Ernst & Young LLP; Company,
WMT_0000104169-22-000030_chunk002,Walmart Inc.,0000104169,2022-06-03,none,negative,2,False,Company; shareholders; reproductive healthcare legislation; racial justice goals; civil rights and non-discrimination audit; charitable donation disclosures; lobbying disclosures,
WMT_0000104169-22-000047_chunk000,Walmart Inc.,0000104169,2022-06-28,regulatory,negative,4,False,Walmart Inc.; United States Federal Trade Commission,
WMT_0000104169-22-000058_chunk000,Walmart Inc.,0000104169,2022-07-25,none,neutral,1,True,Walmart Inc.; Securities and Exchange Commission; General Instruction B.2; Securities Exchange Act of 1934; Securities Act of 1933,
WMT_0000104169-22-000065_chunk000,Walmart Inc.,0000104169,2022-08-16,none,neutral,1,False,Walmart Inc.; Securities and Exchange Commission; General Instruction B.2; Exchange Act; Securities Act of 1933; SEC,
WMT_0000104169-22-000069_chunk000,Walmart Inc.,0000104169,2022-08-17,leadership,neutral,2,False,Walmart Inc.; John Furner; Securities and Exchange Commission,
WMT_0000104169-22-000067_chunk000,Walmart Inc.,0000104169,2022-08-17,regulatory,negative,4,False,Walmart Inc.; U.S. District Court for the Northern District of Ohio; pharmacy defendants,
WMT_0001193125-22-241984_chunk000,Walmart Inc.,0000104169,2022-09-09,financial,neutral,2,False,"Walmart Inc.; Barclays Capital Inc.; BofA Securities, Inc.; J.P. Morgan Securities LLC; Citigroup Global Markets Inc.; HSBC Securities (USA) Inc.; Wells Fargo Securities, LLC; 2025 Notes; 2027 Notes; 2032 Notes; 2052 Notes",
WMT_0001193125-22-241984_chunk001,Walmart Inc.,0000104169,2022-09-09,none,neutral,1,False,Company; 2025 Series; 2027 Series; 2032 Series; 2052 Series; underwriting discounts; transaction expenses; aggregate principal amount; net proceeds,
WMT_0001193125-22-241984_chunk002,Walmart Inc.,0000104169,2022-09-09,none,positive,1,False,"Company; The Bank of New York Mellon Trust Company, N.A.; Trustee; Indenture; 2025 Series; 2027 Series; 2032 Series; 2052 Series; Prospectus Supplement; Prospectus; Securities and Exchange Commission",
WMT_0001193125-22-241984_chunk003,Walmart Inc.,0000104169,2022-09-09,financial,neutral,2,False,Securities and Exchange Commission; Company; Cede & Co.; The Depository Trust Company; 2025 Global Notes; 2027 Global Notes; 2032 Global Notes; 2052 Global Notes,
WMT_0001193125-22-241984_chunk004,Walmart Inc.,0000104169,2022-09-09,regulatory,neutral,2,False,Company; Hunton Andrews Kurth LLP; SEC; 3.900% Notes Due 2025; 3.950% Notes Due 2027; 4.150% Notes Due 2032; 4.500% Notes Due 2052; Form S-3ASR; File No. 333-251124,
WMT_0001193125-22-241984_chunk005,Walmart Inc.,0000104169,2022-09-09,none,neutral,1,False,Company; Underwriters; Hunton Andrews Kurth LLP,
WMT_0000104169-22-000077_chunk000,Walmart Inc.,0000104169,2022-11-15,regulatory,neutral,3,False,Walmart Inc.; Securities and Exchange Commission; opioids-related lawsuits; states; political subdivisions; tribes,
WMT_0000104169-22-000077_chunk001,Walmart Inc.,0000104169,2022-11-15,regulatory,neutral,3,True,Company; Settling States; Cherokee Nation; fiscal 2023; fiscal 2024,
WMT_0000104169-22-000077_chunk002,Walmart Inc.,0000104169,2022-11-15,legal,negative,3,True,Company; political subdivisions; tribes; SEC; General Instruction B.2; Form 8-K; Exhibit 99.3,
WMT_0000104169-22-000077_chunk003,Walmart Inc.,0000104169,2022-11-15,regulatory,neutral,3,True,company; SEC; litigation; opioid,
WMT_0000104169-22-000080_chunk000,Walmart Inc.,0000104169,2022-11-16,regulatory,neutral,2,False,Walmart Inc.; SEC; Delaware General Corporation Law; Walmart Inc. Board of Directors,
WMT_0000104169-22-000080_chunk001,Walmart Inc.,0000104169,2022-11-16,none,neutral,1,False,Walmart Inc.; Delaware General Corporation Law,
WMT_0000104169-22-000085_chunk000,Walmart Inc.,0000104169,2022-12-20,regulatory,neutral,2,False,Walmart Inc.; Securities Exchange Act of 1934; Securities Act of 1933,
WMT_0000104169-22-000088_chunk000,Walmart Inc.,0000104169,2022-12-23,operational,neutral,2,True,Walmart Inc.; Securities and Exchange Commission; Flipkart; PhonePe,
WMT_0000104169-23-000010_chunk000,Walmart Inc.,0000104169,2023-02-21,none,neutral,1,False,Walmart Inc.; Securities and Exchange Commission; General Instruction B.2; Exchange Act; Securities Act of 1933; Cover Page Interactive Data File,
WMT_0000104169-23-000013_chunk000,Walmart Inc.,0000104169,2023-02-24,leadership,neutral,2,True,Walmart Inc.; C. Douglas McMillon; Securities and Exchange Commission,
WMT_0000104169-23-000015_chunk000,Walmart Inc.,0000104169,2023-03-06,regulatory,neutral,2,True,Walmart Inc.; John Furner; Securities Exchange Act of 1934; Rule 10b5-1; Form 144; Form 4,
WMT_0000104169-23-000022_chunk000,Walmart Inc.,0000104169,2023-03-24,regulatory,neutral,2,True,Walmart Inc.; John David Rainey; Securities Exchange Act of 1934; Rule 10b5-1; Form 144; Form 4,
WMT_0000104169-23-000026_chunk000,Walmart Inc.,0000104169,2023-04-04,regulatory,neutral,2,True,Walmart Inc.; Securities Exchange Act of 1934; Securities Act of 1933,
WMT_0001193125-23-103832_chunk000,Walmart Inc.,0000104169,2023-04-17,financial,neutral,2,False,"Walmart Inc.; Citigroup Global Markets Inc.; HSBC Securities (USA) Inc.; Mizuho Securities USA LLC; BNP Paribas Securities Corp.; J.P. Morgan Securities LLC; Morgan Stanley & Co. LLC; $750,000,000; $750,000,000; $500,000,000; $1,500,000,000; $1,500,000,000; 2026 Notes; 2028 Notes; 2030 Notes; 2033 Notes; 2053 Notes; Underwriting Agreement",
WMT_0001193125-23-103832_chunk001,Walmart Inc.,0000104169,2023-04-17,financial,neutral,2,True,Company; underwriting discounts; transaction expenses; 2026 Notes; 2028 Notes; 2030 Notes; 2033 Notes; 2053 Notes,
WMT_0001193125-23-103832_chunk002,Walmart Inc.,0000104169,2023-04-17,none,neutral,1,False,"Company; The Bank of New York Mellon Trust Company, N.A.; Trustee",
WMT_0001193125-23-103832_chunk003,Walmart Inc.,0000104169,2023-04-17,financial,neutral,2,False,"Company; Securities and Exchange Commission; principal amount; $500,000,000; $250,000,000; 2026 Series; 2028 Series; 2030 Series; 2033 Series; 2053 Series; Global Notes",
WMT_0001193125-23-103832_chunk004,Walmart Inc.,0000104169,2023-04-17,regulatory,neutral,2,False,Cede & Co.; The Depository Trust Company; 2028 Global Notes; 2030 Global Note; 2033 Global Notes; 2026 Global Notes,
WMT_0001193125-23-103832_chunk005,Walmart Inc.,0000104169,2023-04-17,none,neutral,1,False,Company; Underwriters; Hunton Andrews Kurth LLP; SEC,
WMT_0001193125-23-103832_chunk006,Walmart Inc.,0000104169,2023-04-17,regulatory,neutral,2,False,Company; Hunton Andrews Kurth LLP,
WMT_0000104169-23-000043_chunk000,Walmart Inc.,0000104169,2023-05-18,none,neutral,1,False,Walmart Inc.; Securities and Exchange Commission; General Instruction B.2; Exchange Act; Securities Act of 1933; SEC,
WMT_0000104169-23-000054_chunk000,Walmart Inc.,0000104169,2023-06-02,none,neutral,1,False,Walmart Inc.; Cesar Conde; Timothy P. Flynn; Sarah J. Friar; Carla A. Harris; Thomas W. Horton; Marissa A. Mayer; C. Douglas McMillon; Gregory B. Penner; Randall L. Stephenson,
WMT_0000104169-23-000054_chunk001,Walmart Inc.,0000104169,2023-06-02,regulatory,neutral,2,False,Penner; Randall L. Stephenson; S. Robson Walton; Steuart L. Walton; Ernst & Young LLP,
WMT_0000104169-23-000054_chunk002,Walmart Inc.,0000104169,2023-06-02,regulatory,negative,3,False,Company; shareholders; votes; brokers; non-votes; human rights; racial equity; gender layoff; reproductive rights; data privacy,
WMT_0000104169-23-000054_chunk003,Walmart Inc.,0000104169,2023-06-02,none,neutral,2,False,Company; Broker; WALPAC,
WMT_0000104169-23-000082_chunk000,Walmart Inc.,0000104169,2023-08-16,leadership,neutral,2,True,"Walmart Inc.; Judith McKenna; Kathryn McLay; Asda Group Limited; $2,300,000; 6,143 restricted shares",
WMT_0000104169-23-000082_chunk001,Walmart Inc.,0000104169,2023-08-16,legal,neutral,2,False,Walmart International; Kathryn McLay; Walmart U.S.; Woolworths Limited; McLay Non-Compete Agreement,
WMT_0000104169-23-000082_chunk002,Walmart Inc.,0000104169,2023-08-16,leadership,positive,2,False,Ms. McLay; CMDC; Walmart U.S.; Christopher Nicholas; Coles Group; Dansk Supermaked Group; Tesco PLC,
WMT_0000104169-23-000082_chunk003,Walmart Inc.,0000104169,2023-08-16,leadership,positive,2,True,"Mr. Nicholas; CMDC; $850,000; 225%; $7,000,000",
WMT_0000104169-23-000088_chunk000,Walmart Inc.,0000104169,2023-08-17,none,neutral,1,False,Walmart Inc.; Securities and Exchange Commission; General Instruction B.2; Exchange Act; Securities Act of 1933; Exhibit 99.1; Exhibit 99.2; Exhibit 104,
WMT_0000104169-23-000091_chunk000,Walmart Inc.,0000104169,2023-08-22,regulatory,negative,4,True,Walmart Inc.; State Settlement Framework; Tribal Settlement Framework; Securities Exchange Act of 1934; Securities Act of 1933,
WMT_0000104169-23-000124_chunk000,Walmart Inc.,0000104169,2023-11-16,none,neutral,1,False,Walmart Inc.; Securities and Exchange Commission; General Instruction B.2; Exchange Act; Securities Act of 1933; Cover Page Interactive Data File,
WMT_0000104169-24-000004_chunk000,Walmart Inc.,0000104169,2024-01-31,none,positive,1,False,Walmart Inc.; State of Delaware; Securities Exchange Act of 1934; Securities Act of 1933,
WMT_0000104169-24-000019_chunk000,Walmart Inc.,0000104169,2024-02-20,none,neutral,1,False,Walmart Inc.; Securities and Exchange Commission; General Instruction B.2; Exchange Act; Securities Act of 1933; Cover Page Interactive Data File,
WMT_0000104169-24-000033_chunk000,Walmart Inc.,0000104169,2024-02-23,none,positive,1,True,"Walmart Inc.; State of Delaware; $0.10 par value; 2,684,264,089 shares; 8,052,792,267 shares",
WMT_0000104169-24-000039_chunk000,Walmart Inc.,0000104169,2024-02-28,leadership,neutral,2,False,Walmart Inc.; John Furner; SEC; Form 144; Form 4,
WMT_0000104169-24-000064_chunk000,Walmart Inc.,0000104169,2024-03-28,regulatory,neutral,2,True,"Walmart Inc.; Daniel J. Bartlett; $166,667; $4,000,000; Form 144; Form 4",
WMT_0000104169-24-000088_chunk000,Walmart Inc.,0000104169,2024-05-16,none,neutral,1,False,Walmart Inc.; Securities and Exchange Commission; General Instruction B.2; Exchange Act; Securities Act of 1933; Cover Page Interactive Data File,
WMT_0000104169-24-000103_chunk000,Walmart Inc.,0000104169,2024-06-07,none,neutral,1,False,Walmart Inc.; Cesar Conde; Timothy P. Flynn; Sarah J. Friar; Carla A. Harris; Thomas W. Horton; Marissa A. Mayer; C. Douglas McMillon; Brian Niccol; Gregory B. Penner,
WMT_0000104169-24-000103_chunk001,Walmart Inc.,0000104169,2024-06-07,none,neutral,1,False,Gregory B. Penner; Randall L. Stephenson; Steuart L. Walton; Ernst & Young LLP; WALPAC,
WMT_0000104169-24-000103_chunk002,Walmart Inc.,0000104169,2024-06-07,regulatory,negative,4,False,"Company; shareholders; votes; broker; non-votes; 630,945,292",
WMT_0000104169-24-000132_chunk000,Walmart Inc.,0000104169,2024-08-15,leadership,positive,2,True,"Walmart Inc.; Robert E. Moritz, Jr.; $200,000; $100,000",
WMT_0000104169-24-000131_chunk000,Walmart Inc.,0000104169,2024-08-15,none,neutral,1,False,Walmart Inc.; Securities and Exchange Commission; General Instruction B.2; Exchange Act; Securities Act of 1933; SEC,
WMT_0000104169-24-000146_chunk000,Walmart Inc.,0000104169,2024-09-06,legal,neutral,2,False,Walmart Inc.; John David Rainey; Securities Exchange Act of 1934; Rule 10b5-1; Form 144; Form 4; base salary,
WMT_0000104169-24-000166_chunk000,Walmart Inc.,0000104169,2024-10-18,legal,negative,4,False,Walmart Inc.; Delaware Court of Chancery; Ontario Provincial Council of Carpenters’ Pension Trust Fund; Abt; Alvarez; Nguyen; McMillon,
WMT_0000104169-24-000166_chunk001,Walmart Inc.,0000104169,2024-10-18,legal,neutral,2,False,Walmart; Ontario Action; Court; Company,
WMT_0000104169-24-000166_chunk002,Walmart Inc.,0000104169,2024-10-18,legal,neutral,3,False,company; regulators; monetary amounts,
WMT_0000104169-24-000170_chunk000,Walmart Inc.,0000104169,2024-11-19,none,neutral,1,False,Walmart Inc.; Securities and Exchange Commission; General Instruction B.2; Exchange Act; Securities Act of 1933; Cover Page Interactive Data File,
WMT_0000104169-24-000173_chunk000,Walmart Inc.,0000104169,2024-11-22,regulatory,neutral,2,True,Walmart Inc.; Kathryn McLay; Walmart International; Securities Exchange Act of 1934; Rule 10b5-1; Form 144; Form 4,
XOM_0000034088-21-000006_chunk000,EXXON MOBIL CORP,0000034088,2021-02-02,leadership,neutral,2,False,ExxonMobil; David S. Rosenthal; Len M. Fox; Tan Sri Wan Zulkiflee Wan Ariffin,
XOM_0000034088-21-000004_chunk000,EXXON MOBIL CORP,0000034088,2021-02-02,none,neutral,1,False,Exxon Mobil Corporation,
XOM_0000034088-21-000014_chunk000,EXXON MOBIL CORP,0000034088,2021-03-01,leadership,neutral,2,False,ExxonMobil; N. W. Duffin; Michael Angelakis; Jeffrey Ubben,
XOM_0000034088-21-000017_chunk000,EXXON MOBIL CORP,0000034088,2021-03-31,none,neutral,1,False,Exxon Mobil Corporation,
XOM_0000034088-21-000021_chunk000,EXXON MOBIL CORP,0000034088,2021-04-30,none,neutral,1,False,Exxon Mobil Corporation,
XOM_0000034088-21-000031_chunk000,EXXON MOBIL CORP,0000034088,2021-06-02,none,neutral,1,False,"Exxon Mobil Corporation; MacKenzie Partners, Inc.; New Jersey; Engine No. 1; Broadridge Financial Solutions",
XOM_0000034088-21-000031_chunk001,EXXON MOBIL CORP,0000034088,2021-06-02,regulatory,neutral,3,False,Broadridge; Michael J. Angelakis; Jeffrey W. Ubben; Ursula M. Burns; Joseph L. Hooley; Susan K. Avery; Angela F. Braly; Kenneth C. Frazier; Darren W. Woods; Kaisa Hietala; Gregory J. Goff; Alexander A. Karsner; Douglas R. Oberhelman; Steven A. Kandarian; Wan Zulkiflee,
XOM_0000034088-21-000031_chunk002,EXXON MOBIL CORP,0000034088,2021-06-02,regulatory,negative,5,True,ExxonMobil; Engine No. 1; Anders Runevad,
XOM_0000034088-21-000031_chunk003,EXXON MOBIL CORP,0000034088,2021-06-02,none,neutral,2,False,SEC; political contributions; lobbying; climate lobbying,
XOM_0000034088-21-000037_chunk000,EXXON MOBIL CORP,0000034088,2021-06-21,none,neutral,1,False,ExxonMobil; New Jersey; Michael J. Angelakis; Jeffrey W. Ubben; Ursula M. Burns; Susan K. Avery; Joseph L. Hooley; Angela F. Braly; Darren W. Woods; Kenneth C. Frazier; Kaisa Hietala; Gregory J. Goff,
XOM_0000034088-21-000037_chunk001,EXXON MOBIL CORP,0000034088,2021-06-21,none,neutral,2,False,ExxonMobil; Engine No. 1; Anders Runevad; ExxonMobil Nominees; Engine No. 1 Nominees; Gregory J. Goff; Alexander A. Karsner; Steven A. Kandarian; Douglas R. Oberhelman; Samuel J. Palmisano,
XOM_0000034088-21-000037_chunk002,EXXON MOBIL CORP,0000034088,2021-06-21,regulatory,negative,5,False,SEC; broker non-votes; proposals; votes; abstentions; environmental expenditures; political contributions; lobbying; climate lobbying,
XOM_0000034088-21-000041_chunk000,EXXON MOBIL CORP,0000034088,2021-06-30,none,neutral,1,False,Exxon Mobil Corporation,
XOM_0000034088-21-000043_chunk000,EXXON MOBIL CORP,0000034088,2021-07-22,leadership,neutral,2,True,Andrew Swiger; Kathryn Mikells; Diageo plc; Xerox; ADT; Nalco; United Airlines; Corporation,
XOM_0000034088-21-000043_chunk001,EXXON MOBIL CORP,0000034088,2021-07-22,none,positive,1,False,Ms. Mikells; Corporation,
XOM_0000034088-21-000046_chunk000,EXXON MOBIL CORP,0000034088,2021-07-30,none,neutral,1,False,Exxon Mobil Corporation,
XOM_0000034088-21-000057_chunk000,EXXON MOBIL CORP,0000034088,2021-09-30,none,neutral,1,False,Exxon Mobil Corporation,
XOM_0000034088-21-000061_chunk000,EXXON MOBIL CORP,0000034088,2021-10-29,none,neutral,1,False,Exxon Mobil Corporation,
XOM_0000034088-21-000066_chunk000,EXXON MOBIL CORP,0000034088,2021-11-17,none,positive,1,True,ExxonMobil,
XOM_0000034088-21-000069_chunk000,EXXON MOBIL CORP,0000034088,2021-11-30,operational,neutral,3,True,"Exxon Mobil Corporation; D. W. Woods; K. A. Mikells; A. P. Swiger; N. A. Chapman; J. P. Williams, Jr.; 2021; 2020; 2018; 2019",
XOM_0000034088-21-000069_chunk001,EXXON MOBIL CORP,0000034088,2021-11-30,none,neutral,1,False,ExxonMobil; N. A. Chapman,
XOM_0000950103-21-019926_chunk000,EXXON MOBIL CORP,0000034088,2021-12-17,financial,positive,2,False,Exxon Mobil Corporation; Deutsche Bank Trust Company Americas; 2.397% Notes due 2022; Indenture,
XOM_0000034088-21-000072_chunk000,EXXON MOBIL CORP,0000034088,2021-12-30,none,neutral,1,False,Exxon Mobil Corporation,
XOM_0000034088-22-000002_chunk000,EXXON MOBIL CORP,0000034088,2022-01-31,none,positive,1,False,ExxonMobil,
XOM_0000034088-22-000005_chunk000,EXXON MOBIL CORP,0000034088,2022-02-01,none,neutral,1,False,Exxon Mobil Corporation,
XOM_0000034088-22-000013_chunk000,EXXON MOBIL CORP,0000034088,2022-03-03,regulatory,negative,4,False,ExxonMobil; Russia,
XOM_0000034088-22-000016_chunk000,EXXON MOBIL CORP,0000034088,2022-03-22,leadership,neutral,2,False,Kenneth C. Frazier; State Street Corp.; Joseph L. Hooley,
XOM_0000034088-22-000018_chunk000,EXXON MOBIL CORP,0000034088,2022-04-04,none,neutral,1,False,Exxon Mobil Corporation,
XOM_0000034088-22-000023_chunk000,EXXON MOBIL CORP,0000034088,2022-04-29,none,neutral,1,False,Exxon Mobil Corporation,
XOM_0000034088-22-000034_chunk000,EXXON MOBIL CORP,0000034088,2022-06-01,none,positive,1,False,Exxon Mobil Corporation; New Jersey,
XOM_0000034088-22-000034_chunk001,EXXON MOBIL CORP,0000034088,2022-06-01,none,neutral,2,False,Gregory J. Goff; Kaisa H. Hietala; Joseph L. Hooley; Steven A. Kandarian; Alexander A. Karsner; Jeffrey W. Ubben; Darren W. Woods; SEC; shareholders; independent auditors; executive compensation,
XOM_0000034088-22-000034_chunk002,EXXON MOBIL CORP,0000034088,2022-06-01,regulatory,negative,5,False,Company; SEC; shareholders; executive; emissions; hydrocarbon sales; carbon business planning; scenario analysis; plastic production; political contributions,
XOM_0000034088-22-000040_chunk000,EXXON MOBIL CORP,0000034088,2022-06-17,none,positive,1,False,ExxonMobil; SEC; Exhibit 99.1; Exhibit 99.2; Form 10-Q,
XOM_0000034088-22-000044_chunk000,EXXON MOBIL CORP,0000034088,2022-07-01,none,neutral,1,False,Exxon Mobil Corporation,
XOM_0000034088-22-000048_chunk000,EXXON MOBIL CORP,0000034088,2022-07-29,none,neutral,1,False,Exxon Mobil Corporation,
XOM_0000034088-22-000054_chunk000,EXXON MOBIL CORP,0000034088,2022-10-04,none,neutral,1,False,Exxon Mobil Corporation,
XOM_0000034088-22-000057_chunk000,EXXON MOBIL CORP,0000034088,2022-10-28,none,neutral,1,False,"Exxon Mobil Corporation; SEC; October 28, 2022",
XOM_0000034088-22-000062_chunk000,EXXON MOBIL CORP,0000034088,2022-10-31,none,positive,1,False,Exxon Mobil Corporation; Common Stock,
XOM_0000034088-22-000060_chunk000,EXXON MOBIL CORP,0000034088,2022-10-31,none,neutral,1,False,Exxon Mobil Corporation; Securities Exchange Act of 1934,
XOM_0000034088-22-000067_chunk000,EXXON MOBIL CORP,0000034088,2022-11-18,none,positive,1,False,ExxonMobil,
XOM_0000034088-22-000069_chunk000,EXXON MOBIL CORP,0000034088,2022-12-02,none,positive,1,False,Exxon Mobil Corporation; Larry Kellner; John D. Harris II,
XOM_0000034088-22-000071_chunk000,EXXON MOBIL CORP,0000034088,2022-12-05,none,positive,1,False,ExxonMobil; D. W. Woods; K. A. Mikells; N. A. Chapman; J. P. Williams,
XOM_0000950103-22-021377_chunk000,EXXON MOBIL CORP,0000034088,2022-12-23,none,positive,1,False,Exxon Mobil Corporation; Deutsche Bank Trust Company Americas; 2.726% Notes; 1.571% Notes; Trust Funds,
XOM_0000034088-23-000003_chunk000,EXXON MOBIL CORP,0000034088,2023-01-04,none,neutral,1,False,Exxon Mobil Corporation,
XOM_0000034088-23-000008_chunk000,EXXON MOBIL CORP,0000034088,2023-01-26,none,positive,1,False,John D. Harris II; Lawrence W. 'Larry' Kellner; Board,
XOM_0000034088-23-000011_chunk000,EXXON MOBIL CORP,0000034088,2023-01-31,none,neutral,1,False,Exxon Mobil Corporation,
XOM_0000034088-23-000022_chunk000,EXXON MOBIL CORP,0000034088,2023-02-24,leadership,positive,2,False,ExxonMobil; Ursula M. Burns; Darren Woods,
XOM_0000034088-23-000025_chunk000,EXXON MOBIL CORP,0000034088,2023-04-04,none,neutral,1,False,Exxon Mobil Corporation,
XOM_0000034088-23-000028_chunk000,EXXON MOBIL CORP,0000034088,2023-04-28,none,neutral,1,False,Exxon Mobil Corporation,
XOM_0000034088-23-000036_chunk000,EXXON MOBIL CORP,0000034088,2023-06-06,none,positive,1,False,Exxon Mobil Corporation; New Jersey,
XOM_0000034088-23-000036_chunk001,EXXON MOBIL CORP,0000034088,2023-06-06,none,neutral,2,False,SEC; Gregory J. Goff; John D. Harris II; Kaisa H. Hietala; Joseph L. Hooley; Steven A. Kandarian; Alexander A. Karsner; Lawrence W. Kellner; Jeffrey W. Ubben; Darren W. Woods,
XOM_0000034088-23-000036_chunk002,EXXON MOBIL CORP,0000034088,2023-06-06,none,neutral,1,False,,no JSON object found in response
XOM_0000034088-23-000036_chunk003,EXXON MOBIL CORP,0000034088,2023-06-06,regulatory,negative,5,False,IEA NZE Scenario; plastics; tax reporting; energy transition,
XOM_0000034088-23-000036_chunk004,EXXON MOBIL CORP,0000034088,2023-06-06,leadership,neutral,2,True,ExxonMobil,
XOM_0000034088-23-000043_chunk000,EXXON MOBIL CORP,0000034088,2023-07-05,none,neutral,1,False,Exxon Mobil Corporation,
XOM_0000950103-23-010291_chunk000,EXXON MOBIL CORP,0000034088,2023-07-13,regulatory,neutral,2,True,Exxon Mobil Corporation; Denbury Inc.; Securities and Exchange Commission; ExxonMobil; Denbury,
XOM_0000950103-23-010291_chunk001,EXXON MOBIL CORP,0000034088,2023-07-13,legal,neutral,2,False,ExxonMobil; Denbury; SEC; 2023 annual meeting of stockholders; 2022 Form 10-K,
XOM_0000950103-23-010291_chunk002,EXXON MOBIL CORP,0000034088,2023-07-13,operational,negative,4,True,ExxonMobil; Denbury; U.S. Securities Act of 1933; Securities Exchange Act of 1034,
XOM_0000950103-23-010291_chunk003,EXXON MOBIL CORP,0000034088,2023-07-13,regulatory,negative,4,True,ExxonMobil; Denbury; Inflation Reduction Act; federal and state regulators; oil and gas industry,
XOM_0000950103-23-010291_chunk004,EXXON MOBIL CORP,0000034088,2023-07-13,regulatory,negative,4,True,ExxonMobil; Denbury; SEC,
XOM_0000950103-23-010291_chunk005,EXXON MOBIL CORP,0000034088,2023-07-13,none,neutral,1,True,ExxonMobil; Denbury,
XOM_0000034088-23-000046_chunk000,EXXON MOBIL CORP,0000034088,2023-07-28,none,neutral,1,False,"Exxon Mobil Corporation; SEC; July 28, 2023",
XOM_0000034088-23-000051_chunk000,EXXON MOBIL CORP,0000034088,2023-10-04,none,neutral,1,False,Exxon Mobil Corporation,
XOM_0000950103-23-014885_chunk000,EXXON MOBIL CORP,0000034088,2023-10-11,regulatory,neutral,2,False,"Exxon Mobil Corporation; SPQR, LLC; Pioneer Natural Resources Company",
XOM_0000950103-23-014885_chunk001,EXXON MOBIL CORP,0000034088,2023-10-11,regulatory,neutral,3,True,Company; Pioneer; SEC,
XOM_0000950103-23-014885_chunk002,EXXON MOBIL CORP,0000034088,2023-10-11,regulatory,neutral,3,True,Company; Pioneer; SEC; New York Stock Exchange,
XOM_0000950103-23-014885_chunk003,EXXON MOBIL CORP,0000034088,2023-10-11,regulatory,neutral,3,True,"Company; Pioneer; $1,815,000,000.00",
XOM_0000950103-23-014885_chunk004,EXXON MOBIL CORP,0000034088,2023-10-11,none,neutral,1,False,Company; Pioneer; SEC; ExxonMobil; Pioneer,
XOM_0000950103-23-014885_chunk005,EXXON MOBIL CORP,0000034088,2023-10-11,legal,neutral,2,True,Company; Pioneer; SEC; 2023 annual meeting of stockholders; 2022 Form 10-K; 2023 Form 10-K,
XOM_0000950103-23-014885_chunk006,EXXON MOBIL CORP,0000034088,2023-10-11,regulatory,negative,4,True,Company; Pioneer; U.S. Securities Act of 1933; Securities Exchange Act of 1934,
XOM_0000950103-23-014885_chunk007,EXXON MOBIL CORP,0000034088,2023-10-11,regulatory,negative,4,True,"Company; Pioneer; SEC; Inflation Reduction Act; federal and state regulators; rating agencies; oil and gas industry; environment; commercial negotiations; pandemics; economies; oil, natural gas, petrochemicals, feedstocks; reservoir performance",
XOM_0000950103-23-014885_chunk008,EXXON MOBIL CORP,0000034088,2023-10-11,regulatory,negative,3,True,ExxonMobil; Pioneer; SEC,
XOM_0000950103-23-014885_chunk009,EXXON MOBIL CORP,0000034088,2023-10-11,none,neutral,1,False,"Exxon Mobil Corporation; SPQR, LLC; Pioneer Natural Resources Company",
XOM_0001193125-23-260004_chunk000,EXXON MOBIL CORP,0000034088,2023-10-20,regulatory,neutral,2,True,"Exxon Mobil Corporation; Denbury, Inc.; J.P. Morgan Securities LLC; TPH&Co.; PJT Partners; SEC",
XOM_0001193125-23-260004_chunk001,EXXON MOBIL CORP,0000034088,2023-10-20,regulatory,neutral,2,False,ExxonMobil; Denbury; SEC; Texas,
XOM_0001193125-23-260004_chunk002,EXXON MOBIL CORP,0000034088,2023-10-20,regulatory,neutral,2,True,The Corporation; Denbury; SEC; 2023; 2022,
XOM_0001193125-23-260004_chunk003,EXXON MOBIL CORP,0000034088,2023-10-20,regulatory,negative,5,True,Corporation; Denbury; Inflation Reduction Act; federal and state regulators,
XOM_0001193125-23-260004_chunk004,EXXON MOBIL CORP,0000034088,2023-10-20,regulatory,negative,4,True,federal and state regulators; Denbury; oil and gas industry; environment; merger; financial performance; operating results; emission-reduction products and technology; public health crises; economies; oil; natural gas; petrochemicals; feedstocks; corporation; exxonmobil,
XOM_0001193125-23-260004_chunk005,EXXON MOBIL CORP,0000034088,2023-10-20,none,neutral,2,True,Corporation; Denbury,
XOM_0000034088-23-000054_chunk000,EXXON MOBIL CORP,0000034088,2023-10-27,none,neutral,1,False,Exxon Mobil Corporation,
XOM_0001193125-23-268938_chunk000,EXXON MOBIL CORP,0000034088,2023-11-02,none,positive,1,False,Exxon Mobil Corporation; Denbury Inc,
XOM_0000034088-23-000059_chunk000,EXXON MOBIL CORP,0000034088,2023-11-07,none,neutral,1,False,Exxon Mobil Corporation; Dina Powell McCormick,
XOM_0000034088-23-000062_chunk000,EXXON MOBIL CORP,0000034088,2023-11-15,none,neutral,1,False,ExxonMobil,
XOM_0000950103-23-017257_chunk000,EXXON MOBIL CORP,0000034088,2023-12-06,regulatory,neutral,3,True,Exxon Mobil Corporation; Pioneer Natural Resources Company; Federal Trade Commission; Securities and Exchange Commission,
XOM_0000950103-23-017257_chunk001,EXXON MOBIL CORP,0000034088,2023-12-06,regulatory,neutral,2,False,ExxonMobil; Pioneer; SEC; Investor Relations Department,
XOM_0000950103-23-017257_chunk002,EXXON MOBIL CORP,0000034088,2023-12-06,none,neutral,1,False,Company; Pioneer; SEC; 2023; 2022,
XOM_0000950103-23-017257_chunk003,EXXON MOBIL CORP,0000034088,2023-12-06,regulatory,negative,4,True,Company; Pioneer; Merger; U.S. Securities Act of 1933; Securities Exchange Act of 1934,
XOM_0000950103-23-017257_chunk004,EXXON MOBIL CORP,0000034088,2023-12-06,regulatory,negative,4,True,Company; Pioneer; SEC; oil and gas industry; environment; rating agencies; debt markets; commercial negotiations; Pioneer’s common stock,
XOM_0000950103-23-017257_chunk005,EXXON MOBIL CORP,0000034088,2023-12-06,operational,negative,4,True,ExxonMobil; Pioneer; SEC,
XOM_0000950103-23-017257_chunk006,EXXON MOBIL CORP,0000034088,2023-12-06,operational,negative,4,True,Company; Pioneer; 2030; 2035; Upstream Permian Basin; Energy Outlook; oil; gas; petrochemical products,
XOM_0000034088-24-000003_chunk000,EXXON MOBIL CORP,0000034088,2024-01-04,none,neutral,1,False,Exxon Mobil Corporation,
XOM_0000034088-24-000007_chunk000,EXXON MOBIL CORP,0000034088,2024-02-02,none,neutral,1,False,Exxon Mobil Corporation,
XOM_0000034088-24-000017_chunk000,EXXON MOBIL CORP,0000034088,2024-02-28,none,positive,1,False,Dina Powell McCormick; Board; Corporation,
XOM_0000034088-24-000015_chunk000,EXXON MOBIL CORP,0000034088,2024-02-28,leadership,neutral,2,False,Dr. Susan K. Avery; company,
XOM_0000034088-24-000021_chunk000,EXXON MOBIL CORP,0000034088,2024-04-03,none,neutral,1,False,Exxon Mobil Corporation,
XOM_0000034088-24-000025_chunk000,EXXON MOBIL CORP,0000034088,2024-04-26,none,neutral,1,False,Exxon Mobil Corporation,
XOM_0000950103-24-006322_chunk000,EXXON MOBIL CORP,0000034088,2024-05-03,none,positive,1,False,"Exxon Mobil Corporation; Pioneer Natural Resources Company; SPQR, LLC",
XOM_0000950103-24-006322_chunk001,EXXON MOBIL CORP,0000034088,2024-05-03,leadership,neutral,2,False,"Company; Maria S. Dreyfus; Scott D. Sheffield; FTC; May 3, 2024; May 29, 2024",
XOM_0000950103-24-006322_chunk002,EXXON MOBIL CORP,0000034088,2024-05-03,none,neutral,1,False,"Scott D. Sheffield; Ms. Dreyfus; Company; Pioneer; Computershare Trust Company, N.A.; Wells Fargo Bank, National Association",
XOM_0000950103-24-006322_chunk003,EXXON MOBIL CORP,0000034088,2024-05-03,regulatory,neutral,2,True,"Pioneer; Exxon Mobil Corporation; SPQR, LLC; Pioneer Natural Resources Company",
XOM_0000950103-24-006322_chunk004,EXXON MOBIL CORP,0000034088,2024-05-03,none,neutral,1,False,"Exxon Mobil Corporation; Pioneer Natural Resources Company; SPQR, LLC; Computershare Trust Company, N.A.",
XOM_0000950103-24-006564_chunk000,EXXON MOBIL CORP,0000034088,2024-05-10,regulatory,neutral,3,True,Pioneer Natural Resources Company; Exxon Mobil Corporation; 0.250% Convertible Senior Notes due 2025; Exhibit 99.1,
XOM_0000950103-24-006564_chunk001,EXXON MOBIL CORP,0000034088,2024-05-10,none,neutral,1,False,0.250% Convertible Senior Notes; 2025,
XOM_0000034088-24-000036_chunk000,EXXON MOBIL CORP,0000034088,2024-05-31,none,neutral,1,False,Exxon Mobil Corporation; New Jersey,
XOM_0000034088-24-000036_chunk001,EXXON MOBIL CORP,0000034088,2024-05-31,none,neutral,2,False,John D. Harris II; Kaisa H. Hietala; Joseph L. Hooley; Steven A. Kandarian; Alexander A. Karsner; Lawrence W. Kellner; Dina Powell McCormick; Jeffrey W. Ubben; Darren W. Woods,
XOM_0000034088-24-000036_chunk002,EXXON MOBIL CORP,0000034088,2024-05-31,regulatory,negative,5,False,Pioneer Natural Resources Company; Maria S. Dreyfus,
XOM_0000034088-24-000036_chunk003,EXXON MOBIL CORP,0000034088,2024-05-31,none,neutral,1,False,Pioneer Natural Resources Company; Ms. Dreyfus; Company’s Board of Directors,
XOM_0000034088-24-000042_chunk000,EXXON MOBIL CORP,0000034088,2024-07-08,none,neutral,1,False,Exxon Mobil Corporation,
XOM_0000034088-24-000045_chunk000,EXXON MOBIL CORP,0000034088,2024-08-01,leadership,positive,2,False,Maria S. Dreyfus; Corporation,
XOM_0000034088-24-000048_chunk000,EXXON MOBIL CORP,0000034088,2024-08-02,financial,neutral,2,False,Exxon Mobil Corporation,
XOM_0000034088-24-000059_chunk000,EXXON MOBIL CORP,0000034088,2024-10-03,none,neutral,1,False,Exxon Mobil Corporation,
XOM_0001193125-24-234137_chunk000,EXXON MOBIL CORP,0000034088,2024-10-08,none,neutral,1,False,"Exxon Mobil Corporation; Morgan Stanley & Co. LLC; UBS Securities LLC; RBC Capital Markets, LLC; Deutsche Bank Securities Inc.; Deutsche Bank Trust Company Americas",
XOM_0001193125-24-234137_chunk001,EXXON MOBIL CORP,0000034088,2024-10-08,none,neutral,1,False,Exxon Mobil Corporation; Deutsche Bank Trust Company Americas,
XOM_0000034088-24-000062_chunk000,EXXON MOBIL CORP,0000034088,2024-10-18,leadership,negative,2,False,Exxon Mobil Corporation; Mr. Gregory J. Goff,
XOM_0000034088-24-000066_chunk000,EXXON MOBIL CORP,0000034088,2024-11-01,none,neutral,1,False,Exxon Mobil Corporation,
XOM_0000034088-24-000071_chunk000,EXXON MOBIL CORP,0000034088,2024-11-12,none,neutral,1,False,ExxonMobil,
