ticker,company_name,cik,filing_date,accession_number,form_type,items,primary_document,filing_url,text_file,text_length
AAPL,Apple Inc.,0000320193,2021-01-05,0001193125-21-001982,8-K,5.02,d29637d8k.htm,https://www.sec.gov/Archives/edgar/data/320193/000119312521001982/d29637d8k.htm,filings/AAPL_0000320193_2021-01-05_0001193125-21-001982.txt,4308
AAPL,Apple Inc.,0000320193,2021-01-27,0000320193-21-000009,8-K,2.02; 9.01,aapl-20210127.htm,https://www.sec.gov/Archives/edgar/data/320193/000032019321000009/aapl-20210127.htm,filings/AAPL_0000320193_2021-01-27_0000320193-21-000009.txt,3691
AAPL,Apple Inc.,0000320193,2021-02-08,0001193125-21-032394,8-K,8.01; 9.01,d70217d8k.htm,https://www.sec.gov/Archives/edgar/data/320193/000119312521032394/d70217d8k.htm,filings/AAPL_0000320193_2021-02-08_0001193125-21-032394.txt,6967
AAPL,Apple Inc.,0000320193,2021-02-24,0001193125-21-054710,8-K,5.07,d101693d8k.htm,https://www.sec.gov/Archives/edgar/data/320193/000119312521054710/d101693d8k.htm,filings/AAPL_0000320193_2021-02-24_0001193125-21-054710.txt,4757
AAPL,Apple Inc.,0000320193,2021-04-28,0000320193-21-000055,8-K,2.02; 9.01,aapl-20210428.htm,https://www.sec.gov/Archives/edgar/data/320193/000032019321000055/aapl-20210428.htm,filings/AAPL_0000320193_2021-04-28_0000320193-21-000055.txt,3682
AAPL,Apple Inc.,0000320193,2021-07-27,0000320193-21-000063,8-K,2.02; 9.01,aapl-20210727.htm,https://www.sec.gov/Archives/edgar/data/320193/000032019321000063/aapl-20210727.htm,filings/AAPL_0000320193_2021-07-27_0000320193-21-000063.txt,3675
AAPL,Apple Inc.,0000320193,2021-08-05,0001193125-21-237787,8-K,8.01; 9.01,d199884d8k.htm,https://www.sec.gov/Archives/edgar/data/320193/000119312521237787/d199884d8k.htm,filings/AAPL_0000320193_2021-08-05_0001193125-21-237787.txt,6460
AAPL,Apple Inc.,0000320193,2021-10-28,0000320193-21-000104,8-K,2.02; 9.01,aapl-20211028.htm,https://www.sec.gov/Archives/edgar/data/320193/000032019321000104/aapl-20211028.htm,filings/AAPL_0000320193_2021-10-28_0000320193-21-000104.txt,3693
AAPL,Apple Inc.,0000320193,2021-11-12,0001193125-21-328151,8-K,5.02; 5.03; 9.01,d259993d8k.htm,https://www.sec.gov/Archives/edgar/data/320193/000119312521328151/d259993d8k.htm,filings/AAPL_0000320193_2021-11-12_0001193125-21-328151.txt,4728
AAPL,Apple Inc.,0000320193,2022-01-27,0000320193-22-000006,8-K,2.02; 9.01,aapl-20220127.htm,https://www.sec.gov/Archives/edgar/data/320193/000032019322000006/aapl-20220127.htm,filings/AAPL_0000320193_2022-01-27_0000320193-22-000006.txt,3691
AAPL,Apple Inc.,0000320193,2022-03-04,0001193125-22-066169,8-K,5.02; 5.07; 9.01,d294699d8k.htm,https://www.sec.gov/Archives/edgar/data/320193/000119312522066169/d294699d8k.htm,filings/AAPL_0000320193_2022-03-04_0001193125-22-066169.txt,8713
AAPL,Apple Inc.,0000320193,2022-04-28,0000320193-22-000058,8-K,2.02; 9.01,aapl-20220428.htm,https://www.sec.gov/Archives/edgar/data/320193/000032019322000058/aapl-20220428.htm,filings/AAPL_0000320193_2022-04-28_0000320193-22-000058.txt,3683
AAPL,Apple Inc.,0000320193,2022-07-28,0000320193-22-000069,8-K,2.02; 9.01,aapl-20220728.htm,https://www.sec.gov/Archives/edgar/data/320193/000032019322000069/aapl-20220728.htm,filings/AAPL_0000320193_2022-07-28_0000320193-22-000069.txt,3675
AAPL,Apple Inc.,0000320193,2022-08-08,0001193125-22-214914,8-K,8.01; 9.01,d297151d8k.htm,https://www.sec.gov/Archives/edgar/data/320193/000119312522214914/d297151d8k.htm,filings/AAPL_0000320193_2022-08-08_0001193125-22-214914.txt,6492
AAPL,Apple Inc.,0000320193,2022-08-19,0001193125-22-225365,8-K,5.02; 5.03; 9.01,d366128d8k.htm,https://www.sec.gov/Archives/edgar/data/320193/000119312522225365/d366128d8k.htm,filings/AAPL_0000320193_2022-08-19_0001193125-22-225365.txt,8323
AAPL,Apple Inc.,0000320193,2022-10-27,0000320193-22-000107,8-K,2.02; 9.01,aapl-20221027.htm,https://www.sec.gov/Archives/edgar/data/320193/000032019322000107/aapl-20221027.htm,filings/AAPL_0000320193_2022-10-27_0000320193-22-000107.txt,3693
AAPL,Apple Inc.,0000320193,2022-11-07,0001193125-22-278435,8-K,7.01; 9.01,d400465d8k.htm,https://www.sec.gov/Archives/edgar/data/320193/000119312522278435/d400465d8k.htm,filings/AAPL_0000320193_2022-11-07_0001193125-22-278435.txt,3667
AAPL,Apple Inc.,0000320193,2023-02-02,0000320193-23-000005,8-K,2.02; 9.01,aapl-20230202.htm,https://www.sec.gov/Archives/edgar/data/320193/000032019323000005/aapl-20230202.htm,filings/AAPL_0000320193_2023-02-02_0000320193-23-000005.txt,3639
AAPL,Apple Inc.,0000320193,2023-03-10,0001140361-23-011192,8-K,5.07,brhc10049413_8k.htm,https://www.sec.gov/Archives/edgar/data/320193/000114036123011192/brhc10049413_8k.htm,filings/AAPL_0000320193_2023-03-10_0001140361-23-011192.txt,5799
AAPL,Apple Inc.,0000320193,2023-05-04,0000320193-23-000063,8-K,2.02; 9.01,aapl-20230504.htm,https://www.sec.gov/Archives/edgar/data/320193/000032019323000063/aapl-20230504.htm,filings/AAPL_0000320193_2023-05-04_0000320193-23-000063.txt,3616
AAPL,Apple Inc.,0000320193,2023-05-10,0001140361-23-023909,8-K,8.01; 9.01,ny20007635x4_8k.htm,https://www.sec.gov/Archives/edgar/data/320193/000114036123023909/ny20007635x4_8k.htm,filings/AAPL_0000320193_2023-05-10_0001140361-23-023909.txt,6821
AAPL,Apple Inc.,0000320193,2023-08-03,0000320193-23-000075,8-K,2.02; 9.01,aapl-20230803.htm,https://www.sec.gov/Archives/edgar/data/320193/000032019323000075/aapl-20230803.htm,filings/AAPL_0000320193_2023-08-03_0000320193-23-000075.txt,3626
AAPL,Apple Inc.,0000320193,2023-11-02,0000320193-23-000104,8-K,2.02; 9.01,aapl-20231102.htm,https://www.sec.gov/Archives/edgar/data/320193/000032019323000104/aapl-20231102.htm,filings/AAPL_0000320193_2023-11-02_0000320193-23-000104.txt,3641
AAPL,Apple Inc.,0000320193,2024-02-01,0000320193-24-000005,8-K,2.02; 9.01,aapl-20240201.htm,https://www.sec.gov/Archives/edgar/data/320193/000032019324000005/aapl-20240201.htm,filings/AAPL_0000320193_2024-02-01_0000320193-24-000005.txt,3589
AAPL,Apple Inc.,0000320193,2024-02-28,0001140361-24-010155,8-K,5.07,ny20022580x1_8k.htm,https://www.sec.gov/Archives/edgar/data/320193/000114036124010155/ny20022580x1_8k.htm,filings/AAPL_0000320193_2024-02-28_0001140361-24-010155.txt,5252
AAPL,Apple Inc.,0000320193,2024-05-02,0000320193-24-000067,8-K,2.02; 9.01,aapl-20240502.htm,https://www.sec.gov/Archives/edgar/data/320193/000032019324000067/aapl-20240502.htm,filings/AAPL_0000320193_2024-05-02_0000320193-24-000067.txt,3565
AAPL,Apple Inc.,0000320193,2024-05-03,0001140361-24-024352,8-K,7.01; 9.01,ef20028273_8k.htm,https://www.sec.gov/Archives/edgar/data/320193/000114036124024352/ef20028273_8k.htm,filings/AAPL_0000320193_2024-05-03_0001140361-24-024352.txt,4374
AAPL,Apple Inc.,0000320193,2024-08-01,0000320193-24-000080,8-K,2.02; 9.01,aapl-20240801.htm,https://www.sec.gov/Archives/edgar/data/320193/000032019324000080/aapl-20240801.htm,filings/AAPL_0000320193_2024-08-01_0000320193-24-000080.txt,3577
AAPL,Apple Inc.,0000320193,2024-08-23,0001140361-24-038403,8-K,5.03; 9.01,ny20033611x2_8k.htm,https://www.sec.gov/Archives/edgar/data/320193/000114036124038403/ny20033611x2_8k.htm,filings/AAPL_0000320193_2024-08-23_0001140361-24-038403.txt,3990
AAPL,Apple Inc.,0000320193,2024-08-26,0001140361-24-038601,8-K,5.02,ny20033611x3_8k.htm,https://www.sec.gov/Archives/edgar/data/320193/000114036124038601/ny20033611x3_8k.htm,filings/AAPL_0000320193_2024-08-26_0001140361-24-038601.txt,3472
AAPL,Apple Inc.,0000320193,2024-09-10,0001140361-24-040659,8-K,7.01,ef20035718_8k.htm,https://www.sec.gov/Archives/edgar/data/320193/000114036124040659/ef20035718_8k.htm,filings/AAPL_0000320193_2024-09-10_0001140361-24-040659.txt,6498
AAPL,Apple Inc.,0000320193,2024-10-31,0000320193-24-000120,8-K,2.02; 9.01,aapl-20241031.htm,https://www.sec.gov/Archives/edgar/data/320193/000032019324000120/aapl-20241031.htm,filings/AAPL_0000320193_2024-10-31_0000320193-24-000120.txt,3589
ABBV,AbbVie Inc.,0001551152,2021-01-06,0001104659-21-001570,8-K,5.02,tm211488d1_8k.htm,https://www.sec.gov/Archives/edgar/data/1551152/000110465921001570/tm211488d1_8k.htm,filings/ABBV_0001551152_2021-01-06_0001104659-21-001570.txt,3582
ABBV,AbbVie Inc.,0001551152,2021-01-12,0001104659-21-003462,8-K,7.01; 9.01,tm212802d1_8k.htm,https://www.sec.gov/Archives/edgar/data/1551152/000110465921003462/tm212802d1_8k.htm,filings/ABBV_0001551152_2021-01-12_0001104659-21-003462.txt,4170
ABBV,AbbVie Inc.,0001551152,2021-02-03,0001551152-21-000003,8-K,2.02; 9.01,abbv-20210203.htm,https://www.sec.gov/Archives/edgar/data/1551152/000155115221000003/abbv-20210203.htm,filings/ABBV_0001551152_2021-02-03_0001551152-21-000003.txt,3495
ABBV,AbbVie Inc.,0001551152,2021-03-12,0001104659-21-035654,8-K,5.04; 9.01,tm219217d1_8k.htm,https://www.sec.gov/Archives/edgar/data/1551152/000110465921035654/tm219217d1_8k.htm,filings/ABBV_0001551152_2021-03-12_0001104659-21-035654.txt,5387
ABBV,AbbVie Inc.,0001551152,2021-04-20,0001104659-21-052229,8-K,7.01; 9.01,tm2113328d1_8k.htm,https://www.sec.gov/Archives/edgar/data/1551152/000110465921052229/tm2113328d1_8k.htm,filings/ABBV_0001551152_2021-04-20_0001104659-21-052229.txt,3622
ABBV,AbbVie Inc.,0001551152,2021-04-30,0001551152-21-000013,8-K,2.02; 9.01,abbv-20210430.htm,https://www.sec.gov/Archives/edgar/data/1551152/000155115221000013/abbv-20210430.htm,filings/ABBV_0001551152_2021-04-30_0001551152-21-000013.txt,3471
ABBV,AbbVie Inc.,0001551152,2021-05-10,0001104659-21-063958,8-K,5.07,tm2115632d1_8k.htm,https://www.sec.gov/Archives/edgar/data/1551152/000110465921063958/tm2115632d1_8k.htm,filings/ABBV_0001551152_2021-05-10_0001104659-21-063958.txt,5056
ABBV,AbbVie Inc.,0001551152,2021-07-30,0001551152-21-000021,8-K,2.02; 9.01,abbv-20210730.htm,https://www.sec.gov/Archives/edgar/data/1551152/000155115221000021/abbv-20210730.htm,filings/ABBV_0001551152_2021-07-30_0001551152-21-000021.txt,3405
ABBV,AbbVie Inc.,0001551152,2021-08-19,0001104659-21-107639,8-K,8.01,tm2125525d1_8k.htm,https://www.sec.gov/Archives/edgar/data/1551152/000110465921107639/tm2125525d1_8k.htm,filings/ABBV_0001551152_2021-08-19_0001104659-21-107639.txt,3809
ABBV,AbbVie Inc.,0001551152,2021-10-29,0001551152-21-000028,8-K,2.02; 9.01,abbv-20211029.htm,https://www.sec.gov/Archives/edgar/data/1551152/000155115221000028/abbv-20211029.htm,filings/ABBV_0001551152_2021-10-29_0001551152-21-000028.txt,3421
ABBV,AbbVie Inc.,0001551152,2021-12-16,0001104659-21-150570,8-K,5.02,tm2135667d1_8k.htm,https://www.sec.gov/Archives/edgar/data/1551152/000110465921150570/tm2135667d1_8k.htm,filings/ABBV_0001551152_2021-12-16_0001104659-21-150570.txt,3580
ABBV,AbbVie Inc.,0001551152,2021-12-17,0001104659-21-151213,8-K,5.02,tm2135667d2_8k.htm,https://www.sec.gov/Archives/edgar/data/1551152/000110465921151213/tm2135667d2_8k.htm,filings/ABBV_0001551152_2021-12-17_0001104659-21-151213.txt,3580
ABBV,AbbVie Inc.,0001551152,2022-02-02,0001551152-22-000003,8-K,2.02; 9.01,abbv-20220202.htm,https://www.sec.gov/Archives/edgar/data/1551152/000155115222000003/abbv-20220202.htm,filings/ABBV_0001551152_2022-02-02_0001551152-22-000003.txt,3461
ABBV,AbbVie Inc.,0001551152,2022-03-04,0001104659-22-030613,8-K,5.02,tm228136d1_8k.htm,https://www.sec.gov/Archives/edgar/data/1551152/000110465922030613/tm228136d1_8k.htm,filings/ABBV_0001551152_2022-03-04_0001104659-22-030613.txt,3148
ABBV,AbbVie Inc.,0001551152,2022-04-13,0001104659-22-045308,8-K,5.02,tm2212581d1_8k.htm,https://www.sec.gov/Archives/edgar/data/1551152/000110465922045308/tm2212581d1_8k.htm,filings/ABBV_0001551152_2022-04-13_0001104659-22-045308.txt,3204
ABBV,AbbVie Inc.,0001551152,2022-04-21,0001104659-22-048450,8-K,2.02; 9.01,tm2213254d1_8k.htm,https://www.sec.gov/Archives/edgar/data/1551152/000110465922048450/tm2213254d1_8k.htm,filings/ABBV_0001551152_2022-04-21_0001104659-22-048450.txt,7621
ABBV,AbbVie Inc.,0001551152,2022-04-29,0001551152-22-000012,8-K,2.02; 9.01,abbv-20220429.htm,https://www.sec.gov/Archives/edgar/data/1551152/000155115222000012/abbv-20220429.htm,filings/ABBV_0001551152_2022-04-29_0001551152-22-000012.txt,3440
ABBV,AbbVie Inc.,0001551152,2022-04-29,0001551152-22-000010,8-K,2.02; 9.01,abbv-20220429.htm,https://www.sec.gov/Archives/edgar/data/1551152/000155115222000010/abbv-20220429.htm,filings/ABBV_0001551152_2022-04-29_0001551152-22-000010.txt,3440
ABBV,AbbVie Inc.,0001551152,2022-05-11,0001104659-22-058862,8-K,5.07,tm2215079d1_8k.htm,https://www.sec.gov/Archives/edgar/data/1551152/000110465922058862/tm2215079d1_8k.htm,filings/ABBV_0001551152_2022-05-11_0001104659-22-058862.txt,5027
ABBV,AbbVie Inc.,0001551152,2022-06-28,0001104659-22-075039,8-K,5.02,tm2219549d1_8k.htm,https://www.sec.gov/Archives/edgar/data/1551152/000110465922075039/tm2219549d1_8k.htm,filings/ABBV_0001551152_2022-06-28_0001104659-22-075039.txt,4064
ABBV,AbbVie Inc.,0001551152,2022-06-29,0001104659-22-075519,8-K,5.03; 9.01,tm2219873d1_8k.htm,https://www.sec.gov/Archives/edgar/data/1551152/000110465922075519/tm2219873d1_8k.htm,filings/ABBV_0001551152_2022-06-29_0001104659-22-075519.txt,3688
ABBV,AbbVie Inc.,0001551152,2022-07-06,0001551152-22-000023,8-K,2.02; 9.01,abbv-20220706.htm,https://www.sec.gov/Archives/edgar/data/1551152/000155115222000023/abbv-20220706.htm,filings/ABBV_0001551152_2022-07-06_0001551152-22-000023.txt,6943
ABBV,AbbVie Inc.,0001551152,2022-07-29,0001551152-22-000026,8-K,2.02; 9.01,abbv-20220729.htm,https://www.sec.gov/Archives/edgar/data/1551152/000155115222000026/abbv-20220729.htm,filings/ABBV_0001551152_2022-07-29_0001551152-22-000026.txt,3398
ABBV,AbbVie Inc.,0001551152,2022-10-05,0001551152-22-000034,8-K,2.02; 9.01,abbv-20221005.htm,https://www.sec.gov/Archives/edgar/data/1551152/000155115222000034/abbv-20221005.htm,filings/ABBV_0001551152_2022-10-05_0001551152-22-000034.txt,6927
ABBV,AbbVie Inc.,0001551152,2022-10-14,0001104659-22-108910,8-K,5.02; 5.03; 9.01,tm2228135d1_8k.htm,https://www.sec.gov/Archives/edgar/data/1551152/000110465922108910/tm2228135d1_8k.htm,filings/ABBV_0001551152_2022-10-14_0001104659-22-108910.txt,6630
ABBV,AbbVie Inc.,0001551152,2022-10-17,0001104659-22-109061,8-K,5.02; 9.01,tm2228315d1_8k.htm,https://www.sec.gov/Archives/edgar/data/1551152/000110465922109061/tm2228315d1_8k.htm,filings/ABBV_0001551152_2022-10-17_0001104659-22-109061.txt,3498
ABBV,AbbVie Inc.,0001551152,2022-10-28,0001551152-22-000038,8-K,2.02; 9.01,abbv-20221028.htm,https://www.sec.gov/Archives/edgar/data/1551152/000155115222000038/abbv-20221028.htm,filings/ABBV_0001551152_2022-10-28_0001551152-22-000038.txt,3416
ABBV,AbbVie Inc.,0001551152,2022-11-29,0001104659-22-122661,8-K,5.02,tm2231449d1_8k.htm,https://www.sec.gov/Archives/edgar/data/1551152/000110465922122661/tm2231449d1_8k.htm,filings/ABBV_0001551152_2022-11-29_0001104659-22-122661.txt,3811
ABBV,AbbVie Inc.,0001551152,2023-01-06,0001551152-23-000004,8-K,2.02; 9.01,abbv-20230106.htm,https://www.sec.gov/Archives/edgar/data/1551152/000155115223000004/abbv-20230106.htm,filings/ABBV_0001551152_2023-01-06_0001551152-23-000004.txt,6937
ABBV,AbbVie Inc.,0001551152,2023-01-10,0001104659-23-002452,8-K,7.01; 9.01,tm232769d1_8k.htm,https://www.sec.gov/Archives/edgar/data/1551152/000110465923002452/tm232769d1_8k.htm,filings/ABBV_0001551152_2023-01-10_0001104659-23-002452.txt,3980
ABBV,AbbVie Inc.,0001551152,2023-02-09,0001551152-23-000006,8-K,2.02; 9.01,abbv-20230209.htm,https://www.sec.gov/Archives/edgar/data/1551152/000155115223000006/abbv-20230209.htm,filings/ABBV_0001551152_2023-02-09_0001551152-23-000006.txt,3435
ABBV,AbbVie Inc.,0001551152,2023-03-28,0001104659-23-037749,8-K,1.01; 2.03; 9.01,tm2310687d1_8k.htm,https://www.sec.gov/Archives/edgar/data/1551152/000110465923037749/tm2310687d1_8k.htm,filings/ABBV_0001551152_2023-03-28_0001104659-23-037749.txt,4970
ABBV,AbbVie Inc.,0001551152,2023-04-05,0001551152-23-000015,8-K,2.02; 9.01,abbv-20230405.htm,https://www.sec.gov/Archives/edgar/data/1551152/000155115223000015/abbv-20230405.htm,filings/ABBV_0001551152_2023-04-05_0001551152-23-000015.txt,6821
ABBV,AbbVie Inc.,0001551152,2023-04-27,0001551152-23-000019,8-K,2.02; 9.01,abbv-20230427.htm,https://www.sec.gov/Archives/edgar/data/1551152/000155115223000019/abbv-20230427.htm,filings/ABBV_0001551152_2023-04-27_0001551152-23-000019.txt,3405
ABBV,AbbVie Inc.,0001551152,2023-05-10,0001104659-23-058520,8-K,5.07,tm2315162d1_8k.htm,https://www.sec.gov/Archives/edgar/data/1551152/000110465923058520/tm2315162d1_8k.htm,filings/ABBV_0001551152_2023-05-10_0001104659-23-058520.txt,4928
ABBV,AbbVie Inc.,0001551152,2023-06-29,0001104659-23-076373,8-K,5.02,tm2320134d1_8k.htm,https://www.sec.gov/Archives/edgar/data/1551152/000110465923076373/tm2320134d1_8k.htm,filings/ABBV_0001551152_2023-06-29_0001104659-23-076373.txt,3222
ABBV,AbbVie Inc.,0001551152,2023-07-06,0001551152-23-000026,8-K,2.02; 9.01,abbv-20230706.htm,https://www.sec.gov/Archives/edgar/data/1551152/000155115223000026/abbv-20230706.htm,filings/ABBV_0001551152_2023-07-06_0001551152-23-000026.txt,6846
ABBV,AbbVie Inc.,0001551152,2023-07-27,0001551152-23-000028,8-K,2.02; 9.01,abbv-20230727.htm,https://www.sec.gov/Archives/edgar/data/1551152/000155115223000028/abbv-20230727.htm,filings/ABBV_0001551152_2023-07-27_0001551152-23-000028.txt,3401
ABBV,AbbVie Inc.,0001551152,2023-10-04,0001551152-23-000036,8-K,2.02; 9.01,abbv-20231004.htm,https://www.sec.gov/Archives/edgar/data/1551152/000155115223000036/abbv-20231004.htm,filings/ABBV_0001551152_2023-10-04_0001551152-23-000036.txt,6851
ABBV,AbbVie Inc.,0001551152,2023-10-12,0001104659-23-108864,8-K,5.02,tm2328138d1_8k.htm,https://www.sec.gov/Archives/edgar/data/1551152/000110465923108864/tm2328138d1_8k.htm,filings/ABBV_0001551152_2023-10-12_0001104659-23-108864.txt,4104
ABBV,AbbVie Inc.,0001551152,2023-10-27,0001551152-23-000040,8-K,2.02; 9.01,abbv-20231027.htm,https://www.sec.gov/Archives/edgar/data/1551152/000155115223000040/abbv-20231027.htm,filings/ABBV_0001551152_2023-10-27_0001551152-23-000040.txt,3417
ABBV,AbbVie Inc.,0001551152,2023-11-30,0001104659-23-122241,8-K,7.01; 9.01,tm2331814d1_8k.htm,https://www.sec.gov/Archives/edgar/data/1551152/000110465923122241/tm2331814d1_8k.htm,filings/ABBV_0001551152_2023-11-30_0001104659-23-122241.txt,7173
ABBV,AbbVie Inc.,0001551152,2023-12-06,0001104659-23-124047,8-K,7.01; 9.01,tm2332303d1_8k.htm,https://www.sec.gov/Archives/edgar/data/1551152/000110465923124047/tm2332303d1_8k.htm,filings/ABBV_0001551152_2023-12-06_0001104659-23-124047.txt,7136
ABBV,AbbVie Inc.,0001551152,2024-01-05,0001551152-24-000002,8-K,2.02; 9.01,abbv-20240105.htm,https://www.sec.gov/Archives/edgar/data/1551152/000155115224000002/abbv-20240105.htm,filings/ABBV_0001551152_2024-01-05_0001551152-24-000002.txt,6797
ABBV,AbbVie Inc.,0001551152,2024-02-02,0001551152-24-000007,8-K,2.02; 9.01,abbv-20240202.htm,https://www.sec.gov/Archives/edgar/data/1551152/000155115224000007/abbv-20240202.htm,filings/ABBV_0001551152_2024-02-02_0001551152-24-000007.txt,3369
ABBV,AbbVie Inc.,0001551152,2024-02-12,0001104659-24-013692,8-K,7.01; 9.01,tm245657d1_8k.htm,https://www.sec.gov/Archives/edgar/data/1551152/000110465924013692/tm245657d1_8k.htm,filings/ABBV_0001551152_2024-02-12_0001104659-24-013692.txt,6261
ABBV,AbbVie Inc.,0001551152,2024-02-20,0001104659-24-025262,8-K,5.02; 7.01; 9.01,tm246649d1_8k.htm,https://www.sec.gov/Archives/edgar/data/1551152/000110465924025262/tm246649d1_8k.htm,filings/ABBV_0001551152_2024-02-20_0001104659-24-025262.txt,5549
ABBV,AbbVie Inc.,0001551152,2024-02-26,0001104659-24-027585,8-K,8.01; 9.01,tm246405d5_8k.htm,https://www.sec.gov/Archives/edgar/data/1551152/000110465924027585/tm246405d5_8k.htm,filings/ABBV_0001551152_2024-02-26_0001104659-24-027585.txt,8721
ABBV,AbbVie Inc.,0001551152,2024-04-03,0001551152-24-000013,8-K,2.02; 9.01,abbv-20240403.htm,https://www.sec.gov/Archives/edgar/data/1551152/000155115224000013/abbv-20240403.htm,filings/ABBV_0001551152_2024-04-03_0001551152-24-000013.txt,6761
ABBV,AbbVie Inc.,0001551152,2024-04-26,0001551152-24-000016,8-K,2.02; 9.01,abbv-20240426.htm,https://www.sec.gov/Archives/edgar/data/1551152/000155115224000016/abbv-20240426.htm,filings/ABBV_0001551152_2024-04-26_0001551152-24-000016.txt,3347
ABBV,AbbVie Inc.,0001551152,2024-05-08,0001104659-24-058808,8-K/A,5.02; 5.07,tm2413796d1_8ka.htm,https://www.sec.gov/Archives/edgar/data/1551152/000110465924058808/tm2413796d1_8ka.htm,filings/ABBV_0001551152_2024-05-08_0001104659-24-058808.txt,6862
ABBV,AbbVie Inc.,0001551152,2024-07-03,0001551152-24-000024,8-K,2.02; 9.01,abbv-20240703.htm,https://www.sec.gov/Archives/edgar/data/1551152/000155115224000024/abbv-20240703.htm,filings/ABBV_0001551152_2024-07-03_0001551152-24-000024.txt,6664
ABBV,AbbVie Inc.,0001551152,2024-07-25,0001551152-24-000026,8-K,2.02; 9.01,abbv-20240725.htm,https://www.sec.gov/Archives/edgar/data/1551152/000155115224000026/abbv-20240725.htm,filings/ABBV_0001551152_2024-07-25_0001551152-24-000026.txt,3220
ABBV,AbbVie Inc.,0001551152,2024-09-10,0001104659-24-098564,8-K,5.03; 9.01,tm2423380d1_8k.htm,https://www.sec.gov/Archives/edgar/data/1551152/000110465924098564/tm2423380d1_8k.htm,filings/ABBV_0001551152_2024-09-10_0001104659-24-098564.txt,4008
ABBV,AbbVie Inc.,0001551152,2024-10-03,0001551152-24-000033,8-K,2.02; 9.01,abbv-20241003.htm,https://www.sec.gov/Archives/edgar/data/1551152/000155115224000033/abbv-20241003.htm,filings/ABBV_0001551152_2024-10-03_0001551152-24-000033.txt,6670
ABBV,AbbVie Inc.,0001551152,2024-10-30,0001551152-24-000036,8-K,2.02; 9.01,abbv-20241030.htm,https://www.sec.gov/Archives/edgar/data/1551152/000155115224000036/abbv-20241030.htm,filings/ABBV_0001551152_2024-10-30_0001551152-24-000036.txt,3236
ABBV,AbbVie Inc.,0001551152,2024-12-13,0001104659-24-128413,8-K,5.02,tm2430950d1_8k.htm,https://www.sec.gov/Archives/edgar/data/1551152/000110465924128413/tm2430950d1_8k.htm,filings/ABBV_0001551152_2024-12-13_0001104659-24-128413.txt,3829
ABT,ABBOTT LABORATORIES,0000001800,2021-01-27,0001104659-21-007942,8-K,2.02; 9.01,tm214153d1_8k.htm,https://www.sec.gov/Archives/edgar/data/1800/000110465921007942/tm214153d1_8k.htm,filings/ABT_0000001800_2021-01-27_0001104659-21-007942.txt,4430
ABT,ABBOTT LABORATORIES,0000001800,2021-02-19,0001104659-21-025772,8-K,5.02; 5.03; 9.01,tm217200d1_8k.htm,https://www.sec.gov/Archives/edgar/data/1800/000110465921025772/tm217200d1_8k.htm,filings/ABT_0000001800_2021-02-19_0001104659-21-025772.txt,3402
ABT,ABBOTT LABORATORIES,0000001800,2021-04-20,0001104659-21-052205,8-K,2.02; 9.01,tm2113390d1_8k.htm,https://www.sec.gov/Archives/edgar/data/1800/000110465921052205/tm2113390d1_8k.htm,filings/ABT_0000001800_2021-04-20_0001104659-21-052205.txt,4246
ABT,ABBOTT LABORATORIES,0000001800,2021-04-26,0001104659-21-054917,8-K,5.03; 5.07; 9.01,tm2114110d1_8k.htm,https://www.sec.gov/Archives/edgar/data/1800/000110465921054917/tm2114110d1_8k.htm,filings/ABT_0000001800_2021-04-26_0001104659-21-054917.txt,8317
ABT,ABBOTT LABORATORIES,0000001800,2021-06-03,0001104659-21-076394,8-K,2.05; 7.01; 9.01,tm2118332d1_8k.htm,https://www.sec.gov/Archives/edgar/data/1800/000110465921076394/tm2118332d1_8k.htm,filings/ABT_0000001800_2021-06-03_0001104659-21-076394.txt,5456
ABT,ABBOTT LABORATORIES,0000001800,2021-07-22,0001104659-21-094680,8-K,2.02; 9.01,tm2122884d1_8k.htm,https://www.sec.gov/Archives/edgar/data/1800/000110465921094680/tm2122884d1_8k.htm,filings/ABT_0000001800_2021-07-22_0001104659-21-094680.txt,4305
ABT,ABBOTT LABORATORIES,0000001800,2021-09-01,0001104659-21-111825,8-K,5.02; 5.03; 9.01,tm2126543d1_8k.htm,https://www.sec.gov/Archives/edgar/data/1800/000110465921111825/tm2126543d1_8k.htm,filings/ABT_0000001800_2021-09-01_0001104659-21-111825.txt,3307
ABT,ABBOTT LABORATORIES,0000001800,2021-10-20,0001104659-21-127874,8-K,2.02; 9.01,tm2130546d1_8k.htm,https://www.sec.gov/Archives/edgar/data/1800/000110465921127874/tm2130546d1_8k.htm,filings/ABT_0000001800_2021-10-20_0001104659-21-127874.txt,4317
ABT,ABBOTT LABORATORIES,0000001800,2021-12-10,0001104659-21-148608,8-K,5.02; 5.03; 9.01,tm2134920d1_8k.htm,https://www.sec.gov/Archives/edgar/data/1800/000110465921148608/tm2134920d1_8k.htm,filings/ABT_0000001800_2021-12-10_0001104659-21-148608.txt,4042
ABT,ABBOTT LABORATORIES,0000001800,2021-12-13,0001104659-21-149094,8-K,5.02,tm2135223d1_8k.htm,https://www.sec.gov/Archives/edgar/data/1800/000110465921149094/tm2135223d1_8k.htm,filings/ABT_0000001800_2021-12-13_0001104659-21-149094.txt,2747
ABT,ABBOTT LABORATORIES,0000001800,2022-01-26,0001104659-22-007648,8-K,2.02; 9.01,tm224433d1_8k.htm,https://www.sec.gov/Archives/edgar/data/1800/000110465922007648/tm224433d1_8k.htm,filings/ABT_0000001800_2022-01-26_0001104659-22-007648.txt,4357
ABT,ABBOTT LABORATORIES,0000001800,2022-02-18,0001104659-22-025072,8-K,7.01,tm227088d1_8k.htm,https://www.sec.gov/Archives/edgar/data/1800/000110465922025072/tm227088d1_8k.htm,filings/ABT_0000001800_2022-02-18_0001104659-22-025072.txt,4368
ABT,ABBOTT LABORATORIES,0000001800,2022-02-22,0001104659-22-025612,8-K,5.03; 9.01,tm226900d1_8k.htm,https://www.sec.gov/Archives/edgar/data/1800/000110465922025612/tm226900d1_8k.htm,filings/ABT_0000001800_2022-02-22_0001104659-22-025612.txt,3056
ABT,ABBOTT LABORATORIES,0000001800,2022-04-20,0001104659-22-047560,8-K,2.02; 9.01,tm2213006d1_8k.htm,https://www.sec.gov/Archives/edgar/data/1800/000110465922047560/tm2213006d1_8k.htm,filings/ABT_0000001800_2022-04-20_0001104659-22-047560.txt,4327
ABT,ABBOTT LABORATORIES,0000001800,2022-05-02,0001104659-22-054704,8-K,5.07,tm2214206d1_8k.htm,https://www.sec.gov/Archives/edgar/data/1800/000110465922054704/tm2214206d1_8k.htm,filings/ABT_0000001800_2022-05-02_0001104659-22-054704.txt,6897
ABT,ABBOTT LABORATORIES,0000001800,2022-07-20,0001104659-22-081006,8-K,2.02; 9.01,tm2221376d1_8k.htm,https://www.sec.gov/Archives/edgar/data/1800/000110465922081006/tm2221376d1_8k.htm,filings/ABT_0000001800_2022-07-20_0001104659-22-081006.txt,4328
ABT,ABBOTT LABORATORIES,0000001800,2022-09-15,0001104659-22-100434,8-K,5.02; 5.03; 9.01,tm2225651d1_8k.htm,https://www.sec.gov/Archives/edgar/data/1800/000110465922100434/tm2225651d1_8k.htm,filings/ABT_0000001800_2022-09-15_0001104659-22-100434.txt,3366
ABT,ABBOTT LABORATORIES,0000001800,2022-10-19,0001628280-22-026588,8-K,2.02; 9.01,abt-20221019.htm,https://www.sec.gov/Archives/edgar/data/1800/000162828022026588/abt-20221019.htm,filings/ABT_0000001800_2022-10-19_0001628280-22-026588.txt,4407
ABT,ABBOTT LABORATORIES,0000001800,2022-10-21,0001104659-22-110612,8-K,5.02,tm2228558d1_8k.htm,https://www.sec.gov/Archives/edgar/data/1800/000110465922110612/tm2228558d1_8k.htm,filings/ABT_0000001800_2022-10-21_0001104659-22-110612.txt,2991
ABT,ABBOTT LABORATORIES,0000001800,2022-12-09,0001104659-22-125832,8-K,5.03; 9.01,tm2232123d1_8k.htm,https://www.sec.gov/Archives/edgar/data/1800/000110465922125832/tm2232123d1_8k.htm,filings/ABT_0000001800_2022-12-09_0001104659-22-125832.txt,3982
ABT,ABBOTT LABORATORIES,0000001800,2023-01-25,0001628280-23-001516,8-K,2.02; 9.01,abt-20230125.htm,https://www.sec.gov/Archives/edgar/data/1800/000162828023001516/abt-20230125.htm,filings/ABT_0000001800_2023-01-25_0001628280-23-001516.txt,4421
ABT,ABBOTT LABORATORIES,0000001800,2023-02-17,0001104659-23-023291,8-K,5.03; 9.01,tm236955d1_8k.htm,https://www.sec.gov/Archives/edgar/data/1800/000110465923023291/tm236955d1_8k.htm,filings/ABT_0000001800_2023-02-17_0001104659-23-023291.txt,3043
ABT,ABBOTT LABORATORIES,0000001800,2023-04-19,0001628280-23-012020,8-K,2.02; 9.01,abt-20230419.htm,https://www.sec.gov/Archives/edgar/data/1800/000162828023012020/abt-20230419.htm,filings/ABT_0000001800_2023-04-19_0001628280-23-012020.txt,4345
ABT,ABBOTT LABORATORIES,0000001800,2023-05-02,0001104659-23-054706,8-K,5.07,tm2314308d1_8k.htm,https://www.sec.gov/Archives/edgar/data/1800/000110465923054706/tm2314308d1_8k.htm,filings/ABT_0000001800_2023-05-02_0001104659-23-054706.txt,7258
ABT,ABBOTT LABORATORIES,0000001800,2023-06-09,0001104659-23-069894,8-K/A,5.07,tm2318292d1_8ka.htm,https://www.sec.gov/Archives/edgar/data/1800/000110465923069894/tm2318292d1_8ka.htm,filings/ABT_0000001800_2023-06-09_0001104659-23-069894.txt,3070
ABT,ABBOTT LABORATORIES,0000001800,2023-06-12,0001104659-23-070203,8-K,5.02,tm2318433d1_8k.htm,https://www.sec.gov/Archives/edgar/data/1800/000110465923070203/tm2318433d1_8k.htm,filings/ABT_0000001800_2023-06-12_0001104659-23-070203.txt,4294
ABT,ABBOTT LABORATORIES,0000001800,2023-07-20,0001628280-23-025156,8-K,2.02; 9.01,abt-20230720.htm,https://www.sec.gov/Archives/edgar/data/1800/000162828023025156/abt-20230720.htm,filings/ABT_0000001800_2023-07-20_0001628280-23-025156.txt,4474
ABT,ABBOTT LABORATORIES,0000001800,2023-09-01,0001104659-23-097759,8-K/A,5.07,tm2325374d1_8ka.htm,https://www.sec.gov/Archives/edgar/data/1800/000110465923097759/tm2325374d1_8ka.htm,filings/ABT_0000001800_2023-09-01_0001104659-23-097759.txt,3034
ABT,ABBOTT LABORATORIES,0000001800,2023-10-18,0001628280-23-034544,8-K,2.02; 9.01,abt-20231018.htm,https://www.sec.gov/Archives/edgar/data/1800/000162828023034544/abt-20231018.htm,filings/ABT_0000001800_2023-10-18_0001628280-23-034544.txt,4478
ABT,ABBOTT LABORATORIES,0000001800,2024-01-24,0001628280-24-002009,8-K,2.02; 9.01,abt-20240124.htm,https://www.sec.gov/Archives/edgar/data/1800/000162828024002009/abt-20240124.htm,filings/ABT_0000001800_2024-01-24_0001628280-24-002009.txt,4563
ABT,ABBOTT LABORATORIES,0000001800,2024-01-29,0001104659-24-007725,8-K,1.01; 1.02; 2.03,tm244188d1_8k.htm,https://www.sec.gov/Archives/edgar/data/1800/000110465924007725/tm244188d1_8k.htm,filings/ABT_0000001800_2024-01-29_0001104659-24-007725.txt,5959
ABT,ABBOTT LABORATORIES,0000001800,2024-04-17,0001628280-24-016497,8-K,2.02; 9.01,abt-20240417.htm,https://www.sec.gov/Archives/edgar/data/1800/000162828024016497/abt-20240417.htm,filings/ABT_0000001800_2024-04-17_0001628280-24-016497.txt,4478
ABT,ABBOTT LABORATORIES,0000001800,2024-04-29,0001104659-24-054016,8-K,5.07,tm2412877d1_8k.htm,https://www.sec.gov/Archives/edgar/data/1800/000110465924054016/tm2412877d1_8k.htm,filings/ABT_0000001800_2024-04-29_0001104659-24-054016.txt,4579
ABT,ABBOTT LABORATORIES,0000001800,2024-05-01,0001104659-24-055724,8-K,5.02,tm2413230d1_8k.htm,https://www.sec.gov/Archives/edgar/data/1800/000110465924055724/tm2413230d1_8k.htm,filings/ABT_0000001800_2024-05-01_0001104659-24-055724.txt,2701
ABT,ABBOTT LABORATORIES,0000001800,2024-07-18,0001628280-24-032182,8-K,2.02; 9.01,abt-20240718.htm,https://www.sec.gov/Archives/edgar/data/1800/000162828024032182/abt-20240718.htm,filings/ABT_0000001800_2024-07-18_0001628280-24-032182.txt,4492
ABT,ABBOTT LABORATORIES,0000001800,2024-10-16,0001628280-24-042893,8-K,2.02; 9.01,abt-20241016.htm,https://www.sec.gov/Archives/edgar/data/1800/000162828024042893/abt-20241016.htm,filings/ABT_0000001800_2024-10-16_0001628280-24-042893.txt,4503
ABT,ABBOTT LABORATORIES,0000001800,2024-11-15,0001104659-24-119717,8-K,5.02,tm2428216d1_8k.htm,https://www.sec.gov/Archives/edgar/data/1800/000110465924119717/tm2428216d1_8k.htm,filings/ABT_0000001800_2024-11-15_0001104659-24-119717.txt,2990
ACN,Accenture plc,0001467373,2021-02-03,0001467373-21-000050,8-K,5.07,acn-20210203.htm,https://www.sec.gov/Archives/edgar/data/1467373/000146737321000050/acn-20210203.htm,filings/ACN_0001467373_2021-02-03_0001467373-21-000050.txt,4653
ACN,Accenture plc,0001467373,2021-03-18,0001467373-21-000104,8-K,2.02; 9.01,acn-20210318.htm,https://www.sec.gov/Archives/edgar/data/1467373/000146737321000104/acn-20210318.htm,filings/ACN_0001467373_2021-03-18_0001467373-21-000104.txt,4658
ACN,Accenture plc,0001467373,2021-06-02,0001467373-21-000150,8-K,5.02; 9.01,acn-20210602.htm,https://www.sec.gov/Archives/edgar/data/1467373/000146737321000150/acn-20210602.htm,filings/ACN_0001467373_2021-06-02_0001467373-21-000150.txt,3157
ACN,Accenture plc,0001467373,2021-06-24,0001467373-21-000159,8-K,2.02; 5.02; 9.01,acn-20210619.htm,https://www.sec.gov/Archives/edgar/data/1467373/000146737321000159/acn-20210619.htm,filings/ACN_0001467373_2021-06-24_0001467373-21-000159.txt,5157
ACN,Accenture plc,0001467373,2021-09-23,0001467373-21-000218,8-K,2.02; 9.01,acn-20210923.htm,https://www.sec.gov/Archives/edgar/data/1467373/000146737321000218/acn-20210923.htm,filings/ACN_0001467373_2021-09-23_0001467373-21-000218.txt,4660
ACN,Accenture plc,0001467373,2021-12-16,0001467373-21-000295,8-K,2.02; 9.01,acn-20211216.htm,https://www.sec.gov/Archives/edgar/data/1467373/000146737321000295/acn-20211216.htm,filings/ACN_0001467373_2021-12-16_0001467373-21-000295.txt,4664
ACN,Accenture plc,0001467373,2022-01-26,0001467373-22-000041,8-K,5.02; 5.07; 9.01,acn-20220126.htm,https://www.sec.gov/Archives/edgar/data/1467373/000146737322000041/acn-20220126.htm,filings/ACN_0001467373_2022-01-26_0001467373-22-000041.txt,6415
ACN,Accenture plc,0001467373,2022-01-31,0001467373-22-000061,8-K,5.02; 9.01,acn-20220125.htm,https://www.sec.gov/Archives/edgar/data/1467373/000146737322000061/acn-20220125.htm,filings/ACN_0001467373_2022-01-31_0001467373-22-000061.txt,4988
ACN,Accenture plc,0001467373,2022-03-01,0001467373-22-000127,8-K,8.01,acn-20220301.htm,https://www.sec.gov/Archives/edgar/data/1467373/000146737322000127/acn-20220301.htm,filings/ACN_0001467373_2022-03-01_0001467373-22-000127.txt,2738
ACN,Accenture plc,0001467373,2022-03-03,0001467373-22-000131,8-K,8.01; 9.01,acn-20220303.htm,https://www.sec.gov/Archives/edgar/data/1467373/000146737322000131/acn-20220303.htm,filings/ACN_0001467373_2022-03-03_0001467373-22-000131.txt,2813
ACN,Accenture plc,0001467373,2022-03-17,0001467373-22-000143,8-K,2.02; 9.01,acn-20220317.htm,https://www.sec.gov/Archives/edgar/data/1467373/000146737322000143/acn-20220317.htm,filings/ACN_0001467373_2022-03-17_0001467373-22-000143.txt,4653
ACN,Accenture plc,0001467373,2022-06-23,0001467373-22-000199,8-K,2.02; 9.01,acn-20220623.htm,https://www.sec.gov/Archives/edgar/data/1467373/000146737322000199/acn-20220623.htm,filings/ACN_0001467373_2022-06-23_0001467373-22-000199.txt,4643
ACN,Accenture plc,0001467373,2022-07-14,0001467373-22-000218,8-K,5.02; 9.01,acn-20220713.htm,https://www.sec.gov/Archives/edgar/data/1467373/000146737322000218/acn-20220713.htm,filings/ACN_0001467373_2022-07-14_0001467373-22-000218.txt,4414
ACN,Accenture plc,0001467373,2022-09-22,0001467373-22-000283,8-K,2.02; 9.01,acn-20220922.htm,https://www.sec.gov/Archives/edgar/data/1467373/000146737322000283/acn-20220922.htm,filings/ACN_0001467373_2022-09-22_0001467373-22-000283.txt,4656
ACN,Accenture plc,0001467373,2022-12-16,0001467373-22-000373,8-K/A,2.02; 9.01,acn-20221216.htm,https://www.sec.gov/Archives/edgar/data/1467373/000146737322000373/acn-20221216.htm,filings/ACN_0001467373_2022-12-16_0001467373-22-000373.txt,5086
ACN,Accenture plc,0001467373,2022-12-16,0001467373-22-000369,8-K,2.02; 9.01,acn-20221216.htm,https://www.sec.gov/Archives/edgar/data/1467373/000146737322000369/acn-20221216.htm,filings/ACN_0001467373_2022-12-16_0001467373-22-000369.txt,4317
ACN,Accenture plc,0001467373,2023-02-01,0001467373-23-000071,8-K,5.07,acn-20230201.htm,https://www.sec.gov/Archives/edgar/data/1467373/000146737323000071/acn-20230201.htm,filings/ACN_0001467373_2023-02-01_0001467373-23-000071.txt,5400
ACN,Accenture plc,0001467373,2023-03-23,0001467373-23-000123,8-K,2.02; 9.01,acn-20230323.htm,https://www.sec.gov/Archives/edgar/data/1467373/000146737323000123/acn-20230323.htm,filings/ACN_0001467373_2023-03-23_0001467373-23-000123.txt,4772
ACN,Accenture plc,0001467373,2023-04-14,0001467373-23-000139,8-K,5.02; 9.01,acn-20230413.htm,https://www.sec.gov/Archives/edgar/data/1467373/000146737323000139/acn-20230413.htm,filings/ACN_0001467373_2023-04-14_0001467373-23-000139.txt,4610
ACN,Accenture plc,0001467373,2023-06-22,0001467373-23-000220,8-K,2.02; 9.01,acn-20230622.htm,https://www.sec.gov/Archives/edgar/data/1467373/000146737323000220/acn-20230622.htm,filings/ACN_0001467373_2023-06-22_0001467373-23-000220.txt,4660
ACN,Accenture plc,0001467373,2023-07-27,0001467373-23-000244,8-K,5.02; 8.01; 9.01,acn-20230726.htm,https://www.sec.gov/Archives/edgar/data/1467373/000146737323000244/acn-20230726.htm,filings/ACN_0001467373_2023-07-27_0001467373-23-000244.txt,7084
ACN,Accenture plc,0001467373,2023-09-28,0001467373-23-000303,8-K,2.02; 9.01,acn-20230928.htm,https://www.sec.gov/Archives/edgar/data/1467373/000146737323000303/acn-20230928.htm,filings/ACN_0001467373_2023-09-28_0001467373-23-000303.txt,4675
ACN,Accenture plc,0001467373,2023-12-06,0001467373-23-000382,8-K,8.01; 9.01,acn-20231206.htm,https://www.sec.gov/Archives/edgar/data/1467373/000146737323000382/acn-20231206.htm,filings/ACN_0001467373_2023-12-06_0001467373-23-000382.txt,3094
ACN,Accenture plc,0001467373,2023-12-19,0001467373-23-000401,8-K,2.02; 9.01,acn-20231219.htm,https://www.sec.gov/Archives/edgar/data/1467373/000146737323000401/acn-20231219.htm,filings/ACN_0001467373_2023-12-19_0001467373-23-000401.txt,4681
ACN,Accenture plc,0001467373,2024-01-31,0001467373-24-000032,8-K,5.02; 5.07; 9.01,acn-20240131.htm,https://www.sec.gov/Archives/edgar/data/1467373/000146737324000032/acn-20240131.htm,filings/ACN_0001467373_2024-01-31_0001467373-24-000032.txt,7706
ACN,Accenture plc,0001467373,2024-03-21,0001467373-24-000106,8-K,2.02; 9.01,acn-20240321.htm,https://www.sec.gov/Archives/edgar/data/1467373/000146737324000106/acn-20240321.htm,filings/ACN_0001467373_2024-03-21_0001467373-24-000106.txt,4671
ACN,Accenture plc,0001467373,2024-05-17,0001467373-24-000157,8-K,1.01; 2.03; 9.01,acn-20240514.htm,https://www.sec.gov/Archives/edgar/data/1467373/000146737324000157/acn-20240514.htm,filings/ACN_0001467373_2024-05-17_0001467373-24-000157.txt,5461
ACN,Accenture plc,0001467373,2024-06-11,0001467373-24-000189,8-K,5.02; 8.01; 9.01,acn-20240608.htm,https://www.sec.gov/Archives/edgar/data/1467373/000146737324000189/acn-20240608.htm,filings/ACN_0001467373_2024-06-11_0001467373-24-000189.txt,6773
ACN,Accenture plc,0001467373,2024-06-20,0001467373-24-000195,8-K,2.02; 9.01,acn-20240620.htm,https://www.sec.gov/Archives/edgar/data/1467373/000146737324000195/acn-20240620.htm,filings/ACN_0001467373_2024-06-20_0001467373-24-000195.txt,4662
ACN,Accenture plc,0001467373,2024-07-19,0001467373-24-000214,8-K/A,5.02,acn-20240608.htm,https://www.sec.gov/Archives/edgar/data/1467373/000146737324000214/acn-20240608.htm,filings/ACN_0001467373_2024-07-19_0001467373-24-000214.txt,3812
ACN,Accenture plc,0001467373,2024-09-26,0001467373-24-000266,8-K,2.02; 9.01,acn-20240926.htm,https://www.sec.gov/Archives/edgar/data/1467373/000146737324000266/acn-20240926.htm,filings/ACN_0001467373_2024-09-26_0001467373-24-000266.txt,4675
ACN,Accenture plc,0001467373,2024-09-30,0001467373-24-000268,8-K,8.01; 9.01,acn-20240930.htm,https://www.sec.gov/Archives/edgar/data/1467373/000146737324000268/acn-20240930.htm,filings/ACN_0001467373_2024-09-30_0001467373-24-000268.txt,3739
ACN,Accenture plc,0001467373,2024-10-04,0001193125-24-232937,8-K,8.01; 9.01,d831066d8k.htm,https://www.sec.gov/Archives/edgar/data/1467373/000119312524232937/d831066d8k.htm,filings/ACN_0001467373_2024-10-04_0001193125-24-232937.txt,5696
ACN,Accenture plc,0001467373,2024-12-02,0001467373-24-000334,8-K,8.01; 9.01,acn-20241202.htm,https://www.sec.gov/Archives/edgar/data/1467373/000146737324000334/acn-20241202.htm,filings/ACN_0001467373_2024-12-02_0001467373-24-000334.txt,3127
ACN,Accenture plc,0001467373,2024-12-19,0001467373-24-000351,8-K,2.02; 9.01,acn-20241219.htm,https://www.sec.gov/Archives/edgar/data/1467373/000146737324000351/acn-20241219.htm,filings/ACN_0001467373_2024-12-19_0001467373-24-000351.txt,4645
ADBE,ADOBE INC.,0000796343,2021-01-27,0000796343-21-000028,8-K,5.02,adbe-20210125.htm,https://www.sec.gov/Archives/edgar/data/796343/000079634321000028/adbe-20210125.htm,filings/ADBE_0000796343_2021-01-27_0000796343-21-000028.txt,13969
ADBE,ADOBE INC.,0000796343,2021-03-23,0000796343-21-000063,8-K,2.02; 5.02; 9.01,adbe-20210318.htm,https://www.sec.gov/Archives/edgar/data/796343/000079634321000063/adbe-20210318.htm,filings/ADBE_0000796343_2021-03-23_0000796343-21-000063.txt,11748
ADBE,ADOBE INC.,0000796343,2021-04-22,0000796343-21-000106,8-K,5.02; 5.07; 9.01,adbe-20210420.htm,https://www.sec.gov/Archives/edgar/data/796343/000079634321000106/adbe-20210420.htm,filings/ADBE_0000796343_2021-04-22_0000796343-21-000106.txt,5593
ADBE,ADOBE INC.,0000796343,2021-05-28,0000796343-21-000128,8-K,8.01; 9.01,adbe-20210528.htm,https://www.sec.gov/Archives/edgar/data/796343/000079634321000128/adbe-20210528.htm,filings/ADBE_0000796343_2021-05-28_0000796343-21-000128.txt,3944
ADBE,ADOBE INC.,0000796343,2021-06-02,0000796343-21-000134,8-K,5.02; 9.01,adbe-20210531.htm,https://www.sec.gov/Archives/edgar/data/796343/000079634321000134/adbe-20210531.htm,filings/ADBE_0000796343_2021-06-02_0000796343-21-000134.txt,6066
ADBE,ADOBE INC.,0000796343,2021-06-17,0000796343-21-000146,8-K,2.02; 9.01,adbe-20210617.htm,https://www.sec.gov/Archives/edgar/data/796343/000079634321000146/adbe-20210617.htm,filings/ADBE_0000796343_2021-06-17_0000796343-21-000146.txt,10998
ADBE,ADOBE INC.,0000796343,2021-09-21,0000796343-21-000198,8-K,2.02; 9.01,adbe-20210921.htm,https://www.sec.gov/Archives/edgar/data/796343/000079634321000198/adbe-20210921.htm,filings/ADBE_0000796343_2021-09-21_0000796343-21-000198.txt,10939
ADBE,ADOBE INC.,0000796343,2021-10-01,0000796343-21-000213,8-K,5.02; 9.01,adbe-20210929.htm,https://www.sec.gov/Archives/edgar/data/796343/000079634321000213/adbe-20210929.htm,filings/ADBE_0000796343_2021-10-01_0000796343-21-000213.txt,6376
ADBE,ADOBE INC.,0000796343,2021-10-22,0000796343-21-000221,8-K,5.02,adbe-20211019.htm,https://www.sec.gov/Archives/edgar/data/796343/000079634321000221/adbe-20211019.htm,filings/ADBE_0000796343_2021-10-22_0000796343-21-000221.txt,3190
ADBE,ADOBE INC.,0000796343,2021-11-23,0000796343-21-000237,8-K,5.02,adbe-20211121.htm,https://www.sec.gov/Archives/edgar/data/796343/000079634321000237/adbe-20211121.htm,filings/ADBE_0000796343_2021-11-23_0000796343-21-000237.txt,2856
ADBE,ADOBE INC.,0000796343,2021-12-16,0000796343-21-000249,8-K,5.02; 9.01,adbe-20211213.htm,https://www.sec.gov/Archives/edgar/data/796343/000079634321000249/adbe-20211213.htm,filings/ADBE_0000796343_2021-12-16_0000796343-21-000249.txt,3816
ADBE,ADOBE INC.,0000796343,2021-12-16,0000796343-21-000247,8-K,2.02; 9.01,adbe-20211216.htm,https://www.sec.gov/Archives/edgar/data/796343/000079634321000247/adbe-20211216.htm,filings/ADBE_0000796343_2021-12-16_0000796343-21-000247.txt,11158
ADBE,ADOBE INC.,0000796343,2022-01-10,0000796343-22-000011,8-K,5.02,adbe-20220107.htm,https://www.sec.gov/Archives/edgar/data/796343/000079634322000011/adbe-20220107.htm,filings/ADBE_0000796343_2022-01-10_0000796343-22-000011.txt,4894
ADBE,ADOBE INC.,0000796343,2022-01-18,0000796343-22-000027,8-K,5.02; 5.03; 9.01,adbe-20220113.htm,https://www.sec.gov/Archives/edgar/data/796343/000079634322000027/adbe-20220113.htm,filings/ADBE_0000796343_2022-01-18_0000796343-22-000027.txt,4076
ADBE,ADOBE INC.,0000796343,2022-01-27,0000796343-22-000056,8-K,5.02; 9.01,adbe-20220124.htm,https://www.sec.gov/Archives/edgar/data/796343/000079634322000056/adbe-20220124.htm,filings/ADBE_0000796343_2022-01-27_0000796343-22-000056.txt,13797
ADBE,ADOBE INC.,0000796343,2022-03-17,0000796343-22-000085,8-K,8.01; 9.01,adbe-20220317.htm,https://www.sec.gov/Archives/edgar/data/796343/000079634322000085/adbe-20220317.htm,filings/ADBE_0000796343_2022-03-17_0000796343-22-000085.txt,3966
ADBE,ADOBE INC.,0000796343,2022-03-22,0000796343-22-000087,8-K,2.02; 9.01,adbe-20220322.htm,https://www.sec.gov/Archives/edgar/data/796343/000079634322000087/adbe-20220322.htm,filings/ADBE_0000796343_2022-03-22_0000796343-22-000087.txt,11205
ADBE,ADOBE INC.,0000796343,2022-04-19,0000796343-22-000123,8-K,5.07,adbe-20220414.htm,https://www.sec.gov/Archives/edgar/data/796343/000079634322000123/adbe-20220414.htm,filings/ADBE_0000796343_2022-04-19_0000796343-22-000123.txt,4105
ADBE,ADOBE INC.,0000796343,2022-06-16,0000796343-22-000150,8-K,2.02; 9.01,adbe-20220616.htm,https://www.sec.gov/Archives/edgar/data/796343/000079634322000150/adbe-20220616.htm,filings/ADBE_0000796343_2022-06-16_0000796343-22-000150.txt,11202
ADBE,ADOBE INC.,0000796343,2022-07-01,0001193125-22-186450,8-K,1.01; 1.02; 2.03; 9.01,d368091d8k.htm,https://www.sec.gov/Archives/edgar/data/796343/000119312522186450/d368091d8k.htm,filings/ADBE_0000796343_2022-07-01_0001193125-22-186450.txt,8524
ADBE,ADOBE INC.,0000796343,2022-09-15,0001140361-22-033412,8-K,1.01; 8.01; 9.01,ny20005310x2_8k.htm,https://www.sec.gov/Archives/edgar/data/796343/000114036122033412/ny20005310x2_8k.htm,filings/ADBE_0000796343_2022-09-15_0001140361-22-033412.txt,21819
ADBE,ADOBE INC.,0000796343,2022-09-15,0000796343-22-000183,8-K,2.02; 9.01,adbe-20220915.htm,https://www.sec.gov/Archives/edgar/data/796343/000079634322000183/adbe-20220915.htm,filings/ADBE_0000796343_2022-09-15_0000796343-22-000183.txt,11229
ADBE,ADOBE INC.,0000796343,2022-12-15,0000796343-22-000225,8-K,2.02; 9.01,adbe-20221215.htm,https://www.sec.gov/Archives/edgar/data/796343/000079634322000225/adbe-20221215.htm,filings/ADBE_0000796343_2022-12-15_0000796343-22-000225.txt,12203
ADBE,ADOBE INC.,0000796343,2023-01-19,0001193125-23-010953,8-K,1.01; 2.03; 9.01,d400939d8k.htm,https://www.sec.gov/Archives/edgar/data/796343/000119312523010953/d400939d8k.htm,filings/ADBE_0000796343_2023-01-19_0001193125-23-010953.txt,7720
ADBE,ADOBE INC.,0000796343,2023-01-26,0000796343-23-000011,8-K,5.02; 9.01,adbe-20230124.htm,https://www.sec.gov/Archives/edgar/data/796343/000079634323000011/adbe-20230124.htm,filings/ADBE_0000796343_2023-01-26_0000796343-23-000011.txt,14430
ADBE,ADOBE INC.,0000796343,2023-03-15,0000796343-23-000044,8-K,2.02; 9.01,adbe-20230315.htm,https://www.sec.gov/Archives/edgar/data/796343/000079634323000044/adbe-20230315.htm,filings/ADBE_0000796343_2023-03-15_0000796343-23-000044.txt,12432
ADBE,ADOBE INC.,0000796343,2023-04-24,0000796343-23-000084,8-K,5.07; 9.01,adbe-20230420.htm,https://www.sec.gov/Archives/edgar/data/796343/000079634323000084/adbe-20230420.htm,filings/ADBE_0000796343_2023-04-24_0000796343-23-000084.txt,5555
ADBE,ADOBE INC.,0000796343,2023-06-15,0000796343-23-000133,8-K,2.02; 9.01,adbe-20230615.htm,https://www.sec.gov/Archives/edgar/data/796343/000079634323000133/adbe-20230615.htm,filings/ADBE_0000796343_2023-06-15_0000796343-23-000133.txt,12427
ADBE,ADOBE INC.,0000796343,2023-09-14,0000796343-23-000198,8-K,1.01; 2.02; 2.03; 9.01,adbe-20230908.htm,https://www.sec.gov/Archives/edgar/data/796343/000079634323000198/adbe-20230908.htm,filings/ADBE_0000796343_2023-09-14_0000796343-23-000198.txt,15740
ADBE,ADOBE INC.,0000796343,2023-10-26,0000796343-23-000226,8-K,5.02; 9.01,adbe-20231025.htm,https://www.sec.gov/Archives/edgar/data/796343/000079634323000226/adbe-20231025.htm,filings/ADBE_0000796343_2023-10-26_0000796343-23-000226.txt,4701
ADBE,ADOBE INC.,0000796343,2023-12-13,0000796343-23-000252,8-K,2.02; 5.02; 8.01; 9.01,adbe-20231211.htm,https://www.sec.gov/Archives/edgar/data/796343/000079634323000252/adbe-20231211.htm,filings/ADBE_0000796343_2023-12-13_0000796343-23-000252.txt,14659
ADBE,ADOBE INC.,0000796343,2023-12-18,0000796343-23-000254,8-K,1.01; 1.02; 8.01; 9.01,adbe-20231217.htm,https://www.sec.gov/Archives/edgar/data/796343/000079634323000254/adbe-20231217.htm,filings/ADBE_0000796343_2023-12-18_0000796343-23-000254.txt,5576
ADBE,ADOBE INC.,0000796343,2024-01-26,0000796343-24-000024,8-K,5.02; 9.01,adbe-20240124.htm,https://www.sec.gov/Archives/edgar/data/796343/000079634324000024/adbe-20240124.htm,filings/ADBE_0000796343_2024-01-26_0000796343-24-000024.txt,14093
ADBE,ADOBE INC.,0000796343,2024-03-14,0000796343-24-000057,8-K,2.02; 8.01; 9.01,adbe-20240314.htm,https://www.sec.gov/Archives/edgar/data/796343/000079634324000057/adbe-20240314.htm,filings/ADBE_0000796343_2024-03-14_0000796343-24-000057.txt,14240
ADBE,ADOBE INC.,0000796343,2024-04-04,0001193125-24-087244,8-K,1.01; 9.01,d771427d8k.htm,https://www.sec.gov/Archives/edgar/data/796343/000119312524087244/d771427d8k.htm,filings/ADBE_0000796343_2024-04-04_0001193125-24-087244.txt,8651
ADBE,ADOBE INC.,0000796343,2024-04-19,0000796343-24-000086,8-K,5.02; 5.07; 9.01,adbe-20240417.htm,https://www.sec.gov/Archives/edgar/data/796343/000079634324000086/adbe-20240417.htm,filings/ADBE_0000796343_2024-04-19_0000796343-24-000086.txt,6092
ADBE,ADOBE INC.,0000796343,2024-06-13,0000796343-24-000140,8-K,2.02; 9.01,adbe-20240613.htm,https://www.sec.gov/Archives/edgar/data/796343/000079634324000140/adbe-20240613.htm,filings/ADBE_0000796343_2024-06-13_0000796343-24-000140.txt,12915
ADBE,ADOBE INC.,0000796343,2024-07-18,0000796343-24-000173,8-K,5.02,adbe-20240712.htm,https://www.sec.gov/Archives/edgar/data/796343/000079634324000173/adbe-20240712.htm,filings/ADBE_0000796343_2024-07-18_0000796343-24-000173.txt,3123
ADBE,ADOBE INC.,0000796343,2024-08-08,0000796343-24-000192,8-K,5.02,adbe-20240805.htm,https://www.sec.gov/Archives/edgar/data/796343/000079634324000192/adbe-20240805.htm,filings/ADBE_0000796343_2024-08-08_0000796343-24-000192.txt,5380
ADBE,ADOBE INC.,0000796343,2024-09-12,0000796343-24-000200,8-K,2.02; 9.01,adbe-20240912.htm,https://www.sec.gov/Archives/edgar/data/796343/000079634324000200/adbe-20240912.htm,filings/ADBE_0000796343_2024-09-12_0000796343-24-000200.txt,13304
ADBE,ADOBE INC.,0000796343,2024-12-11,0000796343-24-000250,8-K,2.02; 9.01,adbe-20241211.htm,https://www.sec.gov/Archives/edgar/data/796343/000079634324000250/adbe-20241211.htm,filings/ADBE_0000796343_2024-12-11_0000796343-24-000250.txt,13333
AMD,ADVANCED MICRO DEVICES INC,0000002488,2021-01-06,0000002488-21-000002,8-K,5.02,amd-20201231.htm,https://www.sec.gov/Archives/edgar/data/2488/000000248821000002/amd-20201231.htm,filings/AMD_0000002488_2021-01-06_0000002488-21-000002.txt,4921
AMD,ADVANCED MICRO DEVICES INC,0000002488,2021-01-12,0000002488-21-000005,8-K,8.01,amd-20210111.htm,https://www.sec.gov/Archives/edgar/data/2488/000000248821000005/amd-20210111.htm,filings/AMD_0000002488_2021-01-12_0000002488-21-000005.txt,11569
AMD,ADVANCED MICRO DEVICES INC,0000002488,2021-01-26,0000002488-21-000009,8-K,2.02; 7.01; 9.01,amd-20210126.htm,https://www.sec.gov/Archives/edgar/data/2488/000000248821000009/amd-20210126.htm,filings/AMD_0000002488_2021-01-26_0000002488-21-000009.txt,5289
AMD,ADVANCED MICRO DEVICES INC,0000002488,2021-02-22,0000002488-21-000033,8-K,5.02,amd-20210216.htm,https://www.sec.gov/Archives/edgar/data/2488/000000248821000033/amd-20210216.htm,filings/AMD_0000002488_2021-02-22_0000002488-21-000033.txt,4369
AMD,ADVANCED MICRO DEVICES INC,0000002488,2021-03-08,0001193125-21-073262,8-K,8.01; 9.01,d89766d8k.htm,https://www.sec.gov/Archives/edgar/data/2488/000119312521073262/d89766d8k.htm,filings/AMD_0000002488_2021-03-08_0001193125-21-073262.txt,10674
AMD,ADVANCED MICRO DEVICES INC,0000002488,2021-04-08,0000002488-21-000046,8-K,5.07; 8.01; 9.01,amd-20210407.htm,https://www.sec.gov/Archives/edgar/data/2488/000000248821000046/amd-20210407.htm,filings/AMD_0000002488_2021-04-08_0000002488-21-000046.txt,4729
AMD,ADVANCED MICRO DEVICES INC,0000002488,2021-04-27,0000002488-21-000054,8-K,2.02; 7.01; 9.01,amd-20210427.htm,https://www.sec.gov/Archives/edgar/data/2488/000000248821000054/amd-20210427.htm,filings/AMD_0000002488_2021-04-27_0000002488-21-000054.txt,5224
AMD,ADVANCED MICRO DEVICES INC,0000002488,2021-05-13,0000002488-21-000068,8-K,1.01,amd-20210513.htm,https://www.sec.gov/Archives/edgar/data/2488/000000248821000068/amd-20210513.htm,filings/AMD_0000002488_2021-05-13_0000002488-21-000068.txt,4278
AMD,ADVANCED MICRO DEVICES INC,0000002488,2021-05-21,0001193125-21-169293,8-K,5.07,d120619d8k.htm,https://www.sec.gov/Archives/edgar/data/2488/000119312521169293/d120619d8k.htm,filings/AMD_0000002488_2021-05-21_0001193125-21-169293.txt,4221
AMD,ADVANCED MICRO DEVICES INC,0000002488,2021-06-24,0000002488-21-000103,8-K,5.02,amd-20210621.htm,https://www.sec.gov/Archives/edgar/data/2488/000000248821000103/amd-20210621.htm,filings/AMD_0000002488_2021-06-24_0000002488-21-000103.txt,8696
AMD,ADVANCED MICRO DEVICES INC,0000002488,2021-06-30,0000002488-21-000107,8-K,8.01,amd-20210629.htm,https://www.sec.gov/Archives/edgar/data/2488/000000248821000107/amd-20210629.htm,filings/AMD_0000002488_2021-06-30_0000002488-21-000107.txt,7158
AMD,ADVANCED MICRO DEVICES INC,0000002488,2021-07-27,0000002488-21-000114,8-K,2.02; 7.01; 9.01,amd-20210727.htm,https://www.sec.gov/Archives/edgar/data/2488/000000248821000114/amd-20210727.htm,filings/AMD_0000002488_2021-07-27_0000002488-21-000114.txt,5222
AMD,ADVANCED MICRO DEVICES INC,0000002488,2021-10-26,0000002488-21-000176,8-K,2.02; 7.01; 9.01,amd-20211026.htm,https://www.sec.gov/Archives/edgar/data/2488/000000248821000176/amd-20211026.htm,filings/AMD_0000002488_2021-10-26_0000002488-21-000176.txt,5239
AMD,ADVANCED MICRO DEVICES INC,0000002488,2021-12-23,0000002488-21-000205,8-K,1.01,amd-20211223.htm,https://www.sec.gov/Archives/edgar/data/2488/000000248821000205/amd-20211223.htm,filings/AMD_0000002488_2021-12-23_0000002488-21-000205.txt,3991
AMD,ADVANCED MICRO DEVICES INC,0000002488,2022-01-27,0000002488-22-000009,8-K,8.01,amd-20220127.htm,https://www.sec.gov/Archives/edgar/data/2488/000000248822000009/amd-20220127.htm,filings/AMD_0000002488_2022-01-27_0000002488-22-000009.txt,7490
AMD,ADVANCED MICRO DEVICES INC,0000002488,2022-02-01,0000002488-22-000014,8-K,2.02; 7.01; 9.01,amd-20220201.htm,https://www.sec.gov/Archives/edgar/data/2488/000000248822000014/amd-20220201.htm,filings/AMD_0000002488_2022-02-01_0000002488-22-000014.txt,5781
AMD,ADVANCED MICRO DEVICES INC,0000002488,2022-02-10,0000002488-22-000026,8-K,8.01; 9.01,amd-20220209.htm,https://www.sec.gov/Archives/edgar/data/2488/000000248822000026/amd-20220209.htm,filings/AMD_0000002488_2022-02-10_0000002488-22-000026.txt,7556
AMD,ADVANCED MICRO DEVICES INC,0000002488,2022-02-14,0000002488-22-000031,8-K,1.01; 2.01; 2.03; 5.02; 7.01; 9.01,amd-20220214.htm,https://www.sec.gov/Archives/edgar/data/2488/000000248822000031/amd-20220214.htm,filings/AMD_0000002488_2022-02-14_0000002488-22-000031.txt,10926
AMD,ADVANCED MICRO DEVICES INC,0000002488,2022-02-28,0000002488-22-000054,8-K,5.02,amd-20220222.htm,https://www.sec.gov/Archives/edgar/data/2488/000000248822000054/amd-20220222.htm,filings/AMD_0000002488_2022-02-28_0000002488-22-000054.txt,3963
AMD,ADVANCED MICRO DEVICES INC,0000002488,2022-04-27,0001193125-22-123652,8-K/A,2.01; 9.01,d354388d8ka.htm,https://www.sec.gov/Archives/edgar/data/2488/000119312522123652/d354388d8ka.htm,filings/AMD_0000002488_2022-04-27_0001193125-22-123652.txt,6544
AMD,ADVANCED MICRO DEVICES INC,0000002488,2022-05-03,0000002488-22-000074,8-K,1.01; 1.02; 2.02; 2.03; 7.01; 9.01,amd-20220429.htm,https://www.sec.gov/Archives/edgar/data/2488/000000248822000074/amd-20220429.htm,filings/AMD_0000002488_2022-05-03_0000002488-22-000074.txt,10929
AMD,ADVANCED MICRO DEVICES INC,0000002488,2022-05-20,0001193125-22-156161,8-K,5.07,d354894d8k.htm,https://www.sec.gov/Archives/edgar/data/2488/000119312522156161/d354894d8k.htm,filings/AMD_0000002488_2022-05-20_0001193125-22-156161.txt,4360
AMD,ADVANCED MICRO DEVICES INC,0000002488,2022-06-06,0001193125-22-167938,8-K/A,2.01; 9.01,d319334d8ka.htm,https://www.sec.gov/Archives/edgar/data/2488/000119312522167938/d319334d8ka.htm,filings/AMD_0000002488_2022-06-06_0001193125-22-167938.txt,5612
AMD,ADVANCED MICRO DEVICES INC,0000002488,2022-06-08,0001193125-22-170212,8-K,1.01; 8.01; 9.01,d257623d8k.htm,https://www.sec.gov/Archives/edgar/data/2488/000119312522170212/d257623d8k.htm,filings/AMD_0000002488_2022-06-08_0001193125-22-170212.txt,8003
AMD,ADVANCED MICRO DEVICES INC,0000002488,2022-06-09,0001193125-22-171108,8-K,1.01; 2.03; 9.01,d367525d8k.htm,https://www.sec.gov/Archives/edgar/data/2488/000119312522171108/d367525d8k.htm,filings/AMD_0000002488_2022-06-09_0001193125-22-171108.txt,9086
AMD,ADVANCED MICRO DEVICES INC,0000002488,2022-06-28,0000002488-22-000112,8-K,5.02,amd-20220623.htm,https://www.sec.gov/Archives/edgar/data/2488/000000248822000112/amd-20220623.htm,filings/AMD_0000002488_2022-06-28_0000002488-22-000112.txt,8364
AMD,ADVANCED MICRO DEVICES INC,0000002488,2022-08-02,0000002488-22-000120,8-K,2.02; 7.01; 9.01,amd-20220802.htm,https://www.sec.gov/Archives/edgar/data/2488/000000248822000120/amd-20220802.htm,filings/AMD_0000002488_2022-08-02_0000002488-22-000120.txt,5556
AMD,ADVANCED MICRO DEVICES INC,0000002488,2022-10-06,0000002488-22-000163,8-K,2.02; 7.01; 9.01,amd-20221006.htm,https://www.sec.gov/Archives/edgar/data/2488/000000248822000163/amd-20221006.htm,filings/AMD_0000002488_2022-10-06_0000002488-22-000163.txt,3437
AMD,ADVANCED MICRO DEVICES INC,0000002488,2022-11-01,0000002488-22-000168,8-K,2.02; 7.01; 9.01,amd-20221101.htm,https://www.sec.gov/Archives/edgar/data/2488/000000248822000168/amd-20221101.htm,filings/AMD_0000002488_2022-11-01_0000002488-22-000168.txt,5567
AMD,ADVANCED MICRO DEVICES INC,0000002488,2022-11-08,0000002488-22-000172,8-K,2.03; 8.01,amd-20221103.htm,https://www.sec.gov/Archives/edgar/data/2488/000000248822000172/amd-20221103.htm,filings/AMD_0000002488_2022-11-08_0000002488-22-000172.txt,4770
AMD,ADVANCED MICRO DEVICES INC,0000002488,2022-11-16,0000002488-22-000176,8-K,5.02; 7.01; 9.01,amd-20221116.htm,https://www.sec.gov/Archives/edgar/data/2488/000000248822000176/amd-20221116.htm,filings/AMD_0000002488_2022-11-16_0000002488-22-000176.txt,3777
AMD,ADVANCED MICRO DEVICES INC,0000002488,2023-01-11,0000002488-23-000003,8-K,5.02; 7.01; 9.01,amd-20230108.htm,https://www.sec.gov/Archives/edgar/data/2488/000000248823000003/amd-20230108.htm,filings/AMD_0000002488_2023-01-11_0000002488-23-000003.txt,7316
AMD,ADVANCED MICRO DEVICES INC,0000002488,2023-01-31,0000002488-23-000007,8-K,2.02; 7.01; 9.01,amd-20230131.htm,https://www.sec.gov/Archives/edgar/data/2488/000000248823000007/amd-20230131.htm,filings/AMD_0000002488_2023-01-31_0000002488-23-000007.txt,5847
AMD,ADVANCED MICRO DEVICES INC,0000002488,2023-02-21,0000002488-23-000042,8-K/A,5.02; 9.01,amd-20230108.htm,https://www.sec.gov/Archives/edgar/data/2488/000000248823000042/amd-20230108.htm,filings/AMD_0000002488_2023-02-21_0000002488-23-000042.txt,5347
AMD,ADVANCED MICRO DEVICES INC,0000002488,2023-02-21,0000002488-23-000040,8-K,5.02,amd-20230214.htm,https://www.sec.gov/Archives/edgar/data/2488/000000248823000040/amd-20230214.htm,filings/AMD_0000002488_2023-02-21_0000002488-23-000040.txt,4113
AMD,ADVANCED MICRO DEVICES INC,0000002488,2023-05-02,0000002488-23-000074,8-K,2.02; 7.01; 9.01,amd-20230502.htm,https://www.sec.gov/Archives/edgar/data/2488/000000248823000074/amd-20230502.htm,filings/AMD_0000002488_2023-05-02_0000002488-23-000074.txt,5506
AMD,ADVANCED MICRO DEVICES INC,0000002488,2023-05-23,0001193125-23-151810,8-K,5.02; 5.07; 9.01,d456357d8k.htm,https://www.sec.gov/Archives/edgar/data/2488/000119312523151810/d456357d8k.htm,filings/AMD_0000002488_2023-05-23_0001193125-23-151810.txt,6858
AMD,ADVANCED MICRO DEVICES INC,0000002488,2023-07-10,0000002488-23-000123,8-K,5.02,amd-20230705.htm,https://www.sec.gov/Archives/edgar/data/2488/000000248823000123/amd-20230705.htm,filings/AMD_0000002488_2023-07-10_0000002488-23-000123.txt,8588
AMD,ADVANCED MICRO DEVICES INC,0000002488,2023-08-01,0000002488-23-000135,8-K,2.02; 7.01; 9.01,amd-20230801.htm,https://www.sec.gov/Archives/edgar/data/2488/000000248823000135/amd-20230801.htm,filings/AMD_0000002488_2023-08-01_0000002488-23-000135.txt,5524
AMD,ADVANCED MICRO DEVICES INC,0000002488,2023-10-31,0000002488-23-000192,8-K,2.02; 7.01; 9.01,amd-20231031.htm,https://www.sec.gov/Archives/edgar/data/2488/000000248823000192/amd-20231031.htm,filings/AMD_0000002488_2023-10-31_0000002488-23-000192.txt,5536
AMD,ADVANCED MICRO DEVICES INC,0000002488,2024-01-30,0000002488-24-000009,8-K,2.02; 7.01; 9.01,amd-20240130.htm,https://www.sec.gov/Archives/edgar/data/2488/000000248824000009/amd-20240130.htm,filings/AMD_0000002488_2024-01-30_0000002488-24-000009.txt,5380
AMD,ADVANCED MICRO DEVICES INC,0000002488,2024-02-20,0001628280-24-005593,8-K,5.02; 5.03; 9.01,amd-20240213.htm,https://www.sec.gov/Archives/edgar/data/2488/000162828024005593/amd-20240213.htm,filings/AMD_0000002488_2024-02-20_0001628280-24-005593.txt,5116
AMD,ADVANCED MICRO DEVICES INC,0000002488,2024-04-30,0000002488-24-000054,8-K,2.02; 7.01; 9.01,amd-20240430.htm,https://www.sec.gov/Archives/edgar/data/2488/000000248824000054/amd-20240430.htm,filings/AMD_0000002488_2024-04-30_0000002488-24-000054.txt,5533
AMD,ADVANCED MICRO DEVICES INC,0000002488,2024-05-13,0000002488-24-000076,8-K,5.07,amd-20240508.htm,https://www.sec.gov/Archives/edgar/data/2488/000000248824000076/amd-20240508.htm,filings/AMD_0000002488_2024-05-13_0000002488-24-000076.txt,4731
AMD,ADVANCED MICRO DEVICES INC,0000002488,2024-07-02,0000002488-24-000109,8-K,5.02,amd-20240627.htm,https://www.sec.gov/Archives/edgar/data/2488/000000248824000109/amd-20240627.htm,filings/AMD_0000002488_2024-07-02_0000002488-24-000109.txt,8294
AMD,ADVANCED MICRO DEVICES INC,0000002488,2024-07-22,0000002488-24-000115,8-K,5.02; 9.01,amd-20240720.htm,https://www.sec.gov/Archives/edgar/data/2488/000000248824000115/amd-20240720.htm,filings/AMD_0000002488_2024-07-22_0000002488-24-000115.txt,3070
AMD,ADVANCED MICRO DEVICES INC,0000002488,2024-07-30,0000002488-24-000121,8-K,2.02; 7.01; 9.01,amd-20240730.htm,https://www.sec.gov/Archives/edgar/data/2488/000000248824000121/amd-20240730.htm,filings/AMD_0000002488_2024-07-30_0000002488-24-000121.txt,5574
AMD,ADVANCED MICRO DEVICES INC,0000002488,2024-08-19,0001193125-24-202457,8-K,1.01; 3.02; 7.01; 9.01,d808469d8k.htm,https://www.sec.gov/Archives/edgar/data/2488/000119312524202457/d808469d8k.htm,filings/AMD_0000002488_2024-08-19_0001193125-24-202457.txt,14535
AMD,ADVANCED MICRO DEVICES INC,0000002488,2024-10-29,0000002488-24-000161,8-K,2.02; 7.01; 9.01,amd-20241029.htm,https://www.sec.gov/Archives/edgar/data/2488/000000248824000161/amd-20241029.htm,filings/AMD_0000002488_2024-10-29_0000002488-24-000161.txt,4267
AMD,ADVANCED MICRO DEVICES INC,0000002488,2024-11-18,0000002488-24-000172,8-K,5.02; 9.01,amd-20241113.htm,https://www.sec.gov/Archives/edgar/data/2488/000000248824000172/amd-20241113.htm,filings/AMD_0000002488_2024-11-18_0000002488-24-000172.txt,5237
AMGN,AMGEN INC,0000318154,2021-02-02,0000318154-21-000005,8-K,2.02; 9.01,amgn-20210202.htm,https://www.sec.gov/Archives/edgar/data/318154/000031815421000005/amgn-20210202.htm,filings/AMGN_0000318154_2021-02-02_0000318154-21-000005.txt,9969
AMGN,AMGEN INC,0000318154,2021-03-04,0001193125-21-068571,8-K,1.01; 7.01; 9.01,d151856d8k.htm,https://www.sec.gov/Archives/edgar/data/318154/000119312521068571/d151856d8k.htm,filings/AMGN_0000318154_2021-03-04_0001193125-21-068571.txt,22550
AMGN,AMGEN INC,0000318154,2021-04-16,0001193125-21-118557,8-K,2.01; 7.01; 9.01,d179323d8k.htm,https://www.sec.gov/Archives/edgar/data/318154/000119312521118557/d179323d8k.htm,filings/AMGN_0000318154_2021-04-16_0001193125-21-118557.txt,9260
AMGN,AMGEN INC,0000318154,2021-04-27,0000318154-21-000017,8-K,2.02; 9.01,amgn-20210427.htm,https://www.sec.gov/Archives/edgar/data/318154/000031815421000017/amgn-20210427.htm,filings/AMGN_0000318154_2021-04-27_0000318154-21-000017.txt,10027
AMGN,AMGEN INC,0000318154,2021-05-19,0001193125-21-166678,8-K,5.07,d165963d8k.htm,https://www.sec.gov/Archives/edgar/data/318154/000119312521166678/d165963d8k.htm,filings/AMGN_0000318154_2021-05-19_0001193125-21-166678.txt,4542
AMGN,AMGEN INC,0000318154,2021-06-01,0001193125-21-177693,8-K,1.01; 7.01; 9.01,d19128d8k.htm,https://www.sec.gov/Archives/edgar/data/318154/000119312521177693/d19128d8k.htm,filings/AMGN_0000318154_2021-06-01_0001193125-21-177693.txt,6685
AMGN,AMGEN INC,0000318154,2021-07-27,0001193125-21-225743,8-K,1.01; 7.01; 9.01,d194030d8k.htm,https://www.sec.gov/Archives/edgar/data/318154/000119312521225743/d194030d8k.htm,filings/AMGN_0000318154_2021-07-27_0001193125-21-225743.txt,8574
AMGN,AMGEN INC,0000318154,2021-07-30,0001193125-21-229599,8-K,5.02; 9.01,d198092d8k.htm,https://www.sec.gov/Archives/edgar/data/318154/000119312521229599/d198092d8k.htm,filings/AMGN_0000318154_2021-07-30_0001193125-21-229599.txt,5896
AMGN,AMGEN INC,0000318154,2021-08-03,0000318154-21-000031,8-K,2.02; 9.01,amgn-20210803.htm,https://www.sec.gov/Archives/edgar/data/318154/000031815421000031/amgn-20210803.htm,filings/AMGN_0000318154_2021-08-03_0000318154-21-000031.txt,10500
AMGN,AMGEN INC,0000318154,2021-08-09,0001193125-21-240434,8-K,1.01; 9.01,d213858d8k.htm,https://www.sec.gov/Archives/edgar/data/318154/000119312521240434/d213858d8k.htm,filings/AMGN_0000318154_2021-08-09_0001193125-21-240434.txt,6825
AMGN,AMGEN INC,0000318154,2021-11-02,0000318154-21-000042,8-K,2.02; 9.01,amgn-20211102.htm,https://www.sec.gov/Archives/edgar/data/318154/000031815421000042/amgn-20211102.htm,filings/AMGN_0000318154_2021-11-02_0000318154-21-000042.txt,11203
AMGN,AMGEN INC,0000318154,2022-01-31,0001193125-22-023401,8-K,1.01; 1.02,d275986d8k.htm,https://www.sec.gov/Archives/edgar/data/318154/000119312522023401/d275986d8k.htm,filings/AMGN_0000318154_2022-01-31_0001193125-22-023401.txt,5084
AMGN,AMGEN INC,0000318154,2022-02-07,0000318154-22-000005,8-K,2.02; 9.01,amgn-20220207.htm,https://www.sec.gov/Archives/edgar/data/318154/000031815422000005/amgn-20220207.htm,filings/AMGN_0000318154_2022-02-07_0000318154-22-000005.txt,10990
AMGN,AMGEN INC,0000318154,2022-02-22,0001193125-22-048514,8-K,1.01; 9.01,d302710d8k.htm,https://www.sec.gov/Archives/edgar/data/318154/000119312522048514/d302710d8k.htm,filings/AMGN_0000318154_2022-02-22_0001193125-22-048514.txt,6601
AMGN,AMGEN INC,0000318154,2022-02-25,0001193125-22-052558,8-K,1.01; 9.01,d290205d8k.htm,https://www.sec.gov/Archives/edgar/data/318154/000119312522052558/d290205d8k.htm,filings/AMGN_0000318154_2022-02-25_0001193125-22-052558.txt,5460
AMGN,AMGEN INC,0000318154,2022-04-27,0000318154-22-000019,8-K,2.02; 9.01,amgn-20220427.htm,https://www.sec.gov/Archives/edgar/data/318154/000031815422000019/amgn-20220427.htm,filings/AMGN_0000318154_2022-04-27_0000318154-22-000019.txt,10490
AMGN,AMGEN INC,0000318154,2022-05-18,0001193125-22-154061,8-K,5.07,d317911d8k.htm,https://www.sec.gov/Archives/edgar/data/318154/000119312522154061/d317911d8k.htm,filings/AMGN_0000318154_2022-05-18_0001193125-22-154061.txt,4553
AMGN,AMGEN INC,0000318154,2022-08-03,0001193125-22-211269,8-K,5.02; 9.01,d386700d8k.htm,https://www.sec.gov/Archives/edgar/data/318154/000119312522211269/d386700d8k.htm,filings/AMGN_0000318154_2022-08-03_0001193125-22-211269.txt,5245
AMGN,AMGEN INC,0000318154,2022-08-04,0001193125-22-211860,8-K,1.01; 7.01; 9.01,d346334d8k.htm,https://www.sec.gov/Archives/edgar/data/318154/000119312522211860/d346334d8k.htm,filings/AMGN_0000318154_2022-08-04_0001193125-22-211860.txt,20146
AMGN,AMGEN INC,0000318154,2022-08-04,0000318154-22-000039,8-K,2.02; 9.01,amgn-20220804.htm,https://www.sec.gov/Archives/edgar/data/318154/000031815422000039/amgn-20220804.htm,filings/AMGN_0000318154_2022-08-04_0000318154-22-000039.txt,10566
AMGN,AMGEN INC,0000318154,2022-08-18,0001193125-22-224115,8-K,1.01; 9.01,d280175d8k.htm,https://www.sec.gov/Archives/edgar/data/318154/000119312522224115/d280175d8k.htm,filings/AMGN_0000318154_2022-08-18_0001193125-22-224115.txt,6518
AMGN,AMGEN INC,0000318154,2022-10-20,0001193125-22-265755,8-K,7.01; 9.01,d414605d8k.htm,https://www.sec.gov/Archives/edgar/data/318154/000119312522265755/d414605d8k.htm,filings/AMGN_0000318154_2022-10-20_0001193125-22-265755.txt,3370
AMGN,AMGEN INC,0000318154,2022-11-03,0000318154-22-000053,8-K,2.02; 9.01,amgn-20221103.htm,https://www.sec.gov/Archives/edgar/data/318154/000031815422000053/amgn-20221103.htm,filings/AMGN_0000318154_2022-11-03_0000318154-22-000053.txt,11099
AMGN,AMGEN INC,0000318154,2022-12-02,0001193125-22-297131,8-K,7.01; 9.01,d424230d8k.htm,https://www.sec.gov/Archives/edgar/data/318154/000119312522297131/d424230d8k.htm,filings/AMGN_0000318154_2022-12-02_0001193125-22-297131.txt,3512
AMGN,AMGEN INC,0000318154,2022-12-12,0001193125-22-302256,8-K,1.01; 2.03; 7.01; 9.01,d346985d8k.htm,https://www.sec.gov/Archives/edgar/data/318154/000119312522302256/d346985d8k.htm,filings/AMGN_0000318154_2022-12-12_0001193125-22-302256.txt,30858
AMGN,AMGEN INC,0000318154,2022-12-22,0001193125-22-311112,8-K,1.01; 2.03; 9.01,d429654d8k.htm,https://www.sec.gov/Archives/edgar/data/318154/000119312522311112/d429654d8k.htm,filings/AMGN_0000318154_2022-12-22_0001193125-22-311112.txt,12075
AMGN,AMGEN INC,0000318154,2023-01-31,0000318154-23-000011,8-K,1.01; 2.02; 8.01; 9.01,amgn-20230130.htm,https://www.sec.gov/Archives/edgar/data/318154/000031815423000011/amgn-20230130.htm,filings/AMGN_0000318154_2023-01-31_0000318154-23-000011.txt,16013
AMGN,AMGEN INC,0000318154,2023-02-16,0001193125-23-040753,8-K,1.01; 9.01,d424593d8k.htm,https://www.sec.gov/Archives/edgar/data/318154/000119312523040753/d424593d8k.htm,filings/AMGN_0000318154_2023-02-16_0001193125-23-040753.txt,5001
AMGN,AMGEN INC,0000318154,2023-03-02,0001193125-23-058235,8-K,1.01; 9.01,d448346d8k.htm,https://www.sec.gov/Archives/edgar/data/318154/000119312523058235/d448346d8k.htm,filings/AMGN_0000318154_2023-03-02_0001193125-23-058235.txt,10002
AMGN,AMGEN INC,0000318154,2023-03-09,0001193125-23-066144,8-K,1.01; 1.02; 9.01,d466407d8k.htm,https://www.sec.gov/Archives/edgar/data/318154/000119312523066144/d466407d8k.htm,filings/AMGN_0000318154_2023-03-09_0001193125-23-066144.txt,7784
AMGN,AMGEN INC,0000318154,2023-04-27,0000318154-23-000026,8-K,2.02; 9.01,amgn-20230427.htm,https://www.sec.gov/Archives/edgar/data/318154/000031815423000026/amgn-20230427.htm,filings/AMGN_0000318154_2023-04-27_0000318154-23-000026.txt,10266
AMGN,AMGEN INC,0000318154,2023-05-16,0001193125-23-146219,8-K,7.01; 9.01,d503983d8k.htm,https://www.sec.gov/Archives/edgar/data/318154/000119312523146219/d503983d8k.htm,filings/AMGN_0000318154_2023-05-16_0001193125-23-146219.txt,3914
AMGN,AMGEN INC,0000318154,2023-05-18,0001193125-23-147662,8-K,8.01,d499865d8k.htm,https://www.sec.gov/Archives/edgar/data/318154/000119312523147662/d499865d8k.htm,filings/AMGN_0000318154_2023-05-18_0001193125-23-147662.txt,4022
AMGN,AMGEN INC,0000318154,2023-05-22,0001193125-23-150659,8-K,5.07,d483298d8k.htm,https://www.sec.gov/Archives/edgar/data/318154/000119312523150659/d483298d8k.htm,filings/AMGN_0000318154_2023-05-22_0001193125-23-150659.txt,5123
AMGN,AMGEN INC,0000318154,2023-06-05,0001193125-23-160316,8-K,8.01,d504329d8k.htm,https://www.sec.gov/Archives/edgar/data/318154/000119312523160316/d504329d8k.htm,filings/AMGN_0000318154_2023-06-05_0001193125-23-160316.txt,9660
AMGN,AMGEN INC,0000318154,2023-08-03,0000318154-23-000049,8-K,2.02; 9.01,amgn-20230803.htm,https://www.sec.gov/Archives/edgar/data/318154/000031815423000049/amgn-20230803.htm,filings/AMGN_0000318154_2023-08-03_0000318154-23-000049.txt,10379
AMGN,AMGEN INC,0000318154,2023-08-04,0001193125-23-203033,8-K,5.02,d525761d8k.htm,https://www.sec.gov/Archives/edgar/data/318154/000119312523203033/d525761d8k.htm,filings/AMGN_0000318154_2023-08-04_0001193125-23-203033.txt,4604
AMGN,AMGEN INC,0000318154,2023-09-01,0001193125-23-227040,8-K,7.01; 8.01; 9.01,d525571d8k.htm,https://www.sec.gov/Archives/edgar/data/318154/000119312523227040/d525571d8k.htm,filings/AMGN_0000318154_2023-09-01_0001193125-23-227040.txt,4235
AMGN,AMGEN INC,0000318154,2023-09-05,0001193125-23-228161,8-K,8.01,d449681d8k.htm,https://www.sec.gov/Archives/edgar/data/318154/000119312523228161/d449681d8k.htm,filings/AMGN_0000318154_2023-09-05_0001193125-23-228161.txt,3827
AMGN,AMGEN INC,0000318154,2023-09-12,0001193125-23-233011,8-K,8.01,d523167d8k.htm,https://www.sec.gov/Archives/edgar/data/318154/000119312523233011/d523167d8k.htm,filings/AMGN_0000318154_2023-09-12_0001193125-23-233011.txt,3666
AMGN,AMGEN INC,0000318154,2023-10-05,0001193125-23-251090,8-K,8.01,d533762d8k.htm,https://www.sec.gov/Archives/edgar/data/318154/000119312523251090/d533762d8k.htm,filings/AMGN_0000318154_2023-10-05_0001193125-23-251090.txt,3734
AMGN,AMGEN INC,0000318154,2023-10-06,0001193125-23-252361,8-K,2.01; 2.03; 7.01; 9.01,d534754d8k.htm,https://www.sec.gov/Archives/edgar/data/318154/000119312523252361/d534754d8k.htm,filings/AMGN_0000318154_2023-10-06_0001193125-23-252361.txt,9880
AMGN,AMGEN INC,0000318154,2023-10-31,0000318154-23-000061,8-K,2.02; 9.01,amgn-20231031.htm,https://www.sec.gov/Archives/edgar/data/318154/000031815423000061/amgn-20231031.htm,filings/AMGN_0000318154_2023-10-31_0000318154-23-000061.txt,9846
AMGN,AMGEN INC,0000318154,2023-12-14,0001193125-23-295027,8-K,5.02; 9.01,d598661d8k.htm,https://www.sec.gov/Archives/edgar/data/318154/000119312523295027/d598661d8k.htm,filings/AMGN_0000318154_2023-12-14_0001193125-23-295027.txt,4256
AMGN,AMGEN INC,0000318154,2024-02-06,0000318154-24-000004,8-K,2.02; 9.01,amgn-202312318xk.htm,https://www.sec.gov/Archives/edgar/data/318154/000031815424000004/amgn-202312318xk.htm,filings/AMGN_0000318154_2024-02-06_0000318154-24-000004.txt,10558
AMGN,AMGEN INC,0000318154,2024-05-02,0000318154-24-000018,8-K,2.02; 9.01,amgn-20240502.htm,https://www.sec.gov/Archives/edgar/data/318154/000031815424000018/amgn-20240502.htm,filings/AMGN_0000318154_2024-05-02_0000318154-24-000018.txt,9625
AMGN,AMGEN INC,0000318154,2024-06-03,0001193125-24-153221,8-K,5.02; 5.07,d827769d8k.htm,https://www.sec.gov/Archives/edgar/data/318154/000119312524153221/d827769d8k.htm,filings/AMGN_0000318154_2024-06-03_0001193125-24-153221.txt,6532
AMGN,AMGEN INC,0000318154,2024-08-06,0000318154-24-000033,8-K,2.02; 9.01,amgn-20240806.htm,https://www.sec.gov/Archives/edgar/data/318154/000031815424000033/amgn-20240806.htm,filings/AMGN_0000318154_2024-08-06_0000318154-24-000033.txt,9495
AMGN,AMGEN INC,0000318154,2024-10-30,0000318154-24-000042,8-K,2.02; 9.01,amgn-20241030.htm,https://www.sec.gov/Archives/edgar/data/318154/000031815424000042/amgn-20241030.htm,filings/AMGN_0000318154_2024-10-30_0000318154-24-000042.txt,9423
AMZN,AMAZON COM INC,0001018724,2021-01-27,0001193125-21-018066,8-K,5.02,d30366d8k.htm,https://www.sec.gov/Archives/edgar/data/1018724/000119312521018066/d30366d8k.htm,filings/AMZN_0001018724_2021-01-27_0001193125-21-018066.txt,2866
AMZN,AMAZON COM INC,0001018724,2021-02-02,0001018724-21-000002,8-K,2.02; 5.02; 9.01,amzn-20210202.htm,https://www.sec.gov/Archives/edgar/data/1018724/000101872421000002/amzn-20210202.htm,filings/AMZN_0001018724_2021-02-02_0001018724-21-000002.txt,4538
AMZN,AMAZON COM INC,0001018724,2021-04-15,0001104659-21-050346,8-K,7.01; 9.01,tm216818d3_8k.htm,https://www.sec.gov/Archives/edgar/data/1018724/000110465921050346/tm216818d3_8k.htm,filings/AMZN_0001018724_2021-04-15_0001104659-21-050346.txt,2919
AMZN,AMAZON COM INC,0001018724,2021-04-29,0001018724-21-000008,8-K,2.02; 9.01,amzn-20210429.htm,https://www.sec.gov/Archives/edgar/data/1018724/000101872421000008/amzn-20210429.htm,filings/AMZN_0001018724_2021-04-29_0001018724-21-000008.txt,3524
AMZN,AMAZON COM INC,0001018724,2021-05-12,0001193125-21-159084,8-K,8.01; 9.01,d508532d8k.htm,https://www.sec.gov/Archives/edgar/data/1018724/000119312521159084/d508532d8k.htm,filings/AMZN_0001018724_2021-05-12_0001193125-21-159084.txt,7041
AMZN,AMAZON COM INC,0001018724,2021-05-28,0001018724-21-000012,8-K,5.07,amzn-20210526.htm,https://www.sec.gov/Archives/edgar/data/1018724/000101872421000012/amzn-20210526.htm,filings/AMZN_0001018724_2021-05-28_0001018724-21-000012.txt,6130
AMZN,AMAZON COM INC,0001018724,2021-07-02,0001018724-21-000016,8-K,5.02,amzn-20210628.htm,https://www.sec.gov/Archives/edgar/data/1018724/000101872421000016/amzn-20210628.htm,filings/AMZN_0001018724_2021-07-02_0001018724-21-000016.txt,4011
AMZN,AMAZON COM INC,0001018724,2021-07-29,0001018724-21-000018,8-K,2.02; 9.01,amzn-20210729.htm,https://www.sec.gov/Archives/edgar/data/1018724/000101872421000018/amzn-20210729.htm,filings/AMZN_0001018724_2021-07-29_0001018724-21-000018.txt,3519
AMZN,AMAZON COM INC,0001018724,2021-09-20,0001018724-21-000022,8-K,5.02,amzn-20210920.htm,https://www.sec.gov/Archives/edgar/data/1018724/000101872421000022/amzn-20210920.htm,filings/AMZN_0001018724_2021-09-20_0001018724-21-000022.txt,4322
AMZN,AMAZON COM INC,0001018724,2021-10-28,0001018724-21-000026,8-K,2.02; 9.01,amzn-20211028.htm,https://www.sec.gov/Archives/edgar/data/1018724/000101872421000026/amzn-20211028.htm,filings/AMZN_0001018724_2021-10-28_0001018724-21-000026.txt,3528
AMZN,AMAZON COM INC,0001018724,2021-11-12,0001018724-21-000030,8-K,5.02,amzn-20211110.htm,https://www.sec.gov/Archives/edgar/data/1018724/000101872421000030/amzn-20211110.htm,filings/AMZN_0001018724_2021-11-12_0001018724-21-000030.txt,2947
AMZN,AMAZON COM INC,0001018724,2022-02-03,0001018724-22-000002,8-K,2.02; 9.01,amzn-20220203.htm,https://www.sec.gov/Archives/edgar/data/1018724/000101872422000002/amzn-20220203.htm,filings/AMZN_0001018724_2022-02-03_0001018724-22-000002.txt,3629
AMZN,AMAZON COM INC,0001018724,2022-03-09,0001018724-22-000009,8-K,8.01,amzn-20220309.htm,https://www.sec.gov/Archives/edgar/data/1018724/000101872422000009/amzn-20220309.htm,filings/AMZN_0001018724_2022-03-09_0001018724-22-000009.txt,4417
AMZN,AMAZON COM INC,0001018724,2022-04-13,0001193125-22-104336,8-K,8.01; 9.01,d325485d8k.htm,https://www.sec.gov/Archives/edgar/data/1018724/000119312522104336/d325485d8k.htm,filings/AMZN_0001018724_2022-04-13_0001193125-22-104336.txt,6466
AMZN,AMAZON COM INC,0001018724,2022-04-14,0001104659-22-045579,8-K,7.01; 9.01,tm226241d2_8k.htm,https://www.sec.gov/Archives/edgar/data/1018724/000110465922045579/tm226241d2_8k.htm,filings/AMZN_0001018724_2022-04-14_0001104659-22-045579.txt,2922
AMZN,AMAZON COM INC,0001018724,2022-04-28,0001018724-22-000011,8-K,2.02; 9.01,amzn-20220428.htm,https://www.sec.gov/Archives/edgar/data/1018724/000101872422000011/amzn-20220428.htm,filings/AMZN_0001018724_2022-04-28_0001018724-22-000011.txt,3519
AMZN,AMAZON COM INC,0001018724,2022-05-27,0001104659-22-065872,8-K,5.03; 5.07; 9.01,tm2215904d1_8k.htm,https://www.sec.gov/Archives/edgar/data/1018724/000110465922065872/tm2215904d1_8k.htm,filings/AMZN_0001018724_2022-05-27_0001104659-22-065872.txt,9060
AMZN,AMAZON COM INC,0001018724,2022-06-03,0001018724-22-000015,8-K,5.02,amzn-20220601.htm,https://www.sec.gov/Archives/edgar/data/1018724/000101872422000015/amzn-20220601.htm,filings/AMZN_0001018724_2022-06-03_0001018724-22-000015.txt,2956
AMZN,AMAZON COM INC,0001018724,2022-07-28,0001018724-22-000017,8-K,2.02; 9.01,amzn-20220728.htm,https://www.sec.gov/Archives/edgar/data/1018724/000101872422000017/amzn-20220728.htm,filings/AMZN_0001018724_2022-07-28_0001018724-22-000017.txt,3518
AMZN,AMAZON COM INC,0001018724,2022-10-27,0001018724-22-000021,8-K,2.02; 9.01,amzn-20221027.htm,https://www.sec.gov/Archives/edgar/data/1018724/000101872422000021/amzn-20221027.htm,filings/AMZN_0001018724_2022-10-27_0001018724-22-000021.txt,3527
AMZN,AMAZON COM INC,0001018724,2022-11-18,0001193125-22-289041,8-K,1.01; 2.03; 9.01,d413765d8k.htm,https://www.sec.gov/Archives/edgar/data/1018724/000119312522289041/d413765d8k.htm,filings/AMZN_0001018724_2022-11-18_0001193125-22-289041.txt,5505
AMZN,AMAZON COM INC,0001018724,2022-12-01,0001193125-22-296602,8-K,8.01; 9.01,d376136d8k.htm,https://www.sec.gov/Archives/edgar/data/1018724/000119312522296602/d376136d8k.htm,filings/AMZN_0001018724_2022-12-01_0001193125-22-296602.txt,6010
AMZN,AMAZON COM INC,0001018724,2023-01-03,0001193125-23-000849,8-K,1.01; 2.03; 9.01,d429499d8k.htm,https://www.sec.gov/Archives/edgar/data/1018724/000119312523000849/d429499d8k.htm,filings/AMZN_0001018724_2023-01-03_0001193125-23-000849.txt,5275
AMZN,AMAZON COM INC,0001018724,2023-01-06,0001193125-23-003621,8-K,5.03; 9.01,d441973d8k.htm,https://www.sec.gov/Archives/edgar/data/1018724/000119312523003621/d441973d8k.htm,filings/AMZN_0001018724_2023-01-06_0001193125-23-003621.txt,3859
AMZN,AMAZON COM INC,0001018724,2023-02-02,0001018724-23-000002,8-K,2.02; 9.01,amzn-20230202.htm,https://www.sec.gov/Archives/edgar/data/1018724/000101872423000002/amzn-20230202.htm,filings/AMZN_0001018724_2023-02-02_0001018724-23-000002.txt,3629
AMZN,AMAZON COM INC,0001018724,2023-04-13,0001104659-23-044715,8-K,7.01; 9.01,tm233697d2_8k.htm,https://www.sec.gov/Archives/edgar/data/1018724/000110465923044715/tm233697d2_8k.htm,filings/AMZN_0001018724_2023-04-13_0001104659-23-044715.txt,2922
AMZN,AMAZON COM INC,0001018724,2023-04-27,0001018724-23-000006,8-K,2.02; 9.01,amzn-20230427.htm,https://www.sec.gov/Archives/edgar/data/1018724/000101872423000006/amzn-20230427.htm,filings/AMZN_0001018724_2023-04-27_0001018724-23-000006.txt,3519
AMZN,AMAZON COM INC,0001018724,2023-05-26,0001104659-23-065457,8-K,5.07,tm2315877d1_8k.htm,https://www.sec.gov/Archives/edgar/data/1018724/000110465923065457/tm2315877d1_8k.htm,filings/AMZN_0001018724_2023-05-26_0001104659-23-065457.txt,8950
AMZN,AMAZON COM INC,0001018724,2023-08-03,0001018724-23-000010,8-K,2.02; 9.01,amzn-20230803.htm,https://www.sec.gov/Archives/edgar/data/1018724/000101872423000010/amzn-20230803.htm,filings/AMZN_0001018724_2023-08-03_0001018724-23-000010.txt,3522
AMZN,AMAZON COM INC,0001018724,2023-09-13,0001018724-23-000014,8-K,5.02,amzn-20230913.htm,https://www.sec.gov/Archives/edgar/data/1018724/000101872423000014/amzn-20230913.htm,filings/AMZN_0001018724_2023-09-13_0001018724-23-000014.txt,4003
AMZN,AMAZON COM INC,0001018724,2023-10-26,0001018724-23-000016,8-K,2.02; 9.01,amzn-20231026.htm,https://www.sec.gov/Archives/edgar/data/1018724/000101872423000016/amzn-20231026.htm,filings/AMZN_0001018724_2023-10-26_0001018724-23-000016.txt,3527
AMZN,AMAZON COM INC,0001018724,2023-11-01,0001104659-23-113444,8-K,1.01; 1.02; 2.03; 9.01,tm2329405d1_8k.htm,https://www.sec.gov/Archives/edgar/data/1018724/000110465923113444/tm2329405d1_8k.htm,filings/AMZN_0001018724_2023-11-01_0001104659-23-113444.txt,7080
AMZN,AMAZON COM INC,0001018724,2024-02-01,0001018724-24-000006,8-K,2.02; 9.01,amzn-20240201.htm,https://www.sec.gov/Archives/edgar/data/1018724/000101872424000006/amzn-20240201.htm,filings/AMZN_0001018724_2024-02-01_0001018724-24-000006.txt,3631
AMZN,AMAZON COM INC,0001018724,2024-04-11,0001104659-24-045915,8-K,7.01; 9.01,tm246113d2_8k.htm,https://www.sec.gov/Archives/edgar/data/1018724/000110465924045915/tm246113d2_8k.htm,filings/AMZN_0001018724_2024-04-11_0001104659-24-045915.txt,3216
AMZN,AMAZON COM INC,0001018724,2024-04-30,0001018724-24-000081,8-K,2.02; 9.01,amzn-20240430.htm,https://www.sec.gov/Archives/edgar/data/1018724/000101872424000081/amzn-20240430.htm,filings/AMZN_0001018724_2024-04-30_0001018724-24-000081.txt,3520
AMZN,AMAZON COM INC,0001018724,2024-05-03,0001104659-24-057026,8-K,5.03; 9.01,tm2413032d1_8k.htm,https://www.sec.gov/Archives/edgar/data/1018724/000110465924057026/tm2413032d1_8k.htm,filings/AMZN_0001018724_2024-05-03_0001104659-24-057026.txt,3750
AMZN,AMAZON COM INC,0001018724,2024-05-14,0001104659-24-061143,8-K,5.02,tm2414460d1_8k.htm,https://www.sec.gov/Archives/edgar/data/1018724/000110465924061143/tm2414460d1_8k.htm,filings/AMZN_0001018724_2024-05-14_0001104659-24-061143.txt,2887
AMZN,AMAZON COM INC,0001018724,2024-05-24,0001104659-24-065117,8-K,5.07,tm2414140d1_8k.htm,https://www.sec.gov/Archives/edgar/data/1018724/000110465924065117/tm2414140d1_8k.htm,filings/AMZN_0001018724_2024-05-24_0001104659-24-065117.txt,7318
AMZN,AMAZON COM INC,0001018724,2024-08-01,0001018724-24-000128,8-K,2.02; 9.01,amzn-20240801.htm,https://www.sec.gov/Archives/edgar/data/1018724/000101872424000128/amzn-20240801.htm,filings/AMZN_0001018724_2024-08-01_0001018724-24-000128.txt,3522
AMZN,AMAZON COM INC,0001018724,2024-10-31,0001018724-24-000158,8-K,2.02; 9.01,amzn-20241031.htm,https://www.sec.gov/Archives/edgar/data/1018724/000101872424000158/amzn-20241031.htm,filings/AMZN_0001018724_2024-10-31_0001018724-24-000158.txt,3527
AVGO,Broadcom Inc.,0001730168,2021-01-04,0001193125-21-000394,8-K,8.01; 9.01,d60992d8k.htm,https://www.sec.gov/Archives/edgar/data/1730168/000119312521000394/d60992d8k.htm,filings/AVGO_0001730168_2021-01-04_0001193125-21-000394.txt,10563
AVGO,Broadcom Inc.,0001730168,2021-01-05,0001193125-21-001276,8-K,8.01; 9.01,d89101d8k.htm,https://www.sec.gov/Archives/edgar/data/1730168/000119312521001276/d89101d8k.htm,filings/AVGO_0001730168_2021-01-05_0001193125-21-001276.txt,10528
AVGO,Broadcom Inc.,0001730168,2021-01-07,0001193125-21-003380,8-K,8.01; 9.01,d24661d8k.htm,https://www.sec.gov/Archives/edgar/data/1730168/000119312521003380/d24661d8k.htm,filings/AVGO_0001730168_2021-01-07_0001193125-21-003380.txt,10668
AVGO,Broadcom Inc.,0001730168,2021-01-19,0001193125-21-011422,8-K,1.01; 1.02; 2.03; 8.01; 9.01,d161188d8k.htm,https://www.sec.gov/Archives/edgar/data/1730168/000119312521011422/d161188d8k.htm,filings/AVGO_0001730168_2021-01-19_0001193125-21-011422.txt,26679
AVGO,Broadcom Inc.,0001730168,2021-02-02,0001193125-21-025889,8-K,8.01; 9.01,d28126d8k.htm,https://www.sec.gov/Archives/edgar/data/1730168/000119312521025889/d28126d8k.htm,filings/AVGO_0001730168_2021-02-02_0001193125-21-025889.txt,9945
AVGO,Broadcom Inc.,0001730168,2021-03-04,0001730168-21-000026,8-K,2.02; 8.01; 9.01,avgo-20210304.htm,https://www.sec.gov/Archives/edgar/data/1730168/000173016821000026/avgo-20210304.htm,filings/AVGO_0001730168_2021-03-04_0001730168-21-000026.txt,9650
AVGO,Broadcom Inc.,0001730168,2021-03-16,0001193125-21-081796,8-K,8.01; 9.01,d110632d8k.htm,https://www.sec.gov/Archives/edgar/data/1730168/000119312521081796/d110632d8k.htm,filings/AVGO_0001730168_2021-03-16_0001193125-21-081796.txt,8893
AVGO,Broadcom Inc.,0001730168,2021-03-30,0001193125-21-098755,8-K,8.01; 9.01,d113748d8k.htm,https://www.sec.gov/Archives/edgar/data/1730168/000119312521098755/d113748d8k.htm,filings/AVGO_0001730168_2021-03-30_0001193125-21-098755.txt,9618
AVGO,Broadcom Inc.,0001730168,2021-03-31,0001193125-21-102518,8-K,1.01; 8.01; 9.01,d146519d8k.htm,https://www.sec.gov/Archives/edgar/data/1730168/000119312521102518/d146519d8k.htm,filings/AVGO_0001730168_2021-03-31_0001193125-21-102518.txt,19352
AVGO,Broadcom Inc.,0001730168,2021-04-05,0001730168-21-000071,8-K,5.07; 9.01,avgo-20210405.htm,https://www.sec.gov/Archives/edgar/data/1730168/000173016821000071/avgo-20210405.htm,filings/AVGO_0001730168_2021-04-05_0001730168-21-000071.txt,5893
AVGO,Broadcom Inc.,0001730168,2021-06-03,0001730168-21-000110,8-K,2.02; 5.02; 8.01; 9.01,avgo-20210602.htm,https://www.sec.gov/Archives/edgar/data/1730168/000173016821000110/avgo-20210602.htm,filings/AVGO_0001730168_2021-06-03_0001730168-21-000110.txt,5218
AVGO,Broadcom Inc.,0001730168,2021-09-02,0001730168-21-000121,8-K,2.02; 8.01; 9.01,avgo-20210902.htm,https://www.sec.gov/Archives/edgar/data/1730168/000173016821000121/avgo-20210902.htm,filings/AVGO_0001730168_2021-09-02_0001730168-21-000121.txt,3890
AVGO,Broadcom Inc.,0001730168,2021-09-13,0001193125-21-271676,8-K,8.01; 9.01,d209968d8k.htm,https://www.sec.gov/Archives/edgar/data/1730168/000119312521271676/d209968d8k.htm,filings/AVGO_0001730168_2021-09-13_0001193125-21-271676.txt,8977
AVGO,Broadcom Inc.,0001730168,2021-09-28,0001193125-21-284581,8-K,8.01; 9.01,d194184d8k.htm,https://www.sec.gov/Archives/edgar/data/1730168/000119312521284581/d194184d8k.htm,filings/AVGO_0001730168_2021-09-28_0001193125-21-284581.txt,10037
AVGO,Broadcom Inc.,0001730168,2021-09-30,0001193125-21-287948,8-K,1.01; 2.03; 9.01,d238245d8k.htm,https://www.sec.gov/Archives/edgar/data/1730168/000119312521287948/d238245d8k.htm,filings/AVGO_0001730168_2021-09-30_0001193125-21-287948.txt,18836
AVGO,Broadcom Inc.,0001730168,2021-12-09,0001730168-21-000148,8-K,2.02; 8.01; 9.01,avgo-20211209.htm,https://www.sec.gov/Archives/edgar/data/1730168/000173016821000148/avgo-20211209.htm,filings/AVGO_0001730168_2021-12-09_0001730168-21-000148.txt,3884
AVGO,Broadcom Inc.,0001730168,2022-03-03,0001730168-22-000015,8-K,2.02; 8.01; 9.01,avgo-20220303.htm,https://www.sec.gov/Archives/edgar/data/1730168/000173016822000015/avgo-20220303.htm,filings/AVGO_0001730168_2022-03-03_0001730168-22-000015.txt,3859
AVGO,Broadcom Inc.,0001730168,2022-03-31,0001193125-22-090874,8-K,8.01; 9.01,d275947d8k.htm,https://www.sec.gov/Archives/edgar/data/1730168/000119312522090874/d275947d8k.htm,filings/AVGO_0001730168_2022-03-31_0001193125-22-090874.txt,9702
AVGO,Broadcom Inc.,0001730168,2022-04-01,0001193125-22-092425,8-K,8.01; 9.01,d329956d8k.htm,https://www.sec.gov/Archives/edgar/data/1730168/000119312522092425/d329956d8k.htm,filings/AVGO_0001730168_2022-04-01_0001193125-22-092425.txt,10248
AVGO,Broadcom Inc.,0001730168,2022-04-05,0001730168-22-000059,8-K,5.07,avgo-20220404.htm,https://www.sec.gov/Archives/edgar/data/1730168/000173016822000059/avgo-20220404.htm,filings/AVGO_0001730168_2022-04-05_0001730168-22-000059.txt,4056
AVGO,Broadcom Inc.,0001730168,2022-04-15,0001193125-22-105918,8-K,1.01; 8.01; 9.01,d341029d8k.htm,https://www.sec.gov/Archives/edgar/data/1730168/000119312522105918/d341029d8k.htm,filings/AVGO_0001730168_2022-04-15_0001193125-22-105918.txt,17599
AVGO,Broadcom Inc.,0001730168,2022-04-18,0001193125-22-108067,8-K,1.01; 2.03; 9.01,d299108d8k.htm,https://www.sec.gov/Archives/edgar/data/1730168/000119312522108067/d299108d8k.htm,filings/AVGO_0001730168_2022-04-18_0001193125-22-108067.txt,16936
AVGO,Broadcom Inc.,0001730168,2022-05-26,0001193125-22-161016,8-K,1.01; 8.01; 9.01,d525235d8k.htm,https://www.sec.gov/Archives/edgar/data/1730168/000119312522161016/d525235d8k.htm,filings/AVGO_0001730168_2022-05-26_0001193125-22-161016.txt,24890
AVGO,Broadcom Inc.,0001730168,2022-05-26,0001193125-22-160371,8-K,7.01; 9.01,d323890d8k.htm,https://www.sec.gov/Archives/edgar/data/1730168/000119312522160371/d323890d8k.htm,filings/AVGO_0001730168_2022-05-26_0001193125-22-160371.txt,13168
AVGO,Broadcom Inc.,0001730168,2022-05-26,0001193125-22-160304,8-K,2.02; 8.01; 9.01,d262320d8k.htm,https://www.sec.gov/Archives/edgar/data/1730168/000119312522160304/d262320d8k.htm,filings/AVGO_0001730168_2022-05-26_0001193125-22-160304.txt,3888
AVGO,Broadcom Inc.,0001730168,2022-07-11,0001140361-22-025654,8-K,5.02,ny20004409x8_8k.htm,https://www.sec.gov/Archives/edgar/data/1730168/000114036122025654/ny20004409x8_8k.htm,filings/AVGO_0001730168_2022-07-11_0001140361-22-025654.txt,3839
AVGO,Broadcom Inc.,0001730168,2022-09-01,0001730168-22-000091,8-K,2.02; 8.01; 9.01,avgo-20220901.htm,https://www.sec.gov/Archives/edgar/data/1730168/000173016822000091/avgo-20220901.htm,filings/AVGO_0001730168_2022-09-01_0001730168-22-000091.txt,3889
AVGO,Broadcom Inc.,0001730168,2022-11-02,0001730168-22-000101,8-K,5.02,avgo-20221031.htm,https://www.sec.gov/Archives/edgar/data/1730168/000173016822000101/avgo-20221031.htm,filings/AVGO_0001730168_2022-11-02_0001730168-22-000101.txt,11446
AVGO,Broadcom Inc.,0001730168,2022-12-08,0001730168-22-000110,8-K,2.02; 8.01; 9.01,avgo-20221208.htm,https://www.sec.gov/Archives/edgar/data/1730168/000173016822000110/avgo-20221208.htm,filings/AVGO_0001730168_2022-12-08_0001730168-22-000110.txt,3343
AVGO,Broadcom Inc.,0001730168,2023-03-02,0001730168-23-000004,8-K,2.02; 8.01; 9.01,avgo-20230302.htm,https://www.sec.gov/Archives/edgar/data/1730168/000173016823000004/avgo-20230302.htm,filings/AVGO_0001730168_2023-03-02_0001730168-23-000004.txt,3321
AVGO,Broadcom Inc.,0001730168,2023-04-06,0001730168-23-000052,8-K,5.02; 5.07,avgo-20230406.htm,https://www.sec.gov/Archives/edgar/data/1730168/000173016823000052/avgo-20230406.htm,filings/AVGO_0001730168_2023-04-06_0001730168-23-000052.txt,4841
AVGO,Broadcom Inc.,0001730168,2023-05-23,0001730168-23-000054,8-K,7.01,avgo-20230523.htm,https://www.sec.gov/Archives/edgar/data/1730168/000173016823000054/avgo-20230523.htm,filings/AVGO_0001730168_2023-05-23_0001730168-23-000054.txt,2814
AVGO,Broadcom Inc.,0001730168,2023-06-01,0001730168-23-000062,8-K,2.02; 8.01; 9.01,avgo-20230601.htm,https://www.sec.gov/Archives/edgar/data/1730168/000173016823000062/avgo-20230601.htm,filings/AVGO_0001730168_2023-06-01_0001730168-23-000062.txt,3313
AVGO,Broadcom Inc.,0001730168,2023-08-16,0001140361-23-040084,8-K,1.01; 2.03; 8.01; 9.01,brhc20057578_8k.htm,https://www.sec.gov/Archives/edgar/data/1730168/000114036123040084/brhc20057578_8k.htm,filings/AVGO_0001730168_2023-08-16_0001140361-23-040084.txt,13727
AVGO,Broadcom Inc.,0001730168,2023-08-31,0001730168-23-000074,8-K,2.02; 8.01; 9.01,avgo-20230831.htm,https://www.sec.gov/Archives/edgar/data/1730168/000173016823000074/avgo-20230831.htm,filings/AVGO_0001730168_2023-08-31_0001730168-23-000074.txt,3343
AVGO,Broadcom Inc.,0001730168,2023-10-18,0001140361-23-048712,8-K,8.01; 9.01,ef20012700_8k.htm,https://www.sec.gov/Archives/edgar/data/1730168/000114036123048712/ef20012700_8k.htm,filings/AVGO_0001730168_2023-10-18_0001140361-23-048712.txt,10669
AVGO,Broadcom Inc.,0001730168,2023-10-30,0001140361-23-050217,8-K,8.01; 9.01,ef20013645_8k.htm,https://www.sec.gov/Archives/edgar/data/1730168/000114036123050217/ef20013645_8k.htm,filings/AVGO_0001730168_2023-10-30_0001140361-23-050217.txt,8866
AVGO,Broadcom Inc.,0001730168,2023-11-22,0001140361-23-054354,8-K,2.01; 2.03; 8.01; 9.01,ef20015100_form8k.htm,https://www.sec.gov/Archives/edgar/data/1730168/000114036123054354/ef20015100_form8k.htm,filings/AVGO_0001730168_2023-11-22_0001140361-23-054354.txt,13753
AVGO,Broadcom Inc.,0001730168,2023-12-07,0001730168-23-000093,8-K,2.02; 2.05; 8.01; 9.01,avgo-20231207.htm,https://www.sec.gov/Archives/edgar/data/1730168/000173016823000093/avgo-20231207.htm,filings/AVGO_0001730168_2023-12-07_0001730168-23-000093.txt,4596
AVGO,Broadcom Inc.,0001730168,2024-02-08,0001140361-24-006447,8-K/A,9.01,ef20018945_8ka.htm,https://www.sec.gov/Archives/edgar/data/1730168/000114036124006447/ef20018945_8ka.htm,filings/AVGO_0001730168_2024-02-08_0001140361-24-006447.txt,4852
AVGO,Broadcom Inc.,0001730168,2024-02-09,0001140361-24-006724,8-K,5.02,ef20021201_8k.htm,https://www.sec.gov/Archives/edgar/data/1730168/000114036124006724/ef20021201_8k.htm,filings/AVGO_0001730168_2024-02-09_0001140361-24-006724.txt,4642
AVGO,Broadcom Inc.,0001730168,2024-03-07,0001730168-24-000012,8-K,2.02; 8.01; 9.01,avgo-20240307.htm,https://www.sec.gov/Archives/edgar/data/1730168/000173016824000012/avgo-20240307.htm,filings/AVGO_0001730168_2024-03-07_0001730168-24-000012.txt,3316
AVGO,Broadcom Inc.,0001730168,2024-04-24,0001730168-24-000055,8-K,5.07,avgo-20240422.htm,https://www.sec.gov/Archives/edgar/data/1730168/000173016824000055/avgo-20240422.htm,filings/AVGO_0001730168_2024-04-24_0001730168-24-000055.txt,3697
AVGO,Broadcom Inc.,0001730168,2024-06-12,0001730168-24-000077,8-K,2.02; 8.01; 9.01,avgo-20240612.htm,https://www.sec.gov/Archives/edgar/data/1730168/000173016824000077/avgo-20240612.htm,filings/AVGO_0001730168_2024-06-12_0001730168-24-000077.txt,3850
AVGO,Broadcom Inc.,0001730168,2024-07-08,0001140361-24-032566,8-K,8.01; 9.01,ny20032136x1_8k.htm,https://www.sec.gov/Archives/edgar/data/1730168/000114036124032566/ny20032136x1_8k.htm,filings/AVGO_0001730168_2024-07-08_0001140361-24-032566.txt,3441
AVGO,Broadcom Inc.,0001730168,2024-07-12,0001140361-24-033072,8-K,5.03; 8.01; 9.01,ny20032136x6_8k.htm,https://www.sec.gov/Archives/edgar/data/1730168/000114036124033072/ny20032136x6_8k.htm,filings/AVGO_0001730168_2024-07-12_0001140361-24-033072.txt,7367
AVGO,Broadcom Inc.,0001730168,2024-09-05,0001730168-24-000095,8-K,2.02; 8.01; 9.01,avgo-20240905.htm,https://www.sec.gov/Archives/edgar/data/1730168/000173016824000095/avgo-20240905.htm,filings/AVGO_0001730168_2024-09-05_0001730168-24-000095.txt,3341
AVGO,Broadcom Inc.,0001730168,2024-10-02,0001193125-24-231159,8-K,8.01; 9.01,d860121d8k.htm,https://www.sec.gov/Archives/edgar/data/1730168/000119312524231159/d860121d8k.htm,filings/AVGO_0001730168_2024-10-02_0001193125-24-231159.txt,7069
AVGO,Broadcom Inc.,0001730168,2024-12-12,0001730168-24-000125,8-K,2.02; 8.01; 9.01,avgo-20241212.htm,https://www.sec.gov/Archives/edgar/data/1730168/000173016824000125/avgo-20241212.htm,filings/AVGO_0001730168_2024-12-12_0001730168-24-000125.txt,3358
BAC,BANK OF AMERICA CORP /DE/,0000070858,2021-01-19,0000070858-21-000004,8-K,2.02; 7.01; 8.01; 9.01,bac-20210119.htm,https://www.sec.gov/Archives/edgar/data/70858/000007085821000004/bac-20210119.htm,filings/BAC_0000070858_2021-01-19_0000070858-21-000004.txt,8748
BAC,BANK OF AMERICA CORP /DE/,0000070858,2021-01-28,0001193125-21-020850,8-K,3.03; 5.03; 8.01; 9.01,d106626d8k.htm,https://www.sec.gov/Archives/edgar/data/70858/000119312521020850/d106626d8k.htm,filings/BAC_0000070858_2021-01-28_0001193125-21-020850.txt,8720
BAC,BANK OF AMERICA CORP /DE/,0000070858,2021-02-12,0000070858-21-000016,8-K,8.01,bac-20210212.htm,https://www.sec.gov/Archives/edgar/data/70858/000007085821000016/bac-20210212.htm,filings/BAC_0000070858_2021-02-12_0000070858-21-000016.txt,12379
BAC,BANK OF AMERICA CORP /DE/,0000070858,2021-03-19,0001193125-21-087250,8-K,8.01,d117659d8k.htm,https://www.sec.gov/Archives/edgar/data/70858/000119312521087250/d117659d8k.htm,filings/BAC_0000070858_2021-03-19_0001193125-21-087250.txt,8455
BAC,BANK OF AMERICA CORP /DE/,0000070858,2021-04-15,0000070858-21-000048,8-K,2.02; 7.01; 8.01; 9.01,bac-20210415.htm,https://www.sec.gov/Archives/edgar/data/70858/000007085821000048/bac-20210415.htm,filings/BAC_0000070858_2021-04-15_0000070858-21-000048.txt,8273
BAC,BANK OF AMERICA CORP /DE/,0000070858,2021-04-22,0000070858-21-000055,8-K,5.02; 5.07; 9.01,bac-20210420.htm,https://www.sec.gov/Archives/edgar/data/70858/000007085821000055/bac-20210420.htm,filings/BAC_0000070858_2021-04-22_0000070858-21-000055.txt,9982
BAC,BANK OF AMERICA CORP /DE/,0000070858,2021-06-28,0000070858-21-000072,8-K,8.01; 9.01,bac-20210628.htm,https://www.sec.gov/Archives/edgar/data/70858/000007085821000072/bac-20210628.htm,filings/BAC_0000070858_2021-06-28_0000070858-21-000072.txt,6070
BAC,BANK OF AMERICA CORP /DE/,0000070858,2021-06-29,0000070858-21-000074,8-K,8.01; 9.01,bac-20210621.htm,https://www.sec.gov/Archives/edgar/data/70858/000007085821000074/bac-20210621.htm,filings/BAC_0000070858_2021-06-29_0000070858-21-000074.txt,6778
BAC,BANK OF AMERICA CORP /DE/,0000070858,2021-07-14,0000070858-21-000079,8-K,2.02; 7.01; 9.01,bac-20210714.htm,https://www.sec.gov/Archives/edgar/data/70858/000007085821000079/bac-20210714.htm,filings/BAC_0000070858_2021-07-14_0000070858-21-000079.txt,7426
BAC,BANK OF AMERICA CORP /DE/,0000070858,2021-08-26,0001193125-21-257413,8-K,5.02; 9.01,d305216d8k.htm,https://www.sec.gov/Archives/edgar/data/70858/000119312521257413/d305216d8k.htm,filings/BAC_0000070858_2021-08-26_0001193125-21-257413.txt,6009
BAC,BANK OF AMERICA CORP /DE/,0000070858,2021-09-10,0000070858-21-000089,8-K,8.01; 9.01,bac-20210910.htm,https://www.sec.gov/Archives/edgar/data/70858/000007085821000089/bac-20210910.htm,filings/BAC_0000070858_2021-09-10_0000070858-21-000089.txt,5477
BAC,BANK OF AMERICA CORP /DE/,0000070858,2021-09-14,0000070858-21-000093,8-K,5.02,bac-20210910.htm,https://www.sec.gov/Archives/edgar/data/70858/000007085821000093/bac-20210910.htm,filings/BAC_0000070858_2021-09-14_0000070858-21-000093.txt,6394
BAC,BANK OF AMERICA CORP /DE/,0000070858,2021-10-14,0000070858-21-000098,8-K,2.02; 7.01; 9.01,bac-20211014.htm,https://www.sec.gov/Archives/edgar/data/70858/000007085821000098/bac-20211014.htm,filings/BAC_0000070858_2021-10-14_0000070858-21-000098.txt,7456
BAC,BANK OF AMERICA CORP /DE/,0000070858,2021-10-20,0000070858-21-000101,8-K,5.02; 8.01; 9.01,bac-20211020.htm,https://www.sec.gov/Archives/edgar/data/70858/000007085821000101/bac-20211020.htm,filings/BAC_0000070858_2021-10-20_0000070858-21-000101.txt,6582
BAC,BANK OF AMERICA CORP /DE/,0000070858,2021-10-26,0001193125-21-308073,8-K,3.03; 5.03; 8.01; 9.01,d210584d8k.htm,https://www.sec.gov/Archives/edgar/data/70858/000119312521308073/d210584d8k.htm,filings/BAC_0000070858_2021-10-26_0001193125-21-308073.txt,8562
BAC,BANK OF AMERICA CORP /DE/,0000070858,2022-01-19,0000070858-22-000009,8-K,2.02; 7.01; 9.01,bac-20220119.htm,https://www.sec.gov/Archives/edgar/data/70858/000007085822000009/bac-20220119.htm,filings/BAC_0000070858_2022-01-19_0000070858-22-000009.txt,7723
BAC,BANK OF AMERICA CORP /DE/,0000070858,2022-01-25,0001193125-22-017096,8-K,3.03; 5.03; 8.01; 9.01,d277350d8k.htm,https://www.sec.gov/Archives/edgar/data/70858/000119312522017096/d277350d8k.htm,filings/BAC_0000070858_2022-01-25_0001193125-22-017096.txt,8318
BAC,BANK OF AMERICA CORP /DE/,0000070858,2022-01-31,0001193125-22-023436,8-K,3.03; 5.03; 8.01; 9.01,d273959d8k.htm,https://www.sec.gov/Archives/edgar/data/70858/000119312522023436/d273959d8k.htm,filings/BAC_0000070858_2022-01-31_0001193125-22-023436.txt,8783
BAC,BANK OF AMERICA CORP /DE/,0000070858,2022-02-04,0000070858-22-000055,8-K,8.01,bac-20220204.htm,https://www.sec.gov/Archives/edgar/data/70858/000007085822000055/bac-20220204.htm,filings/BAC_0000070858_2022-02-04_0000070858-22-000055.txt,11734
BAC,BANK OF AMERICA CORP /DE/,0000070858,2022-02-25,0000070858-22-000069,8-K,5.02,bac-20220222.htm,https://www.sec.gov/Archives/edgar/data/70858/000007085822000069/bac-20220222.htm,filings/BAC_0000070858_2022-02-25_0000070858-22-000069.txt,5891
BAC,BANK OF AMERICA CORP /DE/,0000070858,2022-04-18,0000070858-22-000079,8-K,2.02; 7.01; 9.01,bac-20220418.htm,https://www.sec.gov/Archives/edgar/data/70858/000007085822000079/bac-20220418.htm,filings/BAC_0000070858_2022-04-18_0000070858-22-000079.txt,7739
BAC,BANK OF AMERICA CORP /DE/,0000070858,2022-04-22,0001193125-22-115192,8-K,3.03; 5.03; 8.01; 9.01,d299961d8k.htm,https://www.sec.gov/Archives/edgar/data/70858/000119312522115192/d299961d8k.htm,filings/BAC_0000070858_2022-04-22_0001193125-22-115192.txt,8451
BAC,BANK OF AMERICA CORP /DE/,0000070858,2022-04-27,0000070858-22-000082,8-K,5.07,bac-20220426.htm,https://www.sec.gov/Archives/edgar/data/70858/000007085822000082/bac-20220426.htm,filings/BAC_0000070858_2022-04-27_0000070858-22-000082.txt,8188
BAC,BANK OF AMERICA CORP /DE/,0000070858,2022-07-18,0000070858-22-000105,8-K,2.02; 7.01; 9.01,bac-20220718.htm,https://www.sec.gov/Archives/edgar/data/70858/000007085822000105/bac-20220718.htm,filings/BAC_0000070858_2022-07-18_0000070858-22-000105.txt,7735
BAC,BANK OF AMERICA CORP /DE/,0000070858,2022-09-14,0000070858-22-000119,8-K,5.02; 9.01,bac-20220914.htm,https://www.sec.gov/Archives/edgar/data/70858/000007085822000119/bac-20220914.htm,filings/BAC_0000070858_2022-09-14_0000070858-22-000119.txt,6828
BAC,BANK OF AMERICA CORP /DE/,0000070858,2022-10-07,0001193125-22-259199,8-K,8.01,d305216d8k.htm,https://www.sec.gov/Archives/edgar/data/70858/000119312522259199/d305216d8k.htm,filings/BAC_0000070858_2022-10-07_0001193125-22-259199.txt,6905
BAC,BANK OF AMERICA CORP /DE/,0000070858,2022-10-17,0000070858-22-000125,8-K,2.02; 7.01; 9.01,bac-20221017.htm,https://www.sec.gov/Archives/edgar/data/70858/000007085822000125/bac-20221017.htm,filings/BAC_0000070858_2022-10-17_0000070858-22-000125.txt,7765
BAC,BANK OF AMERICA CORP /DE/,0000070858,2022-12-16,0000070858-22-000147,8-K,5.03; 9.01,bac-20221214.htm,https://www.sec.gov/Archives/edgar/data/70858/000007085822000147/bac-20221214.htm,filings/BAC_0000070858_2022-12-16_0000070858-22-000147.txt,10931
BAC,BANK OF AMERICA CORP /DE/,0000070858,2023-01-13,0000070858-23-000005,8-K,2.02; 7.01; 9.01,bac-20230113.htm,https://www.sec.gov/Archives/edgar/data/70858/000007085823000005/bac-20230113.htm,filings/BAC_0000070858_2023-01-13_0000070858-23-000005.txt,7876
BAC,BANK OF AMERICA CORP /DE/,0000070858,2023-02-03,0000070858-23-000008,8-K,8.01,bac-20230203.htm,https://www.sec.gov/Archives/edgar/data/70858/000007085823000008/bac-20230203.htm,filings/BAC_0000070858_2023-02-03_0000070858-23-000008.txt,11443
BAC,BANK OF AMERICA CORP /DE/,0000070858,2023-03-31,0001193125-23-088102,8-K,8.01; 9.01,d480861d8k.htm,https://www.sec.gov/Archives/edgar/data/70858/000119312523088102/d480861d8k.htm,filings/BAC_0000070858_2023-03-31_0001193125-23-088102.txt,6578
BAC,BANK OF AMERICA CORP /DE/,0000070858,2023-04-18,0000070858-23-000131,8-K,2.02; 7.01; 9.01,bac-20230418.htm,https://www.sec.gov/Archives/edgar/data/70858/000007085823000131/bac-20230418.htm,filings/BAC_0000070858_2023-04-18_0000070858-23-000131.txt,7739
BAC,BANK OF AMERICA CORP /DE/,0000070858,2023-04-28,0000070858-23-000137,8-K,5.02; 5.07; 9.01,bac-20230425.htm,https://www.sec.gov/Archives/edgar/data/70858/000007085823000137/bac-20230425.htm,filings/BAC_0000070858_2023-04-28_0000070858-23-000137.txt,11132
BAC,BANK OF AMERICA CORP /DE/,0000070858,2023-06-26,0001193125-23-175255,8-K,8.01; 9.01,d480317d8k.htm,https://www.sec.gov/Archives/edgar/data/70858/000119312523175255/d480317d8k.htm,filings/BAC_0000070858_2023-06-26_0001193125-23-175255.txt,6449
BAC,BANK OF AMERICA CORP /DE/,0000070858,2023-07-05,0000070858-23-000161,8-K,8.01; 9.01,bac-20230705.htm,https://www.sec.gov/Archives/edgar/data/70858/000007085823000161/bac-20230705.htm,filings/BAC_0000070858_2023-07-05_0000070858-23-000161.txt,6053
BAC,BANK OF AMERICA CORP /DE/,0000070858,2023-07-18,0000070858-23-000166,8-K,2.02; 7.01; 9.01,bac-20230718.htm,https://www.sec.gov/Archives/edgar/data/70858/000007085823000166/bac-20230718.htm,filings/BAC_0000070858_2023-07-18_0000070858-23-000166.txt,7735
BAC,BANK OF AMERICA CORP /DE/,0000070858,2023-09-29,0000070858-23-000245,8-K,8.01,bac-20230929.htm,https://www.sec.gov/Archives/edgar/data/70858/000007085823000245/bac-20230929.htm,filings/BAC_0000070858_2023-09-29_0000070858-23-000245.txt,5459
BAC,BANK OF AMERICA CORP /DE/,0000070858,2023-10-17,0000070858-23-000264,8-K,2.02; 7.01; 9.01,bac-20231017.htm,https://www.sec.gov/Archives/edgar/data/70858/000007085823000264/bac-20231017.htm,filings/BAC_0000070858_2023-10-17_0000070858-23-000264.txt,7765
BAC,BANK OF AMERICA CORP /DE/,0000070858,2024-01-08,0000070858-24-000006,8-K,2.02; 8.01,bac-20240108.htm,https://www.sec.gov/Archives/edgar/data/70858/000007085824000006/bac-20240108.htm,filings/BAC_0000070858_2024-01-08_0000070858-24-000006.txt,9425
BAC,BANK OF AMERICA CORP /DE/,0000070858,2024-01-12,0000070858-24-000011,8-K,2.02; 7.01; 9.01,bac-20240112.htm,https://www.sec.gov/Archives/edgar/data/70858/000007085824000011/bac-20240112.htm,filings/BAC_0000070858_2024-01-12_0000070858-24-000011.txt,7876
BAC,BANK OF AMERICA CORP /DE/,0000070858,2024-02-02,0000070858-24-000027,8-K,8.01,bac-20240202.htm,https://www.sec.gov/Archives/edgar/data/70858/000007085824000027/bac-20240202.htm,filings/BAC_0000070858_2024-02-02_0000070858-24-000027.txt,12303
BAC,BANK OF AMERICA CORP /DE/,0000070858,2024-04-16,0000070858-24-000144,8-K,2.02; 7.01; 9.01,bac-20240416.htm,https://www.sec.gov/Archives/edgar/data/70858/000007085824000144/bac-20240416.htm,filings/BAC_0000070858_2024-04-16_0000070858-24-000144.txt,7739
BAC,BANK OF AMERICA CORP /DE/,0000070858,2024-04-26,0000070858-24-000149,8-K,5.02; 5.07; 9.01,bac-20240424.htm,https://www.sec.gov/Archives/edgar/data/70858/000007085824000149/bac-20240424.htm,filings/BAC_0000070858_2024-04-26_0000070858-24-000149.txt,9971
BAC,BANK OF AMERICA CORP /DE/,0000070858,2024-05-10,0001193125-24-136240,8-K,8.01; 9.01,d806842d8k.htm,https://www.sec.gov/Archives/edgar/data/70858/000119312524136240/d806842d8k.htm,filings/BAC_0000070858_2024-05-10_0001193125-24-136240.txt,7175
BAC,BANK OF AMERICA CORP /DE/,0000070858,2024-06-21,0001193125-24-165715,8-K,8.01; 9.01,d804460d8k.htm,https://www.sec.gov/Archives/edgar/data/70858/000119312524165715/d804460d8k.htm,filings/BAC_0000070858_2024-06-21_0001193125-24-165715.txt,7762
BAC,BANK OF AMERICA CORP /DE/,0000070858,2024-06-28,0000070858-24-000180,8-K,5.03; 9.01,bac-20240626.htm,https://www.sec.gov/Archives/edgar/data/70858/000007085824000180/bac-20240626.htm,filings/BAC_0000070858_2024-06-28_0000070858-24-000180.txt,8649
BAC,BANK OF AMERICA CORP /DE/,0000070858,2024-06-28,0000070858-24-000178,8-K,8.01; 9.01,bac-20240628.htm,https://www.sec.gov/Archives/edgar/data/70858/000007085824000178/bac-20240628.htm,filings/BAC_0000070858_2024-06-28_0000070858-24-000178.txt,6610
BAC,BANK OF AMERICA CORP /DE/,0000070858,2024-07-16,0000070858-24-000186,8-K,2.02; 7.01; 9.01,bac-20240716.htm,https://www.sec.gov/Archives/edgar/data/70858/000007085824000186/bac-20240716.htm,filings/BAC_0000070858_2024-07-16_0000070858-24-000186.txt,7735
BAC,BANK OF AMERICA CORP /DE/,0000070858,2024-07-24,0000070858-24-000194,8-K,8.01; 9.01,bac-20240724.htm,https://www.sec.gov/Archives/edgar/data/70858/000007085824000194/bac-20240724.htm,filings/BAC_0000070858_2024-07-24_0000070858-24-000194.txt,6393
BAC,BANK OF AMERICA CORP /DE/,0000070858,2024-10-15,0000070858-24-000266,8-K,2.02; 7.01; 9.01,bac-20241015.htm,https://www.sec.gov/Archives/edgar/data/70858/000007085824000266/bac-20241015.htm,filings/BAC_0000070858_2024-10-15_0000070858-24-000266.txt,7765
BRK-B,BERKSHIRE HATHAWAY INC,0001067983,2021-01-15,0001193125-21-009818,8-K,8.01; 9.01,d91510d8k.htm,https://www.sec.gov/Archives/edgar/data/1067983/000119312521009818/d91510d8k.htm,filings/BRK-B_0001067983_2021-01-15_0001193125-21-009818.txt,8075
BRK-B,BERKSHIRE HATHAWAY INC,0001067983,2021-03-01,0001193125-21-063192,8-K,2.02; 9.01,d326683d8k.htm,https://www.sec.gov/Archives/edgar/data/1067983/000119312521063192/d326683d8k.htm,filings/BRK-B_0001067983_2021-03-01_0001193125-21-063192.txt,3560
BRK-B,BERKSHIRE HATHAWAY INC,0001067983,2021-04-15,0001193125-21-117638,8-K,8.01; 9.01,d137486d8k.htm,https://www.sec.gov/Archives/edgar/data/1067983/000119312521117638/d137486d8k.htm,filings/BRK-B_0001067983_2021-04-15_0001193125-21-117638.txt,7264
BRK-B,BERKSHIRE HATHAWAY INC,0001067983,2021-05-05,0001193125-21-151913,8-K,2.02; 5.07; 9.01,d240122d8k.htm,https://www.sec.gov/Archives/edgar/data/1067983/000119312521151913/d240122d8k.htm,filings/BRK-B_0001067983_2021-05-05_0001193125-21-151913.txt,5021
BRK-B,BERKSHIRE HATHAWAY INC,0001067983,2021-08-09,0001193125-21-240173,8-K,2.02; 9.01,d210269d8k.htm,https://www.sec.gov/Archives/edgar/data/1067983/000119312521240173/d210269d8k.htm,filings/BRK-B_0001067983_2021-08-09_0001193125-21-240173.txt,3560
BRK-B,BERKSHIRE HATHAWAY INC,0001067983,2021-10-20,0001193125-21-303124,8-K,5.02; 9.01,d398205d8k.htm,https://www.sec.gov/Archives/edgar/data/1067983/000119312521303124/d398205d8k.htm,filings/BRK-B_0001067983_2021-10-20_0001193125-21-303124.txt,4058
BRK-B,BERKSHIRE HATHAWAY INC,0001067983,2021-11-08,0001193125-21-322221,8-K,2.02; 9.01,d245783d8k.htm,https://www.sec.gov/Archives/edgar/data/1067983/000119312521322221/d245783d8k.htm,filings/BRK-B_0001067983_2021-11-08_0001193125-21-322221.txt,3573
BRK-B,BERKSHIRE HATHAWAY INC,0001067983,2022-01-25,0001193125-22-016941,8-K,8.01; 9.01,d241734d8k.htm,https://www.sec.gov/Archives/edgar/data/1067983/000119312522016941/d241734d8k.htm,filings/BRK-B_0001067983_2022-01-25_0001193125-22-016941.txt,8901
BRK-B,BERKSHIRE HATHAWAY INC,0001067983,2022-02-18,0001193125-22-046708,8-K,3.01; 5.02; 9.01,d239542d8k.htm,https://www.sec.gov/Archives/edgar/data/1067983/000119312522046708/d239542d8k.htm,filings/BRK-B_0001067983_2022-02-18_0001193125-22-046708.txt,4794
BRK-B,BERKSHIRE HATHAWAY INC,0001067983,2022-03-01,0001193125-22-060362,8-K,2.02; 9.01,d269783d8k.htm,https://www.sec.gov/Archives/edgar/data/1067983/000119312522060362/d269783d8k.htm,filings/BRK-B_0001067983_2022-03-01_0001193125-22-060362.txt,3586
BRK-B,BERKSHIRE HATHAWAY INC,0001067983,2022-03-15,0001193125-22-076089,8-K,8.01; 9.01,d317241d8k.htm,https://www.sec.gov/Archives/edgar/data/1067983/000119312522076089/d317241d8k.htm,filings/BRK-B_0001067983_2022-03-15_0001193125-22-076089.txt,7491
BRK-B,BERKSHIRE HATHAWAY INC,0001067983,2022-03-18,0001193125-22-079550,8-K,8.01; 9.01,d318449d8k.htm,https://www.sec.gov/Archives/edgar/data/1067983/000119312522079550/d318449d8k.htm,filings/BRK-B_0001067983_2022-03-18_0001193125-22-079550.txt,6964
BRK-B,BERKSHIRE HATHAWAY INC,0001067983,2022-05-04,0001193125-22-140533,8-K,2.02; 5.03; 5.07; 8.01; 9.01,d308971d8k.htm,https://www.sec.gov/Archives/edgar/data/1067983/000119312522140533/d308971d8k.htm,filings/BRK-B_0001067983_2022-05-04_0001193125-22-140533.txt,7694
BRK-B,BERKSHIRE HATHAWAY INC,0001067983,2022-10-04,0001193125-22-257636,8-K,3.01,d393267d8k.htm,https://www.sec.gov/Archives/edgar/data/1067983/000119312522257636/d393267d8k.htm,filings/BRK-B_0001067983_2022-10-04_0001193125-22-257636.txt,4225
BRK-B,BERKSHIRE HATHAWAY INC,0001067983,2022-11-08,0001193125-22-280284,8-K,2.02; 9.01,d378788d8k.htm,https://www.sec.gov/Archives/edgar/data/1067983/000119312522280284/d378788d8k.htm,filings/BRK-B_0001067983_2022-11-08_0001193125-22-280284.txt,3633
BRK-B,BERKSHIRE HATHAWAY INC,0001067983,2022-12-08,0001193125-22-301017,8-K,8.01; 9.01,d420179d8k.htm,https://www.sec.gov/Archives/edgar/data/1067983/000119312522301017/d420179d8k.htm,filings/BRK-B_0001067983_2022-12-08_0001193125-22-301017.txt,8962
BRK-B,BERKSHIRE HATHAWAY INC,0001067983,2022-12-19,0001193125-22-308039,8-K,5.02; 9.01,d435103d8k.htm,https://www.sec.gov/Archives/edgar/data/1067983/000119312522308039/d435103d8k.htm,filings/BRK-B_0001067983_2022-12-19_0001193125-22-308039.txt,4118
BRK-B,BERKSHIRE HATHAWAY INC,0001067983,2023-03-01,0001193125-23-056259,8-K,2.02; 9.01,d305559d8k.htm,https://www.sec.gov/Archives/edgar/data/1067983/000119312523056259/d305559d8k.htm,filings/BRK-B_0001067983_2023-03-01_0001193125-23-056259.txt,3552
BRK-B,BERKSHIRE HATHAWAY INC,0001067983,2023-04-20,0001193125-23-108422,8-K,8.01; 9.01,d840535d8k.htm,https://www.sec.gov/Archives/edgar/data/1067983/000119312523108422/d840535d8k.htm,filings/BRK-B_0001067983_2023-04-20_0001193125-23-108422.txt,8326
BRK-B,BERKSHIRE HATHAWAY INC,0001067983,2023-05-02,0001193125-23-130806,8-K,8.01; 9.01,d490324d8k.htm,https://www.sec.gov/Archives/edgar/data/1067983/000119312523130806/d490324d8k.htm,filings/BRK-B_0001067983_2023-05-02_0001193125-23-130806.txt,3583
BRK-B,BERKSHIRE HATHAWAY INC,0001067983,2023-05-10,0001193125-23-140854,8-K,2.02; 5.03; 5.07; 9.01,d501487d8k.htm,https://www.sec.gov/Archives/edgar/data/1067983/000119312523140854/d501487d8k.htm,filings/BRK-B_0001067983_2023-05-10_0001193125-23-140854.txt,7957
BRK-B,BERKSHIRE HATHAWAY INC,0001067983,2023-08-07,0001193125-23-204791,8-K,2.02; 9.01,d531572d8k.htm,https://www.sec.gov/Archives/edgar/data/1067983/000119312523204791/d531572d8k.htm,filings/BRK-B_0001067983_2023-08-07_0001193125-23-204791.txt,3494
BRK-B,BERKSHIRE HATHAWAY INC,0001067983,2023-11-07,0001193125-23-272204,8-K,2.02; 9.01,d564412d8k.htm,https://www.sec.gov/Archives/edgar/data/1067983/000119312523272204/d564412d8k.htm,filings/BRK-B_0001067983_2023-11-07_0001193125-23-272204.txt,3503
BRK-B,BERKSHIRE HATHAWAY INC,0001067983,2023-11-29,0001193125-23-285240,8-K,8.01; 9.01,d907061d8k.htm,https://www.sec.gov/Archives/edgar/data/1067983/000119312523285240/d907061d8k.htm,filings/BRK-B_0001067983_2023-11-29_0001193125-23-285240.txt,8323
BRK-B,BERKSHIRE HATHAWAY INC,0001067983,2023-12-01,0001193125-23-286867,8-K,8.01; 9.01,d551397d8k.htm,https://www.sec.gov/Archives/edgar/data/1067983/000119312523286867/d551397d8k.htm,filings/BRK-B_0001067983_2023-12-01_0001193125-23-286867.txt,3441
BRK-B,BERKSHIRE HATHAWAY INC,0001067983,2024-01-10,0001193125-24-005943,8-K,8.01; 9.01,d93457d8k.htm,https://www.sec.gov/Archives/edgar/data/1067983/000119312524005943/d93457d8k.htm,filings/BRK-B_0001067983_2024-01-10_0001193125-24-005943.txt,3594
BRK-B,BERKSHIRE HATHAWAY INC,0001067983,2024-02-26,0001193125-24-045977,8-K,2.02; 9.01,d795719d8k.htm,https://www.sec.gov/Archives/edgar/data/1067983/000119312524045977/d795719d8k.htm,filings/BRK-B_0001067983_2024-02-26_0001193125-24-045977.txt,3499
BRK-B,BERKSHIRE HATHAWAY INC,0001067983,2024-04-26,0001193125-24-116833,8-K,8.01; 9.01,d818397d8k.htm,https://www.sec.gov/Archives/edgar/data/1067983/000119312524116833/d818397d8k.htm,filings/BRK-B_0001067983_2024-04-26_0001193125-24-116833.txt,9271
BRK-B,BERKSHIRE HATHAWAY INC,0001067983,2024-05-07,0001193125-24-133049,8-K,2.02; 5.07; 9.01,d759664d8k.htm,https://www.sec.gov/Archives/edgar/data/1067983/000119312524133049/d759664d8k.htm,filings/BRK-B_0001067983_2024-05-07_0001193125-24-133049.txt,6034
BRK-B,BERKSHIRE HATHAWAY INC,0001067983,2024-08-05,0001193125-24-193776,8-K,2.02; 9.01,d876927d8k.htm,https://www.sec.gov/Archives/edgar/data/1067983/000119312524193776/d876927d8k.htm,filings/BRK-B_0001067983_2024-08-05_0001193125-24-193776.txt,3431
BRK-B,BERKSHIRE HATHAWAY INC,0001067983,2024-10-23,0001193125-24-241941,8-K,8.01; 9.01,d840653d8k.htm,https://www.sec.gov/Archives/edgar/data/1067983/000119312524241941/d840653d8k.htm,filings/BRK-B_0001067983_2024-10-23_0001193125-24-241941.txt,9220
BRK-B,BERKSHIRE HATHAWAY INC,0001067983,2024-11-04,0001193125-24-250195,8-K,2.02; 9.01,d900981d8k.htm,https://www.sec.gov/Archives/edgar/data/1067983/000119312524250195/d900981d8k.htm,filings/BRK-B_0001067983_2024-11-04_0001193125-24-250195.txt,3445
CAT,CATERPILLAR INC,0000018230,2021-01-29,0000018230-21-000026,8-K,2.02; 7.01; 9.01,cat-20210129.htm,https://www.sec.gov/Archives/edgar/data/18230/000001823021000026/cat-20210129.htm,filings/CAT_0000018230_2021-01-29_0000018230-21-000026.txt,3678
CAT,CATERPILLAR INC,0000018230,2021-02-09,0000018230-21-000039,8-K,5.03; 9.01,cat-20210209.htm,https://www.sec.gov/Archives/edgar/data/18230/000001823021000039/cat-20210209.htm,filings/CAT_0000018230_2021-02-09_0000018230-21-000039.txt,4319
CAT,CATERPILLAR INC,0000018230,2021-03-03,0000018230-21-000106,8-K,5.02; 9.01,cat-20210303.htm,https://www.sec.gov/Archives/edgar/data/18230/000001823021000106/cat-20210303.htm,filings/CAT_0000018230_2021-03-03_0000018230-21-000106.txt,3529
CAT,CATERPILLAR INC,0000018230,2021-03-12,0001104659-21-035534,8-K,8.01; 9.01,tm218116d4_8k.htm,https://www.sec.gov/Archives/edgar/data/18230/000110465921035534/tm218116d4_8k.htm,filings/CAT_0000018230_2021-03-12_0001104659-21-035534.txt,7118
CAT,CATERPILLAR INC,0000018230,2021-04-16,0000018230-21-000138,8-K,5.02; 9.01,cat-20210414.htm,https://www.sec.gov/Archives/edgar/data/18230/000001823021000138/cat-20210414.htm,filings/CAT_0000018230_2021-04-16_0000018230-21-000138.txt,3756
CAT,CATERPILLAR INC,0000018230,2021-04-29,0000018230-21-000145,8-K,2.02; 7.01; 9.01,cat-20210429.htm,https://www.sec.gov/Archives/edgar/data/18230/000001823021000145/cat-20210429.htm,filings/CAT_0000018230_2021-04-29_0000018230-21-000145.txt,3598
CAT,CATERPILLAR INC,0000018230,2021-06-09,0000018230-21-000171,8-K,8.01,cat-20210609.htm,https://www.sec.gov/Archives/edgar/data/18230/000001823021000171/cat-20210609.htm,filings/CAT_0000018230_2021-06-09_0000018230-21-000171.txt,3416
CAT,CATERPILLAR INC,0000018230,2021-06-11,0000018230-21-000174,8-K,5.07; 9.01,cat-20210611.htm,https://www.sec.gov/Archives/edgar/data/18230/000001823021000174/cat-20210611.htm,filings/CAT_0000018230_2021-06-11_0000018230-21-000174.txt,5756
CAT,CATERPILLAR INC,0000018230,2021-07-30,0000018230-21-000218,8-K,2.02; 7.01; 9.01,cat-20210730.htm,https://www.sec.gov/Archives/edgar/data/18230/000001823021000218/cat-20210730.htm,filings/CAT_0000018230_2021-07-30_0000018230-21-000218.txt,3594
CAT,CATERPILLAR INC,0000018230,2021-09-08,0000018230-21-000233,8-K,1.01; 9.01,cat-20210908.htm,https://www.sec.gov/Archives/edgar/data/18230/000001823021000233/cat-20210908.htm,filings/CAT_0000018230_2021-09-08_0000018230-21-000233.txt,8721
CAT,CATERPILLAR INC,0000018230,2021-10-28,0000018230-21-000251,8-K,2.02; 7.01; 9.01,cat-20211028.htm,https://www.sec.gov/Archives/edgar/data/18230/000001823021000251/cat-20211028.htm,filings/CAT_0000018230_2021-10-28_0000018230-21-000251.txt,3611
CAT,CATERPILLAR INC,0000018230,2022-01-28,0000018230-22-000014,8-K,2.02; 7.01; 9.01,cat-20220128.htm,https://www.sec.gov/Archives/edgar/data/18230/000001823022000014/cat-20220128.htm,filings/CAT_0000018230_2022-01-28_0000018230-22-000014.txt,3610
CAT,CATERPILLAR INC,0000018230,2022-02-07,0000018230-22-000019,8-K,5.02; 9.01,cat-20220207.htm,https://www.sec.gov/Archives/edgar/data/18230/000001823022000019/cat-20220207.htm,filings/CAT_0000018230_2022-02-07_0000018230-22-000019.txt,3133
CAT,CATERPILLAR INC,0000018230,2022-02-08,0000018230-22-000021,8-K,5.02; 9.01,cat-20220208.htm,https://www.sec.gov/Archives/edgar/data/18230/000001823022000021/cat-20220208.htm,filings/CAT_0000018230_2022-02-08_0000018230-22-000021.txt,2862
CAT,CATERPILLAR INC,0000018230,2022-02-15,0000018230-22-000048,8-K,5.02; 9.01,cat-20220215.htm,https://www.sec.gov/Archives/edgar/data/18230/000001823022000048/cat-20220215.htm,filings/CAT_0000018230_2022-02-15_0000018230-22-000048.txt,3420
CAT,CATERPILLAR INC,0000018230,2022-04-28,0000018230-22-000107,8-K,2.02; 7.01; 9.01,cat-20220428.htm,https://www.sec.gov/Archives/edgar/data/18230/000001823022000107/cat-20220428.htm,filings/CAT_0000018230_2022-04-28_0000018230-22-000107.txt,3598
CAT,CATERPILLAR INC,0000018230,2022-06-14,0000018230-22-000146,8-K,5.03; 5.07; 7.01; 9.01,cat-20220614.htm,https://www.sec.gov/Archives/edgar/data/18230/000001823022000146/cat-20220614.htm,filings/CAT_0000018230_2022-06-14_0000018230-22-000146.txt,7417
CAT,CATERPILLAR INC,0000018230,2022-08-02,0000018230-22-000178,8-K,2.02; 7.01; 9.01,cat-20220802.htm,https://www.sec.gov/Archives/edgar/data/18230/000001823022000178/cat-20220802.htm,filings/CAT_0000018230_2022-08-02_0000018230-22-000178.txt,3597
CAT,CATERPILLAR INC,0000018230,2022-09-06,0000018230-22-000199,8-K,1.01; 2.03; 9.01,cat-20220906.htm,https://www.sec.gov/Archives/edgar/data/18230/000001823022000199/cat-20220906.htm,filings/CAT_0000018230_2022-09-06_0000018230-22-000199.txt,8969
CAT,CATERPILLAR INC,0000018230,2022-09-08,0000018230-22-000202,8-K,8.01; 9.01,cat-20220908.htm,https://www.sec.gov/Archives/edgar/data/18230/000001823022000202/cat-20220908.htm,filings/CAT_0000018230_2022-09-08_0000018230-22-000202.txt,3599
CAT,CATERPILLAR INC,0000018230,2022-10-13,0000018230-22-000212,8-K,8.01; 9.01,cat-20221013.htm,https://www.sec.gov/Archives/edgar/data/18230/000001823022000212/cat-20221013.htm,filings/CAT_0000018230_2022-10-13_0000018230-22-000212.txt,2995
CAT,CATERPILLAR INC,0000018230,2022-10-27,0000018230-22-000216,8-K,2.02; 7.01; 9.01,cat-20221027.htm,https://www.sec.gov/Archives/edgar/data/18230/000001823022000216/cat-20221027.htm,filings/CAT_0000018230_2022-10-27_0000018230-22-000216.txt,3610
CAT,CATERPILLAR INC,0000018230,2023-01-31,0000018230-23-000005,8-K,2.02; 7.01; 9.01,cat-20230131.htm,https://www.sec.gov/Archives/edgar/data/18230/000001823023000005/cat-20230131.htm,filings/CAT_0000018230_2023-01-31_0000018230-23-000005.txt,3606
CAT,CATERPILLAR INC,0000018230,2023-02-02,0000018230-23-000007,8-K,5.02; 9.01,cat-20230127.htm,https://www.sec.gov/Archives/edgar/data/18230/000001823023000007/cat-20230127.htm,filings/CAT_0000018230_2023-02-02_0000018230-23-000007.txt,4263
CAT,CATERPILLAR INC,0000018230,2023-04-27,0000018230-23-000017,8-K,2.02; 7.01; 9.01,cat-20230427.htm,https://www.sec.gov/Archives/edgar/data/18230/000001823023000017/cat-20230427.htm,filings/CAT_0000018230_2023-04-27_0000018230-23-000017.txt,3525
CAT,CATERPILLAR INC,0000018230,2023-06-20,0001104659-23-072533,8-K,5.02; 5.07; 7.01; 9.01,tm2318728d1_8k.htm,https://www.sec.gov/Archives/edgar/data/18230/000110465923072533/tm2318728d1_8k.htm,filings/CAT_0000018230_2023-06-20_0001104659-23-072533.txt,9041
CAT,CATERPILLAR INC,0000018230,2023-08-01,0000018230-23-000044,8-K,2.02; 7.01; 9.01,cat-20230801.htm,https://www.sec.gov/Archives/edgar/data/18230/000001823023000044/cat-20230801.htm,filings/CAT_0000018230_2023-08-01_0000018230-23-000044.txt,3518
CAT,CATERPILLAR INC,0000018230,2023-08-09,0000018230-23-000049,8-K,5.02; 9.01,cat-20230808.htm,https://www.sec.gov/Archives/edgar/data/18230/000001823023000049/cat-20230808.htm,filings/CAT_0000018230_2023-08-09_0000018230-23-000049.txt,3339
CAT,CATERPILLAR INC,0000018230,2023-09-01,0001104659-23-097732,8-K,1.01; 2.03; 9.01,tm2325071d1_8k.htm,https://www.sec.gov/Archives/edgar/data/18230/000110465923097732/tm2325071d1_8k.htm,filings/CAT_0000018230_2023-09-01_0001104659-23-097732.txt,8223
CAT,CATERPILLAR INC,0000018230,2023-10-16,0000018230-23-000051,8-K,5.02; 9.01,cat-20231011.htm,https://www.sec.gov/Archives/edgar/data/18230/000001823023000051/cat-20231011.htm,filings/CAT_0000018230_2023-10-16_0000018230-23-000051.txt,4961
CAT,CATERPILLAR INC,0000018230,2023-10-31,0000018230-23-000054,8-K,2.02; 7.01; 9.01,cat-20231031.htm,https://www.sec.gov/Archives/edgar/data/18230/000001823023000054/cat-20231031.htm,filings/CAT_0000018230_2023-10-31_0000018230-23-000054.txt,3531
CAT,CATERPILLAR INC,0000018230,2023-12-14,0000018230-23-000058,8-K,8.01,cat-20231212.htm,https://www.sec.gov/Archives/edgar/data/18230/000001823023000058/cat-20231212.htm,filings/CAT_0000018230_2023-12-14_0000018230-23-000058.txt,3191
CAT,CATERPILLAR INC,0000018230,2024-02-05,0000018230-24-000005,8-K,2.02; 7.01; 9.01,cat-20240205.htm,https://www.sec.gov/Archives/edgar/data/18230/000001823024000005/cat-20240205.htm,filings/CAT_0000018230_2024-02-05_0000018230-24-000005.txt,3528
CAT,CATERPILLAR INC,0000018230,2024-04-03,0000018230-24-000012,8-K,5.02,cat-20240401.htm,https://www.sec.gov/Archives/edgar/data/18230/000001823024000012/cat-20240401.htm,filings/CAT_0000018230_2024-04-03_0000018230-24-000012.txt,3146
CAT,CATERPILLAR INC,0000018230,2024-04-25,0000018230-24-000016,8-K,2.02; 7.01; 9.01,cat-20240425.htm,https://www.sec.gov/Archives/edgar/data/18230/000001823024000016/cat-20240425.htm,filings/CAT_0000018230_2024-04-25_0000018230-24-000016.txt,3517
CAT,CATERPILLAR INC,0000018230,2024-06-14,0001104659-24-071748,8-K,5.07; 7.01; 9.01,tm2417203d1_8k.htm,https://www.sec.gov/Archives/edgar/data/18230/000110465924071748/tm2417203d1_8k.htm,filings/CAT_0000018230_2024-06-14_0001104659-24-071748.txt,6734
CAT,CATERPILLAR INC,0000018230,2024-08-06,0000018230-24-000042,8-K,2.02; 7.01; 9.01,cat-20240806.htm,https://www.sec.gov/Archives/edgar/data/18230/000001823024000042/cat-20240806.htm,filings/CAT_0000018230_2024-08-06_0000018230-24-000042.txt,3516
CAT,CATERPILLAR INC,0000018230,2024-09-04,0001104659-24-096572,8-K,1.01; 2.03; 9.01,tm2423020d1_8k.htm,https://www.sec.gov/Archives/edgar/data/18230/000110465924096572/tm2423020d1_8k.htm,filings/CAT_0000018230_2024-09-04_0001104659-24-096572.txt,8405
CAT,CATERPILLAR INC,0000018230,2024-10-11,0000018230-24-000047,8-K,2.02; 7.01; 9.01,cat-20241009.htm,https://www.sec.gov/Archives/edgar/data/18230/000001823024000047/cat-20241009.htm,filings/CAT_0000018230_2024-10-11_0000018230-24-000047.txt,3629
CAT,CATERPILLAR INC,0000018230,2024-10-30,0000018230-24-000050,8-K,2.02; 7.01; 9.01,cat-20241030.htm,https://www.sec.gov/Archives/edgar/data/18230/000001823024000050/cat-20241030.htm,filings/CAT_0000018230_2024-10-30_0000018230-24-000050.txt,3529
COST,COSTCO WHOLESALE CORP /NEW,0000909832,2021-01-26,0001193125-21-017361,8-K,5.07,d115093d8k.htm,https://www.sec.gov/Archives/edgar/data/909832/000119312521017361/d115093d8k.htm,filings/COST_0000909832_2021-01-26_0001193125-21-017361.txt,3972
COST,COSTCO WHOLESALE CORP /NEW,0000909832,2021-01-26,0001193125-21-016502,8-K,8.01; 9.01,d100960d8k.htm,https://www.sec.gov/Archives/edgar/data/909832/000119312521016502/d100960d8k.htm,filings/COST_0000909832_2021-01-26_0001193125-21-016502.txt,2823
COST,COSTCO WHOLESALE CORP /NEW,0000909832,2021-03-04,0001193125-21-069673,8-K,2.02; 9.01,d100504d8k.htm,https://www.sec.gov/Archives/edgar/data/909832/000119312521069673/d100504d8k.htm,filings/COST_0000909832_2021-03-04_0001193125-21-069673.txt,2826
COST,COSTCO WHOLESALE CORP /NEW,0000909832,2021-04-14,0001193125-21-116374,8-K,8.01; 9.01,d135001d8k.htm,https://www.sec.gov/Archives/edgar/data/909832/000119312521116374/d135001d8k.htm,filings/COST_0000909832_2021-04-14_0001193125-21-116374.txt,2849
COST,COSTCO WHOLESALE CORP /NEW,0000909832,2021-05-27,0001193125-21-175491,8-K,2.02; 9.01,d168243d8k.htm,https://www.sec.gov/Archives/edgar/data/909832/000119312521175491/d168243d8k.htm,filings/COST_0000909832_2021-05-27_0001193125-21-175491.txt,2823
COST,COSTCO WHOLESALE CORP /NEW,0000909832,2021-07-14,0001193125-21-214773,8-K,8.01; 9.01,d201780d8k.htm,https://www.sec.gov/Archives/edgar/data/909832/000119312521214773/d201780d8k.htm,filings/COST_0000909832_2021-07-14_0001193125-21-214773.txt,2792
COST,COSTCO WHOLESALE CORP /NEW,0000909832,2021-09-03,0001193125-21-265542,8-K,5.02,d197612d8k.htm,https://www.sec.gov/Archives/edgar/data/909832/000119312521265542/d197612d8k.htm,filings/COST_0000909832_2021-09-03_0001193125-21-265542.txt,3114
COST,COSTCO WHOLESALE CORP /NEW,0000909832,2021-09-23,0001193125-21-280728,8-K,2.02; 9.01,d233121d8k.htm,https://www.sec.gov/Archives/edgar/data/909832/000119312521280728/d233121d8k.htm,filings/COST_0000909832_2021-09-23_0001193125-21-280728.txt,2744
COST,COSTCO WHOLESALE CORP /NEW,0000909832,2021-10-13,0001193125-21-297919,8-K,8.01; 9.01,d237606d8k.htm,https://www.sec.gov/Archives/edgar/data/909832/000119312521297919/d237606d8k.htm,filings/COST_0000909832_2021-10-13_0001193125-21-297919.txt,2737
COST,COSTCO WHOLESALE CORP /NEW,0000909832,2021-11-10,0001193125-21-325451,8-K,5.02; 9.01,d167405d8k.htm,https://www.sec.gov/Archives/edgar/data/909832/000119312521325451/d167405d8k.htm,filings/COST_0000909832_2021-11-10_0001193125-21-325451.txt,4450
COST,COSTCO WHOLESALE CORP /NEW,0000909832,2021-12-09,0001193125-21-352764,8-K,2.02; 9.01,d241963d8k.htm,https://www.sec.gov/Archives/edgar/data/909832/000119312521352764/d241963d8k.htm,filings/COST_0000909832_2021-12-09_0001193125-21-352764.txt,2729
COST,COSTCO WHOLESALE CORP /NEW,0000909832,2022-01-20,0001193125-22-013868,8-K,8.01; 9.01,d296761d8k.htm,https://www.sec.gov/Archives/edgar/data/909832/000119312522013868/d296761d8k.htm,filings/COST_0000909832_2022-01-20_0001193125-22-013868.txt,2820
COST,COSTCO WHOLESALE CORP /NEW,0000909832,2022-01-25,0001193125-22-016856,8-K,5.07,d289189d8k.htm,https://www.sec.gov/Archives/edgar/data/909832/000119312522016856/d289189d8k.htm,filings/COST_0000909832_2022-01-25_0001193125-22-016856.txt,4969
COST,COSTCO WHOLESALE CORP /NEW,0000909832,2022-02-03,0001193125-22-027035,8-K,5.02,d497640d8k.htm,https://www.sec.gov/Archives/edgar/data/909832/000119312522027035/d497640d8k.htm,filings/COST_0000909832_2022-02-03_0001193125-22-027035.txt,3243
COST,COSTCO WHOLESALE CORP /NEW,0000909832,2022-03-04,0001193125-22-065629,8-K,2.02; 9.01,d264475d8k.htm,https://www.sec.gov/Archives/edgar/data/909832/000119312522065629/d264475d8k.htm,filings/COST_0000909832_2022-03-04_0001193125-22-065629.txt,2917
COST,COSTCO WHOLESALE CORP /NEW,0000909832,2022-03-09,0001193125-22-070653,8-K,5.02,d283681d8k.htm,https://www.sec.gov/Archives/edgar/data/909832/000119312522070653/d283681d8k.htm,filings/COST_0000909832_2022-03-09_0001193125-22-070653.txt,3098
COST,COSTCO WHOLESALE CORP /NEW,0000909832,2022-04-13,0001193125-22-104414,8-K,8.01; 9.01,d321332d8k.htm,https://www.sec.gov/Archives/edgar/data/909832/000119312522104414/d321332d8k.htm,filings/COST_0000909832_2022-04-13_0001193125-22-104414.txt,2848
COST,COSTCO WHOLESALE CORP /NEW,0000909832,2022-05-06,0001193125-22-143698,8-K,5.02,d301283d8k.htm,https://www.sec.gov/Archives/edgar/data/909832/000119312522143698/d301283d8k.htm,filings/COST_0000909832_2022-05-06_0001193125-22-143698.txt,2866
COST,COSTCO WHOLESALE CORP /NEW,0000909832,2022-05-26,0001193125-22-161034,8-K,2.02; 9.01,d362298d8k.htm,https://www.sec.gov/Archives/edgar/data/909832/000119312522161034/d362298d8k.htm,filings/COST_0000909832_2022-05-26_0001193125-22-161034.txt,2816
COST,COSTCO WHOLESALE CORP /NEW,0000909832,2022-07-13,0001193125-22-192921,8-K,8.01; 9.01,d381572d8k.htm,https://www.sec.gov/Archives/edgar/data/909832/000119312522192921/d381572d8k.htm,filings/COST_0000909832_2022-07-13_0001193125-22-192921.txt,2798
COST,COSTCO WHOLESALE CORP /NEW,0000909832,2022-09-23,0001193125-22-249988,8-K,2.02; 9.01,d327884d8k.htm,https://www.sec.gov/Archives/edgar/data/909832/000119312522249988/d327884d8k.htm,filings/COST_0000909832_2022-09-23_0001193125-22-249988.txt,2832
COST,COSTCO WHOLESALE CORP /NEW,0000909832,2022-10-12,0001193125-22-261321,8-K,8.01; 9.01,d329642d8k.htm,https://www.sec.gov/Archives/edgar/data/909832/000119312522261321/d329642d8k.htm,filings/COST_0000909832_2022-10-12_0001193125-22-261321.txt,2822
COST,COSTCO WHOLESALE CORP /NEW,0000909832,2022-11-09,0001193125-22-281298,8-K,5.02; 9.01,d352180d8k.htm,https://www.sec.gov/Archives/edgar/data/909832/000119312522281298/d352180d8k.htm,filings/COST_0000909832_2022-11-09_0001193125-22-281298.txt,5226
COST,COSTCO WHOLESALE CORP /NEW,0000909832,2022-12-09,0000909832-22-000029,8-K,2.02; 9.01,cost-20221208.htm,https://www.sec.gov/Archives/edgar/data/909832/000090983222000029/cost-20221208.htm,filings/COST_0000909832_2022-12-09_0000909832-22-000029.txt,2782
COST,COSTCO WHOLESALE CORP /NEW,0000909832,2023-01-19,0000909832-23-000004,8-K,8.01; 9.01,cost-20230119.htm,https://www.sec.gov/Archives/edgar/data/909832/000090983223000004/cost-20230119.htm,filings/COST_0000909832_2023-01-19_0000909832-23-000004.txt,2717
COST,COSTCO WHOLESALE CORP /NEW,0000909832,2023-01-25,0000909832-23-000007,8-K,5.07,cost-20230119.htm,https://www.sec.gov/Archives/edgar/data/909832/000090983223000007/cost-20230119.htm,filings/COST_0000909832_2023-01-25_0000909832-23-000007.txt,5008
COST,COSTCO WHOLESALE CORP /NEW,0000909832,2023-03-03,0000909832-23-000010,8-K,2.02; 9.01,cost-20230302.htm,https://www.sec.gov/Archives/edgar/data/909832/000090983223000010/cost-20230302.htm,filings/COST_0000909832_2023-03-03_0000909832-23-000010.txt,2866
COST,COSTCO WHOLESALE CORP /NEW,0000909832,2023-04-19,0000909832-23-000019,8-K,8.01; 9.01,cost-20230419.htm,https://www.sec.gov/Archives/edgar/data/909832/000090983223000019/cost-20230419.htm,filings/COST_0000909832_2023-04-19_0000909832-23-000019.txt,2740
COST,COSTCO WHOLESALE CORP /NEW,0000909832,2023-05-25,0000909832-23-000025,8-K,2.02; 9.01,cost-20230525.htm,https://www.sec.gov/Archives/edgar/data/909832/000090983223000025/cost-20230525.htm,filings/COST_0000909832_2023-05-25_0000909832-23-000025.txt,2803
COST,COSTCO WHOLESALE CORP /NEW,0000909832,2023-08-10,0000909832-23-000034,8-K,5.03; 8.01; 9.01,cost-20230809.htm,https://www.sec.gov/Archives/edgar/data/909832/000090983223000034/cost-20230809.htm,filings/COST_0000909832_2023-08-10_0000909832-23-000034.txt,4571
COST,COSTCO WHOLESALE CORP /NEW,0000909832,2023-08-17,0000909832-23-000036,8-K,5.02; 9.01,cost-20230816.htm,https://www.sec.gov/Archives/edgar/data/909832/000090983223000036/cost-20230816.htm,filings/COST_0000909832_2023-08-17_0000909832-23-000036.txt,2895
COST,COSTCO WHOLESALE CORP /NEW,0000909832,2023-09-26,0000909832-23-000038,8-K,2.02; 9.01,cost-20230926.htm,https://www.sec.gov/Archives/edgar/data/909832/000090983223000038/cost-20230926.htm,filings/COST_0000909832_2023-09-26_0000909832-23-000038.txt,2735
COST,COSTCO WHOLESALE CORP /NEW,0000909832,2023-10-20,0000909832-23-000047,8-K,5.02; 8.01,cost-20231018.htm,https://www.sec.gov/Archives/edgar/data/909832/000090983223000047/cost-20231018.htm,filings/COST_0000909832_2023-10-20_0000909832-23-000047.txt,4005
COST,COSTCO WHOLESALE CORP /NEW,0000909832,2023-11-24,0000909832-23-000049,8-K,5.02; 9.01,cost-20231117.htm,https://www.sec.gov/Archives/edgar/data/909832/000090983223000049/cost-20231117.htm,filings/COST_0000909832_2023-11-24_0000909832-23-000049.txt,5115
COST,COSTCO WHOLESALE CORP /NEW,0000909832,2023-12-14,0000909832-23-000062,8-K,2.02; 8.01; 9.01,cost-20231213.htm,https://www.sec.gov/Archives/edgar/data/909832/000090983223000062/cost-20231213.htm,filings/COST_0000909832_2023-12-14_0000909832-23-000062.txt,3009
COST,COSTCO WHOLESALE CORP /NEW,0000909832,2024-01-22,0000909832-24-000005,8-K/A,5.02,cost-20230816.htm,https://www.sec.gov/Archives/edgar/data/909832/000090983224000005/cost-20230816.htm,filings/COST_0000909832_2024-01-22_0000909832-24-000005.txt,2850
COST,COSTCO WHOLESALE CORP /NEW,0000909832,2024-01-22,0000909832-24-000003,8-K,5.07; 8.01; 9.01,cost-20240118.htm,https://www.sec.gov/Archives/edgar/data/909832/000090983224000003/cost-20240118.htm,filings/COST_0000909832_2024-01-22_0000909832-24-000003.txt,4878
COST,COSTCO WHOLESALE CORP /NEW,0000909832,2024-02-09,0000909832-24-000008,8-K,5.02; 7.01; 9.01,cost-20240205.htm,https://www.sec.gov/Archives/edgar/data/909832/000090983224000008/cost-20240205.htm,filings/COST_0000909832_2024-02-09_0000909832-24-000008.txt,4701
COST,COSTCO WHOLESALE CORP /NEW,0000909832,2024-03-07,0000909832-24-000012,8-K,2.02; 9.01,cost-20240307.htm,https://www.sec.gov/Archives/edgar/data/909832/000090983224000012/cost-20240307.htm,filings/COST_0000909832_2024-03-07_0000909832-24-000012.txt,2790
COST,COSTCO WHOLESALE CORP /NEW,0000909832,2024-04-10,0000909832-24-000020,8-K,8.01; 9.01,cost-20240410.htm,https://www.sec.gov/Archives/edgar/data/909832/000090983224000020/cost-20240410.htm,filings/COST_0000909832_2024-04-10_0000909832-24-000020.txt,2730
COST,COSTCO WHOLESALE CORP /NEW,0000909832,2024-05-30,0000909832-24-000026,8-K,2.02; 9.01,cost-20240530.htm,https://www.sec.gov/Archives/edgar/data/909832/000090983224000026/cost-20240530.htm,filings/COST_0000909832_2024-05-30_0000909832-24-000026.txt,2904
COST,COSTCO WHOLESALE CORP /NEW,0000909832,2024-07-10,0000909832-24-000036,8-K,8.01; 9.01,cost-20240710.htm,https://www.sec.gov/Archives/edgar/data/909832/000090983224000036/cost-20240710.htm,filings/COST_0000909832_2024-07-10_0000909832-24-000036.txt,2691
COST,COSTCO WHOLESALE CORP /NEW,0000909832,2024-09-20,0000909832-24-000039,8-K,5.03; 9.01,cost-20240916.htm,https://www.sec.gov/Archives/edgar/data/909832/000090983224000039/cost-20240916.htm,filings/COST_0000909832_2024-09-20_0000909832-24-000039.txt,3251
COST,COSTCO WHOLESALE CORP /NEW,0000909832,2024-09-26,0000909832-24-000043,8-K,2.02; 9.01,cost-20240926.htm,https://www.sec.gov/Archives/edgar/data/909832/000090983224000043/cost-20240926.htm,filings/COST_0000909832_2024-09-26_0000909832-24-000043.txt,2911
COST,COSTCO WHOLESALE CORP /NEW,0000909832,2024-10-17,0000909832-24-000052,8-K,8.01; 9.01,cost-20241016.htm,https://www.sec.gov/Archives/edgar/data/909832/000090983224000052/cost-20241016.htm,filings/COST_0000909832_2024-10-17_0000909832-24-000052.txt,2709
COST,COSTCO WHOLESALE CORP /NEW,0000909832,2024-11-07,0000909832-24-000054,8-K,5.02; 9.01,cost-20241104.htm,https://www.sec.gov/Archives/edgar/data/909832/000090983224000054/cost-20241104.htm,filings/COST_0000909832_2024-11-07_0000909832-24-000054.txt,4344
COST,COSTCO WHOLESALE CORP /NEW,0000909832,2024-12-12,0000909832-24-000075,8-K,2.02; 9.01,cost-20241212.htm,https://www.sec.gov/Archives/edgar/data/909832/000090983224000075/cost-20241212.htm,filings/COST_0000909832_2024-12-12_0000909832-24-000075.txt,2897
CRM,"SALESFORCE.COM, INC.",0001108524,2021-02-16,0001193125-21-045220,8-K,8.01,d125434d8k.htm,https://www.sec.gov/Archives/edgar/data/1108524/000119312521045220/d125434d8k.htm,filings/CRM_0001108524_2021-02-16_0001193125-21-045220.txt,12982
CRM,"SALESFORCE.COM, INC.",0001108524,2021-02-25,0001108524-21-000007,8-K,2.02; 9.01,crm-20210225.htm,https://www.sec.gov/Archives/edgar/data/1108524/000110852421000007/crm-20210225.htm,filings/CRM_0001108524_2021-02-25_0001108524-21-000007.txt,3839
CRM,"SALESFORCE.COM, INC.",0001108524,2021-03-12,0001108524-21-000009,8-K,5.03; 9.01,crm-20210311.htm,https://www.sec.gov/Archives/edgar/data/1108524/000110852421000009/crm-20210311.htm,filings/CRM_0001108524_2021-03-12_0001108524-21-000009.txt,4454
CRM,"SALESFORCE.COM, INC.",0001108524,2021-03-26,0001108524-21-000017,8-K,5.02,crm-20210322.htm,https://www.sec.gov/Archives/edgar/data/1108524/000110852421000017/crm-20210322.htm,filings/CRM_0001108524_2021-03-26_0001108524-21-000017.txt,7965
CRM,"SALESFORCE.COM, INC.",0001108524,2021-05-12,0001108524-21-000024,8-K,8.01; 9.01,crm-20210506.htm,https://www.sec.gov/Archives/edgar/data/1108524/000110852421000024/crm-20210506.htm,filings/CRM_0001108524_2021-05-12_0001108524-21-000024.txt,4185
CRM,"SALESFORCE.COM, INC.",0001108524,2021-05-27,0001108524-21-000027,8-K,2.02; 9.01,crm-20210527.htm,https://www.sec.gov/Archives/edgar/data/1108524/000110852421000027/crm-20210527.htm,filings/CRM_0001108524_2021-05-27_0001108524-21-000027.txt,3800
CRM,"SALESFORCE.COM, INC.",0001108524,2021-06-14,0001108524-21-000033,8-K,5.02; 5.07; 9.01,crm-20210610.htm,https://www.sec.gov/Archives/edgar/data/1108524/000110852421000033/crm-20210610.htm,filings/CRM_0001108524_2021-06-14_0001108524-21-000033.txt,5340
CRM,"SALESFORCE.COM, INC.",0001108524,2021-06-30,0001193125-21-204769,8-K,1.01; 9.01,d171911d8k.htm,https://www.sec.gov/Archives/edgar/data/1108524/000119312521204769/d171911d8k.htm,filings/CRM_0001108524_2021-06-30_0001193125-21-204769.txt,12192
CRM,"SALESFORCE.COM, INC.",0001108524,2021-07-12,0001193125-21-213170,8-K,1.01; 1.02; 2.03; 8.01; 9.01,d203000d8k.htm,https://www.sec.gov/Archives/edgar/data/1108524/000119312521213170/d203000d8k.htm,filings/CRM_0001108524_2021-07-12_0001193125-21-213170.txt,17149
CRM,"SALESFORCE.COM, INC.",0001108524,2021-07-19,0001193125-21-218021,8-K,8.01,d188807d8k.htm,https://www.sec.gov/Archives/edgar/data/1108524/000119312521218021/d188807d8k.htm,filings/CRM_0001108524_2021-07-19_0001193125-21-218021.txt,3874
CRM,"SALESFORCE.COM, INC.",0001108524,2021-07-21,0001193125-21-220235,8-K,1.01; 2.01; 2.03; 7.01; 9.01,d159530d8k.htm,https://www.sec.gov/Archives/edgar/data/1108524/000119312521220235/d159530d8k.htm,filings/CRM_0001108524_2021-07-21_0001193125-21-220235.txt,9051
CRM,"SALESFORCE.COM, INC.",0001108524,2021-08-18,0001108524-21-000042,8-K,5.02,crm-20210813.htm,https://www.sec.gov/Archives/edgar/data/1108524/000110852421000042/crm-20210813.htm,filings/CRM_0001108524_2021-08-18_0001108524-21-000042.txt,5472
CRM,"SALESFORCE.COM, INC.",0001108524,2021-08-25,0001108524-21-000044,8-K,2.02; 9.01,crm-20210825.htm,https://www.sec.gov/Archives/edgar/data/1108524/000110852421000044/crm-20210825.htm,filings/CRM_0001108524_2021-08-25_0001108524-21-000044.txt,3813
CRM,"SALESFORCE.COM, INC.",0001108524,2021-09-23,0001193125-21-280079,8-K,7.01; 9.01,d228337d8k.htm,https://www.sec.gov/Archives/edgar/data/1108524/000119312521280079/d228337d8k.htm,filings/CRM_0001108524_2021-09-23_0001193125-21-280079.txt,3589
CRM,"SALESFORCE.COM, INC.",0001108524,2021-09-24,0001193125-21-280853,8-K,7.01; 9.01,d233992d8k.htm,https://www.sec.gov/Archives/edgar/data/1108524/000119312521280853/d233992d8k.htm,filings/CRM_0001108524_2021-09-24_0001193125-21-280853.txt,3626
CRM,"SALESFORCE.COM, INC.",0001108524,2021-11-30,0001193125-21-343775,8-K,5.02; 9.01,d217055d8k.htm,https://www.sec.gov/Archives/edgar/data/1108524/000119312521343775/d217055d8k.htm,filings/CRM_0001108524_2021-11-30_0001193125-21-343775.txt,7723
CRM,"SALESFORCE.COM, INC.",0001108524,2021-11-30,0001108524-21-000051,8-K,2.02; 9.01,crm-20211130.htm,https://www.sec.gov/Archives/edgar/data/1108524/000110852421000051/crm-20211130.htm,filings/CRM_0001108524_2021-11-30_0001108524-21-000051.txt,3799
CRM,"SALESFORCE.COM, INC.",0001108524,2022-03-01,0001108524-22-000010,8-K,2.02; 9.01,crm-20220301.htm,https://www.sec.gov/Archives/edgar/data/1108524/000110852422000010/crm-20220301.htm,filings/CRM_0001108524_2022-03-01_0001108524-22-000010.txt,3799
CRM,"Salesforce, Inc.",0001108524,2022-04-04,0001193125-22-094496,8-K,5.03; 9.01,d347891d8k.htm,https://www.sec.gov/Archives/edgar/data/1108524/000119312522094496/d347891d8k.htm,filings/CRM_0001108524_2022-04-04_0001193125-22-094496.txt,3398
CRM,"Salesforce, Inc.",0001108524,2022-05-31,0001108524-22-000019,8-K,2.02; 9.01,crm-20220531.htm,https://www.sec.gov/Archives/edgar/data/1108524/000110852422000019/crm-20220531.htm,filings/CRM_0001108524_2022-05-31_0001108524-22-000019.txt,3765
CRM,"Salesforce, Inc.",0001108524,2022-06-13,0001108524-22-000030,8-K,5.02; 5.07; 9.01,crm-20220609.htm,https://www.sec.gov/Archives/edgar/data/1108524/000110852422000030/crm-20220609.htm,filings/CRM_0001108524_2022-06-13_0001108524-22-000030.txt,6540
CRM,"Salesforce, Inc.",0001108524,2022-08-08,0001193125-22-214922,8-K,5.02,d370871d8k.htm,https://www.sec.gov/Archives/edgar/data/1108524/000119312522214922/d370871d8k.htm,filings/CRM_0001108524_2022-08-08_0001193125-22-214922.txt,4899
CRM,"Salesforce, Inc.",0001108524,2022-08-24,0001108524-22-000038,8-K,2.02; 7.01; 9.01,crm-20220824.htm,https://www.sec.gov/Archives/edgar/data/1108524/000110852422000038/crm-20220824.htm,filings/CRM_0001108524_2022-08-24_0001108524-22-000038.txt,4656
CRM,"Salesforce, Inc.",0001108524,2022-09-21,0001108524-22-000047,8-K,7.01; 9.01,crm-20220921.htm,https://www.sec.gov/Archives/edgar/data/1108524/000110852422000047/crm-20220921.htm,filings/CRM_0001108524_2022-09-21_0001108524-22-000047.txt,3804
CRM,"Salesforce, Inc.",0001108524,2022-11-10,0001108524-22-000049,8-K,5.02,crm-20221107.htm,https://www.sec.gov/Archives/edgar/data/1108524/000110852422000049/crm-20221107.htm,filings/CRM_0001108524_2022-11-10_0001108524-22-000049.txt,3037
CRM,"Salesforce, Inc.",0001108524,2022-11-23,0001108524-22-000054,8-K,5.02,crm-20221121.htm,https://www.sec.gov/Archives/edgar/data/1108524/000110852422000054/crm-20221121.htm,filings/CRM_0001108524_2022-11-23_0001108524-22-000054.txt,3738
CRM,"Salesforce, Inc.",0001108524,2022-11-30,0001108524-22-000059,8-K,5.02; 9.01,crm-20221130.htm,https://www.sec.gov/Archives/edgar/data/1108524/000110852422000059/crm-20221130.htm,filings/CRM_0001108524_2022-11-30_0001108524-22-000059.txt,3720
CRM,"Salesforce, Inc.",0001108524,2022-11-30,0001108524-22-000058,8-K,2.02; 9.01,crm-20221130.htm,https://www.sec.gov/Archives/edgar/data/1108524/000110852422000058/crm-20221130.htm,filings/CRM_0001108524_2022-11-30_0001108524-22-000058.txt,3787
CRM,"Salesforce, Inc.",0001108524,2022-12-16,0001108524-22-000063,8-K,5.03; 9.01,crm-20221215.htm,https://www.sec.gov/Archives/edgar/data/1108524/000110852422000063/crm-20221215.htm,filings/CRM_0001108524_2022-12-16_0001108524-22-000063.txt,4343
CRM,"Salesforce, Inc.",0001108524,2023-01-04,0001108524-23-000003,8-K,2.05; 9.01,crm-20230104.htm,https://www.sec.gov/Archives/edgar/data/1108524/000110852423000003/crm-20230104.htm,filings/CRM_0001108524_2023-01-04_0001108524-23-000003.txt,7613
CRM,"Salesforce, Inc.",0001108524,2023-01-27,0001193125-23-017661,8-K,5.02; 7.01; 9.01,d103146d8k.htm,https://www.sec.gov/Archives/edgar/data/1108524/000119312523017661/d103146d8k.htm,filings/CRM_0001108524_2023-01-27_0001193125-23-017661.txt,6840
CRM,"Salesforce, Inc.",0001108524,2023-03-01,0001108524-23-000007,8-K,2.02; 7.01; 9.01,crm-20230301.htm,https://www.sec.gov/Archives/edgar/data/1108524/000110852423000007/crm-20230301.htm,filings/CRM_0001108524_2023-03-01_0001108524-23-000007.txt,4934
CRM,"Salesforce, Inc.",0001108524,2023-05-31,0001108524-23-000021,8-K,2.02; 9.01,crm-20230531.htm,https://www.sec.gov/Archives/edgar/data/1108524/000110852423000021/crm-20230531.htm,filings/CRM_0001108524_2023-05-31_0001108524-23-000021.txt,3758
CRM,"Salesforce, Inc.",0001108524,2023-06-12,0001108524-23-000029,8-K,5.02; 5.07; 9.01,crm-20230608.htm,https://www.sec.gov/Archives/edgar/data/1108524/000110852423000029/crm-20230608.htm,filings/CRM_0001108524_2023-06-12_0001108524-23-000029.txt,6600
CRM,"Salesforce, Inc.",0001108524,2023-08-30,0001108524-23-000037,8-K,2.02; 9.01,crm-20230830.htm,https://www.sec.gov/Archives/edgar/data/1108524/000110852423000037/crm-20230830.htm,filings/CRM_0001108524_2023-08-30_0001108524-23-000037.txt,3769
CRM,"Salesforce, Inc.",0001108524,2023-11-29,0001108524-23-000046,8-K,2.02; 9.01,crm-20231129.htm,https://www.sec.gov/Archives/edgar/data/1108524/000110852423000046/crm-20231129.htm,filings/CRM_0001108524_2023-11-29_0001108524-23-000046.txt,3780
CRM,"Salesforce, Inc.",0001108524,2024-02-28,0001108524-24-000002,8-K,2.02; 8.01; 9.01,crm-20240228.htm,https://www.sec.gov/Archives/edgar/data/1108524/000110852424000002/crm-20240228.htm,filings/CRM_0001108524_2024-02-28_0001108524-24-000002.txt,5167
CRM,"Salesforce, Inc.",0001108524,2024-05-29,0001108524-24-000007,8-K,2.02; 9.01,crm-20240529.htm,https://www.sec.gov/Archives/edgar/data/1108524/000110852424000007/crm-20240529.htm,filings/CRM_0001108524_2024-05-29_0001108524-24-000007.txt,3750
CRM,"Salesforce, Inc.",0001108524,2024-07-01,0001108524-24-000014,8-K,5.02; 5.03; 5.07; 9.01,crm-20240627.htm,https://www.sec.gov/Archives/edgar/data/1108524/000110852424000014/crm-20240627.htm,filings/CRM_0001108524_2024-07-01_0001108524-24-000014.txt,7916
CRM,"Salesforce, Inc.",0001108524,2024-08-28,0001108524-24-000020,8-K,2.02; 5.02; 9.01,crm-20240828.htm,https://www.sec.gov/Archives/edgar/data/1108524/000110852424000020/crm-20240828.htm,filings/CRM_0001108524_2024-08-28_0001108524-24-000020.txt,5998
CRM,"Salesforce, Inc.",0001108524,2024-09-05,0001108524-24-000024,8-K,7.01; 9.01,crm-20240905.htm,https://www.sec.gov/Archives/edgar/data/1108524/000110852424000024/crm-20240905.htm,filings/CRM_0001108524_2024-09-05_0001108524-24-000024.txt,3731
CRM,"Salesforce, Inc.",0001108524,2024-11-05,0001193125-24-251243,8-K,1.01; 1.02; 2.03; 9.01,d854367d8k.htm,https://www.sec.gov/Archives/edgar/data/1108524/000119312524251243/d854367d8k.htm,filings/CRM_0001108524_2024-11-05_0001193125-24-251243.txt,6700
CRM,"Salesforce, Inc.",0001108524,2024-12-03,0001108524-24-000033,8-K,2.02; 9.01,crm-20241203.htm,https://www.sec.gov/Archives/edgar/data/1108524/000110852424000033/crm-20241203.htm,filings/CRM_0001108524_2024-12-03_0001108524-24-000033.txt,3768
CRM,"Salesforce, Inc.",0001108524,2024-12-10,0001108524-24-000036,8-K,5.03; 9.01,crm-20241205.htm,https://www.sec.gov/Archives/edgar/data/1108524/000110852424000036/crm-20241205.htm,filings/CRM_0001108524_2024-12-10_0001108524-24-000036.txt,4388
CSCO,"CISCO SYSTEMS, INC.",0000858877,2021-01-07,0001193125-21-004250,8-K,5.02,d65555d8k.htm,https://www.sec.gov/Archives/edgar/data/858877/000119312521004250/d65555d8k.htm,filings/CSCO_0000858877_2021-01-07_0001193125-21-004250.txt,5207
CSCO,"CISCO SYSTEMS, INC.",0000858877,2021-02-09,0001193125-21-034339,8-K,2.02; 9.01,d124648d8k.htm,https://www.sec.gov/Archives/edgar/data/858877/000119312521034339/d124648d8k.htm,filings/CSCO_0000858877_2021-02-09_0001193125-21-034339.txt,10510
CSCO,"CISCO SYSTEMS, INC.",0000858877,2021-02-25,0001193125-21-056977,8-K,5.02,d116659d8k.htm,https://www.sec.gov/Archives/edgar/data/858877/000119312521056977/d116659d8k.htm,filings/CSCO_0000858877_2021-02-25_0001193125-21-056977.txt,4156
CSCO,"CISCO SYSTEMS, INC.",0000858877,2021-03-08,0001193125-21-073328,8-K,5.02,d87772d8k.htm,https://www.sec.gov/Archives/edgar/data/858877/000119312521073328/d87772d8k.htm,filings/CSCO_0000858877_2021-03-08_0001193125-21-073328.txt,6359
CSCO,"CISCO SYSTEMS, INC.",0000858877,2021-05-14,0001193125-21-162081,8-K,1.01; 2.03; 9.01,d461773d8k.htm,https://www.sec.gov/Archives/edgar/data/858877/000119312521162081/d461773d8k.htm,filings/CSCO_0000858877_2021-05-14_0001193125-21-162081.txt,7274
CSCO,"CISCO SYSTEMS, INC.",0000858877,2021-05-19,0001193125-21-166614,8-K,2.02; 9.01,d149159d8k.htm,https://www.sec.gov/Archives/edgar/data/858877/000119312521166614/d149159d8k.htm,filings/CSCO_0000858877_2021-05-19_0001193125-21-166614.txt,10483
CSCO,"CISCO SYSTEMS, INC.",0000858877,2021-06-29,0001193125-21-203324,8-K,8.01,d145636d8k.htm,https://www.sec.gov/Archives/edgar/data/858877/000119312521203324/d145636d8k.htm,filings/CSCO_0000858877_2021-06-29_0001193125-21-203324.txt,3286
CSCO,"CISCO SYSTEMS, INC.",0000858877,2021-08-18,0001193125-21-250360,8-K,2.02; 9.01,d198426d8k.htm,https://www.sec.gov/Archives/edgar/data/858877/000119312521250360/d198426d8k.htm,filings/CSCO_0000858877_2021-08-18_0001193125-21-250360.txt,10536
CSCO,"CISCO SYSTEMS, INC.",0000858877,2021-09-27,0001193125-21-284199,8-K,8.01,d148906d8k.htm,https://www.sec.gov/Archives/edgar/data/858877/000119312521284199/d148906d8k.htm,filings/CSCO_0000858877_2021-09-27_0001193125-21-284199.txt,3283
CSCO,"CISCO SYSTEMS, INC.",0000858877,2021-11-17,0001193125-21-332467,8-K,2.02; 9.01,d233827d8k.htm,https://www.sec.gov/Archives/edgar/data/858877/000119312521332467/d233827d8k.htm,filings/CSCO_0000858877_2021-11-17_0001193125-21-332467.txt,10378
CSCO,"CISCO SYSTEMS, INC.",0000858877,2021-12-14,0001193125-21-356837,8-K,5.07; 8.01,d219600d8k.htm,https://www.sec.gov/Archives/edgar/data/858877/000119312521356837/d219600d8k.htm,filings/CSCO_0000858877_2021-12-14_0001193125-21-356837.txt,5098
CSCO,"CISCO SYSTEMS, INC.",0000858877,2021-12-17,0001193125-21-361182,8-K,8.01,d239061d8k.htm,https://www.sec.gov/Archives/edgar/data/858877/000119312521361182/d239061d8k.htm,filings/CSCO_0000858877_2021-12-17_0001193125-21-361182.txt,3305
CSCO,"CISCO SYSTEMS, INC.",0000858877,2022-01-31,0001193125-22-023458,8-K,5.02,d195504d8k.htm,https://www.sec.gov/Archives/edgar/data/858877/000119312522023458/d195504d8k.htm,filings/CSCO_0000858877_2022-01-31_0001193125-22-023458.txt,3005
CSCO,"CISCO SYSTEMS, INC.",0000858877,2022-02-11,0001193125-22-037227,8-K,5.02,d537278d8k.htm,https://www.sec.gov/Archives/edgar/data/858877/000119312522037227/d537278d8k.htm,filings/CSCO_0000858877_2022-02-11_0001193125-22-037227.txt,2795
CSCO,"CISCO SYSTEMS, INC.",0000858877,2022-02-16,0001193125-22-044372,8-K,2.02; 9.01,d235176d8k.htm,https://www.sec.gov/Archives/edgar/data/858877/000119312522044372/d235176d8k.htm,filings/CSCO_0000858877_2022-02-16_0001193125-22-044372.txt,10374
CSCO,"CISCO SYSTEMS, INC.",0000858877,2022-03-28,0001193125-22-086807,8-K,8.01,d288045d8k.htm,https://www.sec.gov/Archives/edgar/data/858877/000119312522086807/d288045d8k.htm,filings/CSCO_0000858877_2022-03-28_0001193125-22-086807.txt,3289
CSCO,"CISCO SYSTEMS, INC.",0000858877,2022-05-18,0001193125-22-154039,8-K,2.02; 9.01,d354715d8k.htm,https://www.sec.gov/Archives/edgar/data/858877/000119312522154039/d354715d8k.htm,filings/CSCO_0000858877_2022-05-18_0001193125-22-154039.txt,11139
CSCO,"CISCO SYSTEMS, INC.",0000858877,2022-06-17,0001193125-22-176552,8-K,8.01,d356775d8k.htm,https://www.sec.gov/Archives/edgar/data/858877/000119312522176552/d356775d8k.htm,filings/CSCO_0000858877_2022-06-17_0001193125-22-176552.txt,3303
CSCO,"CISCO SYSTEMS, INC.",0000858877,2022-08-17,0001193125-22-223250,8-K,2.02; 9.01,d391322d8k.htm,https://www.sec.gov/Archives/edgar/data/858877/000119312522223250/d391322d8k.htm,filings/CSCO_0000858877_2022-08-17_0001193125-22-223250.txt,11313
CSCO,"CISCO SYSTEMS, INC.",0000858877,2022-08-24,0001193125-22-228572,8-K,5.02,d381846d8k.htm,https://www.sec.gov/Archives/edgar/data/858877/000119312522228572/d381846d8k.htm,filings/CSCO_0000858877_2022-08-24_0001193125-22-228572.txt,5173
CSCO,"CISCO SYSTEMS, INC.",0000858877,2022-09-15,0000858877-22-000015,8-K,8.01,csco-20220912.htm,https://www.sec.gov/Archives/edgar/data/858877/000085887722000015/csco-20220912.htm,filings/CSCO_0000858877_2022-09-15_0000858877-22-000015.txt,3408
CSCO,"CISCO SYSTEMS, INC.",0000858877,2022-10-04,0000858877-22-000018,8-K,1.01; 1.02; 9.01,csco-20220929.htm,https://www.sec.gov/Archives/edgar/data/858877/000085887722000018/csco-20220929.htm,filings/CSCO_0000858877_2022-10-04_0000858877-22-000018.txt,4486
CSCO,"CISCO SYSTEMS, INC.",0000858877,2022-11-16,0001628280-22-030151,8-K,5.02,csco-20221115.htm,https://www.sec.gov/Archives/edgar/data/858877/000162828022030151/csco-20221115.htm,filings/CSCO_0000858877_2022-11-16_0001628280-22-030151.txt,3041
CSCO,"CISCO SYSTEMS, INC.",0000858877,2022-11-16,0001193125-22-286782,8-K,2.02; 2.05; 9.01,d385857d8k.htm,https://www.sec.gov/Archives/edgar/data/858877/000119312522286782/d385857d8k.htm,filings/CSCO_0000858877_2022-11-16_0001193125-22-286782.txt,13568
CSCO,"CISCO SYSTEMS, INC.",0000858877,2022-12-09,0000858877-22-000027,8-K,5.07,csco-20221208.htm,https://www.sec.gov/Archives/edgar/data/858877/000085887722000027/csco-20221208.htm,filings/CSCO_0000858877_2022-12-09_0000858877-22-000027.txt,4315
CSCO,"CISCO SYSTEMS, INC.",0000858877,2022-12-16,0000858877-22-000029,8-K,8.01,csco-20221212.htm,https://www.sec.gov/Archives/edgar/data/858877/000085887722000029/csco-20221212.htm,filings/CSCO_0000858877_2022-12-16_0000858877-22-000029.txt,3706
CSCO,"CISCO SYSTEMS, INC.",0000858877,2023-02-15,0001193125-23-040212,8-K,2.02; 9.01,d417697d8k.htm,https://www.sec.gov/Archives/edgar/data/858877/000119312523040212/d417697d8k.htm,filings/CSCO_0000858877_2023-02-15_0001193125-23-040212.txt,11324
CSCO,"CISCO SYSTEMS, INC.",0000858877,2023-02-21,0000858877-23-000006,8-K,5.02,csco-20230221.htm,https://www.sec.gov/Archives/edgar/data/858877/000085887723000006/csco-20230221.htm,filings/CSCO_0000858877_2023-02-21_0000858877-23-000006.txt,3001
CSCO,"CISCO SYSTEMS, INC.",0000858877,2023-03-10,0000858877-23-000009,8-K,5.03; 9.01,csco-20230309.htm,https://www.sec.gov/Archives/edgar/data/858877/000085887723000009/csco-20230309.htm,filings/CSCO_0000858877_2023-03-10_0000858877-23-000009.txt,5768
CSCO,"CISCO SYSTEMS, INC.",0000858877,2023-05-17,0001193125-23-147021,8-K,2.02; 9.01,d479322d8k.htm,https://www.sec.gov/Archives/edgar/data/858877/000119312523147021/d479322d8k.htm,filings/CSCO_0000858877_2023-05-17_0001193125-23-147021.txt,11299
CSCO,"CISCO SYSTEMS, INC.",0000858877,2023-07-19,0000858877-23-000016,8-K,5.02,csco-20230718.htm,https://www.sec.gov/Archives/edgar/data/858877/000085887723000016/csco-20230718.htm,filings/CSCO_0000858877_2023-07-19_0000858877-23-000016.txt,3922
CSCO,"CISCO SYSTEMS, INC.",0000858877,2023-08-16,0001193125-23-214316,8-K,2.02; 9.01,d511414d8k.htm,https://www.sec.gov/Archives/edgar/data/858877/000119312523214316/d511414d8k.htm,filings/CSCO_0000858877_2023-08-16_0001193125-23-214316.txt,11344
CSCO,"CISCO SYSTEMS, INC.",0000858877,2023-09-21,0001193125-23-239165,8-K,1.01; 7.01; 8.01; 9.01,d464532d8k.htm,https://www.sec.gov/Archives/edgar/data/858877/000119312523239165/d464532d8k.htm,filings/CSCO_0000858877_2023-09-21_0001193125-23-239165.txt,24846
CSCO,"CISCO SYSTEMS, INC.",0000858877,2023-09-25,0001193125-23-240975,8-K,7.01,d475968d8k.htm,https://www.sec.gov/Archives/edgar/data/858877/000119312523240975/d475968d8k.htm,filings/CSCO_0000858877_2023-09-25_0001193125-23-240975.txt,11604
CSCO,"CISCO SYSTEMS, INC.",0000858877,2023-10-10,0000858877-23-000025,8-K,5.02,csco-20231004.htm,https://www.sec.gov/Archives/edgar/data/858877/000085887723000025/csco-20231004.htm,filings/CSCO_0000858877_2023-10-10_0000858877-23-000025.txt,5341
CSCO,"CISCO SYSTEMS, INC.",0000858877,2023-11-15,0001193125-23-277891,8-K,2.02; 9.01,d850595d8k.htm,https://www.sec.gov/Archives/edgar/data/858877/000119312523277891/d850595d8k.htm,filings/CSCO_0000858877_2023-11-15_0001193125-23-277891.txt,11323
CSCO,"CISCO SYSTEMS, INC.",0000858877,2023-12-08,0001193125-23-291721,8-K,5.02; 5.07; 9.01,d586570d8k.htm,https://www.sec.gov/Archives/edgar/data/858877/000119312523291721/d586570d8k.htm,filings/CSCO_0000858877_2023-12-08_0001193125-23-291721.txt,6793
CSCO,"CISCO SYSTEMS, INC.",0000858877,2024-02-08,0001193125-24-028353,8-K,1.01; 2.03; 8.01; 9.01,d759983d8k.htm,https://www.sec.gov/Archives/edgar/data/858877/000119312524028353/d759983d8k.htm,filings/CSCO_0000858877_2024-02-08_0001193125-24-028353.txt,7641
CSCO,"CISCO SYSTEMS, INC.",0000858877,2024-02-14,0001193125-24-036201,8-K,2.02; 2.05; 9.01,d719981d8k.htm,https://www.sec.gov/Archives/edgar/data/858877/000119312524036201/d719981d8k.htm,filings/CSCO_0000858877_2024-02-14_0001193125-24-036201.txt,13392
CSCO,"CISCO SYSTEMS, INC.",0000858877,2024-02-26,0001193125-24-046231,8-K,1.01; 2.03; 9.01,d751183d8k.htm,https://www.sec.gov/Archives/edgar/data/858877/000119312524046231/d751183d8k.htm,filings/CSCO_0000858877_2024-02-26_0001193125-24-046231.txt,10494
CSCO,"CISCO SYSTEMS, INC.",0000858877,2024-03-18,0001193125-24-070175,8-K,2.01; 7.01; 9.01,d783088d8k.htm,https://www.sec.gov/Archives/edgar/data/858877/000119312524070175/d783088d8k.htm,filings/CSCO_0000858877_2024-03-18_0001193125-24-070175.txt,7055
CSCO,"CISCO SYSTEMS, INC.",0000858877,2024-05-15,0001193125-24-139371,8-K,2.02; 5.02; 9.01,d826117d8k.htm,https://www.sec.gov/Archives/edgar/data/858877/000119312524139371/d826117d8k.htm,filings/CSCO_0000858877_2024-05-15_0001193125-24-139371.txt,17638
CSCO,"CISCO SYSTEMS, INC.",0000858877,2024-06-14,0000858877-24-000010,8-K,5.02,csco-20240612.htm,https://www.sec.gov/Archives/edgar/data/858877/000085887724000010/csco-20240612.htm,filings/CSCO_0000858877_2024-06-14_0000858877-24-000010.txt,5658
CSCO,"CISCO SYSTEMS, INC.",0000858877,2024-07-19,0000858877-24-000012,8-K,5.02,csco-20240715.htm,https://www.sec.gov/Archives/edgar/data/858877/000085887724000012/csco-20240715.htm,filings/CSCO_0000858877_2024-07-19_0000858877-24-000012.txt,4304
CSCO,"CISCO SYSTEMS, INC.",0000858877,2024-08-14,0001193125-24-200636,8-K,2.02; 2.05; 9.01,d878533d8k.htm,https://www.sec.gov/Archives/edgar/data/858877/000119312524200636/d878533d8k.htm,filings/CSCO_0000858877_2024-08-14_0001193125-24-200636.txt,13268
CSCO,"CISCO SYSTEMS, INC.",0000858877,2024-10-11,0001193125-24-236734,8-K,5.02,d899200d8k.htm,https://www.sec.gov/Archives/edgar/data/858877/000119312524236734/d899200d8k.htm,filings/CSCO_0000858877_2024-10-11_0001193125-24-236734.txt,2832
CSCO,"CISCO SYSTEMS, INC.",0000858877,2024-11-13,0001193125-24-257224,8-K,2.02; 9.01,d875468d8k.htm,https://www.sec.gov/Archives/edgar/data/858877/000119312524257224/d875468d8k.htm,filings/CSCO_0000858877_2024-11-13_0001193125-24-257224.txt,11226
CSCO,"CISCO SYSTEMS, INC.",0000858877,2024-12-11,0000858877-24-000039,8-K,5.07,csco-20241209.htm,https://www.sec.gov/Archives/edgar/data/858877/000085887724000039/csco-20241209.htm,filings/CSCO_0000858877_2024-12-11_0000858877-24-000039.txt,3865
CVX,CHEVRON CORP,0000093410,2021-01-06,0001193125-21-003304,8-K,8.01; 9.01,d10652d8k.htm,https://www.sec.gov/Archives/edgar/data/93410/000119312521003304/d10652d8k.htm,filings/CVX_0000093410_2021-01-06_0001193125-21-003304.txt,8115
CVX,CHEVRON CORP,0000093410,2021-01-29,0000093410-21-000003,8-K,2.02; 9.01,cvx-20210129.htm,https://www.sec.gov/Archives/edgar/data/93410/000009341021000003/cvx-20210129.htm,filings/CVX_0000093410_2021-01-29_0000093410-21-000003.txt,3084
CVX,CHEVRON CORP,0000093410,2021-02-01,0000093410-21-000005,8-K,5.02; 9.01,cvx-20210126.htm,https://www.sec.gov/Archives/edgar/data/93410/000009341021000005/cvx-20210126.htm,filings/CVX_0000093410_2021-02-01_0000093410-21-000005.txt,14325
CVX,CHEVRON CORP,0000093410,2021-04-30,0000093410-21-000012,8-K,2.02; 9.01,cvx-20210430.htm,https://www.sec.gov/Archives/edgar/data/93410/000009341021000012/cvx-20210430.htm,filings/CVX_0000093410_2021-04-30_0000093410-21-000012.txt,3077
CVX,CHEVRON CORP,0000093410,2021-05-28,0000093410-21-000020,8-K,5.07,cvx-20210526.htm,https://www.sec.gov/Archives/edgar/data/93410/000009341021000020/cvx-20210526.htm,filings/CVX_0000093410_2021-05-28_0000093410-21-000020.txt,6255
CVX,CHEVRON CORP,0000093410,2021-07-30,0000093410-21-000028,8-K,2.02; 9.01,cvx-20210730.htm,https://www.sec.gov/Archives/edgar/data/93410/000009341021000028/cvx-20210730.htm,filings/CVX_0000093410_2021-07-30_0000093410-21-000028.txt,3073
CVX,CHEVRON CORP,0000093410,2021-08-02,0000093410-21-000031,8-K,5.02,cvx-20210727.htm,https://www.sec.gov/Archives/edgar/data/93410/000009341021000031/cvx-20210727.htm,filings/CVX_0000093410_2021-08-02_0000093410-21-000031.txt,2926
CVX,CHEVRON CORP,0000093410,2021-10-04,0001193125-21-290504,8-K,8.01; 9.01,d205610d8k.htm,https://www.sec.gov/Archives/edgar/data/93410/000119312521290504/d205610d8k.htm,filings/CVX_0000093410_2021-10-04_0001193125-21-290504.txt,3065
CVX,CHEVRON CORP,0000093410,2021-10-12,0001193125-21-296226,8-K,8.01; 9.01,d241636d8k.htm,https://www.sec.gov/Archives/edgar/data/93410/000119312521296226/d241636d8k.htm,filings/CVX_0000093410_2021-10-12_0001193125-21-296226.txt,3390
CVX,CHEVRON CORP,0000093410,2021-10-29,0000093410-21-000043,8-K,2.02; 9.01,cvx-20211029.htm,https://www.sec.gov/Archives/edgar/data/93410/000009341021000043/cvx-20211029.htm,filings/CVX_0000093410_2021-10-29_0000093410-21-000043.txt,3084
CVX,CHEVRON CORP,0000093410,2022-01-28,0000093410-22-000006,8-K/A,5.02,cvx-20210727.htm,https://www.sec.gov/Archives/edgar/data/93410/000009341022000006/cvx-20210727.htm,filings/CVX_0000093410_2022-01-28_0000093410-22-000006.txt,3335
CVX,CHEVRON CORP,0000093410,2022-01-28,0000093410-22-000004,8-K,2.02; 9.01,cvx-20220128.htm,https://www.sec.gov/Archives/edgar/data/93410/000009341022000004/cvx-20220128.htm,filings/CVX_0000093410_2022-01-28_0000093410-22-000004.txt,3089
CVX,CHEVRON CORP,0000093410,2022-01-31,0000093410-22-000009,8-K,5.02,cvx-20220126.htm,https://www.sec.gov/Archives/edgar/data/93410/000009341022000009/cvx-20220126.htm,filings/CVX_0000093410_2022-01-31_0000093410-22-000009.txt,11470
CVX,CHEVRON CORP,0000093410,2022-02-28,0000950142-22-000839,8-K,7.01; 9.01,eh220229607_8k.htm,https://www.sec.gov/Archives/edgar/data/93410/000095014222000839/eh220229607_8k.htm,filings/CVX_0000093410_2022-02-28_0000950142-22-000839.txt,3383
CVX,CHEVRON CORP,0000093410,2022-04-29,0000093410-22-000023,8-K,2.02; 9.01,cvx-20220429.htm,https://www.sec.gov/Archives/edgar/data/93410/000009341022000023/cvx-20220429.htm,filings/CVX_0000093410_2022-04-29_0000093410-22-000023.txt,3078
CVX,CHEVRON CORP,0000093410,2022-05-27,0000093410-22-000036,8-K,5.02; 9.01,cvx-20220524.htm,https://www.sec.gov/Archives/edgar/data/93410/000009341022000036/cvx-20220524.htm,filings/CVX_0000093410_2022-05-27_0000093410-22-000036.txt,3938
CVX,CHEVRON CORP,0000093410,2022-05-27,0000093410-22-000035,8-K,5.02; 5.07; 9.01,cvx-20220525.htm,https://www.sec.gov/Archives/edgar/data/93410/000009341022000035/cvx-20220525.htm,filings/CVX_0000093410_2022-05-27_0000093410-22-000035.txt,8097
CVX,CHEVRON CORP,0000093410,2022-05-31,0000093410-22-000042,8-K,5.02,cvx-20220525.htm,https://www.sec.gov/Archives/edgar/data/93410/000009341022000042/cvx-20220525.htm,filings/CVX_0000093410_2022-05-31_0000093410-22-000042.txt,5983
CVX,CHEVRON CORP,0000093410,2022-05-31,0000093410-22-000040,8-K,5.02,cvx-20220525.htm,https://www.sec.gov/Archives/edgar/data/93410/000009341022000040/cvx-20220525.htm,filings/CVX_0000093410_2022-05-31_0000093410-22-000040.txt,3558
CVX,CHEVRON CORP,0000093410,2022-06-13,0000950142-22-001875,8-K,7.01; 9.01,eh220260041_8k.htm,https://www.sec.gov/Archives/edgar/data/93410/000095014222001875/eh220260041_8k.htm,filings/CVX_0000093410_2022-06-13_0000950142-22-001875.txt,3233
CVX,CHEVRON CORP,0000093410,2022-07-29,0000093410-22-000062,8-K,2.02; 9.01,cvx-20220729.htm,https://www.sec.gov/Archives/edgar/data/93410/000009341022000062/cvx-20220729.htm,filings/CVX_0000093410_2022-07-29_0000093410-22-000062.txt,3074
CVX,CHEVRON CORP,0000093410,2022-08-01,0001193125-22-208191,8-K,5.02,d356449d8k.htm,https://www.sec.gov/Archives/edgar/data/93410/000119312522208191/d356449d8k.htm,filings/CVX_0000093410_2022-08-01_0001193125-22-208191.txt,3602
CVX,CHEVRON CORP,0000093410,2022-10-28,0000093410-22-000072,8-K,2.02; 9.01,cvx-20221028.htm,https://www.sec.gov/Archives/edgar/data/93410/000009341022000072/cvx-20221028.htm,filings/CVX_0000093410_2022-10-28_0000093410-22-000072.txt,3087
CVX,CHEVRON CORP,0000093410,2022-12-08,0000093410-22-000078,8-K,5.03; 9.01,cvx-20221207.htm,https://www.sec.gov/Archives/edgar/data/93410/000009341022000078/cvx-20221207.htm,filings/CVX_0000093410_2022-12-08_0000093410-22-000078.txt,4281
CVX,CHEVRON CORP,0000093410,2023-01-27,0000093410-23-000005,8-K,5.02; 9.01,cvx-20230124.htm,https://www.sec.gov/Archives/edgar/data/93410/000009341023000005/cvx-20230124.htm,filings/CVX_0000093410_2023-01-27_0000093410-23-000005.txt,13127
CVX,CHEVRON CORP,0000093410,2023-01-27,0000093410-23-000003,8-K,2.02; 8.01; 9.01,cvx-20230125.htm,https://www.sec.gov/Archives/edgar/data/93410/000009341023000003/cvx-20230125.htm,filings/CVX_0000093410_2023-01-27_0000093410-23-000003.txt,4205
CVX,CHEVRON CORP,0000093410,2023-04-28,0000093410-23-000063,8-K,2.02; 9.01,cvx-20230428.htm,https://www.sec.gov/Archives/edgar/data/93410/000009341023000063/cvx-20230428.htm,filings/CVX_0000093410_2023-04-28_0000093410-23-000063.txt,3117
CVX,CHEVRON CORP,0000093410,2023-05-22,0000950142-23-001491,8-K,8.01; 9.01,eh230361398_8k.htm,https://www.sec.gov/Archives/edgar/data/93410/000095014223001491/eh230361398_8k.htm,filings/CVX_0000093410_2023-05-22_0000950142-23-001491.txt,9824
CVX,CHEVRON CORP,0000093410,2023-06-02,0000093410-23-000070,8-K,5.07,cvx-20230531.htm,https://www.sec.gov/Archives/edgar/data/93410/000009341023000070/cvx-20230531.htm,filings/CVX_0000093410_2023-06-02_0000093410-23-000070.txt,7281
CVX,CHEVRON CORP,0000093410,2023-07-24,0000950142-23-002083,8-K,2.02; 9.01,eh230384172_8k.htm,https://www.sec.gov/Archives/edgar/data/93410/000095014223002083/eh230384172_8k.htm,filings/CVX_0000093410_2023-07-24_0000950142-23-002083.txt,3167
CVX,CHEVRON CORP,0000093410,2023-07-26,0000950142-23-002087,8-K,5.02,eh230384175_8k.htm,https://www.sec.gov/Archives/edgar/data/93410/000095014223002087/eh230384175_8k.htm,filings/CVX_0000093410_2023-07-26_0000950142-23-002087.txt,3740
CVX,CHEVRON CORP,0000093410,2023-07-28,0000093410-23-000076,8-K,2.02; 9.01,cvx-20230728.htm,https://www.sec.gov/Archives/edgar/data/93410/000009341023000076/cvx-20230728.htm,filings/CVX_0000093410_2023-07-28_0000093410-23-000076.txt,3111
CVX,CHEVRON CORP,0000093410,2023-08-07,0001193125-23-204557,8-K,8.01; 9.01,d443510d8k.htm,https://www.sec.gov/Archives/edgar/data/93410/000119312523204557/d443510d8k.htm,filings/CVX_0000093410_2023-08-07_0001193125-23-204557.txt,2855
CVX,CHEVRON CORP,0000093410,2023-10-23,0000950142-23-002670,8-K,1.01; 8.01; 9.01,eh230413259_8k-agmt.htm,https://www.sec.gov/Archives/edgar/data/93410/000095014223002670/eh230413259_8k-agmt.htm,filings/CVX_0000093410_2023-10-23_0000950142-23-002670.txt,21415
CVX,CHEVRON CORP,0000093410,2023-10-23,0000950142-23-002657,8-K,8.01; 9.01,eh230413256_8k.htm,https://www.sec.gov/Archives/edgar/data/93410/000095014223002657/eh230413256_8k.htm,filings/CVX_0000093410_2023-10-23_0000950142-23-002657.txt,12690
CVX,CHEVRON CORP,0000093410,2023-10-27,0000093410-23-000085,8-K,2.02; 9.01,cvx-20231027.htm,https://www.sec.gov/Archives/edgar/data/93410/000009341023000085/cvx-20231027.htm,filings/CVX_0000093410_2023-10-27_0000093410-23-000085.txt,3126
CVX,CHEVRON CORP,0000093410,2023-11-24,0000950142-23-002838,8-K/A,5.07,eh230423627_8ka1.htm,https://www.sec.gov/Archives/edgar/data/93410/000095014223002838/eh230423627_8ka1.htm,filings/CVX_0000093410_2023-11-24_0000950142-23-002838.txt,3489
CVX,CHEVRON CORP,0000093410,2023-12-08,0000950142-23-002919,8-K,8.01,eh230427174_8k.htm,https://www.sec.gov/Archives/edgar/data/93410/000095014223002919/eh230427174_8k.htm,filings/CVX_0000093410_2023-12-08_0000950142-23-002919.txt,17096
CVX,CHEVRON CORP,0000093410,2024-01-02,0000093410-24-000002,8-K,2.02,cvx-20240102.htm,https://www.sec.gov/Archives/edgar/data/93410/000009341024000002/cvx-20240102.htm,filings/CVX_0000093410_2024-01-02_0000093410-24-000002.txt,11104
CVX,CHEVRON CORP,0000093410,2024-02-02,0000093410-24-000007,8-K,5.02; 9.01,cvx-20240130.htm,https://www.sec.gov/Archives/edgar/data/93410/000009341024000007/cvx-20240130.htm,filings/CVX_0000093410_2024-02-02_0000093410-24-000007.txt,13514
CVX,CHEVRON CORP,0000093410,2024-02-02,0000093410-24-000006,8-K,2.02; 9.01,cvx-20240202.htm,https://www.sec.gov/Archives/edgar/data/93410/000009341024000006/cvx-20240202.htm,filings/CVX_0000093410_2024-02-02_0000093410-24-000006.txt,3128
CVX,CHEVRON CORP,0000093410,2024-04-26,0000093410-24-000017,8-K,2.02; 9.01,cvx-20240426.htm,https://www.sec.gov/Archives/edgar/data/93410/000009341024000017/cvx-20240426.htm,filings/CVX_0000093410_2024-04-26_0000093410-24-000017.txt,3117
CVX,CHEVRON CORP,0000093410,2024-05-31,0000093410-24-000028,8-K,5.07,cvx-20240529.htm,https://www.sec.gov/Archives/edgar/data/93410/000009341024000028/cvx-20240529.htm,filings/CVX_0000093410_2024-05-31_0000093410-24-000028.txt,5691
CVX,CHEVRON CORP,0000093410,2024-07-31,0000950142-24-002067,8-K,8.01,eh240514687_8k.htm,https://www.sec.gov/Archives/edgar/data/93410/000095014224002067/eh240514687_8k.htm,filings/CVX_0000093410_2024-07-31_0000950142-24-002067.txt,9982
CVX,CHEVRON CORP,0000093410,2024-08-02,0000093410-24-000037,8-K,5.02; 7.01; 9.01,cvx-20240731.htm,https://www.sec.gov/Archives/edgar/data/93410/000009341024000037/cvx-20240731.htm,filings/CVX_0000093410_2024-08-02_0000093410-24-000037.txt,3876
CVX,CHEVRON CORP,0000093410,2024-08-02,0000093410-24-000035,8-K,2.02; 9.01,cvx-20240802.htm,https://www.sec.gov/Archives/edgar/data/93410/000009341024000035/cvx-20240802.htm,filings/CVX_0000093410_2024-08-02_0000093410-24-000035.txt,3124
CVX,CHEVRON CORP,0000093410,2024-09-30,0000950142-24-002464,8-K,8.01; 9.01,eh240536247_8k.htm,https://www.sec.gov/Archives/edgar/data/93410/000095014224002464/eh240536247_8k.htm,filings/CVX_0000093410_2024-09-30_0000950142-24-002464.txt,5490
CVX,CHEVRON CORP,0000093410,2024-10-07,0000093410-24-000052,8-K,8.01; 9.01,cvx-20241004.htm,https://www.sec.gov/Archives/edgar/data/93410/000009341024000052/cvx-20241004.htm,filings/CVX_0000093410_2024-10-07_0000093410-24-000052.txt,2904
CVX,CHEVRON CORP,0000093410,2024-11-01,0000093410-24-000055,8-K,2.02; 9.01,cvx-20241101.htm,https://www.sec.gov/Archives/edgar/data/93410/000009341024000055/cvx-20241101.htm,filings/CVX_0000093410_2024-11-01_0000093410-24-000055.txt,3132
CVX,CHEVRON CORP,0000093410,2024-12-10,0000093410-24-000066,8-K,5.03; 9.01,cvx-20241204.htm,https://www.sec.gov/Archives/edgar/data/93410/000009341024000066/cvx-20241204.htm,filings/CVX_0000093410_2024-12-10_0000093410-24-000066.txt,3697
DIS,Walt Disney Co,0001744489,2021-02-01,0001744489-21-000031,8-K,7.01; 9.01,dis-20210201.htm,https://www.sec.gov/Archives/edgar/data/1744489/000174448921000031/dis-20210201.htm,filings/DIS_0001744489_2021-02-01_0001744489-21-000031.txt,5870
DIS,Walt Disney Co,0001744489,2021-02-11,0001744489-21-000045,8-K,2.02; 9.01,dis-20210211.htm,https://www.sec.gov/Archives/edgar/data/1744489/000174448921000045/dis-20210211.htm,filings/DIS_0001744489_2021-02-11_0001744489-21-000045.txt,2921
DIS,Walt Disney Co,0001744489,2021-03-08,0001193125-21-073374,8-K,8.01; 9.01,d152591d8k.htm,https://www.sec.gov/Archives/edgar/data/1744489/000119312521073374/d152591d8k.htm,filings/DIS_0001744489_2021-03-08_0001193125-21-073374.txt,6206
DIS,Walt Disney Co,0001744489,2021-03-10,0001744489-21-000061,8-K,5.07; 9.01,dis-20210309.htm,https://www.sec.gov/Archives/edgar/data/1744489/000174448921000061/dis-20210309.htm,filings/DIS_0001744489_2021-03-10_0001744489-21-000061.txt,4281
DIS,Walt Disney Co,0001744489,2021-04-01,0001744489-21-000074,8-K,8.01; 9.01,dis-20210401.htm,https://www.sec.gov/Archives/edgar/data/1744489/000174448921000074/dis-20210401.htm,filings/DIS_0001744489_2021-04-01_0001744489-21-000074.txt,6177
DIS,Walt Disney Co,0001744489,2021-04-06,0001744489-21-000097,8-K,5.02; 9.01,dis-20210330.htm,https://www.sec.gov/Archives/edgar/data/1744489/000174448921000097/dis-20210330.htm,filings/DIS_0001744489_2021-04-06_0001744489-21-000097.txt,2997
DIS,Walt Disney Co,0001744489,2021-05-13,0001744489-21-000105,8-K,2.02; 9.01,dis-20210513.htm,https://www.sec.gov/Archives/edgar/data/1744489/000174448921000105/dis-20210513.htm,filings/DIS_0001744489_2021-05-13_0001744489-21-000105.txt,2898
DIS,Walt Disney Co,0001744489,2021-05-27,0001744489-21-000121,8-K,5.02; 9.01,dis-20210527.htm,https://www.sec.gov/Archives/edgar/data/1744489/000174448921000121/dis-20210527.htm,filings/DIS_0001744489_2021-05-27_0001744489-21-000121.txt,4061
DIS,Walt Disney Co,0001744489,2021-07-13,0001744489-21-000172,8-K,5.02; 9.01,dis-20210712.htm,https://www.sec.gov/Archives/edgar/data/1744489/000174448921000172/dis-20210712.htm,filings/DIS_0001744489_2021-07-13_0001744489-21-000172.txt,3599
DIS,Walt Disney Co,0001744489,2021-08-12,0001744489-21-000179,8-K,2.02; 9.01,dis-20210812.htm,https://www.sec.gov/Archives/edgar/data/1744489/000174448921000179/dis-20210812.htm,filings/DIS_0001744489_2021-08-12_0001744489-21-000179.txt,2909
DIS,Walt Disney Co,0001744489,2021-11-10,0001744489-21-000214,8-K,2.02; 9.01,dis-20211110.htm,https://www.sec.gov/Archives/edgar/data/1744489/000174448921000214/dis-20211110.htm,filings/DIS_0001744489_2021-11-10_0001744489-21-000214.txt,2929
DIS,Walt Disney Co,0001744489,2021-12-01,0001744489-21-000230,8-K,5.02; 9.01,dis-20211201.htm,https://www.sec.gov/Archives/edgar/data/1744489/000174448921000230/dis-20211201.htm,filings/DIS_0001744489_2021-12-01_0001744489-21-000230.txt,3399
DIS,Walt Disney Co,0001744489,2021-12-21,0001744489-21-000271,8-K,5.02; 9.01,dis-20211221.htm,https://www.sec.gov/Archives/edgar/data/1744489/000174448921000271/dis-20211221.htm,filings/DIS_0001744489_2021-12-21_0001744489-21-000271.txt,4077
DIS,Walt Disney Co,0001744489,2022-02-09,0001744489-22-000057,8-K,2.02; 9.01,dis-20220209.htm,https://www.sec.gov/Archives/edgar/data/1744489/000174448922000057/dis-20220209.htm,filings/DIS_0001744489_2022-02-09_0001744489-22-000057.txt,2916
DIS,Walt Disney Co,0001744489,2022-03-09,0001193125-22-070595,8-K,8.01; 9.01,d251268d8k.htm,https://www.sec.gov/Archives/edgar/data/1744489/000119312522070595/d251268d8k.htm,filings/DIS_0001744489_2022-03-09_0001193125-22-070595.txt,9084
DIS,Walt Disney Co,0001744489,2022-03-10,0001744489-22-000065,8-K,5.07; 9.01,dis-20220309.htm,https://www.sec.gov/Archives/edgar/data/1744489/000174448922000065/dis-20220309.htm,filings/DIS_0001744489_2022-03-10_0001744489-22-000065.txt,4952
DIS,Walt Disney Co,0001744489,2022-05-11,0001744489-22-000099,8-K,2.02; 9.01,dis-20220511.htm,https://www.sec.gov/Archives/edgar/data/1744489/000174448922000099/dis-20220511.htm,filings/DIS_0001744489_2022-05-11_0001744489-22-000099.txt,2898
DIS,Walt Disney Co,0001744489,2022-06-28,0001744489-22-000121,8-K,5.02; 9.01,dis-20220628.htm,https://www.sec.gov/Archives/edgar/data/1744489/000174448922000121/dis-20220628.htm,filings/DIS_0001744489_2022-06-28_0001744489-22-000121.txt,4227
DIS,Walt Disney Co,0001744489,2022-08-10,0001744489-22-000160,8-K,2.02; 9.01,dis-20220810.htm,https://www.sec.gov/Archives/edgar/data/1744489/000174448922000160/dis-20220810.htm,filings/DIS_0001744489_2022-08-10_0001744489-22-000160.txt,2899
DIS,Walt Disney Co,0001744489,2022-09-30,0001744489-22-000167,8-K,1.01; 5.02; 8.01; 9.01,dis-20220929.htm,https://www.sec.gov/Archives/edgar/data/1744489/000174448922000167/dis-20220929.htm,filings/DIS_0001744489_2022-09-30_0001744489-22-000167.txt,7431
DIS,Walt Disney Co,0001744489,2022-11-08,0001744489-22-000192,8-K,2.02; 9.01,dis-20221108.htm,https://www.sec.gov/Archives/edgar/data/1744489/000174448922000192/dis-20221108.htm,filings/DIS_0001744489_2022-11-08_0001744489-22-000192.txt,2915
DIS,Walt Disney Co,0001744489,2022-11-21,0001744489-22-000200,8-K,5.02; 9.01,dis-20221120.htm,https://www.sec.gov/Archives/edgar/data/1744489/000174448922000200/dis-20221120.htm,filings/DIS_0001744489_2022-11-21_0001744489-22-000200.txt,10805
DIS,Walt Disney Co,0001744489,2023-02-08,0001744489-23-000047,8-K,2.02; 9.01,dis-20230208.htm,https://www.sec.gov/Archives/edgar/data/1744489/000174448923000047/dis-20230208.htm,filings/DIS_0001744489_2023-02-08_0001744489-23-000047.txt,2908
DIS,Walt Disney Co,0001744489,2023-03-07,0001193125-23-063017,8-K,8.01; 9.01,d357807d8k.htm,https://www.sec.gov/Archives/edgar/data/1744489/000119312523063017/d357807d8k.htm,filings/DIS_0001744489_2023-03-07_0001193125-23-063017.txt,6858
DIS,Walt Disney Co,0001744489,2023-03-13,0001193125-23-068592,8-K,5.02; 9.01,d481576d8k.htm,https://www.sec.gov/Archives/edgar/data/1744489/000119312523068592/d481576d8k.htm,filings/DIS_0001744489_2023-03-13_0001193125-23-068592.txt,3065
DIS,Walt Disney Co,0001744489,2023-04-04,0001744489-23-000071,8-K,5.07; 9.01,dis-20230403.htm,https://www.sec.gov/Archives/edgar/data/1744489/000174448923000071/dis-20230403.htm,filings/DIS_0001744489_2023-04-04_0001744489-23-000071.txt,4994
DIS,Walt Disney Co,0001744489,2023-04-20,0001744489-23-000090,8-K,5.02; 9.01,dis-20230418.htm,https://www.sec.gov/Archives/edgar/data/1744489/000174448923000090/dis-20230418.htm,filings/DIS_0001744489_2023-04-20_0001744489-23-000090.txt,3907
DIS,Walt Disney Co,0001744489,2023-05-10,0001744489-23-000097,8-K,2.02; 9.01,dis-20230510.htm,https://www.sec.gov/Archives/edgar/data/1744489/000174448923000097/dis-20230510.htm,filings/DIS_0001744489_2023-05-10_0001744489-23-000097.txt,2888
DIS,Walt Disney Co,0001744489,2023-06-02,0001744489-23-000107,8-K,2.06; 9.01,dis-20230526.htm,https://www.sec.gov/Archives/edgar/data/1744489/000174448923000107/dis-20230526.htm,filings/DIS_0001744489_2023-06-02_0001744489-23-000107.txt,4260
DIS,Walt Disney Co,0001744489,2023-06-12,0001193125-23-164950,8-K,8.01; 9.01,d444039d8k.htm,https://www.sec.gov/Archives/edgar/data/1744489/000119312523164950/d444039d8k.htm,filings/DIS_0001744489_2023-06-12_0001193125-23-164950.txt,4241
DIS,Walt Disney Co,0001744489,2023-06-15,0001744489-23-000112,8-K,5.02; 9.01,dis-20230615.htm,https://www.sec.gov/Archives/edgar/data/1744489/000174448923000112/dis-20230615.htm,filings/DIS_0001744489_2023-06-15_0001744489-23-000112.txt,6287
DIS,Walt Disney Co,0001744489,2023-07-12,0001744489-23-000158,8-K,5.02; 9.01,dis-20230712.htm,https://www.sec.gov/Archives/edgar/data/1744489/000174448923000158/dis-20230712.htm,filings/DIS_0001744489_2023-07-12_0001744489-23-000158.txt,5534
DIS,Walt Disney Co,0001744489,2023-08-09,0001744489-23-000169,8-K,2.02; 9.01,dis-20230809.htm,https://www.sec.gov/Archives/edgar/data/1744489/000174448923000169/dis-20230809.htm,filings/DIS_0001744489_2023-08-09_0001744489-23-000169.txt,2895
DIS,Walt Disney Co,0001744489,2023-09-08,0001193125-23-231673,8-K,8.01; 9.01,d541232d8k.htm,https://www.sec.gov/Archives/edgar/data/1744489/000119312523231673/d541232d8k.htm,filings/DIS_0001744489_2023-09-08_0001193125-23-231673.txt,4674
DIS,Walt Disney Co,0001744489,2023-09-19,0001744489-23-000174,8-K,7.01; 9.01,dis-20230919.htm,https://www.sec.gov/Archives/edgar/data/1744489/000174448923000174/dis-20230919.htm,filings/DIS_0001744489_2023-09-19_0001744489-23-000174.txt,7861
DIS,Walt Disney Co,0001744489,2023-10-18,0001744489-23-000203,8-K,7.01; 9.01,dis-20231018.htm,https://www.sec.gov/Archives/edgar/data/1744489/000174448923000203/dis-20231018.htm,filings/DIS_0001744489_2023-10-18_0001744489-23-000203.txt,4871
DIS,Walt Disney Co,0001744489,2023-11-01,0001744489-23-000206,8-K,8.01; 9.01,dis-20231101.htm,https://www.sec.gov/Archives/edgar/data/1744489/000174448923000206/dis-20231101.htm,filings/DIS_0001744489_2023-11-01_0001744489-23-000206.txt,4769
DIS,Walt Disney Co,0001744489,2023-11-06,0001744489-23-000209,8-K,5.02; 9.01,dis-20231102.htm,https://www.sec.gov/Archives/edgar/data/1744489/000174448923000209/dis-20231102.htm,filings/DIS_0001744489_2023-11-06_0001744489-23-000209.txt,11710
DIS,Walt Disney Co,0001744489,2023-11-08,0001744489-23-000213,8-K,2.02; 9.01,dis-20231108.htm,https://www.sec.gov/Archives/edgar/data/1744489/000174448923000213/dis-20231108.htm,filings/DIS_0001744489_2023-11-08_0001744489-23-000213.txt,2918
DIS,Walt Disney Co,0001744489,2023-11-29,0001744489-23-000221,8-K,5.02; 9.01,dis-20231129.htm,https://www.sec.gov/Archives/edgar/data/1744489/000174448923000221/dis-20231129.htm,filings/DIS_0001744489_2023-11-29_0001744489-23-000221.txt,5028
DIS,Walt Disney Co,0001744489,2023-11-30,0001744489-23-000232,8-K,5.03; 9.01,dis-20231130.htm,https://www.sec.gov/Archives/edgar/data/1744489/000174448923000232/dis-20231130.htm,filings/DIS_0001744489_2023-11-30_0001744489-23-000232.txt,4506
DIS,Walt Disney Co,0001744489,2023-12-22,0001744489-23-000274,8-K,5.02; 9.01,dis-20231221.htm,https://www.sec.gov/Archives/edgar/data/1744489/000174448923000274/dis-20231221.htm,filings/DIS_0001744489_2023-12-22_0001744489-23-000274.txt,4282
DIS,Walt Disney Co,0001744489,2024-02-07,0001744489-24-000079,8-K,2.02; 8.01; 9.01,dis-20240207.htm,https://www.sec.gov/Archives/edgar/data/1744489/000174448924000079/dis-20240207.htm,filings/DIS_0001744489_2024-02-07_0001744489-24-000079.txt,6931
DIS,Walt Disney Co,0001744489,2024-02-28,0001193125-24-049404,8-K,2.06; 7.01; 9.01,d800554d8k.htm,https://www.sec.gov/Archives/edgar/data/1744489/000119312524049404/d800554d8k.htm,filings/DIS_0001744489_2024-02-28_0001193125-24-049404.txt,9195
DIS,Walt Disney Co,0001744489,2024-03-04,0001193125-24-057958,8-K,8.01; 9.01,d759203d8k.htm,https://www.sec.gov/Archives/edgar/data/1744489/000119312524057958/d759203d8k.htm,filings/DIS_0001744489_2024-03-04_0001193125-24-057958.txt,7991
DIS,Walt Disney Co,0001744489,2024-04-03,0000950157-24-000570,8-K,8.01; 9.01,form8-k.htm,https://www.sec.gov/Archives/edgar/data/1744489/000095015724000570/form8-k.htm,filings/DIS_0001744489_2024-04-03_0000950157-24-000570.txt,2850
DIS,Walt Disney Co,0001744489,2024-04-09,0000950157-24-000595,8-K,5.02; 5.07; 9.01,form8-k.htm,https://www.sec.gov/Archives/edgar/data/1744489/000095015724000595/form8-k.htm,filings/DIS_0001744489_2024-04-09_0000950157-24-000595.txt,9614
DIS,Walt Disney Co,0001744489,2024-04-17,0000950157-24-000623,8-K/A,5.07,form8-ka.htm,https://www.sec.gov/Archives/edgar/data/1744489/000095015724000623/form8-ka.htm,filings/DIS_0001744489_2024-04-17_0000950157-24-000623.txt,7793
DIS,Walt Disney Co,0001744489,2024-05-07,0001744489-24-000149,8-K,2.02; 9.01,dis-20240507.htm,https://www.sec.gov/Archives/edgar/data/1744489/000174448924000149/dis-20240507.htm,filings/DIS_0001744489_2024-05-07_0001744489-24-000149.txt,2885
DIS,Walt Disney Co,0001744489,2024-07-19,0001744489-24-000226,8-K,5.02; 9.01,dis-20240718.htm,https://www.sec.gov/Archives/edgar/data/1744489/000174448924000226/dis-20240718.htm,filings/DIS_0001744489_2024-07-19_0001744489-24-000226.txt,3282
DIS,Walt Disney Co,0001744489,2024-08-07,0001744489-24-000231,8-K,2.02; 9.01,dis-20240807.htm,https://www.sec.gov/Archives/edgar/data/1744489/000174448924000231/dis-20240807.htm,filings/DIS_0001744489_2024-08-07_0001744489-24-000231.txt,2896
DIS,Walt Disney Co,0001744489,2024-10-21,0001744489-24-000262,8-K,5.02; 7.01; 9.01,dis-20241018.htm,https://www.sec.gov/Archives/edgar/data/1744489/000174448924000262/dis-20241018.htm,filings/DIS_0001744489_2024-10-21_0001744489-24-000262.txt,3843
DIS,Walt Disney Co,0001744489,2024-11-14,0001744489-24-000275,8-K,2.02; 9.01,dis-20241114.htm,https://www.sec.gov/Archives/edgar/data/1744489/000174448924000275/dis-20241114.htm,filings/DIS_0001744489_2024-11-14_0001744489-24-000275.txt,3412
GE,GENERAL ELECTRIC CO,0000040545,2021-01-26,0000040545-21-000002,8-K,2.02; 9.01,ge-20210126.htm,https://www.sec.gov/Archives/edgar/data/40545/000004054521000002/ge-20210126.htm,filings/GE_0000040545_2021-01-26_0000040545-21-000002.txt,3801
GE,GENERAL ELECTRIC CO,0000040545,2021-02-12,0000040545-21-000013,8-K/A,4.01; 9.01,ge-20200618.htm,https://www.sec.gov/Archives/edgar/data/40545/000004054521000013/ge-20200618.htm,filings/GE_0000040545_2021-02-12_0000040545-21-000013.txt,6561
GE,GENERAL ELECTRIC CO,0000040545,2021-03-10,0000950142-21-000894,8-K,8.01; 9.01,eh210136712_8k.htm,https://www.sec.gov/Archives/edgar/data/40545/000095014221000894/eh210136712_8k.htm,filings/GE_0000040545_2021-03-10_0000950142-21-000894.txt,6995
GE,GENERAL ELECTRIC CO,0000040545,2021-03-12,0000950142-21-000936,8-K,1.01; 9.01,eh210136981_8k.htm,https://www.sec.gov/Archives/edgar/data/40545/000095014221000936/eh210136981_8k.htm,filings/GE_0000040545_2021-03-12_0000950142-21-000936.txt,16156
GE,GENERAL ELECTRIC CO,0000040545,2021-03-31,0000040545-21-000019,8-K,8.01; 9.01,ge-20210331.htm,https://www.sec.gov/Archives/edgar/data/40545/000004054521000019/ge-20210331.htm,filings/GE_0000040545_2021-03-31_0000040545-21-000019.txt,8653
GE,GENERAL ELECTRIC CO,0000040545,2021-04-27,0000040545-21-000025,8-K,2.02; 9.01,ge-20210427.htm,https://www.sec.gov/Archives/edgar/data/40545/000004054521000025/ge-20210427.htm,filings/GE_0000040545_2021-04-27_0000040545-21-000025.txt,3791
GE,GENERAL ELECTRIC CO,0000040545,2021-05-07,0000040545-21-000030,8-K,5.07,ge-20210504.htm,https://www.sec.gov/Archives/edgar/data/40545/000004054521000030/ge-20210504.htm,filings/GE_0000040545_2021-05-07_0000040545-21-000030.txt,4962
GE,GENERAL ELECTRIC CO,0000040545,2021-05-24,0000930413-21-001104,8-K,8.01; 9.01,c101766_8kixbrl.htm,https://www.sec.gov/Archives/edgar/data/40545/000093041321001104/c101766_8kixbrl.htm,filings/GE_0000040545_2021-05-24_0000930413-21-001104.txt,10528
GE,GENERAL ELECTRIC CO,0000040545,2021-05-27,0000930413-21-001142,8-K,2.03; 9.01,c101767_8k-ixbrl.htm,https://www.sec.gov/Archives/edgar/data/40545/000093041321001142/c101767_8k-ixbrl.htm,filings/GE_0000040545_2021-05-27_0000930413-21-001142.txt,5212
GE,GENERAL ELECTRIC CO,0000040545,2021-06-08,0000930413-21-001174,8-K,8.01; 9.01,c101842_8k-ixbrl.htm,https://www.sec.gov/Archives/edgar/data/40545/000093041321001174/c101842_8k-ixbrl.htm,filings/GE_0000040545_2021-06-08_0000930413-21-001174.txt,10818
GE,GENERAL ELECTRIC CO,0000040545,2021-06-21,0000040545-21-000040,8-K,8.01; 9.01,ge-20210618.htm,https://www.sec.gov/Archives/edgar/data/40545/000004054521000040/ge-20210618.htm,filings/GE_0000040545_2021-06-21_0000040545-21-000040.txt,4729
GE,GENERAL ELECTRIC CO,0000040545,2021-06-24,0000040545-21-000042,8-K,5.02,ge-20210620.htm,https://www.sec.gov/Archives/edgar/data/40545/000004054521000042/ge-20210620.htm,filings/GE_0000040545_2021-06-24_0000040545-21-000042.txt,3546
GE,GENERAL ELECTRIC CO,0000040545,2021-07-27,0000040545-21-000051,8-K,2.02; 9.01,ge-20210727.htm,https://www.sec.gov/Archives/edgar/data/40545/000004054521000051/ge-20210727.htm,filings/GE_0000040545_2021-07-27_0000040545-21-000051.txt,3789
GE,GENERAL ELECTRIC CO,0000040545,2021-07-30,0001206774-21-001925,8-K,3.03; 8.01; 9.01,ge3936671-8k.htm,https://www.sec.gov/Archives/edgar/data/40545/000120677421001925/ge3936671-8k.htm,filings/GE_0000040545_2021-07-30_0001206774-21-001925.txt,5263
GE,GENERAL ELECTRIC CO,0000040545,2021-09-23,0000040545-21-000058,8-K,8.01; 9.01,ge-20210923.htm,https://www.sec.gov/Archives/edgar/data/40545/000004054521000058/ge-20210923.htm,filings/GE_0000040545_2021-09-23_0000040545-21-000058.txt,5560
GE,GENERAL ELECTRIC CO,0000040545,2021-10-26,0000040545-21-000063,8-K,2.02; 9.01,ge-20211026.htm,https://www.sec.gov/Archives/edgar/data/40545/000004054521000063/ge-20211026.htm,filings/GE_0000040545_2021-10-26_0000040545-21-000063.txt,3799
GE,GENERAL ELECTRIC CO,0000040545,2021-11-05,0000040545-21-000069,8-K,2.01; 7.01; 9.01,ge-20211101.htm,https://www.sec.gov/Archives/edgar/data/40545/000004054521000069/ge-20211101.htm,filings/GE_0000040545_2021-11-05_0000040545-21-000069.txt,14484
GE,GENERAL ELECTRIC CO,0000040545,2021-11-09,0000950142-21-003661,8-K,8.01; 9.01,eh210200653_8k.htm,https://www.sec.gov/Archives/edgar/data/40545/000095014221003661/eh210200653_8k.htm,filings/GE_0000040545_2021-11-09_0000950142-21-003661.txt,6292
GE,GENERAL ELECTRIC CO,0000040545,2021-11-10,0000930413-21-001860,8-K,8.01; 9.01,c102537_8k-ixbrl.htm,https://www.sec.gov/Archives/edgar/data/40545/000093041321001860/c102537_8k-ixbrl.htm,filings/GE_0000040545_2021-11-10_0000930413-21-001860.txt,6036
GE,GENERAL ELECTRIC CO,0000040545,2021-11-29,0000930413-21-001922,8-K,8.01; 9.01,c102609_8k-ixbrl.htm,https://www.sec.gov/Archives/edgar/data/40545/000093041321001922/c102609_8k-ixbrl.htm,filings/GE_0000040545_2021-11-29_0000930413-21-001922.txt,6384
GE,GENERAL ELECTRIC CO,0000040545,2021-12-22,0001206774-21-002929,8-K,5.02,ge3999781-8k.htm,https://www.sec.gov/Archives/edgar/data/40545/000120677421002929/ge3999781-8k.htm,filings/GE_0000040545_2021-12-22_0001206774-21-002929.txt,3930
GE,GENERAL ELECTRIC CO,0000040545,2022-01-25,0000040545-22-000002,8-K,2.02; 9.01,ge-20220125.htm,https://www.sec.gov/Archives/edgar/data/40545/000004054522000002/ge-20220125.htm,filings/GE_0000040545_2022-01-25_0000040545-22-000002.txt,3800
GE,GENERAL ELECTRIC CO,0000040545,2022-02-10,0000040545-22-000004,8-K,7.01,ge-20220210.htm,https://www.sec.gov/Archives/edgar/data/40545/000004054522000004/ge-20220210.htm,filings/GE_0000040545_2022-02-10_0000040545-22-000004.txt,9760
GE,GENERAL ELECTRIC CO,0000040545,2022-02-18,0000040545-22-000014,8-K,7.01; 9.01,ge-20220218.htm,https://www.sec.gov/Archives/edgar/data/40545/000004054522000014/ge-20220218.htm,filings/GE_0000040545_2022-02-18_0000040545-22-000014.txt,9916
GE,GENERAL ELECTRIC CO,0000040545,2022-03-08,0000040545-22-000016,8-K,5.02,ge-20220306.htm,https://www.sec.gov/Archives/edgar/data/40545/000004054522000016/ge-20220306.htm,filings/GE_0000040545_2022-03-08_0000040545-22-000016.txt,11537
GE,GENERAL ELECTRIC CO,0000040545,2022-03-17,0000040545-22-000018,8-K,5.02; 9.01,ge-20220315.htm,https://www.sec.gov/Archives/edgar/data/40545/000004054522000018/ge-20220315.htm,filings/GE_0000040545_2022-03-17_0000040545-22-000018.txt,4344
GE,GENERAL ELECTRIC CO,0000040545,2022-04-26,0000040545-22-000026,8-K,2.02; 9.01,ge-20220426.htm,https://www.sec.gov/Archives/edgar/data/40545/000004054522000026/ge-20220426.htm,filings/GE_0000040545_2022-04-26_0000040545-22-000026.txt,3792
GE,GENERAL ELECTRIC CO,0000040545,2022-04-29,0000040545-22-000030,8-K,7.01; 9.01,ge-20220429.htm,https://www.sec.gov/Archives/edgar/data/40545/000004054522000030/ge-20220429.htm,filings/GE_0000040545_2022-04-29_0000040545-22-000030.txt,10735
GE,GENERAL ELECTRIC CO,0000040545,2022-05-06,0000040545-22-000035,8-K,5.07,ge-20220504.htm,https://www.sec.gov/Archives/edgar/data/40545/000004054522000035/ge-20220504.htm,filings/GE_0000040545_2022-05-06_0000040545-22-000035.txt,4908
GE,GENERAL ELECTRIC CO,0000040545,2022-06-16,0000040545-22-000037,8-K/A,5.02,ge-20220306.htm,https://www.sec.gov/Archives/edgar/data/40545/000004054522000037/ge-20220306.htm,filings/GE_0000040545_2022-06-16_0000040545-22-000037.txt,3741
GE,GENERAL ELECTRIC CO,0000040545,2022-06-27,0000040545-22-000043,8-K,5.02,ge-20220626.htm,https://www.sec.gov/Archives/edgar/data/40545/000004054522000043/ge-20220626.htm,filings/GE_0000040545_2022-06-27_0000040545-22-000043.txt,3478
GE,GENERAL ELECTRIC CO,0000040545,2022-07-26,0000040545-22-000048,8-K,2.02; 9.01,ge-20220726.htm,https://www.sec.gov/Archives/edgar/data/40545/000004054522000048/ge-20220726.htm,filings/GE_0000040545_2022-07-26_0000040545-22-000048.txt,3735
GE,GENERAL ELECTRIC CO,0000040545,2022-10-25,0000040545-22-000059,8-K,2.02; 9.01,ge-20221025.htm,https://www.sec.gov/Archives/edgar/data/40545/000004054522000059/ge-20221025.htm,filings/GE_0000040545_2022-10-25_0000040545-22-000059.txt,3745
GE,GENERAL ELECTRIC CO,0000040545,2022-11-08,0000930413-22-001930,8-K,1.01; 2.03; 7.01; 8.01; 9.01,c104817_8k-ixbrl.htm,https://www.sec.gov/Archives/edgar/data/40545/000093041322001930/c104817_8k-ixbrl.htm,filings/GE_0000040545_2022-11-08_0000930413-22-001930.txt,13627
GE,GENERAL ELECTRIC CO,0000040545,2022-11-23,0001193125-22-292079,8-K,5.04; 8.01; 9.01,d425000d8k.htm,https://www.sec.gov/Archives/edgar/data/40545/000119312522292079/d425000d8k.htm,filings/GE_0000040545_2022-11-23_0001193125-22-292079.txt,17150
GE,GENERAL ELECTRIC CO,0000040545,2022-11-30,0001193125-22-295436,8-K,8.01; 9.01,d416221d8k.htm,https://www.sec.gov/Archives/edgar/data/40545/000119312522295436/d416221d8k.htm,filings/GE_0000040545_2022-11-30_0001193125-22-295436.txt,7486
GE,GENERAL ELECTRIC CO,0000040545,2022-12-14,0000040545-22-000065,8-K,5.02,ge-20221209.htm,https://www.sec.gov/Archives/edgar/data/40545/000004054522000065/ge-20221209.htm,filings/GE_0000040545_2022-12-14_0000040545-22-000065.txt,6239
GE,GENERAL ELECTRIC CO,0000040545,2023-01-04,0001193125-23-001157,8-K,1.01; 2.01; 8.01; 9.01,d431727d8k.htm,https://www.sec.gov/Archives/edgar/data/40545/000119312523001157/d431727d8k.htm,filings/GE_0000040545_2023-01-04_0001193125-23-001157.txt,10070
GE,GENERAL ELECTRIC CO,0000040545,2023-01-09,0000040545-23-000015,8-K/A,9.01,ge-20230103.htm,https://www.sec.gov/Archives/edgar/data/40545/000004054523000015/ge-20230103.htm,filings/GE_0000040545_2023-01-09_0000040545-23-000015.txt,9028
GE,GENERAL ELECTRIC CO,0000040545,2023-01-10,0000040545-23-000017,8-K,2.02; 9.01,ge-20230110.htm,https://www.sec.gov/Archives/edgar/data/40545/000004054523000017/ge-20230110.htm,filings/GE_0000040545_2023-01-10_0000040545-23-000017.txt,6844
GE,GENERAL ELECTRIC CO,0000040545,2023-01-24,0000040545-23-000019,8-K,2.02; 9.01,ge-20230124.htm,https://www.sec.gov/Archives/edgar/data/40545/000004054523000019/ge-20230124.htm,filings/GE_0000040545_2023-01-24_0000040545-23-000019.txt,3763
GE,GENERAL ELECTRIC CO,0000040545,2023-02-13,0000040545-23-000025,8-K,7.01; 8.01,ge-20230213.htm,https://www.sec.gov/Archives/edgar/data/40545/000004054523000025/ge-20230213.htm,filings/GE_0000040545_2023-02-13_0000040545-23-000025.txt,4797
GE,GENERAL ELECTRIC CO,0000040545,2023-02-15,0000040545-23-000030,8-K,7.01; 9.01,ge-20230215.htm,https://www.sec.gov/Archives/edgar/data/40545/000004054523000030/ge-20230215.htm,filings/GE_0000040545_2023-02-15_0000040545-23-000030.txt,9274
GE,GENERAL ELECTRIC CO,0000040545,2023-02-27,0000040545-23-000033,8-K/A,9.01,ge-20230103.htm,https://www.sec.gov/Archives/edgar/data/40545/000004054523000033/ge-20230103.htm,filings/GE_0000040545_2023-02-27_0000040545-23-000033.txt,9500
GE,GENERAL ELECTRIC CO,0000040545,2023-03-14,0000040545-23-000078,8-K,5.02; 9.01,ge-20230310.htm,https://www.sec.gov/Archives/edgar/data/40545/000004054523000078/ge-20230310.htm,filings/GE_0000040545_2023-03-14_0000040545-23-000078.txt,8031
GE,GENERAL ELECTRIC CO,0000040545,2023-04-25,0000040545-23-000137,8-K,8.01; 9.01,ge-20230425.htm,https://www.sec.gov/Archives/edgar/data/40545/000004054523000137/ge-20230425.htm,filings/GE_0000040545_2023-04-25_0000040545-23-000137.txt,14170
GE,GENERAL ELECTRIC CO,0000040545,2023-04-25,0000040545-23-000135,8-K,2.02; 9.01,ge-20230425.htm,https://www.sec.gov/Archives/edgar/data/40545/000004054523000135/ge-20230425.htm,filings/GE_0000040545_2023-04-25_0000040545-23-000135.txt,3738
GE,GENERAL ELECTRIC CO,0000040545,2023-05-08,0001193125-23-138265,8-K,5.07,d441349d8k.htm,https://www.sec.gov/Archives/edgar/data/40545/000119312523138265/d441349d8k.htm,filings/GE_0000040545_2023-05-08_0001193125-23-138265.txt,5494
GE,GENERAL ELECTRIC CO,0000040545,2023-05-17,0000040545-23-000150,8-K,5.03; 9.01,ge-20230515.htm,https://www.sec.gov/Archives/edgar/data/40545/000004054523000150/ge-20230515.htm,filings/GE_0000040545_2023-05-17_0000040545-23-000150.txt,3859
GE,GENERAL ELECTRIC CO,0000040545,2023-05-18,0001308179-23-000866,8-K,5.02; 9.01,ge4202071-8k.htm,https://www.sec.gov/Archives/edgar/data/40545/000130817923000866/ge4202071-8k.htm,filings/GE_0000040545_2023-05-18_0001308179-23-000866.txt,4996
GE,GENERAL ELECTRIC CO,0000040545,2023-07-25,0000040545-23-000200,8-K,8.01,ge-20230725.htm,https://www.sec.gov/Archives/edgar/data/40545/000004054523000200/ge-20230725.htm,filings/GE_0000040545_2023-07-25_0000040545-23-000200.txt,5104
GE,GENERAL ELECTRIC CO,0000040545,2023-07-25,0000040545-23-000196,8-K,2.02; 9.01,ge-20230725.htm,https://www.sec.gov/Archives/edgar/data/40545/000004054523000196/ge-20230725.htm,filings/GE_0000040545_2023-07-25_0000040545-23-000196.txt,3701
GE,GENERAL ELECTRIC CO,0000040545,2023-10-24,0000040545-23-000240,8-K,2.02; 9.01,ge-20231024.htm,https://www.sec.gov/Archives/edgar/data/40545/000004054523000240/ge-20231024.htm,filings/GE_0000040545_2023-10-24_0000040545-23-000240.txt,3711
GE,GENERAL ELECTRIC CO,0000040545,2023-11-14,0000040545-23-000245,8-K,5.02; 9.01,ge-20231113.htm,https://www.sec.gov/Archives/edgar/data/40545/000004054523000245/ge-20231113.htm,filings/GE_0000040545_2023-11-14_0000040545-23-000245.txt,5022
GE,GENERAL ELECTRIC CO,0000040545,2024-01-16,0000040545-24-000022,8-K/A,5.02,ge-20230517.htm,https://www.sec.gov/Archives/edgar/data/40545/000004054524000022/ge-20230517.htm,filings/GE_0000040545_2024-01-16_0000040545-24-000022.txt,3330
GE,GENERAL ELECTRIC CO,0000040545,2024-01-23,0000040545-24-000024,8-K,2.02; 9.01,ge-20240123.htm,https://www.sec.gov/Archives/edgar/data/40545/000004054524000024/ge-20240123.htm,filings/GE_0000040545_2024-01-23_0000040545-24-000024.txt,3717
GE,GENERAL ELECTRIC CO,0000040545,2024-02-29,0000040545-24-000042,8-K/A,5.02,ge-20231113.htm,https://www.sec.gov/Archives/edgar/data/40545/000004054524000042/ge-20231113.htm,filings/GE_0000040545_2024-02-29_0000040545-24-000042.txt,3563
GE,GENERAL ELECTRIC CO,0000040545,2024-02-29,0000040545-24-000041,8-K,5.04; 9.01,ge-20240226.htm,https://www.sec.gov/Archives/edgar/data/40545/000004054524000041/ge-20240226.htm,filings/GE_0000040545_2024-02-29_0000040545-24-000041.txt,11662
GE,GENERAL ELECTRIC CO,0000040545,2024-02-29,0000040545-24-000040,8-K,8.01; 9.01,ge-20240229.htm,https://www.sec.gov/Archives/edgar/data/40545/000004054524000040/ge-20240229.htm,filings/GE_0000040545_2024-02-29_0000040545-24-000040.txt,6354
GE,GENERAL ELECTRIC CO,0000040545,2024-03-07,0000040545-24-000056,8-K,8.01,ge-20240307.htm,https://www.sec.gov/Archives/edgar/data/40545/000004054524000056/ge-20240307.htm,filings/GE_0000040545_2024-03-07_0000040545-24-000056.txt,5982
GE,GENERAL ELECTRIC CO,0000040545,2024-04-02,0001193125-24-084038,8-K,1.01; 1.02; 2.01; 2.03; 5.03; 9.01,d792336d8k.htm,https://www.sec.gov/Archives/edgar/data/40545/000119312524084038/d792336d8k.htm,filings/GE_0000040545_2024-04-02_0001193125-24-084038.txt,14214
GE,GENERAL ELECTRIC Co,0000040545,2024-04-08,0000040545-24-000089,8-K,5.02,ge-20240405.htm,https://www.sec.gov/Archives/edgar/data/40545/000004054524000089/ge-20240405.htm,filings/GE_0000040545_2024-04-08_0000040545-24-000089.txt,4779
GE,GENERAL ELECTRIC Co,0000040545,2024-04-08,0000040545-24-000088,8-K/A,9.01,ge-20240402.htm,https://www.sec.gov/Archives/edgar/data/40545/000004054524000088/ge-20240402.htm,filings/GE_0000040545_2024-04-08_0000040545-24-000088.txt,7607
GE,GENERAL ELECTRIC CO,0000040545,2024-04-11,0000040545-24-000097,8-K,7.01; 9.01,ge-20240411.htm,https://www.sec.gov/Archives/edgar/data/40545/000004054524000097/ge-20240411.htm,filings/GE_0000040545_2024-04-11_0000040545-24-000097.txt,7909
GE,GENERAL ELECTRIC CO,0000040545,2024-04-23,0000040545-24-000112,8-K,2.02; 9.01,ge-20240423.htm,https://www.sec.gov/Archives/edgar/data/40545/000004054524000112/ge-20240423.htm,filings/GE_0000040545_2024-04-23_0000040545-24-000112.txt,3747
GE,GENERAL ELECTRIC CO,0000040545,2024-05-10,0000040545-24-000147,8-K,5.07,ge-20240507.htm,https://www.sec.gov/Archives/edgar/data/40545/000004054524000147/ge-20240507.htm,filings/GE_0000040545_2024-05-10_0000040545-24-000147.txt,4502
GE,GENERAL ELECTRIC CO,0000040545,2024-06-21,0000040545-24-000166,8-K,7.01; 9.01,ge-20240621.htm,https://www.sec.gov/Archives/edgar/data/40545/000004054524000166/ge-20240621.htm,filings/GE_0000040545_2024-06-21_0000040545-24-000166.txt,8019
GE,GENERAL ELECTRIC CO,0000040545,2024-07-01,0000950142-24-001825,8-K,5.02; 9.01,eh240502380_8k.htm,https://www.sec.gov/Archives/edgar/data/40545/000095014224001825/eh240502380_8k.htm,filings/GE_0000040545_2024-07-01_0000950142-24-001825.txt,8746
GE,GENERAL ELECTRIC CO,0000040545,2024-07-23,0000040545-24-000174,8-K,2.02; 9.01,ge-20240723.htm,https://www.sec.gov/Archives/edgar/data/40545/000004054524000174/ge-20240723.htm,filings/GE_0000040545_2024-07-23_0000040545-24-000174.txt,3733
GE,GENERAL ELECTRIC CO,0000040545,2024-10-22,0000040545-24-000199,8-K,2.02; 9.01,ge-20241022.htm,https://www.sec.gov/Archives/edgar/data/40545/000004054524000199/ge-20241022.htm,filings/GE_0000040545_2024-10-22_0000040545-24-000199.txt,3743
GOOGL,Alphabet Inc.,0001652044,2021-02-02,0001652044-21-000006,8-K,2.02; 9.01,goog-20210202.htm,https://www.sec.gov/Archives/edgar/data/1652044/000165204421000006/goog-20210202.htm,filings/GOOGL_0001652044_2021-02-02_0001652044-21-000006.txt,3864
GOOGL,Alphabet Inc.,0001652044,2021-03-04,0001193125-21-069770,8-K,7.01,d147700d8k.htm,https://www.sec.gov/Archives/edgar/data/1652044/000119312521069770/d147700d8k.htm,filings/GOOGL_0001652044_2021-03-04_0001193125-21-069770.txt,3086
GOOGL,Alphabet Inc.,0001652044,2021-04-09,0001193125-21-111624,8-K,5.02,d41212d8k.htm,https://www.sec.gov/Archives/edgar/data/1652044/000119312521111624/d41212d8k.htm,filings/GOOGL_0001652044_2021-04-09_0001193125-21-111624.txt,5498
GOOGL,Alphabet Inc.,0001652044,2021-04-27,0001652044-21-000018,8-K,2.02; 9.01,goog-20210427.htm,https://www.sec.gov/Archives/edgar/data/1652044/000165204421000018/goog-20210427.htm,filings/GOOGL_0001652044_2021-04-27_0001652044-21-000018.txt,3837
GOOGL,Alphabet Inc.,0001652044,2021-06-04,0001193125-21-182989,8-K,5.02; 5.07; 9.01,d177913d8k.htm,https://www.sec.gov/Archives/edgar/data/1652044/000119312521182989/d177913d8k.htm,filings/GOOGL_0001652044_2021-06-04_0001193125-21-182989.txt,7679
GOOGL,Alphabet Inc.,0001652044,2021-07-08,0001193125-21-210942,8-K,8.01,d181634d8k.htm,https://www.sec.gov/Archives/edgar/data/1652044/000119312521210942/d181634d8k.htm,filings/GOOGL_0001652044_2021-07-08_0001193125-21-210942.txt,3005
GOOGL,Alphabet Inc.,0001652044,2021-07-27,0001652044-21-000041,8-K,2.02; 9.01,goog-20210727.htm,https://www.sec.gov/Archives/edgar/data/1652044/000165204421000041/goog-20210727.htm,filings/GOOGL_0001652044_2021-07-27_0001652044-21-000041.txt,3832
GOOGL,Alphabet Inc.,0001652044,2021-10-26,0001652044-21-000054,8-K,2.02; 9.01,goog-20211026.htm,https://www.sec.gov/Archives/edgar/data/1652044/000165204421000054/goog-20211026.htm,filings/GOOGL_0001652044_2021-10-26_0001652044-21-000054.txt,3849
GOOGL,Alphabet Inc.,0001652044,2022-01-04,0001652044-22-000009,8-K,5.02,goog-20211228.htm,https://www.sec.gov/Archives/edgar/data/1652044/000165204422000009/goog-20211228.htm,filings/GOOGL_0001652044_2022-01-04_0001652044-22-000009.txt,6885
GOOGL,Alphabet Inc.,0001652044,2022-02-01,0001652044-22-000015,8-K,2.02; 8.01; 9.01,goog-20220201.htm,https://www.sec.gov/Archives/edgar/data/1652044/000165204422000015/goog-20220201.htm,filings/GOOGL_0001652044_2022-02-01_0001652044-22-000015.txt,6099
GOOGL,Alphabet Inc.,0001652044,2022-04-26,0001652044-22-000025,8-K,2.02; 9.01,goog-20220426.htm,https://www.sec.gov/Archives/edgar/data/1652044/000165204422000025/goog-20220426.htm,filings/GOOGL_0001652044_2022-04-26_0001652044-22-000025.txt,3837
GOOGL,Alphabet Inc.,0001652044,2022-06-03,0001193125-22-167375,8-K,5.02; 5.03; 5.07; 8.01; 9.01,d294315d8k.htm,https://www.sec.gov/Archives/edgar/data/1652044/000119312522167375/d294315d8k.htm,filings/GOOGL_0001652044_2022-06-03_0001193125-22-167375.txt,11674
GOOGL,Alphabet Inc.,0001652044,2022-07-13,0001193125-22-192153,8-K,8.01,d373544d8k.htm,https://www.sec.gov/Archives/edgar/data/1652044/000119312522192153/d373544d8k.htm,filings/GOOGL_0001652044_2022-07-13_0001193125-22-192153.txt,5394
GOOGL,Alphabet Inc.,0001652044,2022-07-14,0001193125-22-193655,8-K,5.02; 9.01,d336210d8k.htm,https://www.sec.gov/Archives/edgar/data/1652044/000119312522193655/d336210d8k.htm,filings/GOOGL_0001652044_2022-07-14_0001193125-22-193655.txt,7529
GOOGL,Alphabet Inc.,0001652044,2022-07-26,0001652044-22-000068,8-K,2.02; 9.01,goog-20220726.htm,https://www.sec.gov/Archives/edgar/data/1652044/000165204422000068/goog-20220726.htm,filings/GOOGL_0001652044_2022-07-26_0001652044-22-000068.txt,3832
GOOGL,Alphabet Inc.,0001652044,2022-10-25,0001652044-22-000085,8-K,2.02; 5.03; 9.01,goog-20221025.htm,https://www.sec.gov/Archives/edgar/data/1652044/000165204422000085/goog-20221025.htm,filings/GOOGL_0001652044_2022-10-25_0001652044-22-000085.txt,5779
GOOGL,Alphabet Inc.,0001652044,2022-12-21,0001193125-22-310153,8-K,5.02,d441338d8k.htm,https://www.sec.gov/Archives/edgar/data/1652044/000119312522310153/d441338d8k.htm,filings/GOOGL_0001652044_2022-12-21_0001193125-22-310153.txt,6496
GOOGL,Alphabet Inc.,0001652044,2023-01-20,0001193125-23-011424,8-K,7.01,d454494d8k.htm,https://www.sec.gov/Archives/edgar/data/1652044/000119312523011424/d454494d8k.htm,filings/GOOGL_0001652044_2023-01-20_0001193125-23-011424.txt,6205
GOOGL,Alphabet Inc.,0001652044,2023-01-25,0001652044-23-000005,8-K,8.01,goog-20230124.htm,https://www.sec.gov/Archives/edgar/data/1652044/000165204423000005/goog-20230124.htm,filings/GOOGL_0001652044_2023-01-25_0001652044-23-000005.txt,3174
GOOGL,Alphabet Inc.,0001652044,2023-02-02,0001652044-23-000013,8-K,2.02; 9.01,goog-20230202.htm,https://www.sec.gov/Archives/edgar/data/1652044/000165204423000013/goog-20230202.htm,filings/GOOGL_0001652044_2023-02-02_0001652044-23-000013.txt,3915
GOOGL,Alphabet Inc.,0001652044,2023-04-20,0001652044-23-000034,8-K,2.02; 8.01; 9.01,goog-20230420.htm,https://www.sec.gov/Archives/edgar/data/1652044/000165204423000034/goog-20230420.htm,filings/GOOGL_0001652044_2023-04-20_0001652044-23-000034.txt,3428
GOOGL,Alphabet Inc.,0001652044,2023-04-21,0001193125-23-110657,8-K,5.02,d490635d8k.htm,https://www.sec.gov/Archives/edgar/data/1652044/000119312523110657/d490635d8k.htm,filings/GOOGL_0001652044_2023-04-21_0001193125-23-110657.txt,6190
GOOGL,Alphabet Inc.,0001652044,2023-04-25,0001652044-23-000041,8-K,2.02; 9.01,goog-20230425.htm,https://www.sec.gov/Archives/edgar/data/1652044/000165204423000041/goog-20230425.htm,filings/GOOGL_0001652044_2023-04-25_0001652044-23-000041.txt,3888
GOOGL,Alphabet Inc.,0001652044,2023-06-08,0001193125-23-163590,8-K,5.02; 5.07; 9.01,d442583d8k.htm,https://www.sec.gov/Archives/edgar/data/1652044/000119312523163590/d442583d8k.htm,filings/GOOGL_0001652044_2023-06-08_0001193125-23-163590.txt,10236
GOOGL,Alphabet Inc.,0001652044,2023-07-25,0001652044-23-000067,8-K,2.02; 9.01,goog-20230720.htm,https://www.sec.gov/Archives/edgar/data/1652044/000165204423000067/goog-20230720.htm,filings/GOOGL_0001652044_2023-07-25_0001652044-23-000067.txt,4356
GOOGL,Alphabet Inc.,0001652044,2023-10-24,0001652044-23-000088,8-K,2.02; 5.02; 9.01,goog-20231018.htm,https://www.sec.gov/Archives/edgar/data/1652044/000165204423000088/goog-20231018.htm,filings/GOOGL_0001652044_2023-10-24_0001652044-23-000088.txt,5093
GOOGL,Alphabet Inc.,0001652044,2024-01-30,0001652044-24-000014,8-K,2.02; 9.01,goog-20240130.htm,https://www.sec.gov/Archives/edgar/data/1652044/000165204424000014/goog-20240130.htm,filings/GOOGL_0001652044_2024-01-30_0001652044-24-000014.txt,3947
GOOGL,Alphabet Inc.,0001652044,2024-02-08,0001652044-24-000032,8-K,8.01; 9.01,goog-20240208.htm,https://www.sec.gov/Archives/edgar/data/1652044/000165204424000032/goog-20240208.htm,filings/GOOGL_0001652044_2024-02-08_0001652044-24-000032.txt,4394
GOOGL,Alphabet Inc.,0001652044,2024-04-25,0001652044-24-000047,8-K,2.02; 8.01; 9.01,goog-20240425.htm,https://www.sec.gov/Archives/edgar/data/1652044/000165204424000047/goog-20240425.htm,filings/GOOGL_0001652044_2024-04-25_0001652044-24-000047.txt,4570
GOOGL,Alphabet Inc.,0001652044,2024-06-05,0001193125-24-154725,8-K,5.02; 9.01,d837191d8k.htm,https://www.sec.gov/Archives/edgar/data/1652044/000119312524154725/d837191d8k.htm,filings/GOOGL_0001652044_2024-06-05_0001193125-24-154725.txt,4017
GOOGL,Alphabet Inc.,0001652044,2024-06-07,0001193125-24-157498,8-K,5.02; 9.01,d787017d8k.htm,https://www.sec.gov/Archives/edgar/data/1652044/000119312524157498/d787017d8k.htm,filings/GOOGL_0001652044_2024-06-07_0001193125-24-157498.txt,4882
GOOGL,Alphabet Inc.,0001652044,2024-06-13,0001193125-24-160721,8-K,5.07,d805807d8k.htm,https://www.sec.gov/Archives/edgar/data/1652044/000119312524160721/d805807d8k.htm,filings/GOOGL_0001652044_2024-06-13_0001193125-24-160721.txt,7348
GOOGL,Alphabet Inc.,0001652044,2024-06-26,0001193125-24-168745,8-K,8.01; 9.01,d809715d8k.htm,https://www.sec.gov/Archives/edgar/data/1652044/000119312524168745/d809715d8k.htm,filings/GOOGL_0001652044_2024-06-26_0001193125-24-168745.txt,3775
GOOGL,Alphabet Inc.,0001652044,2024-07-23,0001652044-24-000076,8-K,2.02; 8.01; 9.01,goog-20240723.htm,https://www.sec.gov/Archives/edgar/data/1652044/000165204424000076/goog-20240723.htm,filings/GOOGL_0001652044_2024-07-23_0001652044-24-000076.txt,4167
GOOGL,Alphabet Inc.,0001652044,2024-08-06,0001652044-24-000085,8-K,8.01,goog-20240805.htm,https://www.sec.gov/Archives/edgar/data/1652044/000165204424000085/goog-20240805.htm,filings/GOOGL_0001652044_2024-08-06_0001652044-24-000085.txt,3111
GOOGL,Alphabet Inc.,0001652044,2024-09-24,0001652044-24-000097,8-K,8.01; 9.01,goog-20240924.htm,https://www.sec.gov/Archives/edgar/data/1652044/000165204424000097/goog-20240924.htm,filings/GOOGL_0001652044_2024-09-24_0001652044-24-000097.txt,4185
GOOGL,Alphabet Inc.,0001652044,2024-10-17,0001193125-24-238769,8-K,5.02,d627891d8k.htm,https://www.sec.gov/Archives/edgar/data/1652044/000119312524238769/d627891d8k.htm,filings/GOOGL_0001652044_2024-10-17_0001193125-24-238769.txt,2863
GOOGL,Alphabet Inc.,0001652044,2024-10-29,0001652044-24-000115,8-K,2.02; 8.01; 9.01,goog-20241029.htm,https://www.sec.gov/Archives/edgar/data/1652044/000165204424000115/goog-20241029.htm,filings/GOOGL_0001652044_2024-10-29_0001652044-24-000115.txt,4170
HD,"HOME DEPOT, INC.",0000354950,2021-01-07,0001193125-21-004182,8-K,8.01; 9.01,d107555d8k.htm,https://www.sec.gov/Archives/edgar/data/354950/000119312521004182/d107555d8k.htm,filings/HD_0000354950_2021-01-07_0001193125-21-004182.txt,5676
HD,"HOME DEPOT, INC.",0000354950,2021-02-01,0000354950-21-000009,8-K,1.02,hd-20210129.htm,https://www.sec.gov/Archives/edgar/data/354950/000035495021000009/hd-20210129.htm,filings/HD_0000354950_2021-02-01_0000354950-21-000009.txt,2929
HD,"HOME DEPOT, INC.",0000354950,2021-02-23,0000354950-21-000052,8-K,2.02; 9.01,hd-20210223.htm,https://www.sec.gov/Archives/edgar/data/354950/000035495021000052/hd-20210223.htm,filings/HD_0000354950_2021-02-23_0000354950-21-000052.txt,3501
HD,"HOME DEPOT, INC.",0000354950,2021-03-01,0000354950-21-000055,8-K,5.02; 9.01,hd-20210225.htm,https://www.sec.gov/Archives/edgar/data/354950/000035495021000055/hd-20210225.htm,filings/HD_0000354950_2021-03-01_0000354950-21-000055.txt,4228
HD,"HOME DEPOT, INC.",0000354950,2021-05-18,0000354950-21-000121,8-K,2.02; 9.01,hd-20210518.htm,https://www.sec.gov/Archives/edgar/data/354950/000035495021000121/hd-20210518.htm,filings/HD_0000354950_2021-05-18_0000354950-21-000121.txt,3465
HD,"HOME DEPOT, INC.",0000354950,2021-05-26,0000354950-21-000158,8-K,5.07,hd-20210520.htm,https://www.sec.gov/Archives/edgar/data/354950/000035495021000158/hd-20210520.htm,filings/HD_0000354950_2021-05-26_0000354950-21-000158.txt,4534
HD,"HOME DEPOT, INC.",0000354950,2021-06-02,0000354950-21-000169,8-K,8.01; 9.01,hd-20210602.htm,https://www.sec.gov/Archives/edgar/data/354950/000035495021000169/hd-20210602.htm,filings/HD_0000354950_2021-06-02_0000354950-21-000169.txt,4277
HD,"HOME DEPOT, INC.",0000354950,2021-08-17,0000354950-21-000181,8-K,2.02; 9.01,hd-20210817.htm,https://www.sec.gov/Archives/edgar/data/354950/000035495021000181/hd-20210817.htm,filings/HD_0000354950_2021-08-17_0000354950-21-000181.txt,3477
HD,"HOME DEPOT, INC.",0000354950,2021-09-09,0001193125-21-268825,8-K,8.01; 9.01,d163785d8k.htm,https://www.sec.gov/Archives/edgar/data/354950/000119312521268825/d163785d8k.htm,filings/HD_0000354950_2021-09-09_0001193125-21-268825.txt,4988
HD,"HOME DEPOT, INC.",0000354950,2021-09-21,0001193125-21-278296,8-K,8.01; 9.01,d210748d8k.htm,https://www.sec.gov/Archives/edgar/data/354950/000119312521278296/d210748d8k.htm,filings/HD_0000354950_2021-09-21_0001193125-21-278296.txt,4523
HD,"HOME DEPOT, INC.",0000354950,2021-10-13,0000354950-21-000209,8-K,5.02,hd-20211012.htm,https://www.sec.gov/Archives/edgar/data/354950/000035495021000209/hd-20211012.htm,filings/HD_0000354950_2021-10-13_0000354950-21-000209.txt,2946
HD,"HOME DEPOT, INC.",0000354950,2021-10-22,0000354950-21-000212,8-K,5.02,hd-20211019.htm,https://www.sec.gov/Archives/edgar/data/354950/000035495021000212/hd-20211019.htm,filings/HD_0000354950_2021-10-22_0000354950-21-000212.txt,2878
HD,"HOME DEPOT, INC.",0000354950,2021-11-16,0000354950-21-000216,8-K,2.02; 9.01,hd-20211116.htm,https://www.sec.gov/Archives/edgar/data/354950/000035495021000216/hd-20211116.htm,filings/HD_0000354950_2021-11-16_0000354950-21-000216.txt,3485
HD,"HOME DEPOT, INC.",0000354950,2022-01-27,0000354950-22-000003,8-K,5.02; 9.01,hd-20220124.htm,https://www.sec.gov/Archives/edgar/data/354950/000035495022000003/hd-20220124.htm,filings/HD_0000354950_2022-01-27_0000354950-22-000003.txt,4293
HD,"HOME DEPOT, INC.",0000354950,2022-02-22,0000354950-22-000025,8-K,2.02; 9.01,hd-20220222.htm,https://www.sec.gov/Archives/edgar/data/354950/000035495022000025/hd-20220222.htm,filings/HD_0000354950_2022-02-22_0000354950-22-000025.txt,3501
HD,"HOME DEPOT, INC.",0000354950,2022-02-24,0000354950-22-000028,8-K,5.02; 9.01,hd-20220224.htm,https://www.sec.gov/Archives/edgar/data/354950/000035495022000028/hd-20220224.htm,filings/HD_0000354950_2022-02-24_0000354950-22-000028.txt,4067
HD,"HOME DEPOT, INC.",0000354950,2022-03-01,0000354950-22-000053,8-K/A,5.02,hd-20220124.htm,https://www.sec.gov/Archives/edgar/data/354950/000035495022000053/hd-20220124.htm,filings/HD_0000354950_2022-03-01_0000354950-22-000053.txt,6404
HD,"HOME DEPOT, INC.",0000354950,2022-03-28,0001193125-22-086677,8-K,8.01; 9.01,d303261d8k.htm,https://www.sec.gov/Archives/edgar/data/354950/000119312522086677/d303261d8k.htm,filings/HD_0000354950_2022-03-28_0001193125-22-086677.txt,5837
HD,"HOME DEPOT, INC.",0000354950,2022-04-19,0000354950-22-000121,8-K,5.02; 9.01,hd-20220418.htm,https://www.sec.gov/Archives/edgar/data/354950/000035495022000121/hd-20220418.htm,filings/HD_0000354950_2022-04-19_0000354950-22-000121.txt,3874
HD,"HOME DEPOT, INC.",0000354950,2022-05-17,0000354950-22-000125,8-K,2.02; 9.01,hd-20220517.htm,https://www.sec.gov/Archives/edgar/data/354950/000035495022000125/hd-20220517.htm,filings/HD_0000354950_2022-05-17_0000354950-22-000125.txt,3465
HD,"HOME DEPOT, INC.",0000354950,2022-05-24,0000354950-22-000166,8-K,5.02; 5.07; 9.01,hd-20220518.htm,https://www.sec.gov/Archives/edgar/data/354950/000035495022000166/hd-20220518.htm,filings/HD_0000354950_2022-05-24_0000354950-22-000166.txt,9114
HD,"HOME DEPOT, INC.",0000354950,2022-08-16,0000354950-22-000185,8-K,2.02; 9.01,hd-20220816.htm,https://www.sec.gov/Archives/edgar/data/354950/000035495022000185/hd-20220816.htm,filings/HD_0000354950_2022-08-16_0000354950-22-000185.txt,3476
HD,"HOME DEPOT, INC.",0000354950,2022-08-18,0000354950-22-000188,8-K,5.02; 9.01,hd-20220818.htm,https://www.sec.gov/Archives/edgar/data/354950/000035495022000188/hd-20220818.htm,filings/HD_0000354950_2022-08-18_0000354950-22-000188.txt,3342
HD,"HOME DEPOT, INC.",0000354950,2022-09-13,0001193125-22-243727,8-K,8.01; 9.01,d385864d8k.htm,https://www.sec.gov/Archives/edgar/data/354950/000119312522243727/d385864d8k.htm,filings/HD_0000354950_2022-09-13_0001193125-22-243727.txt,5075
HD,"HOME DEPOT, INC.",0000354950,2022-09-19,0001193125-22-247115,8-K,8.01; 9.01,d400843d8k.htm,https://www.sec.gov/Archives/edgar/data/354950/000119312522247115/d400843d8k.htm,filings/HD_0000354950_2022-09-19_0001193125-22-247115.txt,4620
HD,"HOME DEPOT, INC.",0000354950,2022-11-15,0000354950-22-000219,8-K,2.02; 9.01,hd-20221115.htm,https://www.sec.gov/Archives/edgar/data/354950/000035495022000219/hd-20221115.htm,filings/HD_0000354950_2022-11-15_0000354950-22-000219.txt,3485
HD,"HOME DEPOT, INC.",0000354950,2023-02-21,0000354950-23-000025,8-K,2.02; 9.01,hd-20230221.htm,https://www.sec.gov/Archives/edgar/data/354950/000035495023000025/hd-20230221.htm,filings/HD_0000354950_2023-02-21_0000354950-23-000025.txt,3507
HD,"HOME DEPOT, INC.",0000354950,2023-02-28,0000354950-23-000051,8-K,5.02; 5.03; 9.01,hd-20230222.htm,https://www.sec.gov/Archives/edgar/data/354950/000035495023000051/hd-20230222.htm,filings/HD_0000354950_2023-02-28_0000354950-23-000051.txt,7168
HD,"HOME DEPOT, INC.",0000354950,2023-04-19,0000354950-23-000106,8-K,5.02,hd-20230417.htm,https://www.sec.gov/Archives/edgar/data/354950/000035495023000106/hd-20230417.htm,filings/HD_0000354950_2023-04-19_0000354950-23-000106.txt,4561
HD,"HOME DEPOT, INC.",0000354950,2023-05-16,0000354950-23-000110,8-K,2.02; 9.01,hd-20230516.htm,https://www.sec.gov/Archives/edgar/data/354950/000035495023000110/hd-20230516.htm,filings/HD_0000354950_2023-05-16_0000354950-23-000110.txt,3468
HD,"HOME DEPOT, INC.",0000354950,2023-05-23,0000354950-23-000153,8-K,5.07,hd-20230518.htm,https://www.sec.gov/Archives/edgar/data/354950/000035495023000153/hd-20230518.htm,filings/HD_0000354950_2023-05-23_0000354950-23-000153.txt,5280
HD,"HOME DEPOT, INC.",0000354950,2023-06-20,0000354950-23-000161,8-K,5.02,hd-20230620.htm,https://www.sec.gov/Archives/edgar/data/354950/000035495023000161/hd-20230620.htm,filings/HD_0000354950_2023-06-20_0000354950-23-000161.txt,3770
HD,"HOME DEPOT, INC.",0000354950,2023-06-20,0000354950-23-000158,8-K,8.01; 9.01,hd-20230620.htm,https://www.sec.gov/Archives/edgar/data/354950/000035495023000158/hd-20230620.htm,filings/HD_0000354950_2023-06-20_0000354950-23-000158.txt,4350
HD,"HOME DEPOT, INC.",0000354950,2023-07-13,0000354950-23-000175,8-K/A,5.07,hd-20230518.htm,https://www.sec.gov/Archives/edgar/data/354950/000035495023000175/hd-20230518.htm,filings/HD_0000354950_2023-07-13_0000354950-23-000175.txt,3797
HD,"HOME DEPOT, INC.",0000354950,2023-08-15,0000354950-23-000180,8-K,2.02; 9.01,hd-20230815.htm,https://www.sec.gov/Archives/edgar/data/354950/000035495023000180/hd-20230815.htm,filings/HD_0000354950_2023-08-15_0000354950-23-000180.txt,3476
HD,"HOME DEPOT, INC.",0000354950,2023-10-30,0000354950-23-000225,8-K,5.02; 9.01,hd-20231025.htm,https://www.sec.gov/Archives/edgar/data/354950/000035495023000225/hd-20231025.htm,filings/HD_0000354950_2023-10-30_0000354950-23-000225.txt,5194
HD,"HOME DEPOT, INC.",0000354950,2023-11-14,0000354950-23-000228,8-K,2.02; 9.01,hd-20231114.htm,https://www.sec.gov/Archives/edgar/data/354950/000035495023000228/hd-20231114.htm,filings/HD_0000354950_2023-11-14_0000354950-23-000228.txt,3485
HD,"HOME DEPOT, INC.",0000354950,2023-11-28,0001193125-23-284423,8-K,8.01; 9.01,d97379d8k.htm,https://www.sec.gov/Archives/edgar/data/354950/000119312523284423/d97379d8k.htm,filings/HD_0000354950_2023-11-28_0001193125-23-284423.txt,5036
HD,"HOME DEPOT, INC.",0000354950,2023-12-05,0001193125-23-288524,8-K,8.01; 9.01,d470935d8k.htm,https://www.sec.gov/Archives/edgar/data/354950/000119312523288524/d470935d8k.htm,filings/HD_0000354950_2023-12-05_0001193125-23-288524.txt,4515
HD,"HOME DEPOT, INC.",0000354950,2024-01-10,0000354950-24-000002,8-K,5.02,hd-20240104.htm,https://www.sec.gov/Archives/edgar/data/354950/000035495024000002/hd-20240104.htm,filings/HD_0000354950_2024-01-10_0000354950-24-000002.txt,3033
HD,"HOME DEPOT, INC.",0000354950,2024-02-20,0000354950-24-000031,8-K,2.02; 9.01,hd-20240220.htm,https://www.sec.gov/Archives/edgar/data/354950/000035495024000031/hd-20240220.htm,filings/HD_0000354950_2024-02-20_0000354950-24-000031.txt,3515
HD,"HOME DEPOT, INC.",0000354950,2024-03-28,0001104659-24-040163,8-K,1.01; 7.01; 9.01,tm2410002d1_8k.htm,https://www.sec.gov/Archives/edgar/data/354950/000110465924040163/tm2410002d1_8k.htm,filings/HD_0000354950_2024-03-28_0001104659-24-040163.txt,16340
HD,"HOME DEPOT, INC.",0000354950,2024-05-09,0000354950-24-000114,8-K,1.01; 2.03,hd-20240507.htm,https://www.sec.gov/Archives/edgar/data/354950/000035495024000114/hd-20240507.htm,filings/HD_0000354950_2024-05-09_0000354950-24-000114.txt,9415
HD,"HOME DEPOT, INC.",0000354950,2024-05-14,0000354950-24-000118,8-K,2.02; 9.01,hd-20240514.htm,https://www.sec.gov/Archives/edgar/data/354950/000035495024000118/hd-20240514.htm,filings/HD_0000354950_2024-05-14_0000354950-24-000118.txt,3482
HD,"HOME DEPOT, INC.",0000354950,2024-05-22,0000354950-24-000160,8-K,5.07,hd-20240516.htm,https://www.sec.gov/Archives/edgar/data/354950/000035495024000160/hd-20240516.htm,filings/HD_0000354950_2024-05-22_0000354950-24-000160.txt,5063
HD,"HOME DEPOT, INC.",0000354950,2024-05-30,0000354950-24-000166,8-K,5.02,hd-20240524.htm,https://www.sec.gov/Archives/edgar/data/354950/000035495024000166/hd-20240524.htm,filings/HD_0000354950_2024-05-30_0000354950-24-000166.txt,3145
HD,"HOME DEPOT, INC.",0000354950,2024-06-18,0001104659-24-072918,8-K,8.01; 9.01,tm2417502d1_8k.htm,https://www.sec.gov/Archives/edgar/data/354950/000110465924072918/tm2417502d1_8k.htm,filings/HD_0000354950_2024-06-18_0001104659-24-072918.txt,5331
HD,"HOME DEPOT, INC.",0000354950,2024-06-18,0000354950-24-000177,8-K,7.01; 8.01,hd-20240618.htm,https://www.sec.gov/Archives/edgar/data/354950/000035495024000177/hd-20240618.htm,filings/HD_0000354950_2024-06-18_0000354950-24-000177.txt,8475
HD,"HOME DEPOT, INC.",0000354950,2024-06-25,0001104659-24-074754,8-K,8.01; 9.01,tm2417831d1_8k.htm,https://www.sec.gov/Archives/edgar/data/354950/000110465924074754/tm2417831d1_8k.htm,filings/HD_0000354950_2024-06-25_0001104659-24-074754.txt,5235
HD,"HOME DEPOT, INC.",0000354950,2024-06-27,0000354950-24-000183,8-K,1.02,hd-20240627.htm,https://www.sec.gov/Archives/edgar/data/354950/000035495024000183/hd-20240627.htm,filings/HD_0000354950_2024-06-27_0000354950-24-000183.txt,2876
HD,"HOME DEPOT, INC.",0000354950,2024-08-13,0000354950-24-000189,8-K,2.02; 9.01,hd-20240813.htm,https://www.sec.gov/Archives/edgar/data/354950/000035495024000189/hd-20240813.htm,filings/HD_0000354950_2024-08-13_0000354950-24-000189.txt,3490
HD,"HOME DEPOT, INC.",0000354950,2024-11-12,0000354950-24-000227,8-K,2.02; 9.01,hd-20241112.htm,https://www.sec.gov/Archives/edgar/data/354950/000035495024000227/hd-20241112.htm,filings/HD_0000354950_2024-11-12_0000354950-24-000227.txt,3499
HD,"HOME DEPOT, INC.",0000354950,2024-12-19,0000354950-24-000260,8-K,1.02; 8.01,hd-20241218.htm,https://www.sec.gov/Archives/edgar/data/354950/000035495024000260/hd-20241218.htm,filings/HD_0000354950_2024-12-19_0000354950-24-000260.txt,4087
IBM,INTERNATIONAL BUSINESS MACHINES CORP,0000051143,2021-01-21,0001558370-21-000327,8-K,2.02; 7.01; 9.01,ibm-20210121x8k.htm,https://www.sec.gov/Archives/edgar/data/51143/000155837021000327/ibm-20210121x8k.htm,filings/IBM_0000051143_2021-01-21_0001558370-21-000327.txt,6152
IBM,INTERNATIONAL BUSINESS MACHINES CORP,0000051143,2021-01-22,0001558370-21-000349,8-K,7.01; 9.01,ibm-20210121x8k.htm,https://www.sec.gov/Archives/edgar/data/51143/000155837021000349/ibm-20210121x8k.htm,filings/IBM_0000051143_2021-01-22_0001558370-21-000349.txt,5373
IBM,INTERNATIONAL BUSINESS MACHINES CORP,0000051143,2021-01-29,0001104659-21-009428,8-K,5.02,tm214501d1_8k.htm,https://www.sec.gov/Archives/edgar/data/51143/000110465921009428/tm214501d1_8k.htm,filings/IBM_0000051143_2021-01-29_0001104659-21-009428.txt,5916
IBM,INTERNATIONAL BUSINESS MACHINES CORP,0000051143,2021-02-24,0001104659-21-027214,8-K,8.01; 9.01,tm217754d1_8k.htm,https://www.sec.gov/Archives/edgar/data/51143/000110465921027214/tm217754d1_8k.htm,filings/IBM_0000051143_2021-02-24_0001104659-21-027214.txt,5909
IBM,INTERNATIONAL BUSINESS MACHINES CORP,0000051143,2021-03-19,0001104659-21-039070,8-K,8.01,tm2110254d1_8k.htm,https://www.sec.gov/Archives/edgar/data/51143/000110465921039070/tm2110254d1_8k.htm,filings/IBM_0000051143_2021-03-19_0001104659-21-039070.txt,6354
IBM,INTERNATIONAL BUSINESS MACHINES CORP,0000051143,2021-04-19,0001558370-21-004470,8-K,2.02; 7.01; 9.01,ibm-20210419x8k.htm,https://www.sec.gov/Archives/edgar/data/51143/000155837021004470/ibm-20210419x8k.htm,filings/IBM_0000051143_2021-04-19_0001558370-21-004470.txt,6117
IBM,INTERNATIONAL BUSINESS MACHINES CORP,0000051143,2021-04-20,0001558370-21-004495,8-K,7.01; 9.01,ibm-20210419x8k.htm,https://www.sec.gov/Archives/edgar/data/51143/000155837021004495/ibm-20210419x8k.htm,filings/IBM_0000051143_2021-04-20_0001558370-21-004495.txt,5334
IBM,INTERNATIONAL BUSINESS MACHINES CORP,0000051143,2021-04-30,0001104659-21-059030,8-K,5.07,tm2114660d1_8k.htm,https://www.sec.gov/Archives/edgar/data/51143/000110465921059030/tm2114660d1_8k.htm,filings/IBM_0000051143_2021-04-30_0001104659-21-059030.txt,5997
IBM,INTERNATIONAL BUSINESS MACHINES CORP,0000051143,2021-06-25,0001104659-21-085825,8-K,5.02,tm2120674d1_8k.htm,https://www.sec.gov/Archives/edgar/data/51143/000110465921085825/tm2120674d1_8k.htm,filings/IBM_0000051143_2021-06-25_0001104659-21-085825.txt,4301
IBM,INTERNATIONAL BUSINESS MACHINES CORP,0000051143,2021-06-25,0000950157-21-000696,8-K,1.01; 1.02; 2.03; 9.01,form8-k.htm,https://www.sec.gov/Archives/edgar/data/51143/000095015721000696/form8-k.htm,filings/IBM_0000051143_2021-06-25_0000950157-21-000696.txt,9353
IBM,INTERNATIONAL BUSINESS MACHINES CORP,0000051143,2021-07-02,0001104659-21-088901,8-K,5.02,tm2121384d1_8k.htm,https://www.sec.gov/Archives/edgar/data/51143/000110465921088901/tm2121384d1_8k.htm,filings/IBM_0000051143_2021-07-02_0001104659-21-088901.txt,4294
IBM,INTERNATIONAL BUSINESS MACHINES CORP,0000051143,2021-07-19,0001558370-21-009005,8-K,2.02; 7.01; 9.01,ibm-20210719x8k.htm,https://www.sec.gov/Archives/edgar/data/51143/000155837021009005/ibm-20210719x8k.htm,filings/IBM_0000051143_2021-07-19_0001558370-21-009005.txt,6112
IBM,INTERNATIONAL BUSINESS MACHINES CORP,0000051143,2021-07-20,0001558370-21-009019,8-K,7.01; 9.01,ibm-20210719x8k.htm,https://www.sec.gov/Archives/edgar/data/51143/000155837021009019/ibm-20210719x8k.htm,filings/IBM_0000051143_2021-07-20_0001558370-21-009019.txt,5330
IBM,INTERNATIONAL BUSINESS MACHINES CORP,0000051143,2021-09-28,0001558370-21-012847,8-K,7.01; 9.01,ibm-20210928x8k.htm,https://www.sec.gov/Archives/edgar/data/51143/000155837021012847/ibm-20210928x8k.htm,filings/IBM_0000051143_2021-09-28_0001558370-21-012847.txt,6041
IBM,INTERNATIONAL BUSINESS MACHINES CORP,0000051143,2021-09-30,0001104659-21-121014,8-K,5.02; 9.01,tm2128856d1_8k.htm,https://www.sec.gov/Archives/edgar/data/51143/000110465921121014/tm2128856d1_8k.htm,filings/IBM_0000051143_2021-09-30_0001104659-21-121014.txt,4688
IBM,INTERNATIONAL BUSINESS MACHINES CORP,0000051143,2021-10-01,0001104659-21-122061,8-K,3.02; 5.03; 9.01,tm2128856d2_8k.htm,https://www.sec.gov/Archives/edgar/data/51143/000110465921122061/tm2128856d2_8k.htm,filings/IBM_0000051143_2021-10-01_0001104659-21-122061.txt,7093
IBM,INTERNATIONAL BUSINESS MACHINES CORP,0000051143,2021-10-04,0001558370-21-012961,8-K,7.01; 8.01; 9.01,ibm-20211004x8k.htm,https://www.sec.gov/Archives/edgar/data/51143/000155837021012961/ibm-20211004x8k.htm,filings/IBM_0000051143_2021-10-04_0001558370-21-012961.txt,6543
IBM,INTERNATIONAL BUSINESS MACHINES CORP,0000051143,2021-10-12,0001104659-21-125064,8-K,8.01; 9.01,tm2128856d3_8k.htm,https://www.sec.gov/Archives/edgar/data/51143/000110465921125064/tm2128856d3_8k.htm,filings/IBM_0000051143_2021-10-12_0001104659-21-125064.txt,6547
IBM,INTERNATIONAL BUSINESS MACHINES CORP,0000051143,2021-10-15,0001104659-21-126749,8-K,5.04; 9.01,tm2128856d3_8k.htm,https://www.sec.gov/Archives/edgar/data/51143/000110465921126749/tm2128856d3_8k.htm,filings/IBM_0000051143_2021-10-15_0001104659-21-126749.txt,5902
IBM,INTERNATIONAL BUSINESS MACHINES CORP,0000051143,2021-10-20,0001558370-21-013312,8-K,2.02; 7.01; 9.01,ibm-20211020x8k.htm,https://www.sec.gov/Archives/edgar/data/51143/000155837021013312/ibm-20211020x8k.htm,filings/IBM_0000051143_2021-10-20_0001558370-21-013312.txt,6081
IBM,INTERNATIONAL BUSINESS MACHINES CORP,0000051143,2021-10-21,0001558370-21-013351,8-K,7.01; 9.01,ibm-20211020x8k.htm,https://www.sec.gov/Archives/edgar/data/51143/000155837021013351/ibm-20211020x8k.htm,filings/IBM_0000051143_2021-10-21_0001558370-21-013351.txt,5286
IBM,INTERNATIONAL BUSINESS MACHINES CORP,0000051143,2021-10-22,0001104659-21-128990,8-K,5.03; 9.01,tm2130095d2_8k.htm,https://www.sec.gov/Archives/edgar/data/51143/000110465921128990/tm2130095d2_8k.htm,filings/IBM_0000051143_2021-10-22_0001104659-21-128990.txt,4762
IBM,INTERNATIONAL BUSINESS MACHINES CORP,0000051143,2021-11-04,0001558370-21-014643,8-K,2.01; 7.01; 9.01,ibm-20211103x8k.htm,https://www.sec.gov/Archives/edgar/data/51143/000155837021014643/ibm-20211103x8k.htm,filings/IBM_0000051143_2021-11-04_0001558370-21-014643.txt,6991
IBM,INTERNATIONAL BUSINESS MACHINES CORP,0000051143,2021-11-29,0001558370-21-016363,8-K,7.01; 9.01,ibm-20211129x8k.htm,https://www.sec.gov/Archives/edgar/data/51143/000155837021016363/ibm-20211129x8k.htm,filings/IBM_0000051143_2021-11-29_0001558370-21-016363.txt,5185
IBM,INTERNATIONAL BUSINESS MACHINES CORP,0000051143,2021-12-27,0001558370-21-017039,8-K,2.02; 7.01; 9.01,ibm-20211227x8k.htm,https://www.sec.gov/Archives/edgar/data/51143/000155837021017039/ibm-20211227x8k.htm,filings/IBM_0000051143_2021-12-27_0001558370-21-017039.txt,6484
IBM,INTERNATIONAL BUSINESS MACHINES CORP,0000051143,2022-01-24,0001558370-22-000384,8-K,2.02; 7.01; 9.01,ibm-20220124x8k.htm,https://www.sec.gov/Archives/edgar/data/51143/000155837022000384/ibm-20220124x8k.htm,filings/IBM_0000051143_2022-01-24_0001558370-22-000384.txt,6094
IBM,INTERNATIONAL BUSINESS MACHINES CORP,0000051143,2022-01-25,0001558370-22-000425,8-K,7.01; 9.01,ibm-20220124x8k.htm,https://www.sec.gov/Archives/edgar/data/51143/000155837022000425/ibm-20220124x8k.htm,filings/IBM_0000051143_2022-01-25_0001558370-22-000425.txt,5316
IBM,INTERNATIONAL BUSINESS MACHINES CORP,0000051143,2022-02-04,0001104659-22-012005,8-K,5.02,tm224841d7_8k.htm,https://www.sec.gov/Archives/edgar/data/51143/000110465922012005/tm224841d7_8k.htm,filings/IBM_0000051143_2022-02-04_0001104659-22-012005.txt,5935
IBM,INTERNATIONAL BUSINESS MACHINES CORP,0000051143,2022-02-08,0001104659-22-013887,8-K,9.01,tm225688d1_8k.htm,https://www.sec.gov/Archives/edgar/data/51143/000110465922013887/tm225688d1_8k.htm,filings/IBM_0000051143_2022-02-08_0001104659-22-013887.txt,5863
IBM,INTERNATIONAL BUSINESS MACHINES CORP,0000051143,2022-03-31,0001558370-22-004921,8-K,7.01; 9.01,ibm-20220331x8k.htm,https://www.sec.gov/Archives/edgar/data/51143/000155837022004921/ibm-20220331x8k.htm,filings/IBM_0000051143_2022-03-31_0001558370-22-004921.txt,5055
IBM,INTERNATIONAL BUSINESS MACHINES CORP,0000051143,2022-04-19,0001558370-22-005584,8-K,2.02; 7.01; 9.01,ibm-20220419x8k.htm,https://www.sec.gov/Archives/edgar/data/51143/000155837022005584/ibm-20220419x8k.htm,filings/IBM_0000051143_2022-04-19_0001558370-22-005584.txt,6161
IBM,INTERNATIONAL BUSINESS MACHINES CORP,0000051143,2022-04-20,0001558370-22-005646,8-K,7.01; 9.01,ibm-20220419x8k.htm,https://www.sec.gov/Archives/edgar/data/51143/000155837022005646/ibm-20220419x8k.htm,filings/IBM_0000051143_2022-04-20_0001558370-22-005646.txt,6360
IBM,INTERNATIONAL BUSINESS MACHINES CORP,0000051143,2022-04-20,0001558370-22-005617,8-K/A,7.01; 9.01,ibm-20220419x8ka.htm,https://www.sec.gov/Archives/edgar/data/51143/000155837022005617/ibm-20220419x8ka.htm,filings/IBM_0000051143_2022-04-20_0001558370-22-005617.txt,5654
IBM,INTERNATIONAL BUSINESS MACHINES CORP,0000051143,2022-04-29,0001104659-22-053570,8-K,5.07,tm2213945d1_8k.htm,https://www.sec.gov/Archives/edgar/data/51143/000110465922053570/tm2213945d1_8k.htm,filings/IBM_0000051143_2022-04-29_0001104659-22-053570.txt,6005
IBM,INTERNATIONAL BUSINESS MACHINES CORP,0000051143,2022-07-01,0000950157-22-000765,8-K,1.01; 2.03; 9.01,form8-k.htm,https://www.sec.gov/Archives/edgar/data/51143/000095015722000765/form8-k.htm,filings/IBM_0000051143_2022-07-01_0000950157-22-000765.txt,6878
IBM,INTERNATIONAL BUSINESS MACHINES CORP,0000051143,2022-07-18,0001558370-22-010793,8-K,2.02; 7.01; 9.01,ibm-20220718x8k.htm,https://www.sec.gov/Archives/edgar/data/51143/000155837022010793/ibm-20220718x8k.htm,filings/IBM_0000051143_2022-07-18_0001558370-22-010793.txt,6046
IBM,INTERNATIONAL BUSINESS MACHINES CORP,0000051143,2022-07-19,0001558370-22-010829,8-K,7.01; 9.01,ibm-20220718x8k.htm,https://www.sec.gov/Archives/edgar/data/51143/000155837022010829/ibm-20220718x8k.htm,filings/IBM_0000051143_2022-07-19_0001558370-22-010829.txt,5271
IBM,INTERNATIONAL BUSINESS MACHINES CORP,0000051143,2022-07-26,0001104659-22-082789,8-K,9.01,tm2221760d1_8k.htm,https://www.sec.gov/Archives/edgar/data/51143/000110465922082789/tm2221760d1_8k.htm,filings/IBM_0000051143_2022-07-26_0001104659-22-082789.txt,5189
IBM,INTERNATIONAL BUSINESS MACHINES CORP,0000051143,2022-09-13,0001104659-22-099631,8-K,8.01; 9.01,tm2225734d1_8k.htm,https://www.sec.gov/Archives/edgar/data/51143/000110465922099631/tm2225734d1_8k.htm,filings/IBM_0000051143_2022-09-13_0001104659-22-099631.txt,7046
IBM,INTERNATIONAL BUSINESS MACHINES CORP,0000051143,2022-09-28,0001104659-22-103516,8-K,8.01,tm2226765d1_8k.htm,https://www.sec.gov/Archives/edgar/data/51143/000110465922103516/tm2226765d1_8k.htm,filings/IBM_0000051143_2022-09-28_0001104659-22-103516.txt,4047
IBM,INTERNATIONAL BUSINESS MACHINES CORP,0000051143,2022-10-19,0001558370-22-015079,8-K,2.02; 9.01,ibm-20221019x8k.htm,https://www.sec.gov/Archives/edgar/data/51143/000155837022015079/ibm-20221019x8k.htm,filings/IBM_0000051143_2022-10-19_0001558370-22-015079.txt,5539
IBM,INTERNATIONAL BUSINESS MACHINES CORP,0000051143,2022-10-20,0001558370-22-015133,8-K,7.01; 9.01,ibm-20221019x8k.htm,https://www.sec.gov/Archives/edgar/data/51143/000155837022015133/ibm-20221019x8k.htm,filings/IBM_0000051143_2022-10-20_0001558370-22-015133.txt,5358
IBM,INTERNATIONAL BUSINESS MACHINES CORP,0000051143,2023-01-05,0001104659-23-001206,8-K,5.02,tm231675d1_8k.htm,https://www.sec.gov/Archives/edgar/data/51143/000110465923001206/tm231675d1_8k.htm,filings/IBM_0000051143_2023-01-05_0001104659-23-001206.txt,4956
IBM,INTERNATIONAL BUSINESS MACHINES CORP,0000051143,2023-01-25,0001558370-23-000529,8-K,2.02; 9.01,ibm-20230125x8k.htm,https://www.sec.gov/Archives/edgar/data/51143/000155837023000529/ibm-20230125x8k.htm,filings/IBM_0000051143_2023-01-25_0001558370-23-000529.txt,5539
IBM,INTERNATIONAL BUSINESS MACHINES CORP,0000051143,2023-01-26,0001558370-23-000608,8-K,7.01; 9.01,ibm-20230125x8k.htm,https://www.sec.gov/Archives/edgar/data/51143/000155837023000608/ibm-20230125x8k.htm,filings/IBM_0000051143_2023-01-26_0001558370-23-000608.txt,5386
IBM,INTERNATIONAL BUSINESS MACHINES CORP,0000051143,2023-02-03,0001104659-23-010509,8-K,9.01,tm235234d1_8k.htm,https://www.sec.gov/Archives/edgar/data/51143/000110465923010509/tm235234d1_8k.htm,filings/IBM_0000051143_2023-02-03_0001104659-23-010509.txt,6576
IBM,INTERNATIONAL BUSINESS MACHINES CORP,0000051143,2023-02-03,0001104659-23-010504,8-K,5.02,tm235234d2_8k.htm,https://www.sec.gov/Archives/edgar/data/51143/000110465923010504/tm235234d2_8k.htm,filings/IBM_0000051143_2023-02-03_0001104659-23-010504.txt,5924
IBM,INTERNATIONAL BUSINESS MACHINES CORP,0000051143,2023-04-19,0001558370-23-006218,8-K,2.02; 9.01,ibm-20230419x8k.htm,https://www.sec.gov/Archives/edgar/data/51143/000155837023006218/ibm-20230419x8k.htm,filings/IBM_0000051143_2023-04-19_0001558370-23-006218.txt,5746
IBM,INTERNATIONAL BUSINESS MACHINES CORP,0000051143,2023-04-20,0001558370-23-006321,8-K,7.01; 9.01,ibm-20230419x8k.htm,https://www.sec.gov/Archives/edgar/data/51143/000155837023006321/ibm-20230419x8k.htm,filings/IBM_0000051143_2023-04-20_0001558370-23-006321.txt,5571
IBM,INTERNATIONAL BUSINESS MACHINES CORP,0000051143,2023-04-28,0001104659-23-052975,8-K,5.07,tm2314052d1_8k.htm,https://www.sec.gov/Archives/edgar/data/51143/000110465923052975/tm2314052d1_8k.htm,filings/IBM_0000051143_2023-04-28_0001104659-23-052975.txt,6877
IBM,INTERNATIONAL BUSINESS MACHINES CORP,0000051143,2023-06-16,0001104659-23-072220,8-K,1.01; 2.03; 9.01,tm2318946d1_8k.htm,https://www.sec.gov/Archives/edgar/data/51143/000110465923072220/tm2318946d1_8k.htm,filings/IBM_0000051143_2023-06-16_0001104659-23-072220.txt,7056
IBM,INTERNATIONAL BUSINESS MACHINES CORP,0000051143,2023-07-19,0000051143-23-000010,8-K,2.02; 9.01,ibm-20230719.htm,https://www.sec.gov/Archives/edgar/data/51143/000005114323000010/ibm-20230719.htm,filings/IBM_0000051143_2023-07-19_0000051143-23-000010.txt,5442
IBM,INTERNATIONAL BUSINESS MACHINES CORP,0000051143,2023-07-20,0000051143-23-000015,8-K,7.01; 9.01,ibm-20230719.htm,https://www.sec.gov/Archives/edgar/data/51143/000005114323000015/ibm-20230719.htm,filings/IBM_0000051143_2023-07-20_0000051143-23-000015.txt,5258
IBM,INTERNATIONAL BUSINESS MACHINES CORP,0000051143,2023-07-31,0001104659-23-085847,8-K,5.02; 9.01,tm2322351d1_8k.htm,https://www.sec.gov/Archives/edgar/data/51143/000110465923085847/tm2322351d1_8k.htm,filings/IBM_0000051143_2023-07-31_0001104659-23-085847.txt,4865
IBM,INTERNATIONAL BUSINESS MACHINES CORP,0000051143,2023-10-25,0000051143-23-000026,8-K,2.02; 9.01,ibm-20231025.htm,https://www.sec.gov/Archives/edgar/data/51143/000005114323000026/ibm-20231025.htm,filings/IBM_0000051143_2023-10-25_0000051143-23-000026.txt,5462
IBM,INTERNATIONAL BUSINESS MACHINES CORP,0000051143,2023-10-26,0000051143-23-000028,8-K,7.01; 9.01,ibm-20231025.htm,https://www.sec.gov/Archives/edgar/data/51143/000005114323000028/ibm-20231025.htm,filings/IBM_0000051143_2023-10-26_0000051143-23-000028.txt,5276
IBM,INTERNATIONAL BUSINESS MACHINES CORP,0000051143,2023-12-12,0001104659-23-125363,8-K,5.02; 5.03; 9.01,tm2332699d1_8k.htm,https://www.sec.gov/Archives/edgar/data/51143/000110465923125363/tm2332699d1_8k.htm,filings/IBM_0000051143_2023-12-12_0001104659-23-125363.txt,5355
IBM,INTERNATIONAL BUSINESS MACHINES CORP,0000051143,2024-01-24,0000051143-24-000004,8-K,2.02; 9.01,ibm-20240124.htm,https://www.sec.gov/Archives/edgar/data/51143/000005114324000004/ibm-20240124.htm,filings/IBM_0000051143_2024-01-24_0000051143-24-000004.txt,5461
IBM,INTERNATIONAL BUSINESS MACHINES CORP,0000051143,2024-01-25,0000051143-24-000007,8-K,7.01; 9.01,ibm-20240124.htm,https://www.sec.gov/Archives/edgar/data/51143/000005114324000007/ibm-20240124.htm,filings/IBM_0000051143_2024-01-25_0000051143-24-000007.txt,5290
IBM,INTERNATIONAL BUSINESS MACHINES CORP,0000051143,2024-02-01,0001104659-24-009477,8-K,5.02,tm244921d1_8k.htm,https://www.sec.gov/Archives/edgar/data/51143/000110465924009477/tm244921d1_8k.htm,filings/IBM_0000051143_2024-02-01_0001104659-24-009477.txt,6330
IBM,INTERNATIONAL BUSINESS MACHINES CORP,0000051143,2024-02-02,0001104659-24-010040,8-K,1.01; 8.01; 9.01,tm243984d7_8k.htm,https://www.sec.gov/Archives/edgar/data/51143/000110465924010040/tm243984d7_8k.htm,filings/IBM_0000051143_2024-02-02_0001104659-24-010040.txt,8816
IBM,INTERNATIONAL BUSINESS MACHINES CORP,0000051143,2024-02-26,0001104659-24-027204,8-K,7.01; 9.01,tm247131d1_8k.htm,https://www.sec.gov/Archives/edgar/data/51143/000110465924027204/tm247131d1_8k.htm,filings/IBM_0000051143_2024-02-26_0001104659-24-027204.txt,4885
IBM,INTERNATIONAL BUSINESS MACHINES CORP,0000051143,2024-03-18,0000051143-24-000015,8-K,7.01; 9.01,ibm-20240318.htm,https://www.sec.gov/Archives/edgar/data/51143/000005114324000015/ibm-20240318.htm,filings/IBM_0000051143_2024-03-18_0000051143-24-000015.txt,5119
IBM,INTERNATIONAL BUSINESS MACHINES CORP,0000051143,2024-04-24,0000051143-24-000018,8-K,2.02; 9.01,ibm-20240424.htm,https://www.sec.gov/Archives/edgar/data/51143/000005114324000018/ibm-20240424.htm,filings/IBM_0000051143_2024-04-24_0000051143-24-000018.txt,5447
IBM,INTERNATIONAL BUSINESS MACHINES CORP,0000051143,2024-04-25,0000051143-24-000021,8-K,7.01; 9.01,ibm-20240424.htm,https://www.sec.gov/Archives/edgar/data/51143/000005114324000021/ibm-20240424.htm,filings/IBM_0000051143_2024-04-25_0000051143-24-000021.txt,5262
IBM,INTERNATIONAL BUSINESS MACHINES CORP,0000051143,2024-05-03,0001104659-24-057038,8-K,5.07,tm2413362d1_8k.htm,https://www.sec.gov/Archives/edgar/data/51143/000110465924057038/tm2413362d1_8k.htm,filings/IBM_0000051143_2024-05-03_0001104659-24-057038.txt,6648
IBM,INTERNATIONAL BUSINESS MACHINES CORP,0000051143,2024-06-21,0000950157-24-000918,8-K,1.01; 2.03; 9.01,form8-k.htm,https://www.sec.gov/Archives/edgar/data/51143/000095015724000918/form8-k.htm,filings/IBM_0000051143_2024-06-21_0000950157-24-000918.txt,6970
IBM,INTERNATIONAL BUSINESS MACHINES CORP,0000051143,2024-07-24,0000051143-24-000033,8-K,2.02; 9.01,ibm-20240724.htm,https://www.sec.gov/Archives/edgar/data/51143/000005114324000033/ibm-20240724.htm,filings/IBM_0000051143_2024-07-24_0000051143-24-000033.txt,5459
IBM,INTERNATIONAL BUSINESS MACHINES CORP,0000051143,2024-07-25,0000051143-24-000035,8-K,7.01; 9.01,ibm-20240724.htm,https://www.sec.gov/Archives/edgar/data/51143/000005114324000035/ibm-20240724.htm,filings/IBM_0000051143_2024-07-25_0000051143-24-000035.txt,5258
IBM,INTERNATIONAL BUSINESS MACHINES CORP,0000051143,2024-09-11,0001104659-24-098942,8-K,8.01; 9.01,tm2423753d1_8k.htm,https://www.sec.gov/Archives/edgar/data/51143/000110465924098942/tm2423753d1_8k.htm,filings/IBM_0000051143_2024-09-11_0001104659-24-098942.txt,6983
IBM,INTERNATIONAL BUSINESS MACHINES CORP,0000051143,2024-10-23,0000051143-24-000043,8-K,2.02; 9.01,ibm-20241023.htm,https://www.sec.gov/Archives/edgar/data/51143/000005114324000043/ibm-20241023.htm,filings/IBM_0000051143_2024-10-23_0000051143-24-000043.txt,5427
IBM,INTERNATIONAL BUSINESS MACHINES CORP,0000051143,2024-10-24,0000051143-24-000045,8-K,7.01; 9.01,ibm-20241023.htm,https://www.sec.gov/Archives/edgar/data/51143/000005114324000045/ibm-20241023.htm,filings/IBM_0000051143_2024-10-24_0000051143-24-000045.txt,5242
IBM,INTERNATIONAL BUSINESS MACHINES CORP,0000051143,2024-12-09,0000051143-24-000052,8-K,7.01; 9.01,ibm-20241209.htm,https://www.sec.gov/Archives/edgar/data/51143/000005114324000052/ibm-20241209.htm,filings/IBM_0000051143_2024-12-09_0000051143-24-000052.txt,4820
INTC,INTEL CORP,0000050863,2021-01-14,0001193125-21-009142,8-K,2.02; 5.02; 7.01; 9.01,d82915d8k.htm,https://www.sec.gov/Archives/edgar/data/50863/000119312521009142/d82915d8k.htm,filings/INTC_0000050863_2021-01-14_0001193125-21-009142.txt,13584
INTC,INTEL CORP,0000050863,2021-01-21,0000050863-21-000009,8-K,2.02; 7.01; 9.01,intc-20210121.htm,https://www.sec.gov/Archives/edgar/data/50863/000005086321000009/intc-20210121.htm,filings/INTC_0000050863_2021-01-21_0000050863-21-000009.txt,4439
INTC,INTEL CORP,0000050863,2021-01-22,0001193125-21-014847,8-K,5.02,d54581d8k.htm,https://www.sec.gov/Archives/edgar/data/50863/000119312521014847/d54581d8k.htm,filings/INTC_0000050863_2021-01-22_0001193125-21-014847.txt,2789
INTC,INTEL CORP,0000050863,2021-02-18,0001193125-21-047794,8-K,5.02; 9.01,d144398d8k.htm,https://www.sec.gov/Archives/edgar/data/50863/000119312521047794/d144398d8k.htm,filings/INTC_0000050863_2021-02-18_0001193125-21-047794.txt,5781
INTC,INTEL CORP,0000050863,2021-03-16,0001193125-21-082782,8-K,5.02; 5.03; 9.01,d148850d8k.htm,https://www.sec.gov/Archives/edgar/data/50863/000119312521082782/d148850d8k.htm,filings/INTC_0000050863_2021-03-16_0001193125-21-082782.txt,3994
INTC,INTEL CORP,0000050863,2021-03-23,0001193125-21-091374,8-K,7.01; 9.01,d153275d8k.htm,https://www.sec.gov/Archives/edgar/data/50863/000119312521091374/d153275d8k.htm,filings/INTC_0000050863_2021-03-23_0001193125-21-091374.txt,5854
INTC,INTEL CORP,0000050863,2021-04-22,0000050863-21-000017,8-K,2.02; 9.01,intc-20210422.htm,https://www.sec.gov/Archives/edgar/data/50863/000005086321000017/intc-20210422.htm,filings/INTC_0000050863_2021-04-22_0000050863-21-000017.txt,4082
INTC,INTEL CORP,0000050863,2021-05-19,0001193125-21-166587,8-K,5.07,d166179d8k.htm,https://www.sec.gov/Archives/edgar/data/50863/000119312521166587/d166179d8k.htm,filings/INTC_0000050863_2021-05-19_0001193125-21-166587.txt,5058
INTC,INTEL CORP,0000050863,2021-06-22,0001193125-21-196285,8-K,5.02; 7.01; 9.01,d178883d8k.htm,https://www.sec.gov/Archives/edgar/data/50863/000119312521196285/d178883d8k.htm,filings/INTC_0000050863_2021-06-22_0001193125-21-196285.txt,3532
INTC,INTEL CORP,0000050863,2021-07-13,0001193125-21-214206,8-K,5.02; 9.01,d193436d8k.htm,https://www.sec.gov/Archives/edgar/data/50863/000119312521214206/d193436d8k.htm,filings/INTC_0000050863_2021-07-13_0001193125-21-214206.txt,3832
INTC,INTEL CORP,0000050863,2021-07-19,0001193125-21-218615,8-K,5.02; 7.01; 9.01,d195336d8k.htm,https://www.sec.gov/Archives/edgar/data/50863/000119312521218615/d195336d8k.htm,filings/INTC_0000050863_2021-07-19_0001193125-21-218615.txt,6466
INTC,INTEL CORP,0000050863,2021-07-22,0000050863-21-000029,8-K,2.02; 9.01,intc-20210722.htm,https://www.sec.gov/Archives/edgar/data/50863/000005086321000029/intc-20210722.htm,filings/INTC_0000050863_2021-07-22_0000050863-21-000029.txt,4079
INTC,INTEL CORP,0000050863,2021-07-26,0001193125-21-224438,8-K,7.01; 9.01,d199788d8k.htm,https://www.sec.gov/Archives/edgar/data/50863/000119312521224438/d199788d8k.htm,filings/INTC_0000050863_2021-07-26_0001193125-21-224438.txt,6954
INTC,INTEL CORP,0000050863,2021-08-12,0001193125-21-244840,8-K,8.01; 9.01,d136354d8k.htm,https://www.sec.gov/Archives/edgar/data/50863/000119312521244840/d136354d8k.htm,filings/INTC_0000050863_2021-08-12_0001193125-21-244840.txt,6241
INTC,INTEL CORP,0000050863,2021-10-06,0001193125-21-293329,8-K,5.02,d219567d8k.htm,https://www.sec.gov/Archives/edgar/data/50863/000119312521293329/d219567d8k.htm,filings/INTC_0000050863_2021-10-06_0001193125-21-293329.txt,3885
INTC,INTEL CORP,0000050863,2021-10-21,0000050863-21-000037,8-K,2.02; 5.02; 9.01,intc-20211018.htm,https://www.sec.gov/Archives/edgar/data/50863/000005086321000037/intc-20211018.htm,filings/INTC_0000050863_2021-10-21_0000050863-21-000037.txt,4891
INTC,INTEL CORP,0000050863,2021-12-07,0001193125-21-350395,8-K,7.01; 9.01,d444210d8k.htm,https://www.sec.gov/Archives/edgar/data/50863/000119312521350395/d444210d8k.htm,filings/INTC_0000050863_2021-12-07_0001193125-21-350395.txt,3196
INTC,INTEL CORP,0000050863,2021-12-30,0001193125-21-369552,8-K,7.01; 9.01,d282616d8k.htm,https://www.sec.gov/Archives/edgar/data/50863/000119312521369552/d282616d8k.htm,filings/INTC_0000050863_2021-12-30_0001193125-21-369552.txt,6617
INTC,INTEL CORP,0000050863,2022-01-10,0001193125-22-005658,8-K,5.02; 7.01; 9.01,d270836d8k.htm,https://www.sec.gov/Archives/edgar/data/50863/000119312522005658/d270836d8k.htm,filings/INTC_0000050863_2022-01-10_0001193125-22-005658.txt,7791
INTC,INTEL CORP,0000050863,2022-01-26,0000050863-22-000006,8-K,2.02; 7.01; 9.01,intc-20220126.htm,https://www.sec.gov/Archives/edgar/data/50863/000005086322000006/intc-20220126.htm,filings/INTC_0000050863_2022-01-26_0000050863-22-000006.txt,4433
INTC,INTEL CORP,0000050863,2022-02-09,0001193125-22-032684,8-K,5.02,d261091d8k.htm,https://www.sec.gov/Archives/edgar/data/50863/000119312522032684/d261091d8k.htm,filings/INTC_0000050863_2022-02-09_0001193125-22-032684.txt,2889
INTC,INTEL CORP,0000050863,2022-02-15,0001193125-22-043022,8-K,7.01; 9.01,d318338d8k.htm,https://www.sec.gov/Archives/edgar/data/50863/000119312522043022/d318338d8k.htm,filings/INTC_0000050863_2022-02-15_0001193125-22-043022.txt,11234
INTC,INTEL CORP,0000050863,2022-02-18,0001193125-22-045883,8-K,7.01; 9.01,d302059d8k.htm,https://www.sec.gov/Archives/edgar/data/50863/000119312522045883/d302059d8k.htm,filings/INTC_0000050863_2022-02-18_0001193125-22-045883.txt,4805
INTC,INTEL CORP,0000050863,2022-04-28,0000050863-22-000019,8-K,2.02; 7.01; 9.01,intc-20220428.htm,https://www.sec.gov/Archives/edgar/data/50863/000005086322000019/intc-20220428.htm,filings/INTC_0000050863_2022-04-28_0000050863-22-000019.txt,5546
INTC,INTEL CORP,0000050863,2022-05-16,0001193125-22-151752,8-K,5.02; 5.07,d363393d8k.htm,https://www.sec.gov/Archives/edgar/data/50863/000119312522151752/d363393d8k.htm,filings/INTC_0000050863_2022-05-16_0001193125-22-151752.txt,6561
INTC,INTEL CORP,0000050863,2022-06-22,0001193125-22-178756,8-K,5.02,d367376d8k.htm,https://www.sec.gov/Archives/edgar/data/50863/000119312522178756/d367376d8k.htm,filings/INTC_0000050863_2022-06-22_0001193125-22-178756.txt,5132
INTC,INTEL CORP,0000050863,2022-07-28,0000050863-22-000029,8-K,2.02; 7.01; 9.01,intc-20220728.htm,https://www.sec.gov/Archives/edgar/data/50863/000005086322000029/intc-20220728.htm,filings/INTC_0000050863_2022-07-28_0000050863-22-000029.txt,4138
INTC,INTEL CORP,0000050863,2022-08-05,0001193125-22-213699,8-K,8.01; 9.01,d390659d8k.htm,https://www.sec.gov/Archives/edgar/data/50863/000119312522213699/d390659d8k.htm,filings/INTC_0000050863_2022-08-05_0001193125-22-213699.txt,6439
INTC,INTEL CORP,0000050863,2022-08-11,0001193125-22-218541,8-K,5.02; 7.01; 9.01,d359017d8k.htm,https://www.sec.gov/Archives/edgar/data/50863/000119312522218541/d359017d8k.htm,filings/INTC_0000050863_2022-08-11_0001193125-22-218541.txt,7148
INTC,INTEL CORP,0000050863,2022-08-23,0001193125-22-226986,8-K,1.01; 7.01; 8.01; 9.01,d388434d8k.htm,https://www.sec.gov/Archives/edgar/data/50863/000119312522226986/d388434d8k.htm,filings/INTC_0000050863_2022-08-23_0001193125-22-226986.txt,12445
INTC,INTEL CORP,0000050863,2022-10-27,0000050863-22-000037,8-K,2.02; 9.01,intc-20221027.htm,https://www.sec.gov/Archives/edgar/data/50863/000005086322000037/intc-20221027.htm,filings/INTC_0000050863_2022-10-27_0000050863-22-000037.txt,4151
INTC,INTEL CORP,0000050863,2022-11-22,0001193125-22-291100,8-K,2.01; 9.01,d412415d8k.htm,https://www.sec.gov/Archives/edgar/data/50863/000119312522291100/d412415d8k.htm,filings/INTC_0000050863_2022-11-22_0001193125-22-291100.txt,5428
INTC,INTEL CORP,0000050863,2022-11-22,0001193125-22-290385,8-K,5.02; 7.01; 8.01; 9.01,d310344d8k.htm,https://www.sec.gov/Archives/edgar/data/50863/000119312522290385/d310344d8k.htm,filings/INTC_0000050863_2022-11-22_0001193125-22-290385.txt,14316
INTC,INTEL CORP,0000050863,2023-01-26,0000050863-23-000005,8-K,2.02; 7.01; 9.01,intc-20230126.htm,https://www.sec.gov/Archives/edgar/data/50863/000005086323000005/intc-20230126.htm,filings/INTC_0000050863_2023-01-26_0000050863-23-000005.txt,4376
INTC,INTEL CORP,0000050863,2023-02-10,0001193125-23-032608,8-K,8.01; 9.01,d460734d8k.htm,https://www.sec.gov/Archives/edgar/data/50863/000119312523032608/d460734d8k.htm,filings/INTC_0000050863_2023-02-10_0001193125-23-032608.txt,6845
INTC,INTEL CORP,0000050863,2023-04-27,0000050863-23-000027,8-K,2.02; 7.01; 9.01,intc-20230427.htm,https://www.sec.gov/Archives/edgar/data/50863/000005086323000027/intc-20230427.htm,filings/INTC_0000050863_2023-04-27_0000050863-23-000027.txt,4132
INTC,INTEL CORP,0000050863,2023-05-17,0000050863-23-000057,8-K,5.02; 5.07,intc-20230511.htm,https://www.sec.gov/Archives/edgar/data/50863/000005086323000057/intc-20230511.htm,filings/INTC_0000050863_2023-05-17_0000050863-23-000057.txt,6555
INTC,INTEL CORP,0000050863,2023-07-27,0000050863-23-000068,8-K,2.02; 7.01; 9.01,intc-20230727.htm,https://www.sec.gov/Archives/edgar/data/50863/000005086323000068/intc-20230727.htm,filings/INTC_0000050863_2023-07-27_0000050863-23-000068.txt,4124
INTC,INTEL CORP,0000050863,2023-08-16,0000050863-23-000078,8-K,7.01; 9.01,intc-20230816.htm,https://www.sec.gov/Archives/edgar/data/50863/000005086323000078/intc-20230816.htm,filings/INTC_0000050863_2023-08-16_0000050863-23-000078.txt,3281
INTC,INTEL CORP,0000050863,2023-10-05,0000050863-23-000092,8-K,5.02; 7.01; 9.01,intc-20231002.htm,https://www.sec.gov/Archives/edgar/data/50863/000005086323000092/intc-20231002.htm,filings/INTC_0000050863_2023-10-05_0000050863-23-000092.txt,6366
INTC,INTEL CORP,0000050863,2023-10-26,0000050863-23-000100,8-K,2.02; 7.01; 9.01,intc-20231026.htm,https://www.sec.gov/Archives/edgar/data/50863/000005086323000100/intc-20231026.htm,filings/INTC_0000050863_2023-10-26_0000050863-23-000100.txt,4139
INTC,INTEL CORP,0000050863,2023-10-30,0000050863-23-000109,8-K,7.01,intc-20231030.htm,https://www.sec.gov/Archives/edgar/data/50863/000005086323000109/intc-20231030.htm,filings/INTC_0000050863_2023-10-30_0000050863-23-000109.txt,5331
INTC,INTEL CORP,0000050863,2023-12-05,0000050863-23-000128,8-K,5.03; 9.01,intc-20231129.htm,https://www.sec.gov/Archives/edgar/data/50863/000005086323000128/intc-20231129.htm,filings/INTC_0000050863_2023-12-05_0000050863-23-000128.txt,5421
INTC,INTEL CORP,0000050863,2024-01-03,0000050863-24-000003,8-K,5.02,intc-20231229.htm,https://www.sec.gov/Archives/edgar/data/50863/000005086324000003/intc-20231229.htm,filings/INTC_0000050863_2024-01-03_0000050863-24-000003.txt,3159
INTC,INTEL CORP,0000050863,2024-01-25,0000050863-24-000008,8-K,2.02; 7.01; 9.01,intc-20240125.htm,https://www.sec.gov/Archives/edgar/data/50863/000005086324000008/intc-20240125.htm,filings/INTC_0000050863_2024-01-25_0000050863-24-000008.txt,4140
INTC,INTEL CORP,0000050863,2024-02-16,0000050863-24-000033,8-K,5.02,intc-20240215.htm,https://www.sec.gov/Archives/edgar/data/50863/000005086324000033/intc-20240215.htm,filings/INTC_0000050863_2024-02-16_0000050863-24-000033.txt,3710
INTC,INTEL CORP,0000050863,2024-02-21,0001193125-24-041435,8-K,8.01; 9.01,d734995d8k.htm,https://www.sec.gov/Archives/edgar/data/50863/000119312524041435/d734995d8k.htm,filings/INTC_0000050863_2024-02-21_0001193125-24-041435.txt,6111
INTC,INTEL CORP,0000050863,2024-03-13,0000050863-24-000036,8-K,5.02; 7.01; 9.01,intc-20240312.htm,https://www.sec.gov/Archives/edgar/data/50863/000005086324000036/intc-20240312.htm,filings/INTC_0000050863_2024-03-13_0000050863-24-000036.txt,7216
INTC,INTEL CORP,0000050863,2024-04-02,0000050863-24-000068,8-K,7.01; 9.01,intc-20240402.htm,https://www.sec.gov/Archives/edgar/data/50863/000005086324000068/intc-20240402.htm,filings/INTC_0000050863_2024-04-02_0000050863-24-000068.txt,6256
INTC,INTEL CORP,0000050863,2024-04-25,0000050863-24-000074,8-K,2.02; 7.01; 9.01,intc-20240425.htm,https://www.sec.gov/Archives/edgar/data/50863/000005086324000074/intc-20240425.htm,filings/INTC_0000050863_2024-04-25_0000050863-24-000074.txt,6646
INTC,INTEL CORP,0000050863,2024-05-08,0000050863-24-000086,8-K,7.01,intc-20240508.htm,https://www.sec.gov/Archives/edgar/data/50863/000005086324000086/intc-20240508.htm,filings/INTC_0000050863_2024-05-08_0000050863-24-000086.txt,6759
INTC,INTEL CORP,0000050863,2024-05-09,0000050863-24-000093,8-K,5.07,intc-20240507.htm,https://www.sec.gov/Archives/edgar/data/50863/000005086324000093/intc-20240507.htm,filings/INTC_0000050863_2024-05-09_0000050863-24-000093.txt,4951
INTC,INTEL CORP,0000050863,2024-06-04,0000050863-24-000103,8-K,1.01; 7.01; 8.01; 9.01,intc-20240604.htm,https://www.sec.gov/Archives/edgar/data/50863/000005086324000103/intc-20240604.htm,filings/INTC_0000050863_2024-06-04_0000050863-24-000103.txt,14008
INTC,INTEL CORP,0000050863,2024-06-14,0000050863-24-000110,8-K,1.01,intc-20240612.htm,https://www.sec.gov/Archives/edgar/data/50863/000005086324000110/intc-20240612.htm,filings/INTC_0000050863_2024-06-14_0000050863-24-000110.txt,4086
INTC,INTEL CORP,0000050863,2024-08-01,0000050863-24-000122,8-K,2.02; 9.01,intc-20240801.htm,https://www.sec.gov/Archives/edgar/data/50863/000005086324000122/intc-20240801.htm,filings/INTC_0000050863_2024-08-01_0000050863-24-000122.txt,4118
INTC,INTEL CORP,0000050863,2024-08-22,0000050863-24-000134,8-K,5.02,intc-20240819.htm,https://www.sec.gov/Archives/edgar/data/50863/000005086324000134/intc-20240819.htm,filings/INTC_0000050863_2024-08-22_0000050863-24-000134.txt,3081
INTC,INTEL CORP,0000050863,2024-10-31,0000050863-24-000147,8-K,2.02; 2.05; 9.01,intc-20241028.htm,https://www.sec.gov/Archives/edgar/data/50863/000005086324000147/intc-20241028.htm,filings/INTC_0000050863_2024-10-31_0000050863-24-000147.txt,7461
INTC,INTEL CORP,0000050863,2024-11-27,0000050863-24-000169,8-K,1.01; 7.01,intc-20241125.htm,https://www.sec.gov/Archives/edgar/data/50863/000005086324000169/intc-20241125.htm,filings/INTC_0000050863_2024-11-27_0000050863-24-000169.txt,8634
INTC,INTEL CORP,0000050863,2024-12-03,0000050863-24-000173,8-K,5.02; 7.01; 9.01,intc-20241201.htm,https://www.sec.gov/Archives/edgar/data/50863/000005086324000173/intc-20241201.htm,filings/INTC_0000050863_2024-12-03_0000050863-24-000173.txt,8072
INTC,INTEL CORP,0000050863,2024-12-05,0000050863-24-000180,8-K,5.02; 7.01; 9.01,intc-20241204.htm,https://www.sec.gov/Archives/edgar/data/50863/000005086324000180/intc-20241204.htm,filings/INTC_0000050863_2024-12-05_0000050863-24-000180.txt,10503
JNJ,JOHNSON & JOHNSON,0000200406,2021-01-26,0000200406-21-000006,8-K,2.02; 9.01,jnj-20210126.htm,https://www.sec.gov/Archives/edgar/data/200406/000020040621000006/jnj-20210126.htm,filings/JNJ_0000200406_2021-01-26_0000200406-21-000006.txt,3173
JNJ,JOHNSON & JOHNSON,0000200406,2021-04-20,0000200406-21-000024,8-K,2.02; 9.01,jnj-20210420.htm,https://www.sec.gov/Archives/edgar/data/200406/000020040621000024/jnj-20210420.htm,filings/JNJ_0000200406_2021-04-20_0000200406-21-000024.txt,3135
JNJ,JOHNSON & JOHNSON,0000200406,2021-04-26,0000200406-21-000030,8-K,5.07,jnj-20210422.htm,https://www.sec.gov/Archives/edgar/data/200406/000020040621000030/jnj-20210422.htm,filings/JNJ_0000200406_2021-04-26_0000200406-21-000030.txt,5588
JNJ,JOHNSON & JOHNSON,0000200406,2021-06-01,0000200406-21-000040,8-K,8.01,jnj-20210601.htm,https://www.sec.gov/Archives/edgar/data/200406/000020040621000040/jnj-20210601.htm,filings/JNJ_0000200406_2021-06-01_0000200406-21-000040.txt,3483
JNJ,JOHNSON & JOHNSON,0000200406,2021-07-21,0000200406-21-000053,8-K,2.02; 9.01,jnj-20210721.htm,https://www.sec.gov/Archives/edgar/data/200406/000020040621000053/jnj-20210721.htm,filings/JNJ_0000200406_2021-07-21_0000200406-21-000053.txt,3128
JNJ,JOHNSON & JOHNSON,0000200406,2021-08-20,0000200406-21-000061,8-K,5.02; 9.01,jnj-20210819.htm,https://www.sec.gov/Archives/edgar/data/200406/000020040621000061/jnj-20210819.htm,filings/JNJ_0000200406_2021-08-20_0000200406-21-000061.txt,4673
JNJ,JOHNSON & JOHNSON,0000200406,2021-10-12,0000200406-21-000063,8-K,5.02; 9.01,jnj-20211012.htm,https://www.sec.gov/Archives/edgar/data/200406/000020040621000063/jnj-20211012.htm,filings/JNJ_0000200406_2021-10-12_0000200406-21-000063.txt,3233
JNJ,JOHNSON & JOHNSON,0000200406,2021-10-19,0000200406-21-000067,8-K,2.02; 7.01; 9.01,jnj-20211019.htm,https://www.sec.gov/Archives/edgar/data/200406/000020040621000067/jnj-20211019.htm,filings/JNJ_0000200406_2021-10-19_0000200406-21-000067.txt,4465
JNJ,JOHNSON & JOHNSON,0000200406,2021-11-15,0000200406-21-000072,8-K,8.01,jnj-20211115.htm,https://www.sec.gov/Archives/edgar/data/200406/000020040621000072/jnj-20211115.htm,filings/JNJ_0000200406_2021-11-15_0000200406-21-000072.txt,3018
JNJ,JOHNSON & JOHNSON,0000200406,2022-01-06,0000200406-22-000004,8-K,5.02,jnj-20220106.htm,https://www.sec.gov/Archives/edgar/data/200406/000020040622000004/jnj-20220106.htm,filings/JNJ_0000200406_2022-01-06_0000200406-22-000004.txt,4714
JNJ,JOHNSON & JOHNSON,0000200406,2022-01-25,0000200406-22-000012,8-K,2.02; 9.01,jnj-20220125.htm,https://www.sec.gov/Archives/edgar/data/200406/000020040622000012/jnj-20220125.htm,filings/JNJ_0000200406_2022-01-25_0000200406-22-000012.txt,3113
JNJ,JOHNSON & JOHNSON,0000200406,2022-02-02,0000200406-22-000015,8-K,8.01,jnj-20220128.htm,https://www.sec.gov/Archives/edgar/data/200406/000020040622000015/jnj-20220128.htm,filings/JNJ_0000200406_2022-02-02_0000200406-22-000015.txt,5353
JNJ,JOHNSON & JOHNSON,0000200406,2022-02-16,0000200406-22-000017,8-K,5.02; 9.01,jnj-20220215.htm,https://www.sec.gov/Archives/edgar/data/200406/000020040622000017/jnj-20220215.htm,filings/JNJ_0000200406_2022-02-16_0000200406-22-000017.txt,3468
JNJ,JOHNSON & JOHNSON,0000200406,2022-04-19,0000200406-22-000038,8-K,2.02; 9.01,jnj-20220419.htm,https://www.sec.gov/Archives/edgar/data/200406/000020040622000038/jnj-20220419.htm,filings/JNJ_0000200406_2022-04-19_0000200406-22-000038.txt,3075
JNJ,JOHNSON & JOHNSON,0000200406,2022-04-29,0000200406-22-000047,8-K,5.02; 5.07,jnj-20220428.htm,https://www.sec.gov/Archives/edgar/data/200406/000020040622000047/jnj-20220428.htm,filings/JNJ_0000200406_2022-04-29_0000200406-22-000047.txt,8161
JNJ,JOHNSON & JOHNSON,0000200406,2022-07-19,0000200406-22-000063,8-K,2.02; 9.01,jnj-20220719.htm,https://www.sec.gov/Archives/edgar/data/200406/000020040622000063/jnj-20220719.htm,filings/JNJ_0000200406_2022-07-19_0000200406-22-000063.txt,3068
JNJ,JOHNSON & JOHNSON,0000200406,2022-09-14,0000200406-22-000076,8-K,8.01,jnj-20220914.htm,https://www.sec.gov/Archives/edgar/data/200406/000020040622000076/jnj-20220914.htm,filings/JNJ_0000200406_2022-09-14_0000200406-22-000076.txt,5993
JNJ,JOHNSON & JOHNSON,0000200406,2022-10-18,0000200406-22-000081,8-K,2.02; 9.01,jnj-20221018.htm,https://www.sec.gov/Archives/edgar/data/200406/000020040622000081/jnj-20221018.htm,filings/JNJ_0000200406_2022-10-18_0000200406-22-000081.txt,3087
JNJ,JOHNSON & JOHNSON,0000200406,2022-11-01,0001193125-22-274491,8-K,1.01; 7.01; 9.01,d395813d8k.htm,https://www.sec.gov/Archives/edgar/data/200406/000119312522274491/d395813d8k.htm,filings/JNJ_0000200406_2022-11-01_0001193125-22-274491.txt,22585
JNJ,JOHNSON & JOHNSON,0000200406,2022-12-01,0000200406-22-000089,8-K,5.02,jnj-20221130.htm,https://www.sec.gov/Archives/edgar/data/200406/000020040622000089/jnj-20221130.htm,filings/JNJ_0000200406_2022-12-01_0000200406-22-000089.txt,3375
JNJ,JOHNSON & JOHNSON,0000200406,2022-12-22,0001193125-22-311072,8-K,1.01; 2.01; 7.01; 9.01,d428734d8k.htm,https://www.sec.gov/Archives/edgar/data/200406/000119312522311072/d428734d8k.htm,filings/JNJ_0000200406_2022-12-22_0001193125-22-311072.txt,16052
JNJ,JOHNSON & JOHNSON,0000200406,2023-01-24,0000200406-23-000005,8-K,2.02; 9.01,jnj-20230124.htm,https://www.sec.gov/Archives/edgar/data/200406/000020040623000005/jnj-20230124.htm,filings/JNJ_0000200406_2023-01-24_0000200406-23-000005.txt,3120
JNJ,JOHNSON & JOHNSON,0000200406,2023-02-14,0000200406-23-000008,8-K,5.02,jnj-20230214.htm,https://www.sec.gov/Archives/edgar/data/200406/000020040623000008/jnj-20230214.htm,filings/JNJ_0000200406_2023-02-14_0000200406-23-000008.txt,3456
JNJ,JOHNSON & JOHNSON,0000200406,2023-02-15,0000200406-23-000011,8-K/A,5.02,jnj-20230214.htm,https://www.sec.gov/Archives/edgar/data/200406/000020040623000011/jnj-20230214.htm,filings/JNJ_0000200406_2023-02-15_0000200406-23-000011.txt,3438
JNJ,JOHNSON & JOHNSON,0000200406,2023-04-03,0000200406-23-000032,8-K,5.02,jnj-20230331.htm,https://www.sec.gov/Archives/edgar/data/200406/000020040623000032/jnj-20230331.htm,filings/JNJ_0000200406_2023-04-03_0000200406-23-000032.txt,3251
JNJ,JOHNSON & JOHNSON,0000200406,2023-04-04,0000200406-23-000037,8-K,7.01,jnj-20230404.htm,https://www.sec.gov/Archives/edgar/data/200406/000020040623000037/jnj-20230404.htm,filings/JNJ_0000200406_2023-04-04_0000200406-23-000037.txt,3697
JNJ,JOHNSON & JOHNSON,0000200406,2023-04-18,0000200406-23-000043,8-K,2.02; 8.01; 9.01,jnj-20230418.htm,https://www.sec.gov/Archives/edgar/data/200406/000020040623000043/jnj-20230418.htm,filings/JNJ_0000200406_2023-04-18_0000200406-23-000043.txt,3620
JNJ,JOHNSON & JOHNSON,0000200406,2023-05-01,0000200406-23-000059,8-K,5.02; 5.07,jnj-20230427.htm,https://www.sec.gov/Archives/edgar/data/200406/000020040623000059/jnj-20230427.htm,filings/JNJ_0000200406_2023-05-01_0000200406-23-000059.txt,6176
JNJ,JOHNSON & JOHNSON,0000200406,2023-05-08,0001193125-23-138287,8-K,1.01; 9.01,d301195d8k.htm,https://www.sec.gov/Archives/edgar/data/200406/000119312523138287/d301195d8k.htm,filings/JNJ_0000200406_2023-05-08_0001193125-23-138287.txt,8288
JNJ,JOHNSON & JOHNSON,0000200406,2023-07-20,0000200406-23-000073,8-K,2.02; 9.01,jnj-20230720.htm,https://www.sec.gov/Archives/edgar/data/200406/000020040623000073/jnj-20230720.htm,filings/JNJ_0000200406_2023-07-20_0000200406-23-000073.txt,3109
JNJ,JOHNSON & JOHNSON,0000200406,2023-07-24,0001628280-23-025388,8-K,8.01; 9.01,jnj-20230724.htm,https://www.sec.gov/Archives/edgar/data/200406/000162828023025388/jnj-20230724.htm,filings/JNJ_0000200406_2023-07-24_0001628280-23-025388.txt,2816
JNJ,JOHNSON & JOHNSON,0000200406,2023-07-28,0001628280-23-026095,8-K,5.04; 9.01,jnj-20230728.htm,https://www.sec.gov/Archives/edgar/data/200406/000162828023026095/jnj-20230728.htm,filings/JNJ_0000200406_2023-07-28_0001628280-23-026095.txt,5737
JNJ,JOHNSON & JOHNSON,0000200406,2023-08-25,0000200406-23-000086,8-K,2.01,jnj-20230823.htm,https://www.sec.gov/Archives/edgar/data/200406/000020040623000086/jnj-20230823.htm,filings/JNJ_0000200406_2023-08-25_0000200406-23-000086.txt,3086
JNJ,JOHNSON & JOHNSON,0000200406,2023-08-30,0000200406-23-000091,8-K,2.02; 9.01,jnj-20230830.htm,https://www.sec.gov/Archives/edgar/data/200406/000020040623000091/jnj-20230830.htm,filings/JNJ_0000200406_2023-08-30_0000200406-23-000091.txt,3091
JNJ,JOHNSON & JOHNSON,0000200406,2023-10-17,0000200406-23-000094,8-K,2.02; 9.01,jnj-20231017.htm,https://www.sec.gov/Archives/edgar/data/200406/000020040623000094/jnj-20231017.htm,filings/JNJ_0000200406_2023-10-17_0000200406-23-000094.txt,3122
JNJ,JOHNSON & JOHNSON,0000200406,2023-10-23,0000200406-23-000096,8-K,5.02,jnj-20231020.htm,https://www.sec.gov/Archives/edgar/data/200406/000020040623000096/jnj-20231020.htm,filings/JNJ_0000200406_2023-10-23_0000200406-23-000096.txt,3188
JNJ,JOHNSON & JOHNSON,0000200406,2023-11-27,0000200406-23-000105,8-K,5.02,jnj-20231121.htm,https://www.sec.gov/Archives/edgar/data/200406/000020040623000105/jnj-20231121.htm,filings/JNJ_0000200406_2023-11-27_0000200406-23-000105.txt,4587
JNJ,JOHNSON & JOHNSON,0000200406,2023-11-30,0000200406-23-000109,8-K,8.01,jnj-20231130.htm,https://www.sec.gov/Archives/edgar/data/200406/000020040623000109/jnj-20231130.htm,filings/JNJ_0000200406_2023-11-30_0000200406-23-000109.txt,5970
JNJ,JOHNSON & JOHNSON,0000200406,2023-12-05,0000200406-23-000115,8-K,5.02,jnj-20231130.htm,https://www.sec.gov/Archives/edgar/data/200406/000020040623000115/jnj-20231130.htm,filings/JNJ_0000200406_2023-12-05_0000200406-23-000115.txt,3656
JNJ,JOHNSON & JOHNSON,0000200406,2023-12-05,0000200406-23-000112,8-K,8.01,jnj-20231205.htm,https://www.sec.gov/Archives/edgar/data/200406/000020040623000112/jnj-20231205.htm,filings/JNJ_0000200406_2023-12-05_0000200406-23-000112.txt,3218
JNJ,JOHNSON & JOHNSON,0000200406,2024-01-23,0000200406-24-000004,8-K,2.02; 9.01,jnj-20240123.htm,https://www.sec.gov/Archives/edgar/data/200406/000020040624000004/jnj-20240123.htm,filings/JNJ_0000200406_2024-01-23_0000200406-24-000004.txt,3138
JNJ,JOHNSON & JOHNSON,0000200406,2024-04-16,0000200406-24-000036,8-K/A,9.01,jnj-20240416.htm,https://www.sec.gov/Archives/edgar/data/200406/000020040624000036/jnj-20240416.htm,filings/JNJ_0000200406_2024-04-16_0000200406-24-000036.txt,3322
JNJ,JOHNSON & JOHNSON,0000200406,2024-04-16,0000200406-24-000031,8-K,2.02; 8.01; 9.01,jnj-20240416.htm,https://www.sec.gov/Archives/edgar/data/200406/000020040624000031/jnj-20240416.htm,filings/JNJ_0000200406_2024-04-16_0000200406-24-000031.txt,3713
JNJ,JOHNSON & JOHNSON,0000200406,2024-04-29,0000200406-24-000043,8-K,5.03; 5.07; 9.01,jnj-20240425.htm,https://www.sec.gov/Archives/edgar/data/200406/000020040624000043/jnj-20240425.htm,filings/JNJ_0000200406_2024-04-29_0000200406-24-000043.txt,6994
JNJ,JOHNSON & JOHNSON,0000200406,2024-05-01,0000200406-24-000048,8-K,2.02; 7.01; 9.01,jnj-20240501.htm,https://www.sec.gov/Archives/edgar/data/200406/000020040624000048/jnj-20240501.htm,filings/JNJ_0000200406_2024-05-01_0000200406-24-000048.txt,4505
JNJ,JOHNSON & JOHNSON,0000200406,2024-05-17,0000200406-24-000053,8-K,8.01,jnj-20240517.htm,https://www.sec.gov/Archives/edgar/data/200406/000020040624000053/jnj-20240517.htm,filings/JNJ_0000200406_2024-05-17_0000200406-24-000053.txt,4322
JNJ,JOHNSON & JOHNSON,0000200406,2024-05-20,0001193125-24-142828,8-K,8.01; 9.01,d746288d8k.htm,https://www.sec.gov/Archives/edgar/data/200406/000119312524142828/d746288d8k.htm,filings/JNJ_0000200406_2024-05-20_0001193125-24-142828.txt,6106
JNJ,JOHNSON & JOHNSON,0000200406,2024-07-17,0000200406-24-000071,8-K,2.02; 9.01,jnj-20240717.htm,https://www.sec.gov/Archives/edgar/data/200406/000020040624000071/jnj-20240717.htm,filings/JNJ_0000200406_2024-07-17_0000200406-24-000071.txt,3216
JNJ,JOHNSON & JOHNSON,0000200406,2024-08-26,0000200406-24-000079,8-K,5.02,jnj-20240826.htm,https://www.sec.gov/Archives/edgar/data/200406/000020040624000079/jnj-20240826.htm,filings/JNJ_0000200406_2024-08-26_0000200406-24-000079.txt,3392
JNJ,JOHNSON & JOHNSON,0000200406,2024-09-10,0000200406-24-000081,8-K,5.02,jnj-20240910.htm,https://www.sec.gov/Archives/edgar/data/200406/000020040624000081/jnj-20240910.htm,filings/JNJ_0000200406_2024-09-10_0000200406-24-000081.txt,3243
JNJ,JOHNSON & JOHNSON,0000200406,2024-09-20,0000200406-24-000083,8-K,7.01; 9.01,jnj-20240920.htm,https://www.sec.gov/Archives/edgar/data/200406/000020040624000083/jnj-20240920.htm,filings/JNJ_0000200406_2024-09-20_0000200406-24-000083.txt,3796
JNJ,JOHNSON & JOHNSON,0000200406,2024-10-15,0000200406-24-000088,8-K,2.02; 9.01,jnj-20241015.htm,https://www.sec.gov/Archives/edgar/data/200406/000020040624000088/jnj-20241015.htm,filings/JNJ_0000200406_2024-10-15_0000200406-24-000088.txt,3239
JPM,JPMORGAN CHASE & CO,0000019617,2021-01-15,0000019617-21-000073,8-K,7.01; 9.01,jpm-20210115.htm,https://www.sec.gov/Archives/edgar/data/19617/000001961721000073/jpm-20210115.htm,filings/JPM_0000019617_2021-01-15_0000019617-21-000073.txt,5515
JPM,JPMORGAN CHASE & CO,0000019617,2021-01-15,0000019617-21-000071,8-K,2.02; 9.01,jpm-20210115.htm,https://www.sec.gov/Archives/edgar/data/19617/000001961721000071/jpm-20210115.htm,filings/JPM_0000019617_2021-01-15_0000019617-21-000071.txt,5492
JPM,JPMORGAN CHASE & CO,0000019617,2021-01-21,0000019617-21-000123,8-K,5.02; 9.01,jpm-20210121.htm,https://www.sec.gov/Archives/edgar/data/19617/000001961721000123/jpm-20210121.htm,filings/JPM_0000019617_2021-01-21_0000019617-21-000123.txt,8097
JPM,JPMORGAN CHASE & CO,0000019617,2021-02-04,0001193125-21-028835,8-K,8.01; 9.01,d131214d8k.htm,https://www.sec.gov/Archives/edgar/data/19617/000119312521028835/d131214d8k.htm,filings/JPM_0000019617_2021-02-04_0001193125-21-028835.txt,4539
JPM,JPMORGAN CHASE & CO,0000019617,2021-02-16,0001193125-21-044878,8-K,8.01; 9.01,d120278d8k.htm,https://www.sec.gov/Archives/edgar/data/19617/000119312521044878/d120278d8k.htm,filings/JPM_0000019617_2021-02-16_0001193125-21-044878.txt,4353
JPM,JPMORGAN CHASE & CO,0000019617,2021-02-22,0001193125-21-050847,8-K,5.02; 9.01,d135848d8k.htm,https://www.sec.gov/Archives/edgar/data/19617/000119312521050847/d135848d8k.htm,filings/JPM_0000019617_2021-02-22_0001193125-21-050847.txt,4469
JPM,JPMORGAN CHASE & CO,0000019617,2021-03-05,0001193125-21-071470,8-K,8.01; 9.01,d147880d8k.htm,https://www.sec.gov/Archives/edgar/data/19617/000119312521071470/d147880d8k.htm,filings/JPM_0000019617_2021-03-05_0001193125-21-071470.txt,4343
JPM,JPMORGAN CHASE & CO,0000019617,2021-03-16,0001193125-21-082826,8-K,8.01; 9.01,d228051d8k.htm,https://www.sec.gov/Archives/edgar/data/19617/000119312521082826/d228051d8k.htm,filings/JPM_0000019617_2021-03-16_0001193125-21-082826.txt,5492
JPM,JPMORGAN CHASE & CO,0000019617,2021-03-16,0000019617-21-000243,8-K,5.03; 9.01,jpm-20210316.htm,https://www.sec.gov/Archives/edgar/data/19617/000001961721000243/jpm-20210316.htm,filings/JPM_0000019617_2021-03-16_0000019617-21-000243.txt,4528
JPM,JPMORGAN CHASE & CO,0000019617,2021-03-17,0001193125-21-084083,8-K,3.03; 5.03; 8.01; 9.01,d119161d8k.htm,https://www.sec.gov/Archives/edgar/data/19617/000119312521084083/d119161d8k.htm,filings/JPM_0000019617_2021-03-17_0001193125-21-084083.txt,8097
JPM,JPMORGAN CHASE & CO,0000019617,2021-04-14,0000019617-21-000283,8-K,7.01; 9.01,jpm-20210414.htm,https://www.sec.gov/Archives/edgar/data/19617/000001961721000283/jpm-20210414.htm,filings/JPM_0000019617_2021-04-14_0000019617-21-000283.txt,5567
JPM,JPMORGAN CHASE & CO,0000019617,2021-04-14,0000019617-21-000281,8-K,2.02; 9.01,jpm-20210414.htm,https://www.sec.gov/Archives/edgar/data/19617/000001961721000281/jpm-20210414.htm,filings/JPM_0000019617_2021-04-14_0000019617-21-000281.txt,5540
JPM,JPMORGAN CHASE & CO,0000019617,2021-04-22,0001193125-21-126705,8-K,8.01; 9.01,d170728d8k.htm,https://www.sec.gov/Archives/edgar/data/19617/000119312521126705/d170728d8k.htm,filings/JPM_0000019617_2021-04-22_0001193125-21-126705.txt,5544
JPM,JPMORGAN CHASE & CO,0000019617,2021-04-30,0001193125-21-145290,8-K,8.01; 9.01,d183012d8k.htm,https://www.sec.gov/Archives/edgar/data/19617/000119312521145290/d183012d8k.htm,filings/JPM_0000019617_2021-04-30_0001193125-21-145290.txt,4822
JPM,JPMORGAN CHASE & CO,0000019617,2021-05-12,0001193125-21-159144,8-K,3.03; 5.03; 8.01; 9.01,d26080d8k.htm,https://www.sec.gov/Archives/edgar/data/19617/000119312521159144/d26080d8k.htm,filings/JPM_0000019617_2021-05-12_0001193125-21-159144.txt,8295
JPM,JPMORGAN CHASE & CO,0000019617,2021-05-18,0001193125-21-164789,8-K,5.02; 9.01,d157062d8k.htm,https://www.sec.gov/Archives/edgar/data/19617/000119312521164789/d157062d8k.htm,filings/JPM_0000019617_2021-05-18_0001193125-21-164789.txt,5858
JPM,JPMORGAN CHASE & CO,0000019617,2021-05-20,0001193125-21-167776,8-K,3.03; 5.03; 8.01; 9.01,d169285d8k.htm,https://www.sec.gov/Archives/edgar/data/19617/000119312521167776/d169285d8k.htm,filings/JPM_0000019617_2021-05-20_0001193125-21-167776.txt,8247
JPM,JPMORGAN CHASE & CO,0000019617,2021-05-21,0000019617-21-000343,8-K,5.07; 9.01,jpm-20210518.htm,https://www.sec.gov/Archives/edgar/data/19617/000001961721000343/jpm-20210518.htm,filings/JPM_0000019617_2021-05-21_0000019617-21-000343.txt,6425
JPM,JPMORGAN CHASE & CO,0000019617,2021-06-01,0001193125-21-178644,8-K,8.01; 9.01,d164024d8k.htm,https://www.sec.gov/Archives/edgar/data/19617/000119312521178644/d164024d8k.htm,filings/JPM_0000019617_2021-06-01_0001193125-21-178644.txt,5036
JPM,JPMORGAN CHASE & CO,0000019617,2021-06-23,0001193125-21-197271,8-K,8.01; 9.01,d305795d8k.htm,https://www.sec.gov/Archives/edgar/data/19617/000119312521197271/d305795d8k.htm,filings/JPM_0000019617_2021-06-23_0001193125-21-197271.txt,4986
JPM,JPMORGAN CHASE & CO,0000019617,2021-06-28,0000019617-21-000354,8-K,7.01; 9.01,jpm-20210628.htm,https://www.sec.gov/Archives/edgar/data/19617/000001961721000354/jpm-20210628.htm,filings/JPM_0000019617_2021-06-28_0000019617-21-000354.txt,6143
JPM,JPMORGAN CHASE & CO,0000019617,2021-06-28,0000019617-21-000352,8-K,8.01; 9.01,jpm-20210628.htm,https://www.sec.gov/Archives/edgar/data/19617/000001961721000352/jpm-20210628.htm,filings/JPM_0000019617_2021-06-28_0000019617-21-000352.txt,5961
JPM,JPMORGAN CHASE & CO,0000019617,2021-07-13,0000019617-21-000365,8-K,7.01; 9.01,jpm-20210713.htm,https://www.sec.gov/Archives/edgar/data/19617/000001961721000365/jpm-20210713.htm,filings/JPM_0000019617_2021-07-13_0000019617-21-000365.txt,5606
JPM,JPMORGAN CHASE & CO,0000019617,2021-07-13,0000019617-21-000363,8-K,2.02; 9.01,jpm-20210713.htm,https://www.sec.gov/Archives/edgar/data/19617/000001961721000363/jpm-20210713.htm,filings/JPM_0000019617_2021-07-13_0000019617-21-000363.txt,5583
JPM,JPMORGAN CHASE & CO,0000019617,2021-07-20,0000019617-21-000371,8-K,5.02; 9.01,jpm-20210720.htm,https://www.sec.gov/Archives/edgar/data/19617/000001961721000371/jpm-20210720.htm,filings/JPM_0000019617_2021-07-20_0000019617-21-000371.txt,6807
JPM,JPMORGAN CHASE & CO,0000019617,2021-07-29,0001193125-21-229188,8-K,3.03; 5.03; 8.01; 9.01,d174865d8k.htm,https://www.sec.gov/Archives/edgar/data/19617/000119312521229188/d174865d8k.htm,filings/JPM_0000019617_2021-07-29_0001193125-21-229188.txt,8238
JPM,JPMORGAN CHASE & CO,0000019617,2021-08-10,0001193125-21-241817,8-K,8.01; 9.01,d27629d8k.htm,https://www.sec.gov/Archives/edgar/data/19617/000119312521241817/d27629d8k.htm,filings/JPM_0000019617_2021-08-10_0001193125-21-241817.txt,4654
JPM,JPMORGAN CHASE & CO,0000019617,2021-09-22,0001193125-21-279424,8-K,8.01; 9.01,d207130d8k.htm,https://www.sec.gov/Archives/edgar/data/19617/000119312521279424/d207130d8k.htm,filings/JPM_0000019617_2021-09-22_0001193125-21-279424.txt,4939
JPM,JPMORGAN CHASE & CO,0000019617,2021-10-13,0000019617-21-000448,8-K,7.01; 9.01,jpm-20211013.htm,https://www.sec.gov/Archives/edgar/data/19617/000001961721000448/jpm-20211013.htm,filings/JPM_0000019617_2021-10-13_0000019617-21-000448.txt,5799
JPM,JPMORGAN CHASE & CO,0000019617,2021-10-13,0000019617-21-000446,8-K,2.02; 9.01,jpm-20211013.htm,https://www.sec.gov/Archives/edgar/data/19617/000001961721000446/jpm-20211013.htm,filings/JPM_0000019617_2021-10-13_0000019617-21-000446.txt,5772
JPM,JPMORGAN CHASE & CO,0000019617,2021-11-08,0001193125-21-323115,8-K,8.01; 9.01,d247572d8k.htm,https://www.sec.gov/Archives/edgar/data/19617/000119312521323115/d247572d8k.htm,filings/JPM_0000019617_2021-11-08_0001193125-21-323115.txt,4514
JPM,JPMORGAN CHASE & CO,0000019617,2021-12-10,0001193125-21-353966,8-K,8.01; 9.01,d274889d8k.htm,https://www.sec.gov/Archives/edgar/data/19617/000119312521353966/d274889d8k.htm,filings/JPM_0000019617_2021-12-10_0001193125-21-353966.txt,4792
JPM,JPMORGAN CHASE & CO,0000019617,2021-12-15,0000019617-21-000534,8-K,5.02; 9.01,jpm-20211214.htm,https://www.sec.gov/Archives/edgar/data/19617/000001961721000534/jpm-20211214.htm,filings/JPM_0000019617_2021-12-15_0000019617-21-000534.txt,6644
JPM,JPMORGAN CHASE & CO,0000019617,2021-12-15,0000019617-21-000531,8-K,5.02; 9.01,jpm-20211214.htm,https://www.sec.gov/Archives/edgar/data/19617/000001961721000531/jpm-20211214.htm,filings/JPM_0000019617_2021-12-15_0000019617-21-000531.txt,6499
JPM,JPMORGAN CHASE & CO,0000019617,2021-12-17,0001193125-21-360098,8-K,8.01; 9.01,d247846d8k.htm,https://www.sec.gov/Archives/edgar/data/19617/000119312521360098/d247846d8k.htm,filings/JPM_0000019617_2021-12-17_0001193125-21-360098.txt,5142
JPM,JPMORGAN CHASE & CO,0000019617,2022-01-03,0001193125-22-000220,8-K,8.01; 9.01,d253280d8k.htm,https://www.sec.gov/Archives/edgar/data/19617/000119312522000220/d253280d8k.htm,filings/JPM_0000019617_2022-01-03_0001193125-22-000220.txt,4516
JPM,JPMORGAN CHASE & CO,0000019617,2022-01-14,0000019617-22-000081,8-K,7.01; 9.01,jpm-20220114.htm,https://www.sec.gov/Archives/edgar/data/19617/000001961722000081/jpm-20220114.htm,filings/JPM_0000019617_2022-01-14_0000019617-22-000081.txt,5679
JPM,JPMORGAN CHASE & CO,0000019617,2022-01-14,0000019617-22-000079,8-K,2.02; 9.01,jpm-20220114.htm,https://www.sec.gov/Archives/edgar/data/19617/000001961722000079/jpm-20220114.htm,filings/JPM_0000019617_2022-01-14_0000019617-22-000079.txt,5657
JPM,JPMORGAN CHASE & CO,0000019617,2022-01-20,0000019617-22-000136,8-K,5.02; 9.01,jpm-20220120.htm,https://www.sec.gov/Archives/edgar/data/19617/000001961722000136/jpm-20220120.htm,filings/JPM_0000019617_2022-01-20_0000019617-22-000136.txt,8015
JPM,JPMORGAN CHASE & CO,0000019617,2022-01-25,0001193125-22-017078,8-K,8.01; 9.01,d256960d8k.htm,https://www.sec.gov/Archives/edgar/data/19617/000119312522017078/d256960d8k.htm,filings/JPM_0000019617_2022-01-25_0001193125-22-017078.txt,4513
JPM,JPMORGAN CHASE & CO,0000019617,2022-02-24,0001193125-22-052112,8-K,8.01; 9.01,d195737d8k.htm,https://www.sec.gov/Archives/edgar/data/19617/000119312522052112/d195737d8k.htm,filings/JPM_0000019617_2022-02-24_0001193125-22-052112.txt,5256
JPM,JPMORGAN CHASE & CO,0000019617,2022-04-13,0000019617-22-000315,8-K,7.01; 9.01,jpm-20220413.htm,https://www.sec.gov/Archives/edgar/data/19617/000001961722000315/jpm-20220413.htm,filings/JPM_0000019617_2022-04-13_0000019617-22-000315.txt,5559
JPM,JPMORGAN CHASE & CO,0000019617,2022-04-13,0000019617-22-000313,8-K,2.02; 9.01,jpm-20220413.htm,https://www.sec.gov/Archives/edgar/data/19617/000001961722000313/jpm-20220413.htm,filings/JPM_0000019617_2022-04-13_0000019617-22-000313.txt,5532
JPM,JPMORGAN CHASE & CO,0000019617,2022-04-26,0001193125-22-120273,8-K,8.01; 9.01,d515472d8k.htm,https://www.sec.gov/Archives/edgar/data/19617/000119312522120273/d515472d8k.htm,filings/JPM_0000019617_2022-04-26_0001193125-22-120273.txt,4910
JPM,JPMORGAN CHASE & CO,0000019617,2022-05-06,0000950103-22-008083,8-K,8.01; 9.01,dp172647_8k.htm,https://www.sec.gov/Archives/edgar/data/19617/000095010322008083/dp172647_8k.htm,filings/JPM_0000019617_2022-05-06_0000950103-22-008083.txt,4796
JPM,JPMORGAN CHASE & CO,0000019617,2022-05-20,0000019617-22-000367,8-K,5.07; 9.01,jpm-20220517.htm,https://www.sec.gov/Archives/edgar/data/19617/000001961722000367/jpm-20220517.htm,filings/JPM_0000019617_2022-05-20_0000019617-22-000367.txt,6539
JPM,JPMORGAN CHASE & CO,0000019617,2022-05-23,0000019617-22-000369,8-K,7.01; 9.01,jpm-20220523.htm,https://www.sec.gov/Archives/edgar/data/19617/000001961722000369/jpm-20220523.htm,filings/JPM_0000019617_2022-05-23_0000019617-22-000369.txt,5776
JPM,JPMORGAN CHASE & CO,0000019617,2022-06-14,0001193125-22-173846,8-K,8.01; 9.01,d360602d8k.htm,https://www.sec.gov/Archives/edgar/data/19617/000119312522173846/d360602d8k.htm,filings/JPM_0000019617_2022-06-14_0001193125-22-173846.txt,4742
JPM,JPMORGAN CHASE & CO,0000019617,2022-06-27,0000019617-22-000395,8-K,7.01; 9.01,jpm-20220627.htm,https://www.sec.gov/Archives/edgar/data/19617/000001961722000395/jpm-20220627.htm,filings/JPM_0000019617_2022-06-27_0000019617-22-000395.txt,6169
JPM,JPMORGAN CHASE & CO,0000019617,2022-06-27,0000019617-22-000392,8-K,8.01; 9.01,jpm-20220627.htm,https://www.sec.gov/Archives/edgar/data/19617/000001961722000392/jpm-20220627.htm,filings/JPM_0000019617_2022-06-27_0000019617-22-000392.txt,6006
JPM,JPMORGAN CHASE & CO,0000019617,2022-07-14,0000019617-22-000412,8-K,7.01; 9.01,jpm-20220714.htm,https://www.sec.gov/Archives/edgar/data/19617/000001961722000412/jpm-20220714.htm,filings/JPM_0000019617_2022-07-14_0000019617-22-000412.txt,5631
JPM,JPMORGAN CHASE & CO,0000019617,2022-07-14,0000019617-22-000410,8-K,2.02; 9.01,jpm-20220714.htm,https://www.sec.gov/Archives/edgar/data/19617/000001961722000410/jpm-20220714.htm,filings/JPM_0000019617_2022-07-14_0000019617-22-000410.txt,5608
JPM,JPMORGAN CHASE & CO,0000019617,2022-07-19,0000019617-22-000414,8-K,5.02; 9.01,jpm-20220719.htm,https://www.sec.gov/Archives/edgar/data/19617/000001961722000414/jpm-20220719.htm,filings/JPM_0000019617_2022-07-19_0000019617-22-000414.txt,4323
JPM,JPMORGAN CHASE & CO,0000019617,2022-07-25,0001193125-22-200868,8-K,8.01; 9.01,d346710d8k.htm,https://www.sec.gov/Archives/edgar/data/19617/000119312522200868/d346710d8k.htm,filings/JPM_0000019617_2022-07-25_0001193125-22-200868.txt,4532
JPM,JPMORGAN CHASE & CO,0000019617,2022-07-28,0001193125-22-204833,8-K,8.01; 9.01,d385830d8k.htm,https://www.sec.gov/Archives/edgar/data/19617/000119312522204833/d385830d8k.htm,filings/JPM_0000019617_2022-07-28_0001193125-22-204833.txt,4646
JPM,JPMORGAN CHASE & CO,0000019617,2022-08-11,0001193125-22-218556,8-K,8.01; 9.01,d213722d8k.htm,https://www.sec.gov/Archives/edgar/data/19617/000119312522218556/d213722d8k.htm,filings/JPM_0000019617_2022-08-11_0001193125-22-218556.txt,4649
JPM,JPMORGAN CHASE & CO,0000019617,2022-09-01,0001193125-22-236574,8-K,8.01; 9.01,d399581d8k.htm,https://www.sec.gov/Archives/edgar/data/19617/000119312522236574/d399581d8k.htm,filings/JPM_0000019617_2022-09-01_0001193125-22-236574.txt,4507
JPM,JPMORGAN CHASE & CO,0000019617,2022-09-14,0001193125-22-244747,8-K,8.01; 9.01,d404753d8k.htm,https://www.sec.gov/Archives/edgar/data/19617/000119312522244747/d404753d8k.htm,filings/JPM_0000019617_2022-09-14_0001193125-22-244747.txt,4510
JPM,JPMORGAN CHASE & CO,0000019617,2022-09-30,0001193125-22-255590,8-K,8.01; 9.01,d400699d8k.htm,https://www.sec.gov/Archives/edgar/data/19617/000119312522255590/d400699d8k.htm,filings/JPM_0000019617_2022-09-30_0001193125-22-255590.txt,4524
JPM,JPMORGAN CHASE & CO,0000019617,2022-10-14,0000019617-22-000488,8-K,7.01; 9.01,jpm-20221014.htm,https://www.sec.gov/Archives/edgar/data/19617/000001961722000488/jpm-20221014.htm,filings/JPM_0000019617_2022-10-14_0000019617-22-000488.txt,5658
JPM,JPMORGAN CHASE & CO,0000019617,2022-10-14,0000019617-22-000486,8-K,2.02; 9.01,jpm-20221014.htm,https://www.sec.gov/Archives/edgar/data/19617/000001961722000486/jpm-20221014.htm,filings/JPM_0000019617_2022-10-14_0000019617-22-000486.txt,5631
JPM,JPMORGAN CHASE & CO,0000019617,2022-12-15,0001193125-22-305905,8-K,8.01; 9.01,d430062d8k.htm,https://www.sec.gov/Archives/edgar/data/19617/000119312522305905/d430062d8k.htm,filings/JPM_0000019617_2022-12-15_0001193125-22-305905.txt,4440
JPM,JPMORGAN CHASE & CO,0000019617,2023-01-13,0000019617-23-000077,8-K,7.01; 9.01,jpm-20230113.htm,https://www.sec.gov/Archives/edgar/data/19617/000001961723000077/jpm-20230113.htm,filings/JPM_0000019617_2023-01-13_0000019617-23-000077.txt,5680
JPM,JPMORGAN CHASE & CO,0000019617,2023-01-13,0000019617-23-000063,8-K,2.02; 9.01,jpm-20230113.htm,https://www.sec.gov/Archives/edgar/data/19617/000001961723000063/jpm-20230113.htm,filings/JPM_0000019617_2023-01-13_0000019617-23-000063.txt,5657
JPM,JPMORGAN CHASE & CO,0000019617,2023-01-17,0000019617-23-000083,8-K,5.03; 9.01,jpm-20230117.htm,https://www.sec.gov/Archives/edgar/data/19617/000001961723000083/jpm-20230117.htm,filings/JPM_0000019617_2023-01-17_0000019617-23-000083.txt,9425
JPM,JPMORGAN CHASE & CO,0000019617,2023-01-17,0000019617-23-000082,8-K,5.02; 9.01,jpm-20230117.htm,https://www.sec.gov/Archives/edgar/data/19617/000001961723000082/jpm-20230117.htm,filings/JPM_0000019617_2023-01-17_0000019617-23-000082.txt,4514
JPM,JPMORGAN CHASE & CO,0000019617,2023-01-19,0000019617-23-000104,8-K,5.02; 9.01,jpm-20230117.htm,https://www.sec.gov/Archives/edgar/data/19617/000001961723000104/jpm-20230117.htm,filings/JPM_0000019617_2023-01-19_0000019617-23-000104.txt,9554
JPM,JPMORGAN CHASE & CO,0000019617,2023-03-01,0001193125-23-056441,8-K,8.01; 9.01,d628011d8k.htm,https://www.sec.gov/Archives/edgar/data/19617/000119312523056441/d628011d8k.htm,filings/JPM_0000019617_2023-03-01_0001193125-23-056441.txt,4430
JPM,JPMORGAN CHASE & CO,0000019617,2023-04-14,0001628280-23-011546,8-K,2.02; 9.01,jpm-20230414.htm,https://www.sec.gov/Archives/edgar/data/19617/000162828023011546/jpm-20230414.htm,filings/JPM_0000019617_2023-04-14_0001628280-23-011546.txt,5533
JPM,JPMORGAN CHASE & CO,0000019617,2023-04-14,0000019617-23-000297,8-K,7.01; 9.01,jpm-20230414.htm,https://www.sec.gov/Archives/edgar/data/19617/000001961723000297/jpm-20230414.htm,filings/JPM_0000019617_2023-04-14_0000019617-23-000297.txt,5562
JPM,JPMORGAN CHASE & CO,0000019617,2023-04-20,0000950103-23-005982,8-K,8.01; 9.01,dp192359_8k.htm,https://www.sec.gov/Archives/edgar/data/19617/000095010323005982/dp192359_8k.htm,filings/JPM_0000019617_2023-04-20_0000950103-23-005982.txt,4517
JPM,JPMORGAN CHASE & CO,0000019617,2023-05-01,0000019617-23-000306,8-K,7.01; 9.01,jpm-20230501.htm,https://www.sec.gov/Archives/edgar/data/19617/000001961723000306/jpm-20230501.htm,filings/JPM_0000019617_2023-05-01_0000019617-23-000306.txt,5662
JPM,JPMORGAN CHASE & CO,0000019617,2023-05-01,0000019617-23-000304,8-K,8.01; 9.01,jpm-20230501.htm,https://www.sec.gov/Archives/edgar/data/19617/000001961723000304/jpm-20230501.htm,filings/JPM_0000019617_2023-05-01_0000019617-23-000304.txt,5113
JPM,JPMORGAN CHASE & CO,0000019617,2023-05-18,0000019617-23-000382,8-K,5.07; 9.01,jpm-20230516.htm,https://www.sec.gov/Archives/edgar/data/19617/000001961723000382/jpm-20230516.htm,filings/JPM_0000019617_2023-05-18_0000019617-23-000382.txt,7775
JPM,JPMORGAN CHASE & CO,0000019617,2023-05-22,0000019617-23-000388,8-K,7.01; 9.01,jpm-20230522.htm,https://www.sec.gov/Archives/edgar/data/19617/000001961723000388/jpm-20230522.htm,filings/JPM_0000019617_2023-05-22_0000019617-23-000388.txt,5777
JPM,JPMORGAN CHASE & CO,0000019617,2023-06-01,0001193125-23-158957,8-K,8.01; 9.01,d493041d8k.htm,https://www.sec.gov/Archives/edgar/data/19617/000119312523158957/d493041d8k.htm,filings/JPM_0000019617_2023-06-01_0001193125-23-158957.txt,4427
JPM,JPMORGAN CHASE & CO,0000019617,2023-06-26,0000019617-23-000408,8-K,8.01; 9.01,jpm-20230625.htm,https://www.sec.gov/Archives/edgar/data/19617/000001961723000408/jpm-20230625.htm,filings/JPM_0000019617_2023-06-26_0000019617-23-000408.txt,4105
JPM,JPMORGAN CHASE & CO,0000019617,2023-06-30,0000019617-23-000415,8-K,7.01; 9.01,jpm-20230630.htm,https://www.sec.gov/Archives/edgar/data/19617/000001961723000415/jpm-20230630.htm,filings/JPM_0000019617_2023-06-30_0000019617-23-000415.txt,6168
JPM,JPMORGAN CHASE & CO,0000019617,2023-06-30,0000019617-23-000413,8-K,8.01; 9.01,jpm-20230630.htm,https://www.sec.gov/Archives/edgar/data/19617/000001961723000413/jpm-20230630.htm,filings/JPM_0000019617_2023-06-30_0000019617-23-000413.txt,5958
JPM,JPMORGAN CHASE & CO,0000019617,2023-07-03,0000019617-23-000418,8-K/A,8.01; 9.01,jpm-20230630.htm,https://www.sec.gov/Archives/edgar/data/19617/000001961723000418/jpm-20230630.htm,filings/JPM_0000019617_2023-07-03_0000019617-23-000418.txt,6677
JPM,JPMORGAN CHASE & CO,0000019617,2023-07-14,0000019617-23-000428,8-K,7.01; 9.01,jpm-20230714.htm,https://www.sec.gov/Archives/edgar/data/19617/000001961723000428/jpm-20230714.htm,filings/JPM_0000019617_2023-07-14_0000019617-23-000428.txt,5632
JPM,JPMORGAN CHASE & CO,0000019617,2023-07-14,0000019617-23-000425,8-K,2.02; 9.01,jpm-20230714.htm,https://www.sec.gov/Archives/edgar/data/19617/000001961723000425/jpm-20230714.htm,filings/JPM_0000019617_2023-07-14_0000019617-23-000425.txt,5609
JPM,JPMORGAN CHASE & CO,0000019617,2023-07-24,0001193125-23-192268,8-K,8.01; 9.01,d494414d8k.htm,https://www.sec.gov/Archives/edgar/data/19617/000119312523192268/d494414d8k.htm,filings/JPM_0000019617_2023-07-24_0001193125-23-192268.txt,4785
JPM,JPMORGAN CHASE & CO,0000019617,2023-09-22,0000019617-23-000501,8-K,5.03; 9.01,jpm-20230919.htm,https://www.sec.gov/Archives/edgar/data/19617/000001961723000501/jpm-20230919.htm,filings/JPM_0000019617_2023-09-22_0000019617-23-000501.txt,4651
JPM,JPMORGAN CHASE & CO,0000019617,2023-10-13,0000019617-23-000510,8-K,7.01; 9.01,jpm-20231013.htm,https://www.sec.gov/Archives/edgar/data/19617/000001961723000510/jpm-20231013.htm,filings/JPM_0000019617_2023-10-13_0000019617-23-000510.txt,5659
JPM,JPMORGAN CHASE & CO,0000019617,2023-10-13,0000019617-23-000508,8-K,2.02; 9.01,jpm-20231013.htm,https://www.sec.gov/Archives/edgar/data/19617/000001961723000508/jpm-20231013.htm,filings/JPM_0000019617_2023-10-13_0000019617-23-000508.txt,5631
JPM,JPMORGAN CHASE & CO,0000019617,2023-10-23,0001193125-23-260837,8-K,8.01; 9.01,d563723d8k.htm,https://www.sec.gov/Archives/edgar/data/19617/000119312523260837/d563723d8k.htm,filings/JPM_0000019617_2023-10-23_0001193125-23-260837.txt,5046
JPM,JPMORGAN CHASE & CO,0000019617,2023-10-27,0000019617-23-000517,8-K,8.01; 9.01,jpm-20231026.htm,https://www.sec.gov/Archives/edgar/data/19617/000001961723000517/jpm-20231026.htm,filings/JPM_0000019617_2023-10-27_0000019617-23-000517.txt,4701
JPM,JPMORGAN CHASE & CO,0000019617,2024-01-12,0000019617-24-000063,8-K,7.01; 9.01,jpm-20240112.htm,https://www.sec.gov/Archives/edgar/data/19617/000001961724000063/jpm-20240112.htm,filings/JPM_0000019617_2024-01-12_0000019617-24-000063.txt,5680
JPM,JPMORGAN CHASE & CO,0000019617,2024-01-12,0000019617-24-000049,8-K,2.02; 9.01,jpm-20240112.htm,https://www.sec.gov/Archives/edgar/data/19617/000001961724000049/jpm-20240112.htm,filings/JPM_0000019617_2024-01-12_0000019617-24-000049.txt,5656
JPM,JPMORGAN CHASE & CO,0000019617,2024-01-16,0000019617-24-000079,8-K,5.02; 9.01,jpm-20240116.htm,https://www.sec.gov/Archives/edgar/data/19617/000001961724000079/jpm-20240116.htm,filings/JPM_0000019617_2024-01-16_0000019617-24-000079.txt,4538
JPM,JPMORGAN CHASE & CO,0000019617,2024-01-18,0000019617-24-000109,8-K,5.02; 9.01,jpm-20240116.htm,https://www.sec.gov/Archives/edgar/data/19617/000001961724000109/jpm-20240116.htm,filings/JPM_0000019617_2024-01-18_0000019617-24-000109.txt,9394
JPM,JPMORGAN CHASE & CO,0000019617,2024-01-23,0001628280-24-001950,8-K,8.01; 9.01,jpm-20240123.htm,https://www.sec.gov/Archives/edgar/data/19617/000162828024001950/jpm-20240123.htm,filings/JPM_0000019617_2024-01-23_0001628280-24-001950.txt,4843
JPM,JPMORGAN CHASE & CO,0000019617,2024-01-25,0000019617-24-000166,8-K,8.01; 9.01,jpm-20240125.htm,https://www.sec.gov/Archives/edgar/data/19617/000001961724000166/jpm-20240125.htm,filings/JPM_0000019617_2024-01-25_0000019617-24-000166.txt,4003
JPM,JPMORGAN CHASE & CO,0000019617,2024-03-12,0001193125-24-065885,8-K,3.03; 5.03; 8.01; 9.01,d807686d8k.htm,https://www.sec.gov/Archives/edgar/data/19617/000119312524065885/d807686d8k.htm,filings/JPM_0000019617_2024-03-12_0001193125-24-065885.txt,8448
JPM,JPMORGAN CHASE & CO,0000019617,2024-03-21,0001193125-24-073915,8-K,8.01; 9.01,d807652d8k.htm,https://www.sec.gov/Archives/edgar/data/19617/000119312524073915/d807652d8k.htm,filings/JPM_0000019617_2024-03-21_0001193125-24-073915.txt,5381
JPM,JPMORGAN CHASE & CO,0000019617,2024-04-08,0000019617-24-000275,8-K,5.02,jpm-20240408.htm,https://www.sec.gov/Archives/edgar/data/19617/000001961724000275/jpm-20240408.htm,filings/JPM_0000019617_2024-04-08_0000019617-24-000275.txt,4379
JPM,JPMORGAN CHASE & CO,0000019617,2024-04-12,0000019617-24-000318,8-K,7.01; 9.01,jpm-20240412.htm,https://www.sec.gov/Archives/edgar/data/19617/000001961724000318/jpm-20240412.htm,filings/JPM_0000019617_2024-04-12_0000019617-24-000318.txt,5679
JPM,JPMORGAN CHASE & CO,0000019617,2024-04-12,0000019617-24-000315,8-K,2.02; 9.01,jpm-20240412.htm,https://www.sec.gov/Archives/edgar/data/19617/000001961724000315/jpm-20240412.htm,filings/JPM_0000019617_2024-04-12_0000019617-24-000315.txt,5652
JPM,JPMORGAN CHASE & CO,0000019617,2024-04-22,0001193125-24-104926,8-K,8.01; 9.01,d785390d8k.htm,https://www.sec.gov/Archives/edgar/data/19617/000119312524104926/d785390d8k.htm,filings/JPM_0000019617_2024-04-22_0001193125-24-104926.txt,5036
JPM,JPMORGAN CHASE & CO,0000019617,2024-05-06,0000019617-24-000330,8-K,8.01; 9.01,jpm-20240506.htm,https://www.sec.gov/Archives/edgar/data/19617/000001961724000330/jpm-20240506.htm,filings/JPM_0000019617_2024-05-06_0000019617-24-000330.txt,5064
JPM,JPMORGAN CHASE & CO,0000019617,2024-05-15,0000019617-24-000402,8-K,7.01; 9.01,jpm-20240515.htm,https://www.sec.gov/Archives/edgar/data/19617/000001961724000402/jpm-20240515.htm,filings/JPM_0000019617_2024-05-15_0000019617-24-000402.txt,5811
JPM,JPMORGAN CHASE & CO,0000019617,2024-05-20,0000019617-24-000404,8-K,7.01; 9.01,jpm-20240520.htm,https://www.sec.gov/Archives/edgar/data/19617/000001961724000404/jpm-20240520.htm,filings/JPM_0000019617_2024-05-20_0000019617-24-000404.txt,5954
JPM,JPMORGAN CHASE & CO,0000019617,2024-05-23,0000019617-24-000411,8-K,5.02; 5.07; 9.01,jpm-20240521.htm,https://www.sec.gov/Archives/edgar/data/19617/000001961724000411/jpm-20240521.htm,filings/JPM_0000019617_2024-05-23_0000019617-24-000411.txt,7705
JPM,JPMORGAN CHASE & CO,0000019617,2024-06-03,0000950103-24-007646,8-K,8.01; 9.01,dp211754_8k.htm,https://www.sec.gov/Archives/edgar/data/19617/000095010324007646/dp211754_8k.htm,filings/JPM_0000019617_2024-06-03_0000950103-24-007646.txt,5274
JPM,JPMORGAN CHASE & CO,0000019617,2024-06-28,0000019617-24-000435,8-K,7.01; 9.01,jpm-20240628.htm,https://www.sec.gov/Archives/edgar/data/19617/000001961724000435/jpm-20240628.htm,filings/JPM_0000019617_2024-06-28_0000019617-24-000435.txt,5643
JPM,JPMORGAN CHASE & CO,0000019617,2024-06-28,0000019617-24-000434,8-K,8.01; 9.01,jpm-20240628.htm,https://www.sec.gov/Archives/edgar/data/19617/000001961724000434/jpm-20240628.htm,filings/JPM_0000019617_2024-06-28_0000019617-24-000434.txt,5250
JPM,JPMORGAN CHASE & CO,0000019617,2024-07-12,0000019617-24-000448,8-K,7.01; 9.01,jpm-20240712.htm,https://www.sec.gov/Archives/edgar/data/19617/000001961724000448/jpm-20240712.htm,filings/JPM_0000019617_2024-07-12_0000019617-24-000448.txt,5689
JPM,JPMORGAN CHASE & CO,0000019617,2024-07-12,0000019617-24-000446,8-K,2.02; 9.01,jpm-20240712.htm,https://www.sec.gov/Archives/edgar/data/19617/000001961724000446/jpm-20240712.htm,filings/JPM_0000019617_2024-07-12_0000019617-24-000446.txt,5667
JPM,JPMORGAN CHASE & CO,0000019617,2024-07-22,0001193125-24-182227,8-K,8.01; 9.01,d840818d8k.htm,https://www.sec.gov/Archives/edgar/data/19617/000119312524182227/d840818d8k.htm,filings/JPM_0000019617_2024-07-22_0001193125-24-182227.txt,4988
JPM,JPMORGAN CHASE & CO,0000019617,2024-07-24,0001193125-24-183855,8-K,8.01; 9.01,d819350d8k.htm,https://www.sec.gov/Archives/edgar/data/19617/000119312524183855/d819350d8k.htm,filings/JPM_0000019617_2024-07-24_0001193125-24-183855.txt,4539
JPM,JPMORGAN CHASE & CO,0000019617,2024-08-20,0001193125-24-203699,8-K,8.01; 9.01,d852242d8k.htm,https://www.sec.gov/Archives/edgar/data/19617/000119312524203699/d852242d8k.htm,filings/JPM_0000019617_2024-08-20_0001193125-24-203699.txt,4545
JPM,JPMORGAN CHASE & CO,0000019617,2024-09-27,0001193125-24-228029,8-K,8.01; 9.01,d895215d8k.htm,https://www.sec.gov/Archives/edgar/data/19617/000119312524228029/d895215d8k.htm,filings/JPM_0000019617_2024-09-27_0001193125-24-228029.txt,4592
JPM,JPMORGAN CHASE & CO,0000019617,2024-10-11,0000019617-24-000558,8-K,7.01; 9.01,jpm-20241011.htm,https://www.sec.gov/Archives/edgar/data/19617/000001961724000558/jpm-20241011.htm,filings/JPM_0000019617_2024-10-11_0000019617-24-000558.txt,5717
JPM,JPMORGAN CHASE & CO,0000019617,2024-10-11,0000019617-24-000555,8-K,2.02; 9.01,jpm-20241011.htm,https://www.sec.gov/Archives/edgar/data/19617/000001961724000555/jpm-20241011.htm,filings/JPM_0000019617_2024-10-11_0000019617-24-000555.txt,5691
JPM,JPMORGAN CHASE & CO,0000019617,2024-10-17,0000019617-24-000595,8-K,5.02; 9.01,jpm-20241015.htm,https://www.sec.gov/Archives/edgar/data/19617/000001961724000595/jpm-20241015.htm,filings/JPM_0000019617_2024-10-17_0000019617-24-000595.txt,4610
JPM,JPMORGAN CHASE & CO,0000019617,2024-10-22,0001193125-24-241062,8-K,8.01; 9.01,d901602d8k.htm,https://www.sec.gov/Archives/edgar/data/19617/000119312524241062/d901602d8k.htm,filings/JPM_0000019617_2024-10-22_0001193125-24-241062.txt,5011
JPM,JPMORGAN CHASE & CO,0000019617,2024-11-29,0001193125-24-268103,8-K,8.01; 9.01,d846552d8k.htm,https://www.sec.gov/Archives/edgar/data/19617/000119312524268103/d846552d8k.htm,filings/JPM_0000019617_2024-11-29_0001193125-24-268103.txt,4515
JPM,JPMORGAN CHASE & CO,0000019617,2024-12-12,0000019617-24-000660,8-K,5.02,jpm-20241209.htm,https://www.sec.gov/Archives/edgar/data/19617/000001961724000660/jpm-20241209.htm,filings/JPM_0000019617_2024-12-12_0000019617-24-000660.txt,4599
KO,COCA COLA CO,0000021344,2021-02-10,0000021344-21-000003,8-K,2.02; 8.01; 9.01,ko-20210210.htm,https://www.sec.gov/Archives/edgar/data/21344/000002134421000003/ko-20210210.htm,filings/KO_0000021344_2021-02-10_0000021344-21-000003.txt,7854
KO,COCA COLA CO,0000021344,2021-02-22,0001552781-21-000039,8-K,5.02,e21063_ko-8k.htm,https://www.sec.gov/Archives/edgar/data/21344/000155278121000039/e21063_ko-8k.htm,filings/KO_0000021344_2021-02-22_0001552781-21-000039.txt,4443
KO,COCA COLA CO,0000021344,2021-03-01,0001552781-21-000052,8-K,8.01; 9.01,e21074_ko-8k.htm,https://www.sec.gov/Archives/edgar/data/21344/000155278121000052/e21074_ko-8k.htm,filings/KO_0000021344_2021-03-01_0001552781-21-000052.txt,3534
KO,COCA COLA CO,0000021344,2021-03-05,0001552781-21-000076,8-K,8.01; 9.01,e21091_ko-8k.htm,https://www.sec.gov/Archives/edgar/data/21344/000155278121000076/e21091_ko-8k.htm,filings/KO_0000021344_2021-03-05_0001552781-21-000076.txt,11479
KO,COCA COLA CO,0000021344,2021-03-08,0001552781-21-000082,8-K,8.01; 9.01,e21103_ko-8k.htm,https://www.sec.gov/Archives/edgar/data/21344/000155278121000082/e21103_ko-8k.htm,filings/KO_0000021344_2021-03-08_0001552781-21-000082.txt,3574
KO,COCA COLA CO,0000021344,2021-03-09,0001552781-21-000083,8-K,8.01; 9.01,e21102_koeuro-8k.htm,https://www.sec.gov/Archives/edgar/data/21344/000155278121000083/e21102_koeuro-8k.htm,filings/KO_0000021344_2021-03-09_0001552781-21-000083.txt,7877
KO,COCA COLA CO,0000021344,2021-04-08,0001552781-21-000188,8-K,8.01,e21191_ko-8k.htm,https://www.sec.gov/Archives/edgar/data/21344/000155278121000188/e21191_ko-8k.htm,filings/KO_0000021344_2021-04-08_0001552781-21-000188.txt,4328
KO,COCA COLA CO,0000021344,2021-04-19,0001552781-21-000224,8-K,7.01; 9.01,e21237_ko-8k.htm,https://www.sec.gov/Archives/edgar/data/21344/000155278121000224/e21237_ko-8k.htm,filings/KO_0000021344_2021-04-19_0001552781-21-000224.txt,4571
KO,COCA COLA CO,0000021344,2021-04-19,0000021344-21-000011,8-K,2.02,ko-20210419.htm,https://www.sec.gov/Archives/edgar/data/21344/000002134421000011/ko-20210419.htm,filings/KO_0000021344_2021-04-19_0000021344-21-000011.txt,3886
KO,COCA COLA CO,0000021344,2021-04-21,0001552781-21-000235,8-K,5.02; 8.01; 9.01,e21249_ko-8k.htm,https://www.sec.gov/Archives/edgar/data/21344/000155278121000235/e21249_ko-8k.htm,filings/KO_0000021344_2021-04-21_0001552781-21-000235.txt,5341
KO,COCA COLA CO,0000021344,2021-04-22,0001552781-21-000242,8-K,5.07,e21256_ko-8k.htm,https://www.sec.gov/Archives/edgar/data/21344/000155278121000242/e21256_ko-8k.htm,filings/KO_0000021344_2021-04-22_0001552781-21-000242.txt,5447
KO,COCA COLA CO,0000021344,2021-04-28,0001552781-21-000255,8-K,8.01; 9.01,e21260_ko-8k.htm,https://www.sec.gov/Archives/edgar/data/21344/000155278121000255/e21260_ko-8k.htm,filings/KO_0000021344_2021-04-28_0001552781-21-000255.txt,3558
KO,COCA COLA CO,0000021344,2021-04-30,0001552781-21-000269,8-K,8.01; 9.01,e21263_ko-8k.htm,https://www.sec.gov/Archives/edgar/data/21344/000155278121000269/e21263_ko-8k.htm,filings/KO_0000021344_2021-04-30_0001552781-21-000269.txt,8986
KO,COCA COLA CO,0000021344,2021-05-05,0001552781-21-000338,8-K,8.01; 9.01,e21319_ko-8k.htm,https://www.sec.gov/Archives/edgar/data/21344/000155278121000338/e21319_ko-8k.htm,filings/KO_0000021344_2021-05-05_0001552781-21-000338.txt,9176
KO,COCA COLA CO,0000021344,2021-05-06,0001552781-21-000351,8-K,8.01; 9.01,e21345_ko-8k.htm,https://www.sec.gov/Archives/edgar/data/21344/000155278121000351/e21345_ko-8k.htm,filings/KO_0000021344_2021-05-06_0001552781-21-000351.txt,8085
KO,COCA COLA CO,0000021344,2021-05-12,0001552781-21-000415,8-K,8.01; 9.01,e21384_ko-8k.htm,https://www.sec.gov/Archives/edgar/data/21344/000155278121000415/e21384_ko-8k.htm,filings/KO_0000021344_2021-05-12_0001552781-21-000415.txt,6409
KO,COCA COLA CO,0000021344,2021-05-17,0001552781-21-000435,8-K,8.01; 9.01,e21388_ko-8k.htm,https://www.sec.gov/Archives/edgar/data/21344/000155278121000435/e21388_ko-8k.htm,filings/KO_0000021344_2021-05-17_0001552781-21-000435.txt,8147
KO,COCA COLA CO,0000021344,2021-05-20,0001552781-21-000451,8-K,8.01,e21398_ko-8k.htm,https://www.sec.gov/Archives/edgar/data/21344/000155278121000451/e21398_ko-8k.htm,filings/KO_0000021344_2021-05-20_0001552781-21-000451.txt,4119
KO,COCA COLA CO,0000021344,2021-06-04,0001552781-21-000502,8-K,8.01,e21423_ko-8k.htm,https://www.sec.gov/Archives/edgar/data/21344/000155278121000502/e21423_ko-8k.htm,filings/KO_0000021344_2021-06-04_0001552781-21-000502.txt,3822
KO,COCA COLA CO,0000021344,2021-07-21,0000021344-21-000021,8-K,2.02; 9.01,ko-20210721.htm,https://www.sec.gov/Archives/edgar/data/21344/000002134421000021/ko-20210721.htm,filings/KO_0000021344_2021-07-21_0000021344-21-000021.txt,3980
KO,COCA COLA CO,0000021344,2021-08-24,0001552781-21-000687,8-K,5.02; 9.01,e21534_ko-8k.htm,https://www.sec.gov/Archives/edgar/data/21344/000155278121000687/e21534_ko-8k.htm,filings/KO_0000021344_2021-08-24_0001552781-21-000687.txt,3870
KO,COCA COLA CO,0000021344,2021-10-27,0000021344-21-000027,8-K,2.02; 9.01,ko-20211027.htm,https://www.sec.gov/Archives/edgar/data/21344/000002134421000027/ko-20211027.htm,filings/KO_0000021344_2021-10-27_0000021344-21-000027.txt,3988
KO,COCA COLA CO,0000021344,2021-12-20,0001552781-21-000856,8-K,5.02; 9.01,e21666_ko-8k.htm,https://www.sec.gov/Archives/edgar/data/21344/000155278121000856/e21666_ko-8k.htm,filings/KO_0000021344_2021-12-20_0001552781-21-000856.txt,4851
KO,COCA COLA CO,0000021344,2022-02-10,0000021344-22-000004,8-K,2.02; 9.01,ko-20220210.htm,https://www.sec.gov/Archives/edgar/data/21344/000002134422000004/ko-20220210.htm,filings/KO_0000021344_2022-02-10_0000021344-22-000004.txt,4023
KO,COCA COLA CO,0000021344,2022-02-16,0001552781-22-000167,8-K,5.02; 9.01,e22073_ko-8k.htm,https://www.sec.gov/Archives/edgar/data/21344/000155278122000167/e22073_ko-8k.htm,filings/KO_0000021344_2022-02-16_0001552781-22-000167.txt,6094
KO,COCA COLA CO,0000021344,2022-03-04,0001552781-22-000236,8-K,5.02; 9.01,e22121_ko-8k.htm,https://www.sec.gov/Archives/edgar/data/21344/000155278122000236/e22121_ko-8k.htm,filings/KO_0000021344_2022-03-04_0001552781-22-000236.txt,3933
KO,COCA COLA CO,0000021344,2022-03-08,0001552781-22-000242,8-K,7.01; 9.01,e22134_ko-8k.htm,https://www.sec.gov/Archives/edgar/data/21344/000155278122000242/e22134_ko-8k.htm,filings/KO_0000021344_2022-03-08_0001552781-22-000242.txt,4518
KO,COCA COLA CO,0000021344,2022-04-25,0000021344-22-000013,8-K,2.02; 9.01,ko-20220425.htm,https://www.sec.gov/Archives/edgar/data/21344/000002134422000013/ko-20220425.htm,filings/KO_0000021344_2022-04-25_0000021344-22-000013.txt,3985
KO,COCA COLA CO,0000021344,2022-04-27,0001552781-22-000366,8-K,5.02; 5.07; 9.01,e22265_ko-8k.htm,https://www.sec.gov/Archives/edgar/data/21344/000155278122000366/e22265_ko-8k.htm,filings/KO_0000021344_2022-04-27_0001552781-22-000366.txt,7293
KO,COCA COLA CO,0000021344,2022-07-21,0001552781-22-000509,8-K,5.02; 9.01,e22375_ko-8k.htm,https://www.sec.gov/Archives/edgar/data/21344/000155278122000509/e22375_ko-8k.htm,filings/KO_0000021344_2022-07-21_0001552781-22-000509.txt,7635
KO,COCA COLA CO,0000021344,2022-07-26,0000021344-22-000030,8-K,2.02; 9.01,ko-20220726.htm,https://www.sec.gov/Archives/edgar/data/21344/000002134422000030/ko-20220726.htm,filings/KO_0000021344_2022-07-26_0000021344-22-000030.txt,3980
KO,COCA COLA CO,0000021344,2022-08-23,0001552781-22-000543,8-K,5.02; 9.01,e22401_ko-8k.htm,https://www.sec.gov/Archives/edgar/data/21344/000155278122000543/e22401_ko-8k.htm,filings/KO_0000021344_2022-08-23_0001552781-22-000543.txt,5442
KO,COCA COLA CO,0000021344,2022-10-25,0000021344-22-000038,8-K,2.02; 9.01,ko-20221025.htm,https://www.sec.gov/Archives/edgar/data/21344/000002134422000038/ko-20221025.htm,filings/KO_0000021344_2022-10-25_0000021344-22-000038.txt,3991
KO,COCA COLA CO,0000021344,2022-12-12,0001552781-22-000649,8-K,5.03; 9.01,e22509_ko-8k.htm,https://www.sec.gov/Archives/edgar/data/21344/000155278122000649/e22509_ko-8k.htm,filings/KO_0000021344_2022-12-12_0001552781-22-000649.txt,5777
KO,COCA COLA CO,0000021344,2023-02-14,0000021344-23-000005,8-K,2.02; 9.01,ko-20230214.htm,https://www.sec.gov/Archives/edgar/data/21344/000002134423000005/ko-20230214.htm,filings/KO_0000021344_2023-02-14_0000021344-23-000005.txt,4026
KO,COCA COLA CO,0000021344,2023-04-24,0000021344-23-000017,8-K,2.02; 9.01,ko-20230424.htm,https://www.sec.gov/Archives/edgar/data/21344/000002134423000017/ko-20230424.htm,filings/KO_0000021344_2023-04-24_0000021344-23-000017.txt,3983
KO,COCA COLA CO,0000021344,2023-04-26,0000021344-23-000026,8-K,5.07,ko-20230425.htm,https://www.sec.gov/Archives/edgar/data/21344/000002134423000026/ko-20230425.htm,filings/KO_0000021344_2023-04-26_0000021344-23-000026.txt,7204
KO,COCA COLA CO,0000021344,2023-07-19,0000021344-23-000041,8-K,5.02; 9.01,ko-20230719.htm,https://www.sec.gov/Archives/edgar/data/21344/000002134423000041/ko-20230719.htm,filings/KO_0000021344_2023-07-19_0000021344-23-000041.txt,4526
KO,COCA COLA CO,0000021344,2023-07-26,0000021344-23-000045,8-K,2.02; 9.01,ko-20230726.htm,https://www.sec.gov/Archives/edgar/data/21344/000002134423000045/ko-20230726.htm,filings/KO_0000021344_2023-07-26_0000021344-23-000045.txt,3980
KO,COCA COLA CO,0000021344,2023-10-20,0000021344-23-000051,8-K,5.03; 9.01,ko-20231019.htm,https://www.sec.gov/Archives/edgar/data/21344/000002134423000051/ko-20231019.htm,filings/KO_0000021344_2023-10-20_0000021344-23-000051.txt,6106
KO,COCA COLA CO,0000021344,2023-10-24,0000021344-23-000057,8-K,2.02; 9.01,ko-20231024.htm,https://www.sec.gov/Archives/edgar/data/21344/000002134423000057/ko-20231024.htm,filings/KO_0000021344_2023-10-24_0000021344-23-000057.txt,3989
KO,COCA COLA CO,0000021344,2024-02-13,0000021344-24-000004,8-K,2.02; 9.01,ko-20240213.htm,https://www.sec.gov/Archives/edgar/data/21344/000002134424000004/ko-20240213.htm,filings/KO_0000021344_2024-02-13_0000021344-24-000004.txt,4033
KO,COCA COLA CO,0000021344,2024-04-30,0000021344-24-000013,8-K,2.02; 9.01,ko-20240430.htm,https://www.sec.gov/Archives/edgar/data/21344/000002134424000013/ko-20240430.htm,filings/KO_0000021344_2024-04-30_0000021344-24-000013.txt,3941
KO,COCA COLA CO,0000021344,2024-05-02,0001552781-24-000261,8-K,5.02; 5.07; 9.01,e24215_ko-8k.htm,https://www.sec.gov/Archives/edgar/data/21344/000155278124000261/e24215_ko-8k.htm,filings/KO_0000021344_2024-05-02_0001552781-24-000261.txt,11763
KO,COCA COLA CO,0000021344,2024-05-08,0001552781-24-000299,8-K,8.01; 9.01,e24235_ko-8k.htm,https://www.sec.gov/Archives/edgar/data/21344/000155278124000299/e24235_ko-8k.htm,filings/KO_0000021344_2024-05-08_0001552781-24-000299.txt,8669
KO,COCA COLA CO,0000021344,2024-05-13,0001552781-24-000313,8-K,8.01; 9.01,e24242_ko-8k.htm,https://www.sec.gov/Archives/edgar/data/21344/000155278124000313/e24242_ko-8k.htm,filings/KO_0000021344_2024-05-13_0001552781-24-000313.txt,8132
KO,COCA COLA CO,0000021344,2024-05-14,0001552781-24-000325,8-K,8.01; 9.01,e24243_koeuro-8k.htm,https://www.sec.gov/Archives/edgar/data/21344/000155278124000325/e24243_koeuro-8k.htm,filings/KO_0000021344_2024-05-14_0001552781-24-000325.txt,7902
KO,COCA COLA CO,0000021344,2024-07-23,0000021344-24-000040,8-K,5.02; 9.01,ko-20240719.htm,https://www.sec.gov/Archives/edgar/data/21344/000002134424000040/ko-20240719.htm,filings/KO_0000021344_2024-07-23_0000021344-24-000040.txt,4136
KO,COCA COLA CO,0000021344,2024-07-23,0000021344-24-000037,8-K,2.02; 9.01,ko-20240723.htm,https://www.sec.gov/Archives/edgar/data/21344/000002134424000037/ko-20240723.htm,filings/KO_0000021344_2024-07-23_0000021344-24-000037.txt,4018
KO,COCA COLA CO,0000021344,2024-08-09,0001552781-24-000465,8-K,8.01; 9.01,e24341_ko-8k.htm,https://www.sec.gov/Archives/edgar/data/21344/000155278124000465/e24341_ko-8k.htm,filings/KO_0000021344_2024-08-09_0001552781-24-000465.txt,9392
KO,COCA COLA CO,0000021344,2024-08-14,0001552781-24-000487,8-K,8.01; 9.01,e24347_kousd-8k.htm,https://www.sec.gov/Archives/edgar/data/21344/000155278124000487/e24347_kousd-8k.htm,filings/KO_0000021344_2024-08-14_0001552781-24-000487.txt,9115
KO,COCA COLA CO,0000021344,2024-08-15,0001552781-24-000497,8-K,8.01; 9.01,e24348_koeuro-8k.htm,https://www.sec.gov/Archives/edgar/data/21344/000155278124000497/e24348_koeuro-8k.htm,filings/KO_0000021344_2024-08-15_0001552781-24-000497.txt,8114
KO,COCA COLA CO,0000021344,2024-08-21,0000021344-24-000047,8-K,5.02; 9.01,ko-20240821.htm,https://www.sec.gov/Archives/edgar/data/21344/000002134424000047/ko-20240821.htm,filings/KO_0000021344_2024-08-21_0000021344-24-000047.txt,5517
KO,COCA COLA CO,0000021344,2024-10-17,0000021344-24-000051,8-K,5.02; 9.01,ko-20241017.htm,https://www.sec.gov/Archives/edgar/data/21344/000002134424000051/ko-20241017.htm,filings/KO_0000021344_2024-10-17_0000021344-24-000051.txt,4717
KO,COCA COLA CO,0000021344,2024-10-23,0000021344-24-000056,8-K,2.02; 9.01,ko-20241023.htm,https://www.sec.gov/Archives/edgar/data/21344/000002134424000056/ko-20241023.htm,filings/KO_0000021344_2024-10-23_0000021344-24-000056.txt,4129
KO,COCA COLA CO,0000021344,2024-12-11,0001552781-24-000626,8-K,5.02; 9.01,e24365_ko-8k.htm,https://www.sec.gov/Archives/edgar/data/21344/000155278124000626/e24365_ko-8k.htm,filings/KO_0000021344_2024-12-11_0001552781-24-000626.txt,6410
KO,COCA COLA CO,0000021344,2024-12-16,0001552781-24-000634,8-K,5.02; 9.01,e24475_ko-8k.htm,https://www.sec.gov/Archives/edgar/data/21344/000155278124000634/e24475_ko-8k.htm,filings/KO_0000021344_2024-12-16_0001552781-24-000634.txt,3996
LIN,LINDE PLC,0001707925,2021-01-19,0001654954-21-000591,8-K,5.02,lin-20211231.htm,https://www.sec.gov/Archives/edgar/data/1707925/000165495421000591/lin-20211231.htm,filings/LIN_0001707925_2021-01-19_0001654954-21-000591.txt,3227
LIN,LINDE PLC,0001707925,2021-02-05,0001654954-21-001193,8-K,2.02; 9.01,lin-20211231.htm,https://www.sec.gov/Archives/edgar/data/1707925/000165495421001193/lin-20211231.htm,filings/LIN_0001707925_2021-02-05_0001654954-21-001193.txt,2954
LIN,LINDE PLC,0001707925,2021-05-06,0001654954-21-005179,8-K,2.02; 9.01,lin-20211231.htm,https://www.sec.gov/Archives/edgar/data/1707925/000165495421005179/lin-20211231.htm,filings/LIN_0001707925_2021-05-06_0001654954-21-005179.txt,2917
LIN,LINDE PLC,0001707925,2021-07-28,0001654954-21-008282,8-K,5.07,lin_8k.htm,https://www.sec.gov/Archives/edgar/data/1707925/000165495421008282/lin_8k.htm,filings/LIN_0001707925_2021-07-28_0001654954-21-008282.txt,6573
LIN,LINDE PLC,0001707925,2021-07-30,0001654954-21-008345,8-K,2.02; 9.01,lin_8k.htm,https://www.sec.gov/Archives/edgar/data/1707925/000165495421008345/lin_8k.htm,filings/LIN_0001707925_2021-07-30_0001654954-21-008345.txt,2970
LIN,LINDE PLC,0001707925,2021-10-01,0001193125-21-288256,8-K,8.01; 9.01,d119415d8k.htm,https://www.sec.gov/Archives/edgar/data/1707925/000119312521288256/d119415d8k.htm,filings/LIN_0001707925_2021-10-01_0001193125-21-288256.txt,7986
LIN,LINDE PLC,0001707925,2021-10-25,0001654954-21-011321,8-K,5.02; 8.01; 9.01,lin_8k.htm,https://www.sec.gov/Archives/edgar/data/1707925/000165495421011321/lin_8k.htm,filings/LIN_0001707925_2021-10-25_0001654954-21-011321.txt,5753
LIN,LINDE PLC,0001707925,2021-10-28,0001654954-21-011422,8-K,2.02; 9.01,lin_8k.htm,https://www.sec.gov/Archives/edgar/data/1707925/000165495421011422/lin_8k.htm,filings/LIN_0001707925_2021-10-28_0001654954-21-011422.txt,3029
LIN,LINDE PLC,0001707925,2021-11-18,0001193125-21-333670,8-K,5.02; 9.01,d204657d8k.htm,https://www.sec.gov/Archives/edgar/data/1707925/000119312521333670/d204657d8k.htm,filings/LIN_0001707925_2021-11-18_0001193125-21-333670.txt,4825
LIN,LINDE PLC,0001707925,2022-02-10,0001654954-22-001380,8-K,2.02; 9.01,lin_8k.htm,https://www.sec.gov/Archives/edgar/data/1707925/000165495422001380/lin_8k.htm,filings/LIN_0001707925_2022-02-10_0001654954-22-001380.txt,3041
LIN,LINDE PLC,0001707925,2022-03-31,0001193125-22-092092,8-K,8.01; 9.01,d259909d8k.htm,https://www.sec.gov/Archives/edgar/data/1707925/000119312522092092/d259909d8k.htm,filings/LIN_0001707925_2022-03-31_0001193125-22-092092.txt,8385
LIN,LINDE PLC,0001707925,2022-04-28,0001654954-22-005503,8-K,2.02; 9.01,lin_8k.htm,https://www.sec.gov/Archives/edgar/data/1707925/000165495422005503/lin_8k.htm,filings/LIN_0001707925_2022-04-28_0001654954-22-005503.txt,2941
LIN,LINDE PLC,0001707925,2022-07-28,0001654954-22-010130,8-K,2.02; 9.01,lin_8k.htm,https://www.sec.gov/Archives/edgar/data/1707925/000165495422010130/lin_8k.htm,filings/LIN_0001707925_2022-07-28_0001654954-22-010130.txt,2937
LIN,LINDE PLC,0001707925,2022-07-29,0001654954-22-010261,8-K,5.07,lin_8k.htm,https://www.sec.gov/Archives/edgar/data/1707925/000165495422010261/lin_8k.htm,filings/LIN_0001707925_2022-07-29_0001654954-22-010261.txt,6196
LIN,LINDE PLC,0001707925,2022-10-24,0001654954-22-014068,8-K,7.01; 9.01,lin_8k.htm,https://www.sec.gov/Archives/edgar/data/1707925/000165495422014068/lin_8k.htm,filings/LIN_0001707925_2022-10-24_0001654954-22-014068.txt,3598
LIN,LINDE PLC,0001707925,2022-10-27,0001654954-22-014269,8-K,2.02; 9.01,lin_8k.htm,https://www.sec.gov/Archives/edgar/data/1707925/000165495422014269/lin_8k.htm,filings/LIN_0001707925_2022-10-27_0001654954-22-014269.txt,2952
LIN,LINDE PLC,0001707925,2022-12-05,0001193125-22-298137,8-K,8.01; 9.01,d418436d8k.htm,https://www.sec.gov/Archives/edgar/data/1707925/000119312522298137/d418436d8k.htm,filings/LIN_0001707925_2022-12-05_0001193125-22-298137.txt,5949
LIN,LINDE PLC,0001707925,2022-12-08,0001193125-22-301076,8-K,1.01; 2.03; 9.01,d418436d8k.htm,https://www.sec.gov/Archives/edgar/data/1707925/000119312522301076/d418436d8k.htm,filings/LIN_0001707925_2022-12-08_0001193125-22-301076.txt,9649
LIN,LINDE PLC,0001707925,2023-01-23,0001193125-23-012820,8-K,5.07,d438647d8k.htm,https://www.sec.gov/Archives/edgar/data/1707925/000119312523012820/d438647d8k.htm,filings/LIN_0001707925_2023-01-23_0001193125-23-012820.txt,5349
LIN,LINDE PLC,0001707925,2023-01-24,0001193125-23-013874,8-K,5.02,d440252d8k.htm,https://www.sec.gov/Archives/edgar/data/1707925/000119312523013874/d440252d8k.htm,filings/LIN_0001707925_2023-01-24_0001193125-23-013874.txt,3105
LIN,LINDE PLC,0001707925,2023-02-07,0001654954-23-001367,8-K,2.02; 9.01,lin_8k.htm,https://www.sec.gov/Archives/edgar/data/1707925/000165495423001367/lin_8k.htm,filings/LIN_0001707925_2023-02-07_0001654954-23-001367.txt,2953
LIN,LINDE PLC,0001707925,2023-04-27,0001654954-23-005242,8-K,2.02; 9.01,lin_8k.htm,https://www.sec.gov/Archives/edgar/data/1707925/000165495423005242/lin_8k.htm,filings/LIN_0001707925_2023-04-27_0001654954-23-005242.txt,2940
LIN,LINDE PLC,0001707925,2023-04-28,0001654954-23-005358,8-K,5.02; 9.01,lin_8k.htm,https://www.sec.gov/Archives/edgar/data/1707925/000165495423005358/lin_8k.htm,filings/LIN_0001707925_2023-04-28_0001654954-23-005358.txt,3005
LIN,LINDE PLC,0001707925,2023-06-12,0001193125-23-165348,8-K,8.01; 9.01,d507221d8k.htm,https://www.sec.gov/Archives/edgar/data/1707925/000119312523165348/d507221d8k.htm,filings/LIN_0001707925_2023-06-12_0001193125-23-165348.txt,7760
LIN,LINDE PLC,0001707925,2023-07-27,0001654954-23-009714,8-K,2.02; 9.01,lin_8k.htm,https://www.sec.gov/Archives/edgar/data/1707925/000165495423009714/lin_8k.htm,filings/LIN_0001707925_2023-07-27_0001654954-23-009714.txt,2935
LIN,LINDE PLC,0001707925,2023-07-28,0001654954-23-009793,8-K,3.03; 5.07; 9.01,lin_8k.htm,https://www.sec.gov/Archives/edgar/data/1707925/000165495423009793/lin_8k.htm,filings/LIN_0001707925_2023-07-28_0001654954-23-009793.txt,6493
LIN,LINDE PLC,0001707925,2023-10-26,0001654954-23-013397,8-K,2.02; 3.01; 7.01; 9.01,lin_8k.htm,https://www.sec.gov/Archives/edgar/data/1707925/000165495423013397/lin_8k.htm,filings/LIN_0001707925_2023-10-26_0001654954-23-013397.txt,4478
LIN,LINDE PLC,0001707925,2023-12-06,0001193125-23-289907,8-K,1.01; 2.03; 9.01,d609824d8k.htm,https://www.sec.gov/Archives/edgar/data/1707925/000119312523289907/d609824d8k.htm,filings/LIN_0001707925_2023-12-06_0001193125-23-289907.txt,6169
LIN,LINDE PLC,0001707925,2024-02-06,0001654954-24-001330,8-K,2.02; 9.01,linde_8k.htm,https://www.sec.gov/Archives/edgar/data/1707925/000165495424001330/linde_8k.htm,filings/LIN_0001707925_2024-02-06_0001654954-24-001330.txt,2960
LIN,LINDE PLC,0001707925,2024-02-14,0001193125-24-036171,8-K,8.01; 9.01,d806251d8k.htm,https://www.sec.gov/Archives/edgar/data/1707925/000119312524036171/d806251d8k.htm,filings/LIN_0001707925_2024-02-14_0001193125-24-036171.txt,8158
LIN,LINDE PLC,0001707925,2024-02-28,0001654954-24-002268,8-K,5.02; 9.01,linde_8k.htm,https://www.sec.gov/Archives/edgar/data/1707925/000165495424002268/linde_8k.htm,filings/LIN_0001707925_2024-02-28_0001654954-24-002268.txt,3343
LIN,LINDE PLC,0001707925,2024-04-30,0001654954-24-005281,8-K,5.02; 9.01,linde_8k.htm,https://www.sec.gov/Archives/edgar/data/1707925/000165495424005281/linde_8k.htm,filings/LIN_0001707925_2024-04-30_0001654954-24-005281.txt,2969
LIN,LINDE PLC,0001707925,2024-05-02,0001654954-24-005420,8-K,2.02; 9.01,linde_8k.htm,https://www.sec.gov/Archives/edgar/data/1707925/000165495424005420/linde_8k.htm,filings/LIN_0001707925_2024-05-02_0001654954-24-005420.txt,2923
LIN,LINDE PLC,0001707925,2024-06-04,0001193125-24-154299,8-K,8.01; 9.01,d815371d8k.htm,https://www.sec.gov/Archives/edgar/data/1707925/000119312524154299/d815371d8k.htm,filings/LIN_0001707925_2024-06-04_0001193125-24-154299.txt,8170
LIN,LINDE PLC,0001707925,2024-08-02,0001654954-24-009898,8-K,5.07; 9.01,linde_8k.htm,https://www.sec.gov/Archives/edgar/data/1707925/000165495424009898/linde_8k.htm,filings/LIN_0001707925_2024-08-02_0001654954-24-009898.txt,5384
LIN,LINDE PLC,0001707925,2024-08-02,0001654954-24-009830,8-K,2.02; 9.01,linde_8k.htm,https://www.sec.gov/Archives/edgar/data/1707925/000165495424009830/linde_8k.htm,filings/LIN_0001707925_2024-08-02_0001654954-24-009830.txt,2935
LIN,LINDE PLC,0001707925,2024-10-31,0001654954-24-013519,8-K,2.02; 9.01,linde_8k.htm,https://www.sec.gov/Archives/edgar/data/1707925/000165495424013519/linde_8k.htm,filings/LIN_0001707925_2024-10-31_0001654954-24-013519.txt,2965
LIN,LINDE PLC,0001707925,2024-11-04,0001654954-24-013677,8-K,5.02; 9.01,linde_8k.htm,https://www.sec.gov/Archives/edgar/data/1707925/000165495424013677/linde_8k.htm,filings/LIN_0001707925_2024-11-04_0001654954-24-013677.txt,3358
LIN,LINDE PLC,0001707925,2024-12-02,0001654954-24-015100,8-K,5.02; 9.01,linde_8k.htm,https://www.sec.gov/Archives/edgar/data/1707925/000165495424015100/linde_8k.htm,filings/LIN_0001707925_2024-12-02_0001654954-24-015100.txt,5638
LIN,LINDE PLC,0001707925,2024-12-04,0001193125-24-270689,8-K,1.01; 2.03; 9.01,d853180d8k.htm,https://www.sec.gov/Archives/edgar/data/1707925/000119312524270689/d853180d8k.htm,filings/LIN_0001707925_2024-12-04_0001193125-24-270689.txt,6178
LLY,ELI LILLY & Co,0000059478,2021-01-14,0000059478-21-000004,8-K,5.02; 9.01,lly-20210113.htm,https://www.sec.gov/Archives/edgar/data/59478/000005947821000004/lly-20210113.htm,filings/LLY_0000059478_2021-01-14_0000059478-21-000004.txt,5834
LLY,ELI LILLY & Co,0000059478,2021-01-29,0000059478-21-000010,8-K,2.02,lly-20210129.htm,https://www.sec.gov/Archives/edgar/data/59478/000005947821000010/lly-20210129.htm,filings/LLY_0000059478_2021-01-29_0000059478-21-000010.txt,3854
LLY,ELI LILLY & Co,0000059478,2021-02-09,0001193125-21-033302,8-K,5.02; 5.03; 9.01,d111779d8k.htm,https://www.sec.gov/Archives/edgar/data/59478/000119312521033302/d111779d8k.htm,filings/LLY_0000059478_2021-02-09_0001193125-21-033302.txt,10185
LLY,ELI LILLY & Co,0000059478,2021-02-17,0000059478-21-000081,8-K,5.02; 9.01,lly-20210216.htm,https://www.sec.gov/Archives/edgar/data/59478/000005947821000081/lly-20210216.htm,filings/LLY_0000059478_2021-02-17_0000059478-21-000081.txt,5171
LLY,ELI LILLY & Co,0000059478,2021-04-27,0000059478-21-000117,8-K,2.02; 9.01,lly-20210427.htm,https://www.sec.gov/Archives/edgar/data/59478/000005947821000117/lly-20210427.htm,filings/LLY_0000059478_2021-04-27_0000059478-21-000117.txt,3822
LLY,ELI LILLY & Co,0000059478,2021-05-05,0000059478-21-000126,8-K,5.07,lly-20210503.htm,https://www.sec.gov/Archives/edgar/data/59478/000005947821000126/lly-20210503.htm,filings/LLY_0000059478_2021-05-05_0000059478-21-000126.txt,5502
LLY,ELI LILLY & Co,0000059478,2021-05-27,0001193125-21-174261,8-K,8.01,d175510d8k.htm,https://www.sec.gov/Archives/edgar/data/59478/000119312521174261/d175510d8k.htm,filings/LLY_0000059478_2021-05-27_0001193125-21-174261.txt,3444
LLY,ELI LILLY & Co,0000059478,2021-08-03,0000059478-21-000168,8-K,2.02; 9.01,lly-20210803.htm,https://www.sec.gov/Archives/edgar/data/59478/000005947821000168/lly-20210803.htm,filings/LLY_0000059478_2021-08-03_0000059478-21-000168.txt,3822
LLY,ELI LILLY & Co,0000059478,2021-08-17,0000059478-21-000175,8-K,5.02; 9.01,lly-20210811.htm,https://www.sec.gov/Archives/edgar/data/59478/000005947821000175/lly-20210811.htm,filings/LLY_0000059478_2021-08-17_0000059478-21-000175.txt,3578
LLY,ELI LILLY & Co,0000059478,2021-08-25,0000059478-21-000190,8-K,5.02; 9.01,lly-20210823.htm,https://www.sec.gov/Archives/edgar/data/59478/000005947821000190/lly-20210823.htm,filings/LLY_0000059478_2021-08-25_0000059478-21-000190.txt,3877
LLY,ELI LILLY & Co,0000059478,2021-09-10,0001193125-21-270093,8-K,8.01; 9.01,d129207d8k.htm,https://www.sec.gov/Archives/edgar/data/59478/000119312521270093/d129207d8k.htm,filings/LLY_0000059478_2021-09-10_0001193125-21-270093.txt,7945
LLY,ELI LILLY & Co,0000059478,2021-10-26,0000059478-21-000213,8-K,2.02; 9.01,lly-20211026.htm,https://www.sec.gov/Archives/edgar/data/59478/000005947821000213/lly-20211026.htm,filings/LLY_0000059478_2021-10-26_0000059478-21-000213.txt,4042
LLY,ELI LILLY & Co,0000059478,2021-12-15,0001193125-21-357380,8-K,2.02; 9.01,d212746d8k.htm,https://www.sec.gov/Archives/edgar/data/59478/000119312521357380/d212746d8k.htm,filings/LLY_0000059478_2021-12-15_0001193125-21-357380.txt,4210
LLY,ELI LILLY & Co,0000059478,2021-12-16,0001193125-21-359144,8-K,5.03; 9.01,d246572d8k.htm,https://www.sec.gov/Archives/edgar/data/59478/000119312521359144/d246572d8k.htm,filings/LLY_0000059478_2021-12-16_0001193125-21-359144.txt,4898
LLY,ELI LILLY & Co,0000059478,2022-01-31,0001193125-22-022446,8-K,8.01,d275834d8k.htm,https://www.sec.gov/Archives/edgar/data/59478/000119312522022446/d275834d8k.htm,filings/LLY_0000059478_2022-01-31_0001193125-22-022446.txt,3856
LLY,ELI LILLY & Co,0000059478,2022-02-03,0000059478-22-000016,8-K,2.02; 9.01,lly-20220203.htm,https://www.sec.gov/Archives/edgar/data/59478/000005947822000016/lly-20220203.htm,filings/LLY_0000059478_2022-02-03_0000059478-22-000016.txt,3974
LLY,ELI LILLY & Co,0000059478,2022-04-14,0000059478-22-000117,8-K,2.02,lly-20220414.htm,https://www.sec.gov/Archives/edgar/data/59478/000005947822000117/lly-20220414.htm,filings/LLY_0000059478_2022-04-14_0000059478-22-000117.txt,5890
LLY,ELI LILLY & Co,0000059478,2022-04-28,0000059478-22-000130,8-K,2.02; 9.01,lly-20220428.htm,https://www.sec.gov/Archives/edgar/data/59478/000005947822000130/lly-20220428.htm,filings/LLY_0000059478_2022-04-28_0000059478-22-000130.txt,3902
LLY,ELI LILLY & Co,0000059478,2022-05-04,0000059478-22-000138,8-K,3.03; 5.03; 5.07; 9.01,lly-20220502.htm,https://www.sec.gov/Archives/edgar/data/59478/000005947822000138/lly-20220502.htm,filings/LLY_0000059478_2022-05-04_0000059478-22-000138.txt,8185
LLY,ELI LILLY & Co,0000059478,2022-05-06,0000059478-22-000143,8-K,5.02,lly-20220502.htm,https://www.sec.gov/Archives/edgar/data/59478/000005947822000143/lly-20220502.htm,filings/LLY_0000059478_2022-05-06_0000059478-22-000143.txt,5341
LLY,ELI LILLY & Co,0000059478,2022-08-04,0000059478-22-000194,8-K,2.02; 9.01,lly-20220804.htm,https://www.sec.gov/Archives/edgar/data/59478/000005947822000194/lly-20220804.htm,filings/LLY_0000059478_2022-08-04_0000059478-22-000194.txt,3902
LLY,ELI LILLY & Co,0000059478,2022-10-12,0000059478-22-000233,8-K,8.01,lly-20221012.htm,https://www.sec.gov/Archives/edgar/data/59478/000005947822000233/lly-20221012.htm,filings/LLY_0000059478_2022-10-12_0000059478-22-000233.txt,6291
LLY,ELI LILLY & Co,0000059478,2022-11-01,0000059478-22-000248,8-K,2.02; 9.01,lly-20221101.htm,https://www.sec.gov/Archives/edgar/data/59478/000005947822000248/lly-20221101.htm,filings/LLY_0000059478_2022-11-01_0000059478-22-000248.txt,3921
LLY,ELI LILLY & Co,0000059478,2022-12-13,0000059478-22-000277,8-K,2.02,lly-20221213.htm,https://www.sec.gov/Archives/edgar/data/59478/000005947822000277/lly-20221213.htm,filings/LLY_0000059478_2022-12-13_0000059478-22-000277.txt,4060
LLY,ELI LILLY & Co,0000059478,2023-02-02,0000059478-23-000025,8-K,2.02; 9.01,lly-20230202.htm,https://www.sec.gov/Archives/edgar/data/59478/000005947823000025/lly-20230202.htm,filings/LLY_0000059478_2023-02-02_0000059478-23-000025.txt,3932
LLY,ELI LILLY & Co,0000059478,2023-02-24,0001193125-23-048910,8-K,8.01; 9.01,d575646d8k.htm,https://www.sec.gov/Archives/edgar/data/59478/000119312523048910/d575646d8k.htm,filings/LLY_0000059478_2023-02-24_0001193125-23-048910.txt,7609
LLY,ELI LILLY & Co,0000059478,2023-03-17,0000059478-23-000118,8-K,5.02,lly-20230317.htm,https://www.sec.gov/Archives/edgar/data/59478/000005947823000118/lly-20230317.htm,filings/LLY_0000059478_2023-03-17_0000059478-23-000118.txt,4026
LLY,ELI LILLY & Co,0000059478,2023-04-27,0000059478-23-000160,8-K,2.02; 9.01,lly-20230427.htm,https://www.sec.gov/Archives/edgar/data/59478/000005947823000160/lly-20230427.htm,filings/LLY_0000059478_2023-04-27_0000059478-23-000160.txt,3910
LLY,ELI LILLY & Co,0000059478,2023-05-04,0000059478-23-000165,8-K,5.07,lly-20230501.htm,https://www.sec.gov/Archives/edgar/data/59478/000005947823000165/lly-20230501.htm,filings/LLY_0000059478_2023-05-04_0000059478-23-000165.txt,7212
LLY,ELI LILLY & Co,0000059478,2023-08-08,0000059478-23-000219,8-K,2.02; 9.01,lly-20230808.htm,https://www.sec.gov/Archives/edgar/data/59478/000005947823000219/lly-20230808.htm,filings/LLY_0000059478_2023-08-08_0000059478-23-000219.txt,3908
LLY,ELI LILLY & Co,0000059478,2023-11-02,0000059478-23-000282,8-K,2.02; 9.01,lly-20231102.htm,https://www.sec.gov/Archives/edgar/data/59478/000005947823000282/lly-20231102.htm,filings/LLY_0000059478_2023-11-02_0000059478-23-000282.txt,3922
LLY,ELI LILLY & Co,0000059478,2024-02-06,0000059478-24-000032,8-K,2.02; 9.01,lly-20240206.htm,https://www.sec.gov/Archives/edgar/data/59478/000005947824000032/lly-20240206.htm,filings/LLY_0000059478_2024-02-06_0000059478-24-000032.txt,3905
LLY,ELI LILLY & Co,0000059478,2024-02-09,0001193125-24-029551,8-K,8.01; 9.01,d728700d8k.htm,https://www.sec.gov/Archives/edgar/data/59478/000119312524029551/d728700d8k.htm,filings/LLY_0000059478_2024-02-09_0001193125-24-029551.txt,7944
LLY,ELI LILLY & Co,0000059478,2024-04-30,0000059478-24-000116,8-K,2.02; 9.01,lly-20240430.htm,https://www.sec.gov/Archives/edgar/data/59478/000005947824000116/lly-20240430.htm,filings/LLY_0000059478_2024-04-30_0000059478-24-000116.txt,3885
LLY,ELI LILLY & Co,0000059478,2024-05-09,0000059478-24-000127,8-K,5.07,lly-20240506.htm,https://www.sec.gov/Archives/edgar/data/59478/000005947824000127/lly-20240506.htm,filings/LLY_0000059478_2024-05-09_0000059478-24-000127.txt,5881
LLY,ELI LILLY & Co,0000059478,2024-06-05,0000059478-24-000146,8-K,5.02; 9.01,lly-20240602.htm,https://www.sec.gov/Archives/edgar/data/59478/000005947824000146/lly-20240602.htm,filings/LLY_0000059478_2024-06-05_0000059478-24-000146.txt,3823
LLY,ELI LILLY & Co,0000059478,2024-07-10,0000059478-24-000164,8-K,5.02,lly-20240705.htm,https://www.sec.gov/Archives/edgar/data/59478/000005947824000164/lly-20240705.htm,filings/LLY_0000059478_2024-07-10_0000059478-24-000164.txt,4526
LLY,ELI LILLY & Co,0000059478,2024-08-08,0000059478-24-000185,8-K,2.02; 9.01,lly-20240808.htm,https://www.sec.gov/Archives/edgar/data/59478/000005947824000185/lly-20240808.htm,filings/LLY_0000059478_2024-08-08_0000059478-24-000185.txt,3884
LLY,ELI LILLY & Co,0000059478,2024-08-14,0001193125-24-200435,8-K,8.01; 9.01,d876011d8k.htm,https://www.sec.gov/Archives/edgar/data/59478/000119312524200435/d876011d8k.htm,filings/LLY_0000059478_2024-08-14_0001193125-24-200435.txt,7948
LLY,ELI LILLY & Co,0000059478,2024-08-16,0000059478-24-000196,8-K,5.02; 9.01,lly-20240813.htm,https://www.sec.gov/Archives/edgar/data/59478/000005947824000196/lly-20240813.htm,filings/LLY_0000059478_2024-08-16_0000059478-24-000196.txt,3829
LLY,ELI LILLY & Co,0000059478,2024-09-09,0000059478-24-000213,8-K,5.02; 9.01,lly-20240905.htm,https://www.sec.gov/Archives/edgar/data/59478/000005947824000213/lly-20240905.htm,filings/LLY_0000059478_2024-09-09_0000059478-24-000213.txt,4909
LLY,ELI LILLY & Co,0000059478,2024-10-30,0000059478-24-000242,8-K,2.02; 9.01,lly-20241030.htm,https://www.sec.gov/Archives/edgar/data/59478/000005947824000242/lly-20241030.htm,filings/LLY_0000059478_2024-10-30_0000059478-24-000242.txt,3897
LLY,ELI LILLY & Co,0000059478,2024-11-19,0000059478-24-000258,8-K,5.02; 9.01,lly-20241119.htm,https://www.sec.gov/Archives/edgar/data/59478/000005947824000258/lly-20241119.htm,filings/LLY_0000059478_2024-11-19_0000059478-24-000258.txt,5311
MA,Mastercard Inc,0001141391,2021-01-04,0001141391-21-000002,8-K,5.02; 9.01,ma-20201231.htm,https://www.sec.gov/Archives/edgar/data/1141391/000114139121000002/ma-20201231.htm,filings/MA_0001141391_2021-01-04_0001141391-21-000002.txt,7418
MA,Mastercard Inc,0001141391,2021-01-28,0001141391-21-000012,8-K,2.02; 9.01,ma-20210128.htm,https://www.sec.gov/Archives/edgar/data/1141391/000114139121000012/ma-20210128.htm,filings/MA_0001141391_2021-01-28_0001141391-21-000012.txt,3314
MA,Mastercard Inc,0001141391,2021-02-25,0001141391-21-000027,8-K,7.01; 9.01,ma-20210225.htm,https://www.sec.gov/Archives/edgar/data/1141391/000114139121000027/ma-20210225.htm,filings/MA_0001141391_2021-02-25_0001141391-21-000027.txt,3301
MA,Mastercard Inc,0001141391,2021-03-04,0001193125-21-069621,8-K,8.01; 9.01,d130970d8k.htm,https://www.sec.gov/Archives/edgar/data/1141391/000119312521069621/d130970d8k.htm,filings/MA_0001141391_2021-03-04_0001193125-21-069621.txt,5234
MA,Mastercard Inc,0001141391,2021-04-29,0001141391-21-000088,8-K,2.02; 9.01,ma-20210429.htm,https://www.sec.gov/Archives/edgar/data/1141391/000114139121000088/ma-20210429.htm,filings/MA_0001141391_2021-04-29_0001141391-21-000088.txt,3291
MA,Mastercard Inc,0001141391,2021-06-23,0001141391-21-000115,8-K,5.03; 5.07,ma-20210622.htm,https://www.sec.gov/Archives/edgar/data/1141391/000114139121000115/ma-20210622.htm,filings/MA_0001141391_2021-06-23_0001141391-21-000115.txt,7634
MA,Mastercard Inc,0001141391,2021-07-29,0001141391-21-000154,8-K,2.02; 9.01,ma-20210729.htm,https://www.sec.gov/Archives/edgar/data/1141391/000114139121000154/ma-20210729.htm,filings/MA_0001141391_2021-07-29_0001141391-21-000154.txt,3288
MA,Mastercard Inc,0001141391,2021-09-10,0001141391-21-000166,8-K,5.02; 9.01,ma-20210909.htm,https://www.sec.gov/Archives/edgar/data/1141391/000114139121000166/ma-20210909.htm,filings/MA_0001141391_2021-09-10_0001141391-21-000166.txt,3961
MA,Mastercard Inc,0001141391,2021-09-21,0001141391-21-000172,8-K,5.02; 9.01,ma-20210921.htm,https://www.sec.gov/Archives/edgar/data/1141391/000114139121000172/ma-20210921.htm,filings/MA_0001141391_2021-09-21_0001141391-21-000172.txt,3860
MA,Mastercard Inc,0001141391,2021-09-21,0000950103-21-014256,8-K,8.01; 9.01,dp158180_8k.htm,https://www.sec.gov/Archives/edgar/data/1141391/000095010321014256/dp158180_8k.htm,filings/MA_0001141391_2021-09-21_0000950103-21-014256.txt,3323
MA,Mastercard Inc,0001141391,2021-10-28,0001141391-21-000180,8-K,2.02; 9.01,ma-20211028.htm,https://www.sec.gov/Archives/edgar/data/1141391/000114139121000180/ma-20211028.htm,filings/MA_0001141391_2021-10-28_0001141391-21-000180.txt,3301
MA,Mastercard Inc,0001141391,2021-11-10,0001141391-21-000187,8-K,7.01; 9.01,ma-20211110.htm,https://www.sec.gov/Archives/edgar/data/1141391/000114139121000187/ma-20211110.htm,filings/MA_0001141391_2021-11-10_0001141391-21-000187.txt,4028
MA,Mastercard Inc,0001141391,2021-11-18,0001193125-21-333807,8-K,8.01; 9.01,d266132d8k.htm,https://www.sec.gov/Archives/edgar/data/1141391/000119312521333807/d266132d8k.htm,filings/MA_0001141391_2021-11-18_0001193125-21-333807.txt,4982
MA,Mastercard Inc,0001141391,2021-12-01,0001141391-21-000191,8-K,5.02; 9.01,ma-20211201.htm,https://www.sec.gov/Archives/edgar/data/1141391/000114139121000191/ma-20211201.htm,filings/MA_0001141391_2021-12-01_0001141391-21-000191.txt,4366
MA,Mastercard Inc,0001141391,2022-01-12,0001141391-22-000003,8-K,5.02; 9.01,ma-20220112.htm,https://www.sec.gov/Archives/edgar/data/1141391/000114139122000003/ma-20220112.htm,filings/MA_0001141391_2022-01-12_0001141391-22-000003.txt,4181
MA,Mastercard Inc,0001141391,2022-01-27,0001141391-22-000006,8-K,2.02; 9.01,ma-20220127.htm,https://www.sec.gov/Archives/edgar/data/1141391/000114139122000006/ma-20220127.htm,filings/MA_0001141391_2022-01-27_0001141391-22-000006.txt,3314
MA,Mastercard Inc,0001141391,2022-02-09,0001141391-22-000015,8-K,5.02; 9.01,ma-20220203.htm,https://www.sec.gov/Archives/edgar/data/1141391/000114139122000015/ma-20220203.htm,filings/MA_0001141391_2022-02-09_0001141391-22-000015.txt,3935
MA,Mastercard Inc,0001141391,2022-02-10,0001141391-22-000020,8-K/A,5.02; 9.01,ma-20220208.htm,https://www.sec.gov/Archives/edgar/data/1141391/000114139122000020/ma-20220208.htm,filings/MA_0001141391_2022-02-10_0001141391-22-000020.txt,3716
MA,Mastercard Inc,0001141391,2022-02-10,0001141391-22-000017,8-K/A,5.02; 9.01,ma-20220208.htm,https://www.sec.gov/Archives/edgar/data/1141391/000114139122000017/ma-20220208.htm,filings/MA_0001141391_2022-02-10_0001141391-22-000017.txt,3671
MA,Mastercard Inc,0001141391,2022-02-22,0001193125-22-048521,8-K,8.01; 9.01,d310935d8k.htm,https://www.sec.gov/Archives/edgar/data/1141391/000119312522048521/d310935d8k.htm,filings/MA_0001141391_2022-02-22_0001193125-22-048521.txt,4848
MA,Mastercard Inc,0001141391,2022-03-01,0001141391-22-000027,8-K,8.01; 9.01,ma-20220301.htm,https://www.sec.gov/Archives/edgar/data/1141391/000114139122000027/ma-20220301.htm,filings/MA_0001141391_2022-03-01_0001141391-22-000027.txt,3901
MA,Mastercard Inc,0001141391,2022-03-07,0001141391-22-000062,8-K,7.01; 9.01,ma-20220305.htm,https://www.sec.gov/Archives/edgar/data/1141391/000114139122000062/ma-20220305.htm,filings/MA_0001141391_2022-03-07_0001141391-22-000062.txt,3325
MA,Mastercard Inc,0001141391,2022-04-28,0001141391-22-000086,8-K,2.02; 9.01,ma-20220428.htm,https://www.sec.gov/Archives/edgar/data/1141391/000114139122000086/ma-20220428.htm,filings/MA_0001141391_2022-04-28_0001141391-22-000086.txt,3330
MA,Mastercard Inc,0001141391,2022-06-24,0001141391-22-000137,8-K,5.03; 5.07; 9.01,ma-20220621.htm,https://www.sec.gov/Archives/edgar/data/1141391/000114139122000137/ma-20220621.htm,filings/MA_0001141391_2022-06-24_0001141391-22-000137.txt,7767
MA,Mastercard Inc,0001141391,2022-07-28,0001141391-22-000148,8-K,2.02; 9.01,ma-20220728.htm,https://www.sec.gov/Archives/edgar/data/1141391/000114139122000148/ma-20220728.htm,filings/MA_0001141391_2022-07-28_0001141391-22-000148.txt,3329
MA,Mastercard Inc,0001141391,2022-10-27,0001141391-22-000161,8-K,2.02; 9.01,ma-20221027.htm,https://www.sec.gov/Archives/edgar/data/1141391/000114139122000161/ma-20221027.htm,filings/MA_0001141391_2022-10-27_0001141391-22-000161.txt,3342
MA,Mastercard Inc,0001141391,2022-11-14,0000950103-22-019608,8-K,1.01,dp184177_8k.htm,https://www.sec.gov/Archives/edgar/data/1141391/000095010322019608/dp184177_8k.htm,filings/MA_0001141391_2022-11-14_0000950103-22-019608.txt,7107
MA,Mastercard Inc,0001141391,2023-01-26,0001141391-23-000008,8-K,2.02; 9.01,ma-20230126.htm,https://www.sec.gov/Archives/edgar/data/1141391/000114139123000008/ma-20230126.htm,filings/MA_0001141391_2023-01-26_0001141391-23-000008.txt,3306
MA,Mastercard Inc,0001141391,2023-02-14,0001141391-23-000022,8-K,7.01; 9.01,ma-20230214.htm,https://www.sec.gov/Archives/edgar/data/1141391/000114139123000022/ma-20230214.htm,filings/MA_0001141391_2023-02-14_0001141391-23-000022.txt,7293
MA,Mastercard Inc,0001141391,2023-03-03,0001141391-23-000026,8-K,5.02; 9.01,ma-20230228.htm,https://www.sec.gov/Archives/edgar/data/1141391/000114139123000026/ma-20230228.htm,filings/MA_0001141391_2023-03-03_0001141391-23-000026.txt,3385
MA,Mastercard Inc,0001141391,2023-03-09,0001193125-23-066087,8-K,8.01; 9.01,d385348d8k.htm,https://www.sec.gov/Archives/edgar/data/1141391/000119312523066087/d385348d8k.htm,filings/MA_0001141391_2023-03-09_0001193125-23-066087.txt,5229
MA,Mastercard Inc,0001141391,2023-04-27,0001141391-23-000057,8-K,2.02; 9.01,ma-20230427.htm,https://www.sec.gov/Archives/edgar/data/1141391/000114139123000057/ma-20230427.htm,filings/MA_0001141391_2023-04-27_0001141391-23-000057.txt,3273
MA,Mastercard Inc,0001141391,2023-05-19,0001141391-23-000083,8-K/A,5.02; 9.01,ma-20230228.htm,https://www.sec.gov/Archives/edgar/data/1141391/000114139123000083/ma-20230228.htm,filings/MA_0001141391_2023-05-19_0001141391-23-000083.txt,4193
MA,Mastercard Inc,0001141391,2023-06-29,0001141391-23-000094,8-K,5.07; 9.01,ma-20230627.htm,https://www.sec.gov/Archives/edgar/data/1141391/000114139123000094/ma-20230627.htm,filings/MA_0001141391_2023-06-29_0001141391-23-000094.txt,6565
MA,Mastercard Inc,0001141391,2023-07-27,0001141391-23-000129,8-K,2.02; 9.01,ma-20230727.htm,https://www.sec.gov/Archives/edgar/data/1141391/000114139123000129/ma-20230727.htm,filings/MA_0001141391_2023-07-27_0001141391-23-000129.txt,3270
MA,Mastercard Inc,0001141391,2023-10-26,0001141391-23-000155,8-K,2.02; 9.01,ma-20231026.htm,https://www.sec.gov/Archives/edgar/data/1141391/000114139123000155/ma-20231026.htm,filings/MA_0001141391_2023-10-26_0001141391-23-000155.txt,3283
MA,Mastercard Inc,0001141391,2023-12-11,0001141391-23-000167,8-K,5.03; 9.01,ma-20231205.htm,https://www.sec.gov/Archives/edgar/data/1141391/000114139123000167/ma-20231205.htm,filings/MA_0001141391_2023-12-11_0001141391-23-000167.txt,4758
MA,Mastercard Inc,0001141391,2024-01-31,0001141391-24-000011,8-K,2.02; 9.01,ma-20240131.htm,https://www.sec.gov/Archives/edgar/data/1141391/000114139124000011/ma-20240131.htm,filings/MA_0001141391_2024-01-31_0001141391-24-000011.txt,3299
MA,Mastercard Inc,0001141391,2024-03-26,0001141391-24-000060,8-K,8.01; 9.01,ma-20240326.htm,https://www.sec.gov/Archives/edgar/data/1141391/000114139124000060/ma-20240326.htm,filings/MA_0001141391_2024-03-26_0001141391-24-000060.txt,3988
MA,Mastercard Inc,0001141391,2024-05-01,0001141391-24-000085,8-K,2.02; 9.01,ma-20240501.htm,https://www.sec.gov/Archives/edgar/data/1141391/000114139124000085/ma-20240501.htm,filings/MA_0001141391_2024-05-01_0001141391-24-000085.txt,3272
MA,Mastercard Inc,0001141391,2024-05-09,0001193125-24-135252,8-K,8.01; 9.01,d783883d8k.htm,https://www.sec.gov/Archives/edgar/data/1141391/000119312524135252/d783883d8k.htm,filings/MA_0001141391_2024-05-09_0001193125-24-135252.txt,4970
MA,Mastercard Inc,0001141391,2024-06-21,0001141391-24-000121,8-K,5.07; 9.01,ma-20240618.htm,https://www.sec.gov/Archives/edgar/data/1141391/000114139124000121/ma-20240618.htm,filings/MA_0001141391_2024-06-21_0001141391-24-000121.txt,5779
MA,Mastercard Inc,0001141391,2024-06-28,0001141391-24-000153,8-K/A,8.01; 9.01,ma-20240326.htm,https://www.sec.gov/Archives/edgar/data/1141391/000114139124000153/ma-20240326.htm,filings/MA_0001141391_2024-06-28_0001141391-24-000153.txt,3610
MA,Mastercard Inc,0001141391,2024-07-31,0001141391-24-000159,8-K,2.02; 9.01,ma-20240731.htm,https://www.sec.gov/Archives/edgar/data/1141391/000114139124000159/ma-20240731.htm,filings/MA_0001141391_2024-07-31_0001141391-24-000159.txt,3273
MA,Mastercard Inc,0001141391,2024-09-05,0001193125-24-214198,8-K,8.01; 9.01,d857261d8k.htm,https://www.sec.gov/Archives/edgar/data/1141391/000119312524214198/d857261d8k.htm,filings/MA_0001141391_2024-09-05_0001193125-24-214198.txt,5526
MA,Mastercard Inc,0001141391,2024-10-31,0001141391-24-000200,8-K,2.02; 9.01,ma-20241031.htm,https://www.sec.gov/Archives/edgar/data/1141391/000114139124000200/ma-20241031.htm,filings/MA_0001141391_2024-10-31_0001141391-24-000200.txt,3282
MA,Mastercard Inc,0001141391,2024-11-13,0001141391-24-000211,8-K,7.01; 9.01,ma-20241113.htm,https://www.sec.gov/Archives/edgar/data/1141391/000114139124000211/ma-20241113.htm,filings/MA_0001141391_2024-11-13_0001141391-24-000211.txt,4895
MCD,MCDONALDS CORP,0000063908,2021-01-28,0000063908-21-000002,8-K,2.02; 9.01,mcd-20210128.htm,https://www.sec.gov/Archives/edgar/data/63908/000006390821000002/mcd-20210128.htm,filings/MCD_0000063908_2021-01-28_0000063908-21-000002.txt,3424
MCD,MCDONALDS CORP,0000063908,2021-02-18,0000063908-21-000007,8-K,5.02,mcd-20210216.htm,https://www.sec.gov/Archives/edgar/data/63908/000006390821000007/mcd-20210216.htm,filings/MCD_0000063908_2021-02-18_0000063908-21-000007.txt,6014
MCD,MCDONALDS CORP,0000063908,2021-04-29,0000063908-21-000016,8-K,2.02; 9.01,mcd-20210429.htm,https://www.sec.gov/Archives/edgar/data/63908/000006390821000016/mcd-20210429.htm,filings/MCD_0000063908_2021-04-29_0000063908-21-000016.txt,3364
MCD,MCDONALDS CORP,0000063908,2021-05-26,0000063908-21-000021,8-K,5.07,mcd-20210520.htm,https://www.sec.gov/Archives/edgar/data/63908/000006390821000021/mcd-20210520.htm,filings/MCD_0000063908_2021-05-26_0000063908-21-000021.txt,5052
MCD,MCDONALDS CORP,0000063908,2021-07-28,0000063908-21-000028,8-K,2.02; 9.01,mcd-20210728.htm,https://www.sec.gov/Archives/edgar/data/63908/000006390821000028/mcd-20210728.htm,filings/MCD_0000063908_2021-07-28_0000063908-21-000028.txt,3400
MCD,MCDONALDS CORP,0000063908,2021-09-24,0000063908-21-000034,8-K,8.01; 9.01,mcd-20210923.htm,https://www.sec.gov/Archives/edgar/data/63908/000006390821000034/mcd-20210923.htm,filings/MCD_0000063908_2021-09-24_0000063908-21-000034.txt,3046
MCD,MCDONALDS CORP,0000063908,2021-10-27,0000063908-21-000037,8-K,2.02; 9.01,mcd-20211027.htm,https://www.sec.gov/Archives/edgar/data/63908/000006390821000037/mcd-20211027.htm,filings/MCD_0000063908_2021-10-27_0000063908-21-000037.txt,3425
MCD,MCDONALDS CORP,0000063908,2021-12-16,0000063908-21-000042,8-K,8.01; 9.01,mcd-20211215.htm,https://www.sec.gov/Archives/edgar/data/63908/000006390821000042/mcd-20211215.htm,filings/MCD_0000063908_2021-12-16_0000063908-21-000042.txt,3136
MCD,MCDONALDS CORP,0000063908,2022-01-27,0000063908-22-000002,8-K,2.02; 9.01,mcd-20220127.htm,https://www.sec.gov/Archives/edgar/data/63908/000006390822000002/mcd-20220127.htm,filings/MCD_0000063908_2022-01-27_0000063908-22-000002.txt,3423
MCD,MCDONALDS CORP,0000063908,2022-02-18,0000063908-22-000007,8-K,5.02,mcd-20220214.htm,https://www.sec.gov/Archives/edgar/data/63908/000006390822000007/mcd-20220214.htm,filings/MCD_0000063908_2022-02-18_0000063908-22-000007.txt,6234
MCD,MCDONALDS CORP,0000063908,2022-04-28,0000063908-22-000013,8-K,2.02; 9.01,mcd-20220428.htm,https://www.sec.gov/Archives/edgar/data/63908/000006390822000013/mcd-20220428.htm,filings/MCD_0000063908_2022-04-28_0000063908-22-000013.txt,3361
MCD,MCDONALDS CORP,0000063908,2022-05-16,0000063908-22-000020,8-K,8.01; 9.01,mcd-20220516.htm,https://www.sec.gov/Archives/edgar/data/63908/000006390822000020/mcd-20220516.htm,filings/MCD_0000063908_2022-05-16_0000063908-22-000020.txt,2926
MCD,MCDONALDS CORP,0000063908,2022-06-02,0000063908-22-000028,8-K,5.07,mcd-20220526.htm,https://www.sec.gov/Archives/edgar/data/63908/000006390822000028/mcd-20220526.htm,filings/MCD_0000063908_2022-06-02_0000063908-22-000028.txt,5734
MCD,MCDONALDS CORP,0000063908,2022-06-27,0000063908-22-000032,8-K,5.02; 7.01; 9.01,mcd-20220623.htm,https://www.sec.gov/Archives/edgar/data/63908/000006390822000032/mcd-20220623.htm,filings/MCD_0000063908_2022-06-27_0000063908-22-000032.txt,4731
MCD,MCDONALDS CORP,0000063908,2022-07-26,0000063908-22-000034,8-K,2.02; 9.01,mcd-20220726.htm,https://www.sec.gov/Archives/edgar/data/63908/000006390822000034/mcd-20220726.htm,filings/MCD_0000063908_2022-07-26_0000063908-22-000034.txt,3380
MCD,MCDONALDS CORP,0000063908,2022-07-29,0000063908-22-000039,8-K/A,5.02,mcd-20220623.htm,https://www.sec.gov/Archives/edgar/data/63908/000006390822000039/mcd-20220623.htm,filings/MCD_0000063908_2022-07-29_0000063908-22-000039.txt,3333
MCD,MCDONALDS CORP,0000063908,2022-08-22,0000063908-22-000044,8-K,5.02; 9.01,mcd-20220817.htm,https://www.sec.gov/Archives/edgar/data/63908/000006390822000044/mcd-20220817.htm,filings/MCD_0000063908_2022-08-22_0000063908-22-000044.txt,4545
MCD,MCDONALDS CORP,0000063908,2022-09-09,0001104659-22-098960,8-K,8.01; 9.01,tm2225163d7_8k.htm,https://www.sec.gov/Archives/edgar/data/63908/000110465922098960/tm2225163d7_8k.htm,filings/MCD_0000063908_2022-09-09_0001104659-22-098960.txt,3890
MCD,MCDONALDS CORP,0000063908,2022-10-03,0000063908-22-000050,8-K,5.02; 9.01,mcd-20220930.htm,https://www.sec.gov/Archives/edgar/data/63908/000006390822000050/mcd-20220930.htm,filings/MCD_0000063908_2022-10-03_0000063908-22-000050.txt,4025
MCD,MCDONALDS CORP,0000063908,2022-10-27,0000063908-22-000052,8-K,2.02; 9.01,mcd-20221027.htm,https://www.sec.gov/Archives/edgar/data/63908/000006390822000052/mcd-20221027.htm,filings/MCD_0000063908_2022-10-27_0000063908-22-000052.txt,3410
MCD,MCDONALDS CORP,0000063908,2022-12-02,0000063908-22-000067,8-K/A,5.02,mcd-20220930.htm,https://www.sec.gov/Archives/edgar/data/63908/000006390822000067/mcd-20220930.htm,filings/MCD_0000063908_2022-12-02_0000063908-22-000067.txt,3025
MCD,MCDONALDS CORP,0000063908,2022-12-02,0000063908-22-000065,8-K/A,5.02,mcd-20220817.htm,https://www.sec.gov/Archives/edgar/data/63908/000006390822000065/mcd-20220817.htm,filings/MCD_0000063908_2022-12-02_0000063908-22-000065.txt,3311
MCD,MCDONALDS CORP,0000063908,2023-01-06,0000950103-23-000188,8-K,8.01; 9.01,dp186733_8k.htm,https://www.sec.gov/Archives/edgar/data/63908/000095010323000188/dp186733_8k.htm,filings/MCD_0000063908_2023-01-06_0000950103-23-000188.txt,3141
MCD,MCDONALDS CORP,0000063908,2023-01-19,0000063908-23-000003,8-K,5.03; 9.01,mcd-20230118.htm,https://www.sec.gov/Archives/edgar/data/63908/000006390823000003/mcd-20230118.htm,filings/MCD_0000063908_2023-01-19_0000063908-23-000003.txt,3561
MCD,MCDONALDS CORP,0000063908,2023-01-31,0000063908-23-000005,8-K,2.02; 9.01,mcd-20230131.htm,https://www.sec.gov/Archives/edgar/data/63908/000006390823000005/mcd-20230131.htm,filings/MCD_0000063908_2023-01-31_0000063908-23-000005.txt,3405
MCD,MCDONALDS CORP,0000063908,2023-02-15,0000063908-23-000008,8-K,5.02,mcd-20230213.htm,https://www.sec.gov/Archives/edgar/data/63908/000006390823000008/mcd-20230213.htm,filings/MCD_0000063908_2023-02-15_0000063908-23-000008.txt,6184
MCD,MCDONALDS CORP,0000063908,2023-03-29,0000063908-23-000017,8-K,5.02; 9.01,mcd-20230327.htm,https://www.sec.gov/Archives/edgar/data/63908/000006390823000017/mcd-20230327.htm,filings/MCD_0000063908_2023-03-29_0000063908-23-000017.txt,3590
MCD,MCDONALDS CORP,0000063908,2023-04-25,0000063908-23-000030,8-K,2.02; 9.01,mcd-20230425.htm,https://www.sec.gov/Archives/edgar/data/63908/000006390823000030/mcd-20230425.htm,filings/MCD_0000063908_2023-04-25_0000063908-23-000030.txt,3349
MCD,MCDONALDS CORP,0000063908,2023-06-01,0000063908-23-000059,8-K,5.07,mcd-20230525.htm,https://www.sec.gov/Archives/edgar/data/63908/000006390823000059/mcd-20230525.htm,filings/MCD_0000063908_2023-06-01_0000063908-23-000059.txt,5776
MCD,MCDONALDS CORP,0000063908,2023-07-27,0000063908-23-000073,8-K,2.02; 9.01,mcd-20230727.htm,https://www.sec.gov/Archives/edgar/data/63908/000006390823000073/mcd-20230727.htm,filings/MCD_0000063908_2023-07-27_0000063908-23-000073.txt,3388
MCD,MCDONALDS CORP,0000063908,2023-08-15,0001104659-23-091990,8-K,8.01; 9.01,tm2323678d1_8k.htm,https://www.sec.gov/Archives/edgar/data/63908/000110465923091990/tm2323678d1_8k.htm,filings/MCD_0000063908_2023-08-15_0001104659-23-091990.txt,4021
MCD,MCDONALDS CORP,0000063908,2023-08-24,0000063908-23-000082,8-K,5.02; 9.01,mcd-20230821.htm,https://www.sec.gov/Archives/edgar/data/63908/000006390823000082/mcd-20230821.htm,filings/MCD_0000063908_2023-08-24_0000063908-23-000082.txt,3278
MCD,MCDONALDS CORP,0000063908,2023-10-30,0000063908-23-000098,8-K,2.02; 9.01,mcd-20231030.htm,https://www.sec.gov/Archives/edgar/data/63908/000006390823000098/mcd-20231030.htm,filings/MCD_0000063908_2023-10-30_0000063908-23-000098.txt,3401
MCD,MCDONALDS CORP,0000063908,2023-12-06,0000063908-23-000112,8-K,7.01; 9.01,mcd-20231206.htm,https://www.sec.gov/Archives/edgar/data/63908/000006390823000112/mcd-20231206.htm,filings/MCD_0000063908_2023-12-06_0000063908-23-000112.txt,2996
MCD,MCDONALDS CORP,0000063908,2024-02-05,0000063908-24-000029,8-K,2.02; 9.01,mcd-20240205.htm,https://www.sec.gov/Archives/edgar/data/63908/000006390824000029/mcd-20240205.htm,filings/MCD_0000063908_2024-02-05_0000063908-24-000029.txt,3401
MCD,MCDONALDS CORP,0000063908,2024-02-16,0000063908-24-000059,8-K,5.02,mcd-20240212.htm,https://www.sec.gov/Archives/edgar/data/63908/000006390824000059/mcd-20240212.htm,filings/MCD_0000063908_2024-02-16_0000063908-24-000059.txt,6187
MCD,MCDONALDS CORP,0000063908,2024-03-13,0000950103-24-003769,8-K,5.02,dp208337_8k.htm,https://www.sec.gov/Archives/edgar/data/63908/000095010324003769/dp208337_8k.htm,filings/MCD_0000063908_2024-03-13_0000950103-24-003769.txt,2976
MCD,MCDONALDS CORP,0000063908,2024-03-19,0000063908-24-000081,8-K,5.02; 9.01,mcd-20240318.htm,https://www.sec.gov/Archives/edgar/data/63908/000006390824000081/mcd-20240318.htm,filings/MCD_0000063908_2024-03-19_0000063908-24-000081.txt,3117
MCD,MCDONALDS CORP,0000063908,2024-04-30,0000063908-24-000089,8-K,2.02; 9.01,mcd-20240430.htm,https://www.sec.gov/Archives/edgar/data/63908/000006390824000089/mcd-20240430.htm,filings/MCD_0000063908_2024-04-30_0000063908-24-000089.txt,3340
MCD,MCDONALDS CORP,0000063908,2024-05-20,0000063908-24-000097,8-K,8.01; 9.01,mcd-20240517.htm,https://www.sec.gov/Archives/edgar/data/63908/000006390824000097/mcd-20240517.htm,filings/MCD_0000063908_2024-05-20_0000063908-24-000097.txt,3793
MCD,MCDONALDS CORP,0000063908,2024-05-24,0000063908-24-000102,8-K,5.07,mcd-20240522.htm,https://www.sec.gov/Archives/edgar/data/63908/000006390824000102/mcd-20240522.htm,filings/MCD_0000063908_2024-05-24_0000063908-24-000102.txt,5685
MCD,MCDONALDS CORP,0000063908,2024-07-26,0000063908-24-000116,8-K,5.02; 5.03; 9.01,mcd-20240725.htm,https://www.sec.gov/Archives/edgar/data/63908/000006390824000116/mcd-20240725.htm,filings/MCD_0000063908_2024-07-26_0000063908-24-000116.txt,6009
MCD,MCDONALDS CORP,0000063908,2024-07-29,0000063908-24-000119,8-K,2.02; 9.01,mcd-20240729.htm,https://www.sec.gov/Archives/edgar/data/63908/000006390824000119/mcd-20240729.htm,filings/MCD_0000063908_2024-07-29_0000063908-24-000119.txt,3374
MCD,MCDONALDS CORP,0000063908,2024-10-29,0000063908-24-000152,8-K,2.02; 9.01,mcd-20241029.htm,https://www.sec.gov/Archives/edgar/data/63908/000006390824000152/mcd-20241029.htm,filings/MCD_0000063908_2024-10-29_0000063908-24-000152.txt,3417
META,Facebook Inc,0001326801,2021-01-27,0001326801-21-000011,8-K,2.02; 8.01; 9.01,fb-20210127.htm,https://www.sec.gov/Archives/edgar/data/1326801/000132680121000011/fb-20210127.htm,filings/META_0001326801_2021-01-27_0001326801-21-000011.txt,4637
META,Facebook Inc,0001326801,2021-04-28,0001326801-21-000031,8-K,2.02; 9.01,fb-20210428.htm,https://www.sec.gov/Archives/edgar/data/1326801/000132680121000031/fb-20210428.htm,filings/META_0001326801_2021-04-28_0001326801-21-000031.txt,3857
META,Facebook Inc,0001326801,2021-05-27,0001326801-21-000040,8-K,5.07; 9.01,fb-20210526.htm,https://www.sec.gov/Archives/edgar/data/1326801/000132680121000040/fb-20210526.htm,filings/META_0001326801_2021-05-27_0001326801-21-000040.txt,7429
META,Facebook Inc,0001326801,2021-07-28,0001326801-21-000047,8-K,2.02; 9.01,fb-20210728.htm,https://www.sec.gov/Archives/edgar/data/1326801/000132680121000047/fb-20210728.htm,filings/META_0001326801_2021-07-28_0001326801-21-000047.txt,3869
META,Facebook Inc,0001326801,2021-09-22,0001326801-21-000053,8-K,5.02; 9.01,fb-20210920.htm,https://www.sec.gov/Archives/edgar/data/1326801/000132680121000053/fb-20210920.htm,filings/META_0001326801_2021-09-22_0001326801-21-000053.txt,3225
META,Facebook Inc,0001326801,2021-10-25,0001326801-21-000062,8-K,2.02; 8.01; 9.01,fb-20211025.htm,https://www.sec.gov/Archives/edgar/data/1326801/000132680121000062/fb-20211025.htm,filings/META_0001326801_2021-10-25_0001326801-21-000062.txt,4704
META,"Meta Platforms, Inc.",0001326801,2021-10-28,0001326801-21-000071,8-K,5.03; 8.01; 9.01,fb-20211028.htm,https://www.sec.gov/Archives/edgar/data/1326801/000132680121000071/fb-20211028.htm,filings/META_0001326801_2021-10-28_0001326801-21-000071.txt,4600
META,"Meta Platforms, Inc.",0001326801,2022-01-11,0001326801-22-000006,8-K,5.02; 9.01,fb-20220110.htm,https://www.sec.gov/Archives/edgar/data/1326801/000132680122000006/fb-20220110.htm,filings/META_0001326801_2022-01-11_0001326801-22-000006.txt,3756
META,"Meta Platforms, Inc.",0001326801,2022-02-02,0001326801-22-000015,8-K,2.02; 9.01,fb-20220202.htm,https://www.sec.gov/Archives/edgar/data/1326801/000132680122000015/fb-20220202.htm,filings/META_0001326801_2022-02-02_0001326801-22-000015.txt,3878
META,"Meta Platforms, Inc.",0001326801,2022-02-10,0001326801-22-000030,8-K,5.02,fb-20220205.htm,https://www.sec.gov/Archives/edgar/data/1326801/000132680122000030/fb-20220205.htm,filings/META_0001326801_2022-02-10_0001326801-22-000030.txt,2964
META,"Meta Platforms, Inc.",0001326801,2022-02-10,0001326801-22-000028,8-K/A,5.02,fb-20220110.htm,https://www.sec.gov/Archives/edgar/data/1326801/000132680122000028/fb-20220110.htm,filings/META_0001326801_2022-02-10_0001326801-22-000028.txt,3029
META,"Meta Platforms, Inc.",0001326801,2022-03-01,0001326801-22-000034,8-K/A,5.02,fb-20210920.htm,https://www.sec.gov/Archives/edgar/data/1326801/000132680122000034/fb-20210920.htm,filings/META_0001326801_2022-03-01_0001326801-22-000034.txt,3706
META,"Meta Platforms, Inc.",0001326801,2022-04-27,0001326801-22-000054,8-K,2.02; 9.01,fb-20220427.htm,https://www.sec.gov/Archives/edgar/data/1326801/000132680122000054/fb-20220427.htm,filings/META_0001326801_2022-04-27_0001326801-22-000054.txt,3852
META,"Meta Platforms, Inc.",0001326801,2022-05-27,0001326801-22-000066,8-K,5.07; 9.01,fb-20220525.htm,https://www.sec.gov/Archives/edgar/data/1326801/000132680122000066/fb-20220525.htm,filings/META_0001326801_2022-05-27_0001326801-22-000066.txt,9792
META,"Meta Platforms, Inc.",0001326801,2022-05-31,0001326801-22-000070,8-K,8.01; 9.01,fb-20220531.htm,https://www.sec.gov/Archives/edgar/data/1326801/000132680122000070/fb-20220531.htm,filings/META_0001326801_2022-05-31_0001326801-22-000070.txt,2930
META,"Meta Platforms, Inc.",0001326801,2022-06-01,0001326801-22-000073,8-K,5.02,fb-20220528.htm,https://www.sec.gov/Archives/edgar/data/1326801/000132680122000073/fb-20220528.htm,filings/META_0001326801_2022-06-01_0001326801-22-000073.txt,3661
META,"Meta Platforms, Inc.",0001326801,2022-07-27,0001326801-22-000079,8-K,2.02; 9.01,fb-20220727.htm,https://www.sec.gov/Archives/edgar/data/1326801/000132680122000079/fb-20220727.htm,filings/META_0001326801_2022-07-27_0001326801-22-000079.txt,3845
META,"Meta Platforms, Inc.",0001326801,2022-07-28,0001326801-22-000085,8-K,5.02,meta-20220724.htm,https://www.sec.gov/Archives/edgar/data/1326801/000132680122000085/meta-20220724.htm,filings/META_0001326801_2022-07-28_0001326801-22-000085.txt,3741
META,"Meta Platforms, Inc.",0001326801,2022-08-01,0001326801-22-000090,8-K/A,5.02,meta-20220528.htm,https://www.sec.gov/Archives/edgar/data/1326801/000132680122000090/meta-20220528.htm,filings/META_0001326801_2022-08-01_0001326801-22-000090.txt,3469
META,"Meta Platforms, Inc.",0001326801,2022-08-04,0000950103-22-013666,8-K,8.01,dp178330_8k.htm,https://www.sec.gov/Archives/edgar/data/1326801/000095010322013666/dp178330_8k.htm,filings/META_0001326801_2022-08-04_0000950103-22-013666.txt,3621
META,"Meta Platforms, Inc.",0001326801,2022-08-09,0000950103-22-013830,8-K,8.01; 9.01,dp178427_8k.htm,https://www.sec.gov/Archives/edgar/data/1326801/000095010322013830/dp178427_8k.htm,filings/META_0001326801_2022-08-09_0000950103-22-013830.txt,8221
META,"Meta Platforms, Inc.",0001326801,2022-09-30,0001326801-22-000094,8-K,5.02,meta-20220926.htm,https://www.sec.gov/Archives/edgar/data/1326801/000132680122000094/meta-20220926.htm,filings/META_0001326801_2022-09-30_0001326801-22-000094.txt,4041
META,"Meta Platforms, Inc.",0001326801,2022-10-26,0001326801-22-000105,8-K,2.02; 9.01,meta-20221026.htm,https://www.sec.gov/Archives/edgar/data/1326801/000132680122000105/meta-20221026.htm,filings/META_0001326801_2022-10-26_0001326801-22-000105.txt,3863
META,"Meta Platforms, Inc.",0001326801,2022-11-09,0001326801-22-000116,8-K,7.01; 9.01,meta-20221109.htm,https://www.sec.gov/Archives/edgar/data/1326801/000132680122000116/meta-20221109.htm,filings/META_0001326801_2022-11-09_0001326801-22-000116.txt,7707
META,"Meta Platforms, Inc.",0001326801,2023-02-01,0001326801-23-000008,8-K,2.02; 8.01; 9.01,meta-20230201.htm,https://www.sec.gov/Archives/edgar/data/1326801/000132680123000008/meta-20230201.htm,filings/META_0001326801_2023-02-01_0001326801-23-000008.txt,4687
META,"Meta Platforms, Inc.",0001326801,2023-02-02,0001326801-23-000015,8-K,5.02,meta-20230127.htm,https://www.sec.gov/Archives/edgar/data/1326801/000132680123000015/meta-20230127.htm,filings/META_0001326801_2023-02-02_0001326801-23-000015.txt,2855
META,"Meta Platforms, Inc.",0001326801,2023-02-13,0001326801-23-000019,8-K,5.02,meta-20230208.htm,https://www.sec.gov/Archives/edgar/data/1326801/000132680123000019/meta-20230208.htm,filings/META_0001326801_2023-02-13_0001326801-23-000019.txt,2868
META,"Meta Platforms, Inc.",0001326801,2023-02-15,0001326801-23-000023,8-K,5.02,meta-20230209.htm,https://www.sec.gov/Archives/edgar/data/1326801/000132680123000023/meta-20230209.htm,filings/META_0001326801_2023-02-15_0001326801-23-000023.txt,4675
META,"Meta Platforms, Inc.",0001326801,2023-03-14,0001326801-23-000035,8-K,7.01; 9.01,meta-20230314.htm,https://www.sec.gov/Archives/edgar/data/1326801/000132680123000035/meta-20230314.htm,filings/META_0001326801_2023-03-14_0001326801-23-000035.txt,5908
META,"Meta Platforms, Inc.",0001326801,2023-04-10,0001326801-23-000038,8-K,5.02,meta-20230407.htm,https://www.sec.gov/Archives/edgar/data/1326801/000132680123000038/meta-20230407.htm,filings/META_0001326801_2023-04-10_0001326801-23-000038.txt,4721
META,"Meta Platforms, Inc.",0001326801,2023-04-26,0001326801-23-000063,8-K,2.02; 9.01,meta-20230426.htm,https://www.sec.gov/Archives/edgar/data/1326801/000132680123000063/meta-20230426.htm,filings/META_0001326801_2023-04-26_0001326801-23-000063.txt,3844
META,"Meta Platforms, Inc.",0001326801,2023-05-03,0001193125-23-134410,8-K,8.01; 9.01,d468942d8k.htm,https://www.sec.gov/Archives/edgar/data/1326801/000119312523134410/d468942d8k.htm,filings/META_0001326801_2023-05-03_0001193125-23-134410.txt,6415
META,"Meta Platforms, Inc.",0001326801,2023-06-02,0001326801-23-000083,8-K,5.07; 9.01,meta-20230531.htm,https://www.sec.gov/Archives/edgar/data/1326801/000132680123000083/meta-20230531.htm,filings/META_0001326801_2023-06-02_0001326801-23-000083.txt,9635
META,"Meta Platforms, Inc.",0001326801,2023-07-26,0001326801-23-000089,8-K,2.02; 9.01,meta-20230726.htm,https://www.sec.gov/Archives/edgar/data/1326801/000132680123000089/meta-20230726.htm,filings/META_0001326801_2023-07-26_0001326801-23-000089.txt,3875
META,"Meta Platforms, Inc.",0001326801,2023-10-25,0001326801-23-000100,8-K,2.02; 9.01,meta-20231025.htm,https://www.sec.gov/Archives/edgar/data/1326801/000132680123000100/meta-20231025.htm,filings/META_0001326801_2023-10-25_0001326801-23-000100.txt,3894
META,"Meta Platforms, Inc.",0001326801,2024-01-18,0001326801-24-000003,8-K,5.02,meta-20240116.htm,https://www.sec.gov/Archives/edgar/data/1326801/000132680124000003/meta-20240116.htm,filings/META_0001326801_2024-01-18_0001326801-24-000003.txt,2809
META,"Meta Platforms, Inc.",0001326801,2024-02-01,0001326801-24-000010,8-K,2.02; 8.01; 9.01,meta-20240201.htm,https://www.sec.gov/Archives/edgar/data/1326801/000132680124000010/meta-20240201.htm,filings/META_0001326801_2024-02-01_0001326801-24-000010.txt,4962
META,"Meta Platforms, Inc.",0001326801,2024-02-14,0001326801-24-000019,8-K,5.02; 9.01,meta-20240213.htm,https://www.sec.gov/Archives/edgar/data/1326801/000132680124000019/meta-20240213.htm,filings/META_0001326801_2024-02-14_0001326801-24-000019.txt,4384
META,"Meta Platforms, Inc.",0001326801,2024-04-24,0001326801-24-000044,8-K,2.02; 9.01,meta-20240424.htm,https://www.sec.gov/Archives/edgar/data/1326801/000132680124000044/meta-20240424.htm,filings/META_0001326801_2024-04-24_0001326801-24-000044.txt,3869
META,"Meta Platforms, Inc.",0001326801,2024-05-31,0001326801-24-000057,8-K,5.07; 9.01,meta-20240529.htm,https://www.sec.gov/Archives/edgar/data/1326801/000132680124000057/meta-20240529.htm,filings/META_0001326801_2024-05-31_0001326801-24-000057.txt,10258
META,"Meta Platforms, Inc.",0001326801,2024-07-31,0001326801-24-000065,8-K,2.02; 9.01,meta-20240731.htm,https://www.sec.gov/Archives/edgar/data/1326801/000132680124000065/meta-20240731.htm,filings/META_0001326801_2024-07-31_0001326801-24-000065.txt,3866
META,"Meta Platforms, Inc.",0001326801,2024-08-09,0001193125-24-197873,8-K,8.01; 9.01,d876862d8k.htm,https://www.sec.gov/Archives/edgar/data/1326801/000119312524197873/d876862d8k.htm,filings/META_0001326801_2024-08-09_0001193125-24-197873.txt,6423
META,"Meta Platforms, Inc.",0001326801,2024-09-10,0001326801-24-000072,8-K,5.03; 9.01,meta-20240905.htm,https://www.sec.gov/Archives/edgar/data/1326801/000132680124000072/meta-20240905.htm,filings/META_0001326801_2024-09-10_0001326801-24-000072.txt,4086
META,"Meta Platforms, Inc.",0001326801,2024-10-30,0001326801-24-000077,8-K,2.02; 9.01,meta-20241030.htm,https://www.sec.gov/Archives/edgar/data/1326801/000132680124000077/meta-20241030.htm,filings/META_0001326801_2024-10-30_0001326801-24-000077.txt,3883
MRK,"Merck & Co., Inc.",0000310158,2021-02-01,0001104659-21-009673,8-K,5.02; 9.01,tm213179d1_8k.htm,https://www.sec.gov/Archives/edgar/data/310158/000110465921009673/tm213179d1_8k.htm,filings/MRK_0000310158_2021-02-01_0001104659-21-009673.txt,4099
MRK,"Merck & Co., Inc.",0000310158,2021-02-04,0001140361-21-003357,8-K,5.02; 9.01,brhc10019731_8k.htm,https://www.sec.gov/Archives/edgar/data/310158/000114036121003357/brhc10019731_8k.htm,filings/MRK_0000310158_2021-02-04_0001140361-21-003357.txt,3934
MRK,"Merck & Co., Inc.",0000310158,2021-02-04,0001104659-21-011912,8-K,2.02; 9.01,tm213179d2_8k.htm,https://www.sec.gov/Archives/edgar/data/310158/000110465921011912/tm213179d2_8k.htm,filings/MRK_0000310158_2021-02-04_0001104659-21-011912.txt,3852
MRK,"Merck & Co., Inc.",0000310158,2021-03-24,0001193125-21-092736,8-K,7.01; 9.01,d106859d8k.htm,https://www.sec.gov/Archives/edgar/data/310158/000119312521092736/d106859d8k.htm,filings/MRK_0000310158_2021-03-24_0001193125-21-092736.txt,3019
MRK,"Merck & Co., Inc.",0000310158,2021-03-26,0001104659-21-042458,8-K,5.02; 9.01,tm2110937d1_8k.htm,https://www.sec.gov/Archives/edgar/data/310158/000110465921042458/tm2110937d1_8k.htm,filings/MRK_0000310158_2021-03-26_0001104659-21-042458.txt,5241
MRK,"Merck & Co., Inc.",0000310158,2021-04-29,0001104659-21-056877,8-K,2.02; 9.01,tm2114316d1_8k.htm,https://www.sec.gov/Archives/edgar/data/310158/000110465921056877/tm2114316d1_8k.htm,filings/MRK_0000310158_2021-04-29_0001104659-21-056877.txt,3815
MRK,"Merck & Co., Inc.",0000310158,2021-05-05,0001193125-21-151781,8-K,5.04; 9.01,d915811d8k.htm,https://www.sec.gov/Archives/edgar/data/310158/000119312521151781/d915811d8k.htm,filings/MRK_0000310158_2021-05-05_0001193125-21-151781.txt,4897
MRK,"Merck & Co., Inc.",0000310158,2021-05-27,0000310158-21-000015,8-K,5.07,mrk-20210525.htm,https://www.sec.gov/Archives/edgar/data/310158/000031015821000015/mrk-20210525.htm,filings/MRK_0000310158_2021-05-27_0000310158-21-000015.txt,5017
MRK,"Merck & Co., Inc.",0000310158,2021-06-03,0001193125-21-180657,8-K,2.01; 9.01,d190548d8k.htm,https://www.sec.gov/Archives/edgar/data/310158/000119312521180657/d190548d8k.htm,filings/MRK_0000310158_2021-06-03_0001193125-21-180657.txt,3690
MRK,"Merck & Co., Inc.",0000310158,2021-06-21,0001104659-21-083528,8-K,7.01; 9.01,tm2120148-1_8k.htm,https://www.sec.gov/Archives/edgar/data/310158/000110465921083528/tm2120148-1_8k.htm,filings/MRK_0000310158_2021-06-21_0001104659-21-083528.txt,6885
MRK,"Merck & Co., Inc.",0000310158,2021-07-29,0001104659-21-097239,8-K,2.02; 9.01,tm2123400d1_8k.htm,https://www.sec.gov/Archives/edgar/data/310158/000110465921097239/tm2123400d1_8k.htm,filings/MRK_0000310158_2021-07-29_0001104659-21-097239.txt,3813
MRK,"Merck & Co., Inc.",0000310158,2021-08-20,0001140361-21-029043,8-K,5.02; 9.01,brhc10028249_8k.htm,https://www.sec.gov/Archives/edgar/data/310158/000114036121029043/brhc10028249_8k.htm,filings/MRK_0000310158_2021-08-20_0001140361-21-029043.txt,3231
MRK,"Merck & Co., Inc.",0000310158,2021-10-28,0001104659-21-130675,8-K,2.02; 9.01,tm2131077d1_8k.htm,https://www.sec.gov/Archives/edgar/data/310158/000110465921130675/tm2131077d1_8k.htm,filings/MRK_0000310158_2021-10-28_0001104659-21-130675.txt,3768
MRK,"Merck & Co., Inc.",0000310158,2021-12-10,0001193125-21-354132,8-K,8.01; 9.01,d124536d8k.htm,https://www.sec.gov/Archives/edgar/data/310158/000119312521354132/d124536d8k.htm,filings/MRK_0000310158_2021-12-10_0001193125-21-354132.txt,5236
MRK,"Merck & Co., Inc.",0000310158,2022-02-03,0001104659-22-011130,8-K,2.02; 9.01,tm222755d1_8k.htm,https://www.sec.gov/Archives/edgar/data/310158/000110465922011130/tm222755d1_8k.htm,filings/MRK_0000310158_2022-02-03_0001104659-22-011130.txt,3795
MRK,"Merck & Co., Inc.",0000310158,2022-03-25,0000310158-22-000006,8-K,5.03; 9.01,mrk-20220322.htm,https://www.sec.gov/Archives/edgar/data/310158/000031015822000006/mrk-20220322.htm,filings/MRK_0000310158_2022-03-25_0000310158-22-000006.txt,3460
MRK,"Merck & Co., Inc.",0000310158,2022-04-21,0001104659-22-047977,8-K,2.02; 8.01; 9.01,tm2212593d1_8k.htm,https://www.sec.gov/Archives/edgar/data/310158/000110465922047977/tm2212593d1_8k.htm,filings/MRK_0000310158_2022-04-21_0001104659-22-047977.txt,4450
MRK,"Merck & Co., Inc.",0000310158,2022-04-28,0001104659-22-051588,8-K,2.02; 9.01,tm2213615d1_8k.htm,https://www.sec.gov/Archives/edgar/data/310158/000110465922051588/tm2213615d1_8k.htm,filings/MRK_0000310158_2022-04-28_0001104659-22-051588.txt,3752
MRK,"Merck & Co., Inc.",0000310158,2022-05-26,0000310158-22-000015,8-K,5.07,mrk-20220524.htm,https://www.sec.gov/Archives/edgar/data/310158/000031015822000015/mrk-20220524.htm,filings/MRK_0000310158_2022-05-26_0000310158-22-000015.txt,4953
MRK,"Merck & Co., Inc.",0000310158,2022-07-28,0001104659-22-083410,8-K,2.02; 9.01,tm2221828d1_8k.htm,https://www.sec.gov/Archives/edgar/data/310158/000110465922083410/tm2221828d1_8k.htm,filings/MRK_0000310158_2022-07-28_0001104659-22-083410.txt,3745
MRK,"Merck & Co., Inc.",0000310158,2022-10-27,0001104659-22-111729,8-K,2.02; 5.02; 9.01,tm2227726d1_8k.htm,https://www.sec.gov/Archives/edgar/data/310158/000110465922111729/tm2227726d1_8k.htm,filings/MRK_0000310158_2022-10-27_0001104659-22-111729.txt,4637
MRK,"Merck & Co., Inc.",0000310158,2023-02-02,0001104659-23-009552,8-K,2.02; 9.01,tm235007d1_8k.htm,https://www.sec.gov/Archives/edgar/data/310158/000110465923009552/tm235007d1_8k.htm,filings/MRK_0000310158_2023-02-02_0001104659-23-009552.txt,3778
MRK,"Merck & Co., Inc.",0000310158,2023-04-27,0001104659-23-050654,8-K,2.02; 9.01,tm2313695d1_8k.htm,https://www.sec.gov/Archives/edgar/data/310158/000110465923050654/tm2313695d1_8k.htm,filings/MRK_0000310158_2023-04-27_0001104659-23-050654.txt,3746
MRK,"Merck & Co., Inc.",0000310158,2023-05-17,0001193125-23-147049,8-K,8.01; 9.01,d436124d8k.htm,https://www.sec.gov/Archives/edgar/data/310158/000119312523147049/d436124d8k.htm,filings/MRK_0000310158_2023-05-17_0001193125-23-147049.txt,5369
MRK,"Merck & Co., Inc.",0000310158,2023-05-26,0001140361-23-026845,8-K,5.07,brhc20053532_8k.htm,https://www.sec.gov/Archives/edgar/data/310158/000114036123026845/brhc20053532_8k.htm,filings/MRK_0000310158_2023-05-26_0001140361-23-026845.txt,6666
MRK,"Merck & Co., Inc.",0000310158,2023-08-01,0001104659-23-086030,8-K,2.02; 9.01,tm2322190d1_8k.htm,https://www.sec.gov/Archives/edgar/data/310158/000110465923086030/tm2322190d1_8k.htm,filings/MRK_0000310158_2023-08-01_0001104659-23-086030.txt,3749
MRK,"Merck & Co., Inc.",0000310158,2023-10-26,0001104659-23-111585,8-K,2.02; 9.01,tm2328962d1_8k.htm,https://www.sec.gov/Archives/edgar/data/310158/000110465923111585/tm2328962d1_8k.htm,filings/MRK_0000310158_2023-10-26_0001104659-23-111585.txt,3755
MRK,"Merck & Co., Inc.",0000310158,2023-11-28,0001104659-23-121671,8-K,5.02,tm2331303d1_8k.htm,https://www.sec.gov/Archives/edgar/data/310158/000110465923121671/tm2331303d1_8k.htm,filings/MRK_0000310158_2023-11-28_0001104659-23-121671.txt,4566
MRK,"Merck & Co., Inc.",0000310158,2024-02-01,0001104659-24-009109,8-K,2.02; 2.05; 9.01,tm244517d1_8k.htm,https://www.sec.gov/Archives/edgar/data/310158/000110465924009109/tm244517d1_8k.htm,filings/MRK_0000310158_2024-02-01_0001104659-24-009109.txt,4746
MRK,"Merck & Co., Inc.",0000310158,2024-02-20,0001104659-24-025524,8-K,5.02,tm246758d1_8k.htm,https://www.sec.gov/Archives/edgar/data/310158/000110465924025524/tm246758d1_8k.htm,filings/MRK_0000310158_2024-02-20_0001104659-24-025524.txt,3164
MRK,"Merck & Co., Inc.",0000310158,2024-04-25,0001104659-24-051517,8-K,2.02; 9.01,tm2412490d1_8k.htm,https://www.sec.gov/Archives/edgar/data/310158/000110465924051517/tm2412490d1_8k.htm,filings/MRK_0000310158_2024-04-25_0001104659-24-051517.txt,3767
MRK,"Merck & Co., Inc.",0000310158,2024-05-30,0001628280-24-025800,8-K,5.07; 8.01; 9.01,mrk-20240528.htm,https://www.sec.gov/Archives/edgar/data/310158/000162828024025800/mrk-20240528.htm,filings/MRK_0000310158_2024-05-30_0001628280-24-025800.txt,8531
MRK,"Merck & Co., Inc.",0000310158,2024-07-30,0001104659-24-083722,8-K,2.02; 9.01,tm2420272d1_8k.htm,https://www.sec.gov/Archives/edgar/data/310158/000110465924083722/tm2420272d1_8k.htm,filings/MRK_0000310158_2024-07-30_0001104659-24-083722.txt,3988
MRK,"Merck & Co., Inc.",0000310158,2024-10-31,0001104659-24-112841,8-K,2.02; 9.01,tm2426878d1_8k.htm,https://www.sec.gov/Archives/edgar/data/310158/000110465924112841/tm2426878d1_8k.htm,filings/MRK_0000310158_2024-10-31_0001104659-24-112841.txt,4001
MRK,"Merck & Co., Inc.",0000310158,2024-11-22,0001104659-24-122027,8-K,5.02; 5.03; 9.01,tm2429161d1_8k.htm,https://www.sec.gov/Archives/edgar/data/310158/000110465924122027/tm2429161d1_8k.htm,filings/MRK_0000310158_2024-11-22_0001104659-24-122027.txt,5070
MSFT,MICROSOFT CORP,0000789019,2021-01-26,0001193125-21-017683,8-K,2.02; 9.01,d65802d8k.htm,https://www.sec.gov/Archives/edgar/data/789019/000119312521017683/d65802d8k.htm,filings/MSFT_0000789019_2021-01-26_0001193125-21-017683.txt,3424
MSFT,MICROSOFT CORP,0000789019,2021-02-16,0001193125-21-044940,8-K,8.01; 9.01,d11855d8k.htm,https://www.sec.gov/Archives/edgar/data/789019/000119312521044940/d11855d8k.htm,filings/MSFT_0000789019_2021-02-16_0001193125-21-044940.txt,2838
MSFT,MICROSOFT CORP,0000789019,2021-03-02,0001193125-21-065751,8-K,8.01; 9.01,d336741d8k.htm,https://www.sec.gov/Archives/edgar/data/789019/000119312521065751/d336741d8k.htm,filings/MSFT_0000789019_2021-03-02_0001193125-21-065751.txt,3227
MSFT,MICROSOFT CORP,0000789019,2021-03-17,0001193125-21-084239,8-K,8.01; 9.01,d130687d8k.htm,https://www.sec.gov/Archives/edgar/data/789019/000119312521084239/d130687d8k.htm,filings/MSFT_0000789019_2021-03-17_0001193125-21-084239.txt,6074
MSFT,MICROSOFT CORP,0000789019,2021-04-12,0001193125-21-112687,8-K,7.01; 9.01,d171120d8k.htm,https://www.sec.gov/Archives/edgar/data/789019/000119312521112687/d171120d8k.htm,filings/MSFT_0000789019_2021-04-12_0001193125-21-112687.txt,3912
MSFT,MICROSOFT CORP,0000789019,2021-04-27,0001193125-21-134213,8-K,2.02; 9.01,d179564d8k.htm,https://www.sec.gov/Archives/edgar/data/789019/000119312521134213/d179564d8k.htm,filings/MSFT_0000789019_2021-04-27_0001193125-21-134213.txt,3416
MSFT,MICROSOFT CORP,0000789019,2021-05-20,0001193125-21-167940,8-K,5.02,d171596d8k.htm,https://www.sec.gov/Archives/edgar/data/789019/000119312521167940/d171596d8k.htm,filings/MSFT_0000789019_2021-05-20_0001193125-21-167940.txt,2675
MSFT,MICROSOFT CORP,0000789019,2021-06-17,0001193125-21-192783,8-K,8.01,d176999d8k.htm,https://www.sec.gov/Archives/edgar/data/789019/000119312521192783/d176999d8k.htm,filings/MSFT_0000789019_2021-06-17_0001193125-21-192783.txt,2593
MSFT,MICROSOFT CORP,0000789019,2021-07-08,0001193125-21-210827,8-K,8.01; 9.01,d158429d8k.htm,https://www.sec.gov/Archives/edgar/data/789019/000119312521210827/d158429d8k.htm,filings/MSFT_0000789019_2021-07-08_0001193125-21-210827.txt,3661
MSFT,MICROSOFT CORP,0000789019,2021-07-27,0001193125-21-225746,8-K,2.02; 9.01,d200100d8k.htm,https://www.sec.gov/Archives/edgar/data/789019/000119312521225746/d200100d8k.htm,filings/MSFT_0000789019_2021-07-27_0001193125-21-225746.txt,3363
MSFT,MICROSOFT CORP,0000789019,2021-10-26,0001193125-21-307941,8-K,2.02; 9.01,d239488d8k.htm,https://www.sec.gov/Archives/edgar/data/789019/000119312521307941/d239488d8k.htm,filings/MSFT_0000789019_2021-10-26_0001193125-21-307941.txt,3320
MSFT,MICROSOFT CORP,0000789019,2021-11-30,0001193125-21-343711,8-K,5.07,d205343d8k.htm,https://www.sec.gov/Archives/edgar/data/789019/000119312521343711/d205343d8k.htm,filings/MSFT_0000789019_2021-11-30_0001193125-21-343711.txt,6641
MSFT,MICROSOFT CORP,0000789019,2022-01-18,0001193125-22-010667,8-K,7.01; 9.01,d301984d8k.htm,https://www.sec.gov/Archives/edgar/data/789019/000119312522010667/d301984d8k.htm,filings/MSFT_0000789019_2022-01-18_0001193125-22-010667.txt,4001
MSFT,MICROSOFT CORP,0000789019,2022-01-25,0001193125-22-017041,8-K,2.02; 9.01,d299919d8k.htm,https://www.sec.gov/Archives/edgar/data/789019/000119312522017041/d299919d8k.htm,filings/MSFT_0000789019_2022-01-25_0001193125-22-017041.txt,3319
MSFT,MICROSOFT CORP,0000789019,2022-04-26,0001193125-22-120207,8-K,2.02; 9.01,d328712d8k.htm,https://www.sec.gov/Archives/edgar/data/789019/000119312522120207/d328712d8k.htm,filings/MSFT_0000789019_2022-04-26_0001193125-22-120207.txt,3308
MSFT,MICROSOFT CORP,0000789019,2022-06-02,0001193125-22-165839,8-K,7.01; 9.01,d295016d8k.htm,https://www.sec.gov/Archives/edgar/data/789019/000119312522165839/d295016d8k.htm,filings/MSFT_0000789019_2022-06-02_0001193125-22-165839.txt,3908
MSFT,MICROSOFT CORP,0000789019,2022-07-26,0001193125-22-202034,8-K,2.02; 9.01,d372382d8k.htm,https://www.sec.gov/Archives/edgar/data/789019/000119312522202034/d372382d8k.htm,filings/MSFT_0000789019_2022-07-26_0001193125-22-202034.txt,3315
MSFT,MICROSOFT CORP,0000789019,2022-10-25,0001193125-22-268356,8-K,2.02; 9.01,d361432d8k.htm,https://www.sec.gov/Archives/edgar/data/789019/000119312522268356/d361432d8k.htm,filings/MSFT_0000789019_2022-10-25_0001193125-22-268356.txt,3323
MSFT,MICROSOFT CORP,0000789019,2022-12-16,0001193125-22-306591,8-K,5.07,d434535d8k.htm,https://www.sec.gov/Archives/edgar/data/789019/000119312522306591/d434535d8k.htm,filings/MSFT_0000789019_2022-12-16_0001193125-22-306591.txt,6708
MSFT,MICROSOFT CORP,0000789019,2023-01-18,0001193125-23-009934,8-K,7.01; 9.01,d447690d8k.htm,https://www.sec.gov/Archives/edgar/data/789019/000119312523009934/d447690d8k.htm,filings/MSFT_0000789019_2023-01-18_0001193125-23-009934.txt,4246
MSFT,MICROSOFT CORP,0000789019,2023-01-24,0001193125-23-014230,8-K,2.02; 9.01,d406070d8k.htm,https://www.sec.gov/Archives/edgar/data/789019/000119312523014230/d406070d8k.htm,filings/MSFT_0000789019_2023-01-24_0001193125-23-014230.txt,3322
MSFT,MICROSOFT CORP,0000789019,2023-04-25,0001193125-23-115280,8-K,2.02; 9.01,d321368d8k.htm,https://www.sec.gov/Archives/edgar/data/789019/000119312523115280/d321368d8k.htm,filings/MSFT_0000789019_2023-04-25_0001193125-23-115280.txt,3311
MSFT,MICROSOFT CORP,0000789019,2023-07-03,0001193125-23-181341,8-K,5.03; 9.01,d288670d8k.htm,https://www.sec.gov/Archives/edgar/data/789019/000119312523181341/d288670d8k.htm,filings/MSFT_0000789019_2023-07-03_0001193125-23-181341.txt,3474
MSFT,MICROSOFT CORP,0000789019,2023-07-25,0000950170-23-034400,8-K,2.02; 9.01,msft-20230725.htm,https://www.sec.gov/Archives/edgar/data/789019/000095017023034400/msft-20230725.htm,filings/MSFT_0000789019_2023-07-25_0000950170-23-034400.txt,3315
MSFT,MICROSOFT CORP,0000789019,2023-10-11,0001193125-23-254151,8-K,8.01; 9.01,d530324d8k.htm,https://www.sec.gov/Archives/edgar/data/789019/000119312523254151/d530324d8k.htm,filings/MSFT_0000789019_2023-10-11_0001193125-23-254151.txt,3980
MSFT,MICROSOFT CORP,0000789019,2023-10-13,0001193125-23-255762,8-K,2.01,d537928d8k.htm,https://www.sec.gov/Archives/edgar/data/789019/000119312523255762/d537928d8k.htm,filings/MSFT_0000789019_2023-10-13_0001193125-23-255762.txt,5000
MSFT,MICROSOFT CORP,0000789019,2023-10-16,0001104659-23-109428,8-K,8.01; 9.01,tm2328507d1_8k.htm,https://www.sec.gov/Archives/edgar/data/789019/000110465923109428/tm2328507d1_8k.htm,filings/MSFT_0000789019_2023-10-16_0001104659-23-109428.txt,7921
MSFT,MICROSOFT CORP,0000789019,2023-10-24,0000950170-23-054848,8-K,2.02; 9.01,msft-20231024.htm,https://www.sec.gov/Archives/edgar/data/789019/000095017023054848/msft-20231024.htm,filings/MSFT_0000789019_2023-10-24_0000950170-23-054848.txt,3323
MSFT,MICROSOFT CORP,0000789019,2023-10-30,0001193125-23-265616,8-K,8.01; 9.01,d572684d8k.htm,https://www.sec.gov/Archives/edgar/data/789019/000119312523265616/d572684d8k.htm,filings/MSFT_0000789019_2023-10-30_0001193125-23-265616.txt,4671
MSFT,MICROSOFT CORP,0000789019,2023-11-06,0001193125-23-271376,8-K,8.01; 9.01,d566386d8k.htm,https://www.sec.gov/Archives/edgar/data/789019/000119312523271376/d566386d8k.htm,filings/MSFT_0000789019_2023-11-06_0001193125-23-271376.txt,15183
MSFT,MICROSOFT CORP,0000789019,2023-12-08,0001193125-23-291720,8-K,5.07,d636199d8k.htm,https://www.sec.gov/Archives/edgar/data/789019/000119312523291720/d636199d8k.htm,filings/MSFT_0000789019_2023-12-08_0001193125-23-291720.txt,8283
MSFT,MICROSOFT CORP,0000789019,2024-01-19,0001193125-24-011295,8-K,1.05; 7.01; 9.01,d708866d8k.htm,https://www.sec.gov/Archives/edgar/data/789019/000119312524011295/d708866d8k.htm,filings/MSFT_0000789019_2024-01-19_0001193125-24-011295.txt,4924
MSFT,MICROSOFT CORP,0000789019,2024-01-30,0000950170-24-008809,8-K,2.02; 9.01,msft-20240130.htm,https://www.sec.gov/Archives/edgar/data/789019/000095017024008809/msft-20240130.htm,filings/MSFT_0000789019_2024-01-30_0000950170-24-008809.txt,3322
MSFT,MICROSOFT CORP,0000789019,2024-03-08,0001193125-24-062997,8-K/A,1.05; 7.01; 9.01,d808756d8ka.htm,https://www.sec.gov/Archives/edgar/data/789019/000119312524062997/d808756d8ka.htm,filings/MSFT_0000789019_2024-03-08_0001193125-24-062997.txt,5978
MSFT,MICROSOFT CORP,0000789019,2024-04-25,0000950170-24-048268,8-K,2.02; 9.01,msft-20240425.htm,https://www.sec.gov/Archives/edgar/data/789019/000095017024048268/msft-20240425.htm,filings/MSFT_0000789019_2024-04-25_0000950170-24-048268.txt,3311
MSFT,MICROSOFT CORP,0000789019,2024-07-30,0000950170-24-087835,8-K,2.02; 9.01,msft-20240730.htm,https://www.sec.gov/Archives/edgar/data/789019/000095017024087835/msft-20240730.htm,filings/MSFT_0000789019_2024-07-30_0000950170-24-087835.txt,3315
MSFT,MICROSOFT CORP,0000789019,2024-08-21,0001193125-24-204403,8-K,7.01; 9.01,d846847d8k.htm,https://www.sec.gov/Archives/edgar/data/789019/000119312524204403/d846847d8k.htm,filings/MSFT_0000789019_2024-08-21_0001193125-24-204403.txt,3243
MSFT,MICROSOFT CORP,0000789019,2024-10-30,0000950170-24-118955,8-K,2.02; 9.01,msft-20241030.htm,https://www.sec.gov/Archives/edgar/data/789019/000095017024118955/msft-20241030.htm,filings/MSFT_0000789019_2024-10-30_0000950170-24-118955.txt,3309
MSFT,MICROSOFT CORP,0000789019,2024-12-03,0000950170-24-132722,8-K,8.01; 9.01,msft-20241203.htm,https://www.sec.gov/Archives/edgar/data/789019/000095017024132722/msft-20241203.htm,filings/MSFT_0000789019_2024-12-03_0000950170-24-132722.txt,5831
MSFT,MICROSOFT CORP,0000789019,2024-12-11,0001193125-24-275524,8-K,5.07; 7.01,d865252d8k.htm,https://www.sec.gov/Archives/edgar/data/789019/000119312524275524/d865252d8k.htm,filings/MSFT_0000789019_2024-12-11_0001193125-24-275524.txt,8578
NFLX,NETFLIX INC,0001065280,2021-01-19,0001065280-21-000037,8-K,2.02; 9.01,nflx-20210119.htm,https://www.sec.gov/Archives/edgar/data/1065280/000106528021000037/nflx-20210119.htm,filings/NFLX_0001065280_2021-01-19_0001065280-21-000037.txt,4301
NFLX,NETFLIX INC,0001065280,2021-04-20,0001065280-21-000143,8-K,2.02; 8.01; 9.01,nflx-20210420.htm,https://www.sec.gov/Archives/edgar/data/1065280/000106528021000143/nflx-20210420.htm,filings/NFLX_0001065280_2021-04-20_0001065280-21-000143.txt,5526
NFLX,NETFLIX INC,0001065280,2021-06-04,0001065280-21-000216,8-K,5.07,nflx-20210603.htm,https://www.sec.gov/Archives/edgar/data/1065280/000106528021000216/nflx-20210603.htm,filings/NFLX_0001065280_2021-06-04_0001065280-21-000216.txt,4878
NFLX,NETFLIX INC,0001065280,2021-06-17,0001193125-21-193187,8-K,1.01; 2.03; 9.01,d552068d8k.htm,https://www.sec.gov/Archives/edgar/data/1065280/000119312521193187/d552068d8k.htm,filings/NFLX_0001065280_2021-06-17_0001193125-21-193187.txt,3827
NFLX,NETFLIX INC,0001065280,2021-07-20,0001065280-21-000249,8-K,2.02; 9.01,nflx-20210720.htm,https://www.sec.gov/Archives/edgar/data/1065280/000106528021000249/nflx-20210720.htm,filings/NFLX_0001065280_2021-07-20_0001065280-21-000249.txt,4619
NFLX,NETFLIX INC,0001065280,2021-09-10,0001065280-21-000319,8-K,5.02; 9.01,nflx-20210908.htm,https://www.sec.gov/Archives/edgar/data/1065280/000106528021000319/nflx-20210908.htm,filings/NFLX_0001065280_2021-09-10_0001065280-21-000319.txt,3771
NFLX,NETFLIX INC,0001065280,2021-10-19,0001065280-21-000362,8-K,2.02; 9.01,nflx-20211019.htm,https://www.sec.gov/Archives/edgar/data/1065280/000106528021000362/nflx-20211019.htm,filings/NFLX_0001065280_2021-10-19_0001065280-21-000362.txt,4638
NFLX,NETFLIX INC,0001065280,2021-12-21,0001065280-21-000445,8-K,5.02,nflx-20211219.htm,https://www.sec.gov/Archives/edgar/data/1065280/000106528021000445/nflx-20211219.htm,filings/NFLX_0001065280_2021-12-21_0001065280-21-000445.txt,4318
NFLX,NETFLIX INC,0001065280,2022-01-20,0001065280-22-000035,8-K,2.02; 9.01,nflx-20220120.htm,https://www.sec.gov/Archives/edgar/data/1065280/000106528022000035/nflx-20220120.htm,filings/NFLX_0001065280_2022-01-20_0001065280-22-000035.txt,4635
NFLX,NETFLIX INC,0001065280,2022-04-19,0001065280-22-000144,8-K,2.02; 9.01,nflx-20220419.htm,https://www.sec.gov/Archives/edgar/data/1065280/000106528022000144/nflx-20220419.htm,filings/NFLX_0001065280_2022-04-19_0001065280-22-000144.txt,4726
NFLX,NETFLIX INC,0001065280,2022-06-08,0001065280-22-000216,8-K,5.03; 5.07; 9.01,nflx-20220602.htm,https://www.sec.gov/Archives/edgar/data/1065280/000106528022000216/nflx-20220602.htm,filings/NFLX_0001065280_2022-06-08_0001065280-22-000216.txt,8223
NFLX,NETFLIX INC,0001065280,2022-06-13,0001065280-22-000217,8-K,5.02,nflx-20220610.htm,https://www.sec.gov/Archives/edgar/data/1065280/000106528022000217/nflx-20220610.htm,filings/NFLX_0001065280_2022-06-13_0001065280-22-000217.txt,7963
NFLX,NETFLIX INC,0001065280,2022-07-19,0001065280-22-000256,8-K,2.02; 9.01,nflx-20220719.htm,https://www.sec.gov/Archives/edgar/data/1065280/000106528022000256/nflx-20220719.htm,filings/NFLX_0001065280_2022-07-19_0001065280-22-000256.txt,4921
NFLX,NETFLIX INC,0001065280,2022-09-23,0001065280-22-000330,8-K,5.02,nflx-20220922.htm,https://www.sec.gov/Archives/edgar/data/1065280/000106528022000330/nflx-20220922.htm,filings/NFLX_0001065280_2022-09-23_0001065280-22-000330.txt,3880
NFLX,NETFLIX INC,0001065280,2022-10-18,0001065280-22-000367,8-K,2.02; 9.01,nflx-20221018.htm,https://www.sec.gov/Archives/edgar/data/1065280/000106528022000367/nflx-20221018.htm,filings/NFLX_0001065280_2022-10-18_0001065280-22-000367.txt,4938
NFLX,NETFLIX INC,0001065280,2022-10-21,0001065280-22-000369,8-K,5.02,nflx-20221019.htm,https://www.sec.gov/Archives/edgar/data/1065280/000106528022000369/nflx-20221019.htm,filings/NFLX_0001065280_2022-10-21_0001065280-22-000369.txt,2847
NFLX,NETFLIX INC,0001065280,2022-12-09,0001065280-22-000444,8-K,5.02; 9.01,nflx-20221207.htm,https://www.sec.gov/Archives/edgar/data/1065280/000106528022000444/nflx-20221207.htm,filings/NFLX_0001065280_2022-12-09_0001065280-22-000444.txt,3990
NFLX,NETFLIX INC,0001065280,2022-12-23,0001065280-22-000445,8-K,5.02; 9.01,nflx-20221222.htm,https://www.sec.gov/Archives/edgar/data/1065280/000106528022000445/nflx-20221222.htm,filings/NFLX_0001065280_2022-12-23_0001065280-22-000445.txt,6951
NFLX,NETFLIX INC,0001065280,2023-01-09,0001065280-23-000033,8-K,5.02,nflx-20230106.htm,https://www.sec.gov/Archives/edgar/data/1065280/000106528023000033/nflx-20230106.htm,filings/NFLX_0001065280_2023-01-09_0001065280-23-000033.txt,7902
NFLX,NETFLIX INC,0001065280,2023-01-19,0001065280-23-000034,8-K,2.02; 5.02; 9.01,nflx-20230113.htm,https://www.sec.gov/Archives/edgar/data/1065280/000106528023000034/nflx-20230113.htm,filings/NFLX_0001065280_2023-01-19_0001065280-23-000034.txt,7253
NFLX,NETFLIX INC,0001065280,2023-02-24,0001065280-23-000062,8-K,5.03; 9.01,nflx-20230222.htm,https://www.sec.gov/Archives/edgar/data/1065280/000106528023000062/nflx-20230222.htm,filings/NFLX_0001065280_2023-02-24_0001065280-23-000062.txt,4328
NFLX,NETFLIX INC,0001065280,2023-04-18,0001065280-23-000119,8-K,2.02; 9.01,nflx-20230418.htm,https://www.sec.gov/Archives/edgar/data/1065280/000106528023000119/nflx-20230418.htm,filings/NFLX_0001065280_2023-04-18_0001065280-23-000119.txt,5352
NFLX,NETFLIX INC,0001065280,2023-06-06,0001065280-23-000173,8-K,5.07,nflx-20230601.htm,https://www.sec.gov/Archives/edgar/data/1065280/000106528023000173/nflx-20230601.htm,filings/NFLX_0001065280_2023-06-06_0001065280-23-000173.txt,5677
NFLX,NETFLIX INC,0001065280,2023-07-19,0001065280-23-000197,8-K,2.02; 9.01,nflx-20230719.htm,https://www.sec.gov/Archives/edgar/data/1065280/000106528023000197/nflx-20230719.htm,filings/NFLX_0001065280_2023-07-19_0001065280-23-000197.txt,4045
NFLX,NETFLIX INC,0001065280,2023-09-08,0001065280-23-000236,8-K,5.02,nflx-20230906.htm,https://www.sec.gov/Archives/edgar/data/1065280/000106528023000236/nflx-20230906.htm,filings/NFLX_0001065280_2023-09-08_0001065280-23-000236.txt,3864
NFLX,NETFLIX INC,0001065280,2023-10-18,0001065280-23-000272,8-K,2.02; 8.01; 9.01,nflx-20231018.htm,https://www.sec.gov/Archives/edgar/data/1065280/000106528023000272/nflx-20231018.htm,filings/NFLX_0001065280_2023-10-18_0001065280-23-000272.txt,5225
NFLX,NETFLIX INC,0001065280,2023-12-08,0001065280-23-000334,8-K,5.02; 9.01,nflx-20231206.htm,https://www.sec.gov/Archives/edgar/data/1065280/000106528023000334/nflx-20231206.htm,filings/NFLX_0001065280_2023-12-08_0001065280-23-000334.txt,14324
NFLX,NETFLIX INC,0001065280,2024-01-23,0001065280-24-000029,8-K,2.02; 9.01,nflx-20240123.htm,https://www.sec.gov/Archives/edgar/data/1065280/000106528024000029/nflx-20240123.htm,filings/NFLX_0001065280_2024-01-23_0001065280-24-000029.txt,4061
NFLX,NETFLIX INC,0001065280,2024-04-18,0001065280-24-000127,8-K,2.02; 8.01; 9.01,nflx-20240412.htm,https://www.sec.gov/Archives/edgar/data/1065280/000106528024000127/nflx-20240412.htm,filings/NFLX_0001065280_2024-04-18_0001065280-24-000127.txt,7084
NFLX,NETFLIX INC,0001065280,2024-06-07,0001065280-24-000185,8-K,5.07,nflx-20240606.htm,https://www.sec.gov/Archives/edgar/data/1065280/000106528024000185/nflx-20240606.htm,filings/NFLX_0001065280_2024-06-07_0001065280-24-000185.txt,5572
NFLX,NETFLIX INC,0001065280,2024-07-18,0001065280-24-000199,8-K,2.02; 9.01,nflx-20240718.htm,https://www.sec.gov/Archives/edgar/data/1065280/000106528024000199/nflx-20240718.htm,filings/NFLX_0001065280_2024-07-18_0001065280-24-000199.txt,4045
NFLX,NETFLIX INC,0001065280,2024-08-01,0001140361-24-035325,8-K,8.01; 9.01,ny20032950x5_8k.htm,https://www.sec.gov/Archives/edgar/data/1065280/000114036124035325/ny20032950x5_8k.htm,filings/NFLX_0001065280_2024-08-01_0001140361-24-035325.txt,5168
NFLX,NETFLIX INC,0001065280,2024-10-17,0001065280-24-000286,8-K,2.02; 9.01,nflx-20241017.htm,https://www.sec.gov/Archives/edgar/data/1065280/000106528024000286/nflx-20241017.htm,filings/NFLX_0001065280_2024-10-17_0001065280-24-000286.txt,4062
NKE,"NIKE, Inc.",0000320187,2021-03-18,0000320187-21-000009,8-K,1.01; 1.02; 2.02; 2.03; 9.01,nke-20210315.htm,https://www.sec.gov/Archives/edgar/data/320187/000032018721000009/nke-20210315.htm,filings/NKE_0000320187_2021-03-18_0000320187-21-000009.txt,6900
NKE,"NIKE, Inc.",0000320187,2021-06-17,0000320187-21-000020,8-K,5.02; 9.01,nke-20210616.htm,https://www.sec.gov/Archives/edgar/data/320187/000032018721000020/nke-20210616.htm,filings/NKE_0000320187_2021-06-17_0000320187-21-000020.txt,3702
NKE,"NIKE, Inc.",0000320187,2021-06-24,0000320187-21-000025,8-K,2.02; 9.01,nke-20210624.htm,https://www.sec.gov/Archives/edgar/data/320187/000032018721000025/nke-20210624.htm,filings/NKE_0000320187_2021-06-24_0000320187-21-000025.txt,2793
NKE,"NIKE, Inc.",0000320187,2021-09-23,0000320187-21-000041,8-K,2.02; 9.01,nke-20210923.htm,https://www.sec.gov/Archives/edgar/data/320187/000032018721000041/nke-20210923.htm,filings/NKE_0000320187_2021-09-23_0000320187-21-000041.txt,2799
NKE,"NIKE, Inc.",0000320187,2021-10-08,0000320187-21-000048,8-K,5.07; 9.01,nke-20211006.htm,https://www.sec.gov/Archives/edgar/data/320187/000032018721000048/nke-20211006.htm,filings/NKE_0000320187_2021-10-08_0000320187-21-000048.txt,4755
NKE,"NIKE, Inc.",0000320187,2021-11-01,0000320187-21-000051,8-K,5.02; 9.01,nke-20211027.htm,https://www.sec.gov/Archives/edgar/data/320187/000032018721000051/nke-20211027.htm,filings/NKE_0000320187_2021-11-01_0000320187-21-000051.txt,3316
NKE,"NIKE, Inc.",0000320187,2021-12-20,0000320187-21-000055,8-K,2.02; 9.01,nke-20211220.htm,https://www.sec.gov/Archives/edgar/data/320187/000032018721000055/nke-20211220.htm,filings/NKE_0000320187_2021-12-20_0000320187-21-000055.txt,2799
NKE,"NIKE, Inc.",0000320187,2022-03-14,0000320187-22-000010,8-K,1.01; 1.02; 2.03; 9.01,nke-20220311.htm,https://www.sec.gov/Archives/edgar/data/320187/000032018722000010/nke-20220311.htm,filings/NKE_0000320187_2022-03-14_0000320187-22-000010.txt,11631
NKE,"NIKE, Inc.",0000320187,2022-03-21,0000320187-22-000014,8-K,2.02; 9.01,nke-20220321.htm,https://www.sec.gov/Archives/edgar/data/320187/000032018722000014/nke-20220321.htm,filings/NKE_0000320187_2022-03-21_0000320187-22-000014.txt,2789
NKE,"NIKE, Inc.",0000320187,2022-05-05,0001628280-22-012729,8-K,5.02,nke-20220502.htm,https://www.sec.gov/Archives/edgar/data/320187/000162828022012729/nke-20220502.htm,filings/NKE_0000320187_2022-05-05_0001628280-22-012729.txt,4175
NKE,"NIKE, Inc.",0000320187,2022-06-10,0000320187-22-000025,8-K,5.02,nke-20220606.htm,https://www.sec.gov/Archives/edgar/data/320187/000032018722000025/nke-20220606.htm,filings/NKE_0000320187_2022-06-10_0000320187-22-000025.txt,3191
NKE,"NIKE, Inc.",0000320187,2022-06-27,0000320187-22-000029,8-K,2.02; 9.01,nke-20220627.htm,https://www.sec.gov/Archives/edgar/data/320187/000032018722000029/nke-20220627.htm,filings/NKE_0000320187_2022-06-27_0000320187-22-000029.txt,2793
NKE,"NIKE, Inc.",0000320187,2022-09-14,0000320187-22-000046,8-K,5.02; 5.07; 9.01,nke-20220909.htm,https://www.sec.gov/Archives/edgar/data/320187/000032018722000046/nke-20220909.htm,filings/NKE_0000320187_2022-09-14_0000320187-22-000046.txt,5474
NKE,"NIKE, Inc.",0000320187,2022-09-21,0000320187-22-000049,8-K,5.02; 9.01,nke-20220920.htm,https://www.sec.gov/Archives/edgar/data/320187/000032018722000049/nke-20220920.htm,filings/NKE_0000320187_2022-09-21_0000320187-22-000049.txt,6321
NKE,"NIKE, Inc.",0000320187,2022-09-29,0000320187-22-000054,8-K,2.02; 9.01,nke-20220929.htm,https://www.sec.gov/Archives/edgar/data/320187/000032018722000054/nke-20220929.htm,filings/NKE_0000320187_2022-09-29_0000320187-22-000054.txt,2799
NKE,"NIKE, Inc.",0000320187,2022-12-20,0000320187-22-000061,8-K,2.02; 9.01,nke-20221220.htm,https://www.sec.gov/Archives/edgar/data/320187/000032018722000061/nke-20221220.htm,filings/NKE_0000320187_2022-12-20_0000320187-22-000061.txt,2798
NKE,"NIKE, Inc.",0000320187,2023-03-13,0000320187-23-000006,8-K,1.01; 1.02; 2.03; 9.01,nke-20230310.htm,https://www.sec.gov/Archives/edgar/data/320187/000032018723000006/nke-20230310.htm,filings/NKE_0000320187_2023-03-13_0000320187-23-000006.txt,7334
NKE,"NIKE, Inc.",0000320187,2023-03-21,0000320187-23-000009,8-K,2.02; 9.01,nke-20230321.htm,https://www.sec.gov/Archives/edgar/data/320187/000032018723000009/nke-20230321.htm,filings/NKE_0000320187_2023-03-21_0000320187-23-000009.txt,2789
NKE,"NIKE, Inc.",0000320187,2023-05-09,0000320187-23-000016,8-K,5.02; 9.01,nke-20230504.htm,https://www.sec.gov/Archives/edgar/data/320187/000032018723000016/nke-20230504.htm,filings/NKE_0000320187_2023-05-09_0000320187-23-000016.txt,4972
NKE,"NIKE, Inc.",0000320187,2023-05-24,0000320187-23-000020,8-K,5.02; 9.01,nke-20230524.htm,https://www.sec.gov/Archives/edgar/data/320187/000032018723000020/nke-20230524.htm,filings/NKE_0000320187_2023-05-24_0000320187-23-000020.txt,3424
NKE,"NIKE, Inc.",0000320187,2023-06-29,0000320187-23-000026,8-K,2.02; 9.01,nke-20230629.htm,https://www.sec.gov/Archives/edgar/data/320187/000032018723000026/nke-20230629.htm,filings/NKE_0000320187_2023-06-29_0000320187-23-000026.txt,2781
NKE,"NIKE, Inc.",0000320187,2023-09-15,0000320187-23-000045,8-K,5.07,nke-20230912.htm,https://www.sec.gov/Archives/edgar/data/320187/000032018723000045/nke-20230912.htm,filings/NKE_0000320187_2023-09-15_0000320187-23-000045.txt,4796
NKE,"NIKE, Inc.",0000320187,2023-09-28,0000320187-23-000048,8-K,2.02; 9.01,nke-20230928.htm,https://www.sec.gov/Archives/edgar/data/320187/000032018723000048/nke-20230928.htm,filings/NKE_0000320187_2023-09-28_0000320187-23-000048.txt,2799
NKE,"NIKE, Inc.",0000320187,2023-12-21,0000320187-23-000054,8-K,2.02; 2.05; 9.01,nke-20231221.htm,https://www.sec.gov/Archives/edgar/data/320187/000032018723000054/nke-20231221.htm,filings/NKE_0000320187_2023-12-21_0000320187-23-000054.txt,5856
NKE,"NIKE, Inc.",0000320187,2024-03-11,0000320187-24-000009,8-K,1.01; 1.02; 2.03; 9.01,nke-20240308.htm,https://www.sec.gov/Archives/edgar/data/320187/000032018724000009/nke-20240308.htm,filings/NKE_0000320187_2024-03-11_0000320187-24-000009.txt,7332
NKE,"NIKE, Inc.",0000320187,2024-03-21,0000320187-24-000013,8-K,2.02; 9.01,nke-20240321.htm,https://www.sec.gov/Archives/edgar/data/320187/000032018724000013/nke-20240321.htm,filings/NKE_0000320187_2024-03-21_0000320187-24-000013.txt,2793
NKE,"NIKE, Inc.",0000320187,2024-06-05,0000320187-24-000024,8-K,5.02,nke-20240601.htm,https://www.sec.gov/Archives/edgar/data/320187/000032018724000024/nke-20240601.htm,filings/NKE_0000320187_2024-06-05_0000320187-24-000024.txt,3280
NKE,"NIKE, Inc.",0000320187,2024-06-27,0000320187-24-000028,8-K,2.02; 9.01,nke-20240627.htm,https://www.sec.gov/Archives/edgar/data/320187/000032018724000028/nke-20240627.htm,filings/NKE_0000320187_2024-06-27_0000320187-24-000028.txt,2791
NKE,"NIKE, Inc.",0000320187,2024-09-13,0000320187-24-000050,8-K,5.07,nke-20240910.htm,https://www.sec.gov/Archives/edgar/data/320187/000032018724000050/nke-20240910.htm,filings/NKE_0000320187_2024-09-13_0000320187-24-000050.txt,4841
NKE,"NIKE, Inc.",0000320187,2024-09-19,0000320187-24-000053,8-K,5.02; 7.01; 9.01,nke-20240919.htm,https://www.sec.gov/Archives/edgar/data/320187/000032018724000053/nke-20240919.htm,filings/NKE_0000320187_2024-09-19_0000320187-24-000053.txt,11633
NKE,"NIKE, Inc.",0000320187,2024-09-20,0000320187-24-000058,8-K,5.03; 9.01,nke-20240918.htm,https://www.sec.gov/Archives/edgar/data/320187/000032018724000058/nke-20240918.htm,filings/NKE_0000320187_2024-09-20_0000320187-24-000058.txt,4945
NKE,"NIKE, Inc.",0000320187,2024-10-01,0000320187-24-000062,8-K,2.02; 9.01,nke-20241001.htm,https://www.sec.gov/Archives/edgar/data/320187/000032018724000062/nke-20241001.htm,filings/NKE_0000320187_2024-10-01_0000320187-24-000062.txt,2791
NKE,"NIKE, Inc.",0000320187,2024-12-19,0000320187-24-000069,8-K,2.02; 9.01,nke-20241219.htm,https://www.sec.gov/Archives/edgar/data/320187/000032018724000069/nke-20241219.htm,filings/NKE_0000320187_2024-12-19_0000320187-24-000069.txt,2799
NVDA,NVIDIA CORP,0001045810,2021-02-24,0001045810-21-000007,8-K,2.02; 9.01,nvda-20210224.htm,https://www.sec.gov/Archives/edgar/data/1045810/000104581021000007/nvda-20210224.htm,filings/NVDA_0001045810_2021-02-24_0001045810-21-000007.txt,3885
NVDA,NVIDIA CORP,0001045810,2021-03-19,0001045810-21-000034,8-K,5.02; 9.01,nvda-20210315.htm,https://www.sec.gov/Archives/edgar/data/1045810/000104581021000034/nvda-20210315.htm,filings/NVDA_0001045810_2021-03-19_0001045810-21-000034.txt,4834
NVDA,NVIDIA CORP,0001045810,2021-04-12,0001045810-21-000047,8-K,7.01; 9.01,nvda-20210412.htm,https://www.sec.gov/Archives/edgar/data/1045810/000104581021000047/nvda-20210412.htm,filings/NVDA_0001045810_2021-04-12_0001045810-21-000047.txt,3335
NVDA,NVIDIA CORP,0001045810,2021-05-21,0001045810-21-000056,8-K,8.01; 9.01,nvda-20210521.htm,https://www.sec.gov/Archives/edgar/data/1045810/000104581021000056/nvda-20210521.htm,filings/NVDA_0001045810_2021-05-21_0001045810-21-000056.txt,3340
NVDA,NVIDIA CORP,0001045810,2021-05-26,0001045810-21-000063,8-K,2.02; 9.01,nvda-20210526.htm,https://www.sec.gov/Archives/edgar/data/1045810/000104581021000063/nvda-20210526.htm,filings/NVDA_0001045810_2021-05-26_0001045810-21-000063.txt,3811
NVDA,NVIDIA CORP,0001045810,2021-06-07,0001045810-21-000075,8-K,5.03; 5.07; 9.01,nvda-20210603.htm,https://www.sec.gov/Archives/edgar/data/1045810/000104581021000075/nvda-20210603.htm,filings/NVDA_0001045810_2021-06-07_0001045810-21-000075.txt,6928
NVDA,NVIDIA CORP,0001045810,2021-06-16,0001193125-21-192149,8-K,1.01; 2.03; 9.01,d80739d8k.htm,https://www.sec.gov/Archives/edgar/data/1045810/000119312521192149/d80739d8k.htm,filings/NVDA_0001045810_2021-06-16_0001193125-21-192149.txt,10199
NVDA,NVIDIA CORP,0001045810,2021-06-28,0001045810-21-000117,8-K,7.01; 8.01,nvda-20210628.htm,https://www.sec.gov/Archives/edgar/data/1045810/000104581021000117/nvda-20210628.htm,filings/NVDA_0001045810_2021-06-28_0001045810-21-000117.txt,4258
NVDA,NVIDIA CORP,0001045810,2021-08-18,0001045810-21-000128,8-K,2.02; 9.01,nvda-20210818.htm,https://www.sec.gov/Archives/edgar/data/1045810/000104581021000128/nvda-20210818.htm,filings/NVDA_0001045810_2021-08-18_0001045810-21-000128.txt,3833
NVDA,NVIDIA CORP,0001045810,2021-11-17,0001045810-21-000160,8-K,2.02; 9.01,nvda-20211117.htm,https://www.sec.gov/Archives/edgar/data/1045810/000104581021000160/nvda-20211117.htm,filings/NVDA_0001045810_2021-11-17_0001045810-21-000160.txt,3842
NVDA,NVIDIA CORP,0001045810,2022-02-08,0001045810-22-000005,8-K,1.02,nvda-20220208.htm,https://www.sec.gov/Archives/edgar/data/1045810/000104581022000005/nvda-20220208.htm,filings/NVDA_0001045810_2022-02-08_0001045810-22-000005.txt,3480
NVDA,NVIDIA CORP,0001045810,2022-02-16,0001045810-22-000008,8-K,2.02; 9.01,nvda-20220216.htm,https://www.sec.gov/Archives/edgar/data/1045810/000104581022000008/nvda-20220216.htm,filings/NVDA_0001045810_2022-02-16_0001045810-22-000008.txt,3884
NVDA,NVIDIA CORP,0001045810,2022-03-09,0001045810-22-000023,8-K,5.02; 5.03; 9.01,nvda-20220303.htm,https://www.sec.gov/Archives/edgar/data/1045810/000104581022000023/nvda-20220303.htm,filings/NVDA_0001045810_2022-03-09_0001045810-22-000023.txt,6434
NVDA,NVIDIA CORP,0001045810,2022-05-25,0001045810-22-000073,8-K,2.02; 9.01,nvda-20220525.htm,https://www.sec.gov/Archives/edgar/data/1045810/000104581022000073/nvda-20220525.htm,filings/NVDA_0001045810_2022-05-25_0001045810-22-000073.txt,3812
NVDA,NVIDIA CORP,0001045810,2022-06-06,0001045810-22-000088,8-K,5.02; 5.03; 5.07; 9.01,nvda-20220602.htm,https://www.sec.gov/Archives/edgar/data/1045810/000104581022000088/nvda-20220602.htm,filings/NVDA_0001045810_2022-06-06_0001045810-22-000088.txt,8192
NVDA,NVIDIA CORP,0001045810,2022-08-08,0001045810-22-000133,8-K,2.02; 9.01,nvda-20220808.htm,https://www.sec.gov/Archives/edgar/data/1045810/000104581022000133/nvda-20220808.htm,filings/NVDA_0001045810_2022-08-08_0001045810-22-000133.txt,3507
NVDA,NVIDIA CORP,0001045810,2022-08-24,0001045810-22-000136,8-K,2.02; 9.01,nvda-20220824.htm,https://www.sec.gov/Archives/edgar/data/1045810/000104581022000136/nvda-20220824.htm,filings/NVDA_0001045810_2022-08-24_0001045810-22-000136.txt,3935
NVDA,NVIDIA CORP,0001045810,2022-08-31,0001045810-22-000146,8-K,8.01,nvda-20220826.htm,https://www.sec.gov/Archives/edgar/data/1045810/000104581022000146/nvda-20220826.htm,filings/NVDA_0001045810_2022-08-31_0001045810-22-000146.txt,6605
NVDA,NVIDIA CORP,0001045810,2022-09-01,0001045810-22-000151,8-K,8.01,nvda-20220831.htm,https://www.sec.gov/Archives/edgar/data/1045810/000104581022000151/nvda-20220831.htm,filings/NVDA_0001045810_2022-09-01_0001045810-22-000151.txt,2960
NVDA,NVIDIA CORP,0001045810,2022-11-16,0001045810-22-000163,8-K,2.02; 9.01,nvda-20221116.htm,https://www.sec.gov/Archives/edgar/data/1045810/000104581022000163/nvda-20221116.htm,filings/NVDA_0001045810_2022-11-16_0001045810-22-000163.txt,3948
NVDA,NVIDIA CORP,0001045810,2023-02-22,0001045810-23-000014,8-K,2.02; 9.01,nvda-20230222.htm,https://www.sec.gov/Archives/edgar/data/1045810/000104581023000014/nvda-20230222.htm,filings/NVDA_0001045810_2023-02-22_0001045810-23-000014.txt,3986
NVDA,NVIDIA CORP,0001045810,2023-03-08,0001045810-23-000039,8-K,5.02; 5.03; 9.01,nvda-20230302.htm,https://www.sec.gov/Archives/edgar/data/1045810/000104581023000039/nvda-20230302.htm,filings/NVDA_0001045810_2023-03-08_0001045810-23-000039.txt,7730
NVDA,NVIDIA CORP,0001045810,2023-05-24,0001045810-23-000087,8-K,2.02; 9.01,nvda-20230524.htm,https://www.sec.gov/Archives/edgar/data/1045810/000104581023000087/nvda-20230524.htm,filings/NVDA_0001045810_2023-05-24_0001045810-23-000087.txt,3925
NVDA,NVIDIA CORP,0001045810,2023-06-27,0001045810-23-000146,8-K,5.07,nvda-20230622.htm,https://www.sec.gov/Archives/edgar/data/1045810/000104581023000146/nvda-20230622.htm,filings/NVDA_0001045810_2023-06-27_0001045810-23-000146.txt,6527
NVDA,NVIDIA CORP,0001045810,2023-07-24,0001045810-23-000164,8-K,5.02,nvda-20230724.htm,https://www.sec.gov/Archives/edgar/data/1045810/000104581023000164/nvda-20230724.htm,filings/NVDA_0001045810_2023-07-24_0001045810-23-000164.txt,3772
NVDA,NVIDIA CORP,0001045810,2023-08-23,0001045810-23-000171,8-K,2.02; 9.01,nvda-20230823.htm,https://www.sec.gov/Archives/edgar/data/1045810/000104581023000171/nvda-20230823.htm,filings/NVDA_0001045810_2023-08-23_0001045810-23-000171.txt,3931
NVDA,NVIDIA CORP,0001045810,2023-10-17,0001045810-23-000217,8-K,8.01,nvda-20231017.htm,https://www.sec.gov/Archives/edgar/data/1045810/000104581023000217/nvda-20231017.htm,filings/NVDA_0001045810_2023-10-17_0001045810-23-000217.txt,6733
NVDA,NVIDIA CORP,0001045810,2023-10-24,0001045810-23-000221,8-K,8.01,nvda-20231023.htm,https://www.sec.gov/Archives/edgar/data/1045810/000104581023000221/nvda-20231023.htm,filings/NVDA_0001045810_2023-10-24_0001045810-23-000221.txt,4971
NVDA,NVIDIA CORP,0001045810,2023-11-21,0001045810-23-000225,8-K,2.02; 9.01,nvda-20231121.htm,https://www.sec.gov/Archives/edgar/data/1045810/000104581023000225/nvda-20231121.htm,filings/NVDA_0001045810_2023-11-21_0001045810-23-000225.txt,3942
NVDA,NVIDIA CORP,0001045810,2024-02-21,0001045810-24-000028,8-K,2.02; 9.01,nvda-20240221.htm,https://www.sec.gov/Archives/edgar/data/1045810/000104581024000028/nvda-20240221.htm,filings/NVDA_0001045810_2024-02-21_0001045810-24-000028.txt,3984
NVDA,NVIDIA CORP,0001045810,2024-03-14,0001045810-24-000069,8-K,5.02; 5.03; 9.01,nvda-20240308.htm,https://www.sec.gov/Archives/edgar/data/1045810/000104581024000069/nvda-20240308.htm,filings/NVDA_0001045810_2024-03-14_0001045810-24-000069.txt,6385
NVDA,NVIDIA CORP,0001045810,2024-05-22,0001045810-24-000113,8-K,2.02; 8.01; 9.01,nvda-20240522.htm,https://www.sec.gov/Archives/edgar/data/1045810/000104581024000113/nvda-20240522.htm,filings/NVDA_0001045810_2024-05-22_0001045810-24-000113.txt,5005
NVDA,NVIDIA CORP,0001045810,2024-06-07,0001045810-24-000144,8-K,5.03,nvda-20240607.htm,https://www.sec.gov/Archives/edgar/data/1045810/000104581024000144/nvda-20240607.htm,filings/NVDA_0001045810_2024-06-07_0001045810-24-000144.txt,3466
NVDA,NVIDIA CORP,0001045810,2024-07-02,0001045810-24-000206,8-K,5.07,nvda-20240626.htm,https://www.sec.gov/Archives/edgar/data/1045810/000104581024000206/nvda-20240626.htm,filings/NVDA_0001045810_2024-07-02_0001045810-24-000206.txt,6552
NVDA,NVIDIA CORP,0001045810,2024-08-28,0001045810-24-000262,8-K,2.02; 9.01,nvda-20240828.htm,https://www.sec.gov/Archives/edgar/data/1045810/000104581024000262/nvda-20240828.htm,filings/NVDA_0001045810_2024-08-28_0001045810-24-000262.txt,3933
NVDA,NVIDIA CORP,0001045810,2024-11-07,0001045810-24-000300,8-K,5.02,nvda-20241107.htm,https://www.sec.gov/Archives/edgar/data/1045810/000104581024000300/nvda-20241107.htm,filings/NVDA_0001045810_2024-11-07_0001045810-24-000300.txt,3768
NVDA,NVIDIA CORP,0001045810,2024-11-20,0001045810-24-000315,8-K,2.02; 9.01,nvda-20241120.htm,https://www.sec.gov/Archives/edgar/data/1045810/000104581024000315/nvda-20241120.htm,filings/NVDA_0001045810_2024-11-20_0001045810-24-000315.txt,3944
ORCL,ORACLE CORP,0001341439,2021-03-10,0001564590-21-012058,8-K,2.02; 8.01; 9.01,orcl-8k_20210310.htm,https://www.sec.gov/Archives/edgar/data/1341439/000156459021012058/orcl-8k_20210310.htm,filings/ORCL_0001341439_2021-03-10_0001564590-21-012058.txt,3522
ORCL,ORACLE CORP,0001341439,2021-03-24,0001193125-21-092631,8-K,8.01; 9.01,d165814d8k.htm,https://www.sec.gov/Archives/edgar/data/1341439/000119312521092631/d165814d8k.htm,filings/ORCL_0001341439_2021-03-24_0001193125-21-092631.txt,5298
ORCL,ORACLE CORP,0001341439,2021-06-15,0001564590-21-032994,8-K,2.02; 8.01; 9.01,orcl-8k_20210615.htm,https://www.sec.gov/Archives/edgar/data/1341439/000156459021032994/orcl-8k_20210615.htm,filings/ORCL_0001341439_2021-06-15_0001564590-21-032994.txt,3320
ORCL,ORACLE CORP,0001341439,2021-07-07,0001193125-21-209906,8-K,5.02; 9.01,d145474d8k.htm,https://www.sec.gov/Archives/edgar/data/1341439/000119312521209906/d145474d8k.htm,filings/ORCL_0001341439_2021-07-07_0001193125-21-209906.txt,4368
ORCL,ORACLE CORP,0001341439,2021-08-27,0001193125-21-259458,8-K,7.01; 9.01,d224360d8k.htm,https://www.sec.gov/Archives/edgar/data/1341439/000119312521259458/d224360d8k.htm,filings/ORCL_0001341439_2021-08-27_0001193125-21-259458.txt,2933
ORCL,ORACLE CORP,0001341439,2021-09-13,0001564590-21-047736,8-K,2.02; 8.01; 9.01,orcl-8k_20210913.htm,https://www.sec.gov/Archives/edgar/data/1341439/000156459021047736/orcl-8k_20210913.htm,filings/ORCL_0001341439_2021-09-13_0001564590-21-047736.txt,3348
ORCL,ORACLE CORP,0001341439,2021-11-12,0001193125-21-328116,8-K,5.02; 5.07; 9.01,d177330d8k.htm,https://www.sec.gov/Archives/edgar/data/1341439/000119312521328116/d177330d8k.htm,filings/ORCL_0001341439_2021-11-12_0001193125-21-328116.txt,7857
ORCL,ORACLE CORP,0001341439,2021-12-09,0001564590-21-059893,8-K,2.02; 8.01; 9.01,orcl-8k_20211209.htm,https://www.sec.gov/Archives/edgar/data/1341439/000156459021059893/orcl-8k_20211209.htm,filings/ORCL_0001341439_2021-12-09_0001564590-21-059893.txt,3535
ORCL,ORACLE CORP,0001341439,2021-12-20,0001193125-21-362532,8-K,8.01; 9.01,d276733d8k.htm,https://www.sec.gov/Archives/edgar/data/1341439/000119312521362532/d276733d8k.htm,filings/ORCL_0001341439_2021-12-20_0001193125-21-362532.txt,5891
ORCL,ORACLE CORP,0001341439,2021-12-21,0001193125-21-363742,8-K,1.01; 9.01,d235675d8k.htm,https://www.sec.gov/Archives/edgar/data/1341439/000119312521363742/d235675d8k.htm,filings/ORCL_0001341439_2021-12-21_0001193125-21-363742.txt,11915
ORCL,ORACLE CORP,0001341439,2022-03-10,0001564590-22-009640,8-K,2.02; 8.01; 9.01,orcl-8k_20220310.htm,https://www.sec.gov/Archives/edgar/data/1341439/000156459022009640/orcl-8k_20220310.htm,filings/ORCL_0001341439_2022-03-10_0001564590-22-009640.txt,3329
ORCL,ORACLE CORP,0001341439,2022-03-24,0001193125-22-083447,8-K,5.02; 9.01,d332961d8k.htm,https://www.sec.gov/Archives/edgar/data/1341439/000119312522083447/d332961d8k.htm,filings/ORCL_0001341439_2022-03-24_0001193125-22-083447.txt,3894
ORCL,ORACLE CORP,0001341439,2022-06-08,0001193125-22-169835,8-K,2.01; 2.03,d290344d8k.htm,https://www.sec.gov/Archives/edgar/data/1341439/000119312522169835/d290344d8k.htm,filings/ORCL_0001341439_2022-06-08_0001193125-22-169835.txt,10244
ORCL,ORACLE CORP,0001341439,2022-06-13,0001564590-22-023099,8-K,2.02; 8.01; 9.01,orcl-8k_20220613.htm,https://www.sec.gov/Archives/edgar/data/1341439/000156459022023099/orcl-8k_20220613.htm,filings/ORCL_0001341439_2022-06-13_0001564590-22-023099.txt,3320
ORCL,ORACLE CORP,0001341439,2022-07-01,0001193125-22-187252,8-K,5.02,d376795d8k.htm,https://www.sec.gov/Archives/edgar/data/1341439/000119312522187252/d376795d8k.htm,filings/ORCL_0001341439_2022-07-01_0001193125-22-187252.txt,2886
ORCL,ORACLE CORP,0001341439,2022-07-11,0001193125-22-191296,8-K,2.02; 9.01,d331231d8k.htm,https://www.sec.gov/Archives/edgar/data/1341439/000119312522191296/d331231d8k.htm,filings/ORCL_0001341439_2022-07-11_0001193125-22-191296.txt,3098
ORCL,ORACLE CORP,0001341439,2022-09-12,0001564590-22-031466,8-K,2.02; 8.01; 9.01,orcl-8k_20220912.htm,https://www.sec.gov/Archives/edgar/data/1341439/000156459022031466/orcl-8k_20220912.htm,filings/ORCL_0001341439_2022-09-12_0001564590-22-031466.txt,3348
ORCL,ORACLE CORP,0001341439,2022-10-07,0001193125-22-259611,8-K,5.02,d401339d8k.htm,https://www.sec.gov/Archives/edgar/data/1341439/000119312522259611/d401339d8k.htm,filings/ORCL_0001341439_2022-10-07_0001193125-22-259611.txt,3736
ORCL,ORACLE CORP,0001341439,2022-11-09,0001193125-22-281194,8-K,8.01; 9.01,d404441d8k.htm,https://www.sec.gov/Archives/edgar/data/1341439/000119312522281194/d404441d8k.htm,filings/ORCL_0001341439_2022-11-09_0001193125-22-281194.txt,5525
ORCL,ORACLE CORP,0001341439,2022-11-18,0001193125-22-288990,8-K,5.07,d420527d8k.htm,https://www.sec.gov/Archives/edgar/data/1341439/000119312522288990/d420527d8k.htm,filings/ORCL_0001341439_2022-11-18_0001193125-22-288990.txt,4906
ORCL,ORACLE CORP,0001341439,2022-12-12,0001564590-22-039236,8-K,2.02; 8.01; 9.01,orcl-8k_20221212.htm,https://www.sec.gov/Archives/edgar/data/1341439/000156459022039236/orcl-8k_20221212.htm,filings/ORCL_0001341439_2022-12-12_0001564590-22-039236.txt,3347
ORCL,ORACLE CORP,0001341439,2023-02-06,0001193125-23-025644,8-K,8.01; 9.01,d356350d8k.htm,https://www.sec.gov/Archives/edgar/data/1341439/000119312523025644/d356350d8k.htm,filings/ORCL_0001341439_2023-02-06_0001193125-23-025644.txt,5651
ORCL,ORACLE CORP,0001341439,2023-03-09,0001564590-23-003362,8-K,2.02; 8.01; 9.01,orcl-8k_20230309.htm,https://www.sec.gov/Archives/edgar/data/1341439/000156459023003362/orcl-8k_20230309.htm,filings/ORCL_0001341439_2023-03-09_0001564590-23-003362.txt,3311
ORCL,ORACLE CORP,0001341439,2023-06-12,0000950170-23-027490,8-K,2.02; 8.01; 9.01,orcl-20230612.htm,https://www.sec.gov/Archives/edgar/data/1341439/000095017023027490/orcl-20230612.htm,filings/ORCL_0001341439_2023-06-12_0000950170-23-027490.txt,3302
ORCL,ORACLE CORP,0001341439,2023-09-11,0000950170-23-047471,8-K,2.02; 8.01; 9.01,orcl-20230911.htm,https://www.sec.gov/Archives/edgar/data/1341439/000095017023047471/orcl-20230911.htm,filings/ORCL_0001341439_2023-09-11_0000950170-23-047471.txt,3330
ORCL,ORACLE CORP,0001341439,2023-11-17,0001193125-23-279837,8-K,5.02; 5.03; 5.07; 9.01,d606391d8k.htm,https://www.sec.gov/Archives/edgar/data/1341439/000119312523279837/d606391d8k.htm,filings/ORCL_0001341439_2023-11-17_0001193125-23-279837.txt,11283
ORCL,ORACLE CORP,0001341439,2023-12-11,0000950170-23-069410,8-K,2.02; 8.01; 9.01,orcl-20231211.htm,https://www.sec.gov/Archives/edgar/data/1341439/000095017023069410/orcl-20231211.htm,filings/ORCL_0001341439_2023-12-11_0000950170-23-069410.txt,3299
ORCL,ORACLE CORP,0001341439,2024-03-11,0000950170-24-029250,8-K,2.02; 8.01; 9.01,orcl-20240311.htm,https://www.sec.gov/Archives/edgar/data/1341439/000095017024029250/orcl-20240311.htm,filings/ORCL_0001341439_2024-03-11_0000950170-24-029250.txt,3282
ORCL,ORACLE CORP,0001341439,2024-06-11,0000950170-24-071916,8-K,2.02; 8.01; 9.01,orcl-20240611.htm,https://www.sec.gov/Archives/edgar/data/1341439/000095017024071916/orcl-20240611.htm,filings/ORCL_0001341439_2024-06-11_0000950170-24-071916.txt,3272
ORCL,ORACLE CORP,0001341439,2024-09-09,0000950170-24-104753,8-K,2.02; 8.01; 9.01,orcl-20240909.htm,https://www.sec.gov/Archives/edgar/data/1341439/000095017024104753/orcl-20240909.htm,filings/ORCL_0001341439_2024-09-09_0000950170-24-104753.txt,3296
ORCL,ORACLE CORP,0001341439,2024-09-27,0001193125-24-227971,8-K,8.01; 9.01,d832518d8k.htm,https://www.sec.gov/Archives/edgar/data/1341439/000119312524227971/d832518d8k.htm,filings/ORCL_0001341439_2024-09-27_0001193125-24-227971.txt,5680
ORCL,ORACLE CORP,0001341439,2024-11-18,0001193125-24-260986,8-K,5.07,d38577d8k.htm,https://www.sec.gov/Archives/edgar/data/1341439/000119312524260986/d38577d8k.htm,filings/ORCL_0001341439_2024-11-18_0001193125-24-260986.txt,5164
ORCL,ORACLE CORP,0001341439,2024-12-09,0000950170-24-134537,8-K,2.02; 8.01; 9.01,orcl-20241209.htm,https://www.sec.gov/Archives/edgar/data/1341439/000095017024134537/orcl-20241209.htm,filings/ORCL_0001341439_2024-12-09_0000950170-24-134537.txt,3294
PEP,PEPSICO INC,0000077476,2021-02-11,0000077476-21-000009,8-K,2.02; 9.01,pep-20210211.htm,https://www.sec.gov/Archives/edgar/data/77476/000007747621000009/pep-20210211.htm,filings/PEP_0000077476_2021-02-11_0000077476-21-000009.txt,4101
PEP,PEPSICO INC,0000077476,2021-04-15,0000077476-21-000021,8-K,2.02; 9.01,pep-20210415.htm,https://www.sec.gov/Archives/edgar/data/77476/000007747621000021/pep-20210415.htm,filings/PEP_0000077476_2021-04-15_0000077476-21-000021.txt,4090
PEP,PEPSICO INC,0000077476,2021-05-07,0000077476-21-000025,8-K,5.07,pep-20210505.htm,https://www.sec.gov/Archives/edgar/data/77476/000007747621000025/pep-20210505.htm,filings/PEP_0000077476_2021-05-07_0000077476-21-000025.txt,5174
PEP,PEPSICO INC,0000077476,2021-05-28,0001104659-21-074203,8-K,8.01; 9.01,tm2117442d1_8k.htm,https://www.sec.gov/Archives/edgar/data/77476/000110465921074203/tm2117442d1_8k.htm,filings/PEP_0000077476_2021-05-28_0001104659-21-074203.txt,8306
PEP,PEPSICO INC,0000077476,2021-07-13,0000077476-21-000041,8-K,2.02; 9.01,pep-20210713.htm,https://www.sec.gov/Archives/edgar/data/77476/000007747621000041/pep-20210713.htm,filings/PEP_0000077476_2021-07-13_0000077476-21-000041.txt,4030
PEP,PEPSICO INC,0000077476,2021-08-05,0000077476-21-000044,8-K,5.02,pep-20210803.htm,https://www.sec.gov/Archives/edgar/data/77476/000007747621000044/pep-20210803.htm,filings/PEP_0000077476_2021-08-05_0000077476-21-000044.txt,4905
PEP,PEPSICO INC,0000077476,2021-08-06,0001104659-21-100896,8-K,7.01; 9.01,tm2123864d1_8k.htm,https://www.sec.gov/Archives/edgar/data/77476/000110465921100896/tm2123864d1_8k.htm,filings/PEP_0000077476_2021-08-06_0001104659-21-100896.txt,5217
PEP,PEPSICO INC,0000077476,2021-10-05,0000077476-21-000051,8-K,2.02; 9.01,pep-20211005.htm,https://www.sec.gov/Archives/edgar/data/77476/000007747621000051/pep-20211005.htm,filings/PEP_0000077476_2021-10-05_0000077476-21-000051.txt,4042
PEP,PEPSICO INC,0000077476,2021-10-06,0001104659-21-123508,8-K,8.01; 9.01,tm2126857d3_8k.htm,https://www.sec.gov/Archives/edgar/data/77476/000110465921123508/tm2126857d3_8k.htm,filings/PEP_0000077476_2021-10-06_0001104659-21-123508.txt,3604
PEP,PEPSICO INC,0000077476,2021-10-14,0001104659-21-126260,8-K,8.01; 9.01,tm2126857d9_8k.htm,https://www.sec.gov/Archives/edgar/data/77476/000110465921126260/tm2126857d9_8k.htm,filings/PEP_0000077476_2021-10-14_0001104659-21-126260.txt,7294
PEP,PEPSICO INC,0000077476,2021-10-21,0001104659-21-128512,8-K,8.01; 9.01,tm2126857d12_8k.htm,https://www.sec.gov/Archives/edgar/data/77476/000110465921128512/tm2126857d12_8k.htm,filings/PEP_0000077476_2021-10-21_0001104659-21-128512.txt,4087
PEP,PEPSICO INC,0000077476,2021-10-21,0001104659-21-128479,8-K,8.01; 9.01,tm2126857d6_8k.htm,https://www.sec.gov/Archives/edgar/data/77476/000110465921128479/tm2126857d6_8k.htm,filings/PEP_0000077476_2021-10-21_0001104659-21-128479.txt,8497
PEP,PEPSICO INC,0000077476,2021-10-21,0001104659-21-128297,8-K,8.01; 9.01,tm2126857d11_8k.htm,https://www.sec.gov/Archives/edgar/data/77476/000110465921128297/tm2126857d11_8k.htm,filings/PEP_0000077476_2021-10-21_0001104659-21-128297.txt,4220
PEP,PEPSICO INC,0000077476,2022-02-10,0000077476-22-000011,8-K,2.02; 9.01,pep-20220210.htm,https://www.sec.gov/Archives/edgar/data/77476/000007747622000011/pep-20220210.htm,filings/PEP_0000077476_2022-02-10_0000077476-22-000011.txt,4099
PEP,PEPSICO INC,0000077476,2022-03-11,0001104659-22-032667,8-K,7.01; 9.01,tm228728d1_8k.htm,https://www.sec.gov/Archives/edgar/data/77476/000110465922032667/tm228728d1_8k.htm,filings/PEP_0000077476_2022-03-11_0001104659-22-032667.txt,5302
PEP,PEPSICO INC,0000077476,2022-04-15,0001104659-22-046278,8-K,7.01; 9.01,tm2212442d1_8k.htm,https://www.sec.gov/Archives/edgar/data/77476/000110465922046278/tm2212442d1_8k.htm,filings/PEP_0000077476_2022-04-15_0001104659-22-046278.txt,5304
PEP,PEPSICO INC,0000077476,2022-04-26,0000077476-22-000021,8-K,2.02; 9.01,pep-20220426.htm,https://www.sec.gov/Archives/edgar/data/77476/000007747622000021/pep-20220426.htm,filings/PEP_0000077476_2022-04-26_0000077476-22-000021.txt,4089
PEP,PEPSICO INC,0000077476,2022-05-06,0000077476-22-000025,8-K,5.07,pep-20220504.htm,https://www.sec.gov/Archives/edgar/data/77476/000007747622000025/pep-20220504.htm,filings/PEP_0000077476_2022-05-06_0000077476-22-000025.txt,5332
PEP,PEPSICO INC,0000077476,2022-05-27,0001104659-22-065944,8-K,8.01; 9.01,tm2216910d1_8k.htm,https://www.sec.gov/Archives/edgar/data/77476/000110465922065944/tm2216910d1_8k.htm,filings/PEP_0000077476_2022-05-27_0001104659-22-065944.txt,8375
PEP,PEPSICO INC,0000077476,2022-07-12,0000077476-22-000045,8-K,2.02; 9.01,pep-20220712.htm,https://www.sec.gov/Archives/edgar/data/77476/000007747622000045/pep-20220712.htm,filings/PEP_0000077476_2022-07-12_0000077476-22-000045.txt,4092
PEP,PEPSICO INC,0000077476,2022-07-18,0001104659-22-080534,8-K,8.01; 9.01,tm2217639d6_8k.htm,https://www.sec.gov/Archives/edgar/data/77476/000110465922080534/tm2217639d6_8k.htm,filings/PEP_0000077476_2022-07-18_0001104659-22-080534.txt,7489
PEP,PEPSICO INC,0000077476,2022-07-18,0001104659-22-080528,8-K,8.01; 9.01,tm2217577d5_8k.htm,https://www.sec.gov/Archives/edgar/data/77476/000110465922080528/tm2217577d5_8k.htm,filings/PEP_0000077476_2022-07-18_0001104659-22-080528.txt,7890
PEP,PEPSICO INC,0000077476,2022-07-22,0001104659-22-082034,8-K,8.01; 9.01,tm2217640d5_8k.htm,https://www.sec.gov/Archives/edgar/data/77476/000110465922082034/tm2217640d5_8k.htm,filings/PEP_0000077476_2022-07-22_0001104659-22-082034.txt,7742
PEP,PEPSICO INC,0000077476,2022-10-12,0000077476-22-000054,8-K,2.02; 9.01,pep-20221012.htm,https://www.sec.gov/Archives/edgar/data/77476/000007747622000054/pep-20221012.htm,filings/PEP_0000077476_2022-10-12_0000077476-22-000054.txt,4234
PEP,PEPSICO INC,0000077476,2022-11-09,0001104659-22-116509,8-K,7.01; 9.01,tm2229911d1_8k.htm,https://www.sec.gov/Archives/edgar/data/77476/000110465922116509/tm2229911d1_8k.htm,filings/PEP_0000077476_2022-11-09_0001104659-22-116509.txt,6094
PEP,PEPSICO INC,0000077476,2022-12-12,0001104659-22-126298,8-K,7.01; 9.01,tm2232006d1_8k.htm,https://www.sec.gov/Archives/edgar/data/77476/000110465922126298/tm2232006d1_8k.htm,filings/PEP_0000077476_2022-12-12_0001104659-22-126298.txt,5964
PEP,PEPSICO INC,0000077476,2023-02-09,0000077476-23-000009,8-K,2.02; 9.01,pep-20230209.htm,https://www.sec.gov/Archives/edgar/data/77476/000007747623000009/pep-20230209.htm,filings/PEP_0000077476_2023-02-09_0000077476-23-000009.txt,4159
PEP,PEPSICO INC,0000077476,2023-02-15,0001104659-23-022416,8-K,8.01; 9.01,tm236760d1_8k.htm,https://www.sec.gov/Archives/edgar/data/77476/000110465923022416/tm236760d1_8k.htm,filings/PEP_0000077476_2023-02-15_0001104659-23-022416.txt,9594
PEP,PEPSICO INC,0000077476,2023-04-25,0000077476-23-000025,8-K,2.02; 9.01,pep-20230425.htm,https://www.sec.gov/Archives/edgar/data/77476/000007747623000025/pep-20230425.htm,filings/PEP_0000077476_2023-04-25_0000077476-23-000025.txt,4155
PEP,PEPSICO INC,0000077476,2023-05-05,0000077476-23-000028,8-K,5.07,pep-20230503.htm,https://www.sec.gov/Archives/edgar/data/77476/000007747623000028/pep-20230503.htm,filings/PEP_0000077476_2023-05-05_0000077476-23-000028.txt,6147
PEP,PEPSICO INC,0000077476,2023-05-30,0001104659-23-066134,8-K,8.01; 9.01,tm2317115d1_8k.htm,https://www.sec.gov/Archives/edgar/data/77476/000110465923066134/tm2317115d1_8k.htm,filings/PEP_0000077476_2023-05-30_0001104659-23-066134.txt,8436
PEP,PEPSICO INC,0000077476,2023-07-13,0000077476-23-000048,8-K,2.02; 9.01,pep-20230713.htm,https://www.sec.gov/Archives/edgar/data/77476/000007747623000048/pep-20230713.htm,filings/PEP_0000077476_2023-07-13_0000077476-23-000048.txt,4154
PEP,PEPSICO INC,0000077476,2023-10-10,0000077476-23-000060,8-K,2.02; 9.01,pep-20231010.htm,https://www.sec.gov/Archives/edgar/data/77476/000007747623000060/pep-20231010.htm,filings/PEP_0000077476_2023-10-10_0000077476-23-000060.txt,4172
PEP,PEPSICO INC,0000077476,2023-11-06,0000077476-23-000064,8-K,5.02,pep-20231101.htm,https://www.sec.gov/Archives/edgar/data/77476/000007747623000064/pep-20231101.htm,filings/PEP_0000077476_2023-11-06_0000077476-23-000064.txt,4393
PEP,PEPSICO INC,0000077476,2023-11-13,0001104659-23-117278,8-K,8.01; 9.01,tm2328675d3_8k.htm,https://www.sec.gov/Archives/edgar/data/77476/000110465923117278/tm2328675d3_8k.htm,filings/PEP_0000077476_2023-11-13_0001104659-23-117278.txt,8557
PEP,PEPSICO INC,0000077476,2023-11-17,0000077476-23-000069,8-K/A,5.02,pep-20231101.htm,https://www.sec.gov/Archives/edgar/data/77476/000007747623000069/pep-20231101.htm,filings/PEP_0000077476_2023-11-17_0000077476-23-000069.txt,4226
PEP,PEPSICO INC,0000077476,2024-01-18,0000077476-24-000003,8-K,5.02,pep-20240116.htm,https://www.sec.gov/Archives/edgar/data/77476/000007747624000003/pep-20240116.htm,filings/PEP_0000077476_2024-01-18_0000077476-24-000003.txt,3495
PEP,PEPSICO INC,0000077476,2024-02-09,0000077476-24-000010,8-K,2.02; 9.01,pep-20240209.htm,https://www.sec.gov/Archives/edgar/data/77476/000007747624000010/pep-20240209.htm,filings/PEP_0000077476_2024-02-09_0000077476-24-000010.txt,4158
PEP,PEPSICO INC,0000077476,2024-02-16,0001104659-24-024927,8-K,8.01; 9.01,tm244508d6_8k.htm,https://www.sec.gov/Archives/edgar/data/77476/000110465924024927/tm244508d6_8k.htm,filings/PEP_0000077476_2024-02-16_0001104659-24-024927.txt,10080
PEP,PEPSICO INC,0000077476,2024-04-23,0000077476-24-000019,8-K,2.02; 9.01,pep-20240423.htm,https://www.sec.gov/Archives/edgar/data/77476/000007747624000019/pep-20240423.htm,filings/PEP_0000077476_2024-04-23_0000077476-24-000019.txt,4154
PEP,PEPSICO INC,0000077476,2024-05-03,0000077476-24-000026,8-K,5.02; 5.07; 9.01,pep-20240501.htm,https://www.sec.gov/Archives/edgar/data/77476/000007747624000026/pep-20240501.htm,filings/PEP_0000077476_2024-05-03_0000077476-24-000026.txt,7967
PEP,PEPSICO INC,0000077476,2024-05-24,0001104659-24-065151,8-K,8.01; 9.01,tm2415384d1_8k.htm,https://www.sec.gov/Archives/edgar/data/77476/000110465924065151/tm2415384d1_8k.htm,filings/PEP_0000077476_2024-05-24_0001104659-24-065151.txt,8478
PEP,PEPSICO INC,0000077476,2024-07-11,0000077476-24-000043,8-K,2.02; 9.01,pep-20240711.htm,https://www.sec.gov/Archives/edgar/data/77476/000007747624000043/pep-20240711.htm,filings/PEP_0000077476_2024-07-11_0000077476-24-000043.txt,4091
PEP,PEPSICO INC,0000077476,2024-07-17,0001104659-24-080566,8-K,8.01; 9.01,tm2416937d4_8k.htm,https://www.sec.gov/Archives/edgar/data/77476/000110465924080566/tm2416937d4_8k.htm,filings/PEP_0000077476_2024-07-17_0001104659-24-080566.txt,8465
PEP,PEPSICO INC,0000077476,2024-09-20,0000077476-24-000046,8-K,5.03; 9.01,pep-20240920.htm,https://www.sec.gov/Archives/edgar/data/77476/000007747624000046/pep-20240920.htm,filings/PEP_0000077476_2024-09-20_0000077476-24-000046.txt,4573
PEP,PEPSICO INC,0000077476,2024-10-08,0000077476-24-000054,8-K,2.02; 5.02; 9.01,pep-20241004.htm,https://www.sec.gov/Archives/edgar/data/77476/000007747624000054/pep-20241004.htm,filings/PEP_0000077476_2024-10-08_0000077476-24-000054.txt,4720
PEP,PEPSICO INC,0000077476,2024-12-11,0000077476-24-000058,8-K,5.02,pep-20241211.htm,https://www.sec.gov/Archives/edgar/data/77476/000007747624000058/pep-20241211.htm,filings/PEP_0000077476_2024-12-11_0000077476-24-000058.txt,4334
PFE,PFIZER INC,0000078003,2021-01-12,0001193125-21-006923,8-K,7.01,d102109d8k.htm,https://www.sec.gov/Archives/edgar/data/78003/000119312521006923/d102109d8k.htm,filings/PFE_0000078003_2021-01-12_0001193125-21-006923.txt,19380
PFE,PFIZER INC,0000078003,2021-02-02,0000078003-21-000003,8-K,2.02; 9.01,pfe-20210202.htm,https://www.sec.gov/Archives/edgar/data/78003/000007800321000003/pfe-20210202.htm,filings/PFE_0000078003_2021-02-02_0000078003-21-000003.txt,3977
PFE,PFIZER INC,0000078003,2021-04-26,0000078003-21-000059,8-K,5.07,pfe-20210422.htm,https://www.sec.gov/Archives/edgar/data/78003/000007800321000059/pfe-20210422.htm,filings/PFE_0000078003_2021-04-26_0000078003-21-000059.txt,5052
PFE,PFIZER INC,0000078003,2021-05-04,0000078003-21-000062,8-K,2.02; 9.01,pfe-20210504.htm,https://www.sec.gov/Archives/edgar/data/78003/000007800321000062/pfe-20210504.htm,filings/PFE_0000078003_2021-05-04_0000078003-21-000062.txt,3928
PFE,PFIZER INC,0000078003,2021-07-09,0000078003-21-000087,8-K,5.02,pfe-20210706.htm,https://www.sec.gov/Archives/edgar/data/78003/000007800321000087/pfe-20210706.htm,filings/PFE_0000078003_2021-07-09_0000078003-21-000087.txt,2930
PFE,PFIZER INC,0000078003,2021-07-28,0000078003-21-000090,8-K,2.02; 9.01,pfe-20210728.htm,https://www.sec.gov/Archives/edgar/data/78003/000007800321000090/pfe-20210728.htm,filings/PFE_0000078003_2021-07-28_0000078003-21-000090.txt,3941
PFE,PFIZER INC,0000078003,2021-08-18,0001193125-21-250347,8-K,8.01; 9.01,d340659d8k.htm,https://www.sec.gov/Archives/edgar/data/78003/000119312521250347/d340659d8k.htm,filings/PFE_0000078003_2021-08-18_0001193125-21-250347.txt,5383
PFE,PFIZER INC,0000078003,2021-11-02,0000078003-21-000104,8-K,2.02; 9.01,pfe-20211102.htm,https://www.sec.gov/Archives/edgar/data/78003/000007800321000104/pfe-20211102.htm,filings/PFE_0000078003_2021-11-02_0000078003-21-000104.txt,3953
PFE,PFIZER INC,0000078003,2021-11-19,0000078003-21-000114,8-K,5.02; 9.01,pfe-20211115.htm,https://www.sec.gov/Archives/edgar/data/78003/000007800321000114/pfe-20211115.htm,filings/PFE_0000078003_2021-11-19_0000078003-21-000114.txt,5123
PFE,PFIZER INC,0000078003,2021-12-15,0000078003-21-000118,8-K,5.02,pfe-20211209.htm,https://www.sec.gov/Archives/edgar/data/78003/000007800321000118/pfe-20211209.htm,filings/PFE_0000078003_2021-12-15_0000078003-21-000118.txt,4356
PFE,PFIZER INC,0000078003,2022-02-08,0000078003-22-000003,8-K,2.02; 9.01,pfe-20220208.htm,https://www.sec.gov/Archives/edgar/data/78003/000007800322000003/pfe-20220208.htm,filings/PFE_0000078003_2022-02-08_0000078003-22-000003.txt,3977
PFE,PFIZER INC,0000078003,2022-03-29,0001193125-22-088144,8-K,8.01,d284315d8k.htm,https://www.sec.gov/Archives/edgar/data/78003/000119312522088144/d284315d8k.htm,filings/PFE_0000078003_2022-03-29_0001193125-22-088144.txt,7288
PFE,PFIZER INC,0000078003,2022-04-12,0000078003-22-000057,8-K,5.02; 9.01,pfe-20220411.htm,https://www.sec.gov/Archives/edgar/data/78003/000007800322000057/pfe-20220411.htm,filings/PFE_0000078003_2022-04-12_0000078003-22-000057.txt,6795
PFE,PFIZER INC,0000078003,2022-04-20,0000078003-22-000062,8-K,2.02,pfe-20220420.htm,https://www.sec.gov/Archives/edgar/data/78003/000007800322000062/pfe-20220420.htm,filings/PFE_0000078003_2022-04-20_0000078003-22-000062.txt,7417
PFE,PFIZER INC,0000078003,2022-05-02,0000078003-22-000066,8-K,5.07,pfe-20220428.htm,https://www.sec.gov/Archives/edgar/data/78003/000007800322000066/pfe-20220428.htm,filings/PFE_0000078003_2022-05-02_0000078003-22-000066.txt,5584
PFE,PFIZER INC,0000078003,2022-05-03,0000078003-22-000068,8-K,2.02; 9.01,pfe-20220503.htm,https://www.sec.gov/Archives/edgar/data/78003/000007800322000068/pfe-20220503.htm,filings/PFE_0000078003_2022-05-03_0000078003-22-000068.txt,3876
PFE,PFIZER INC,0000078003,2022-05-10,0001193125-22-145661,8-K,7.01; 8.01; 9.01,d336582d8k.htm,https://www.sec.gov/Archives/edgar/data/78003/000119312522145661/d336582d8k.htm,filings/PFE_0000078003_2022-05-10_0001193125-22-145661.txt,12296
PFE,PFIZER INC,0000078003,2022-07-28,0000078003-22-000091,8-K,2.02; 9.01,pfe-20220728.htm,https://www.sec.gov/Archives/edgar/data/78003/000007800322000091/pfe-20220728.htm,filings/PFE_0000078003_2022-07-28_0000078003-22-000091.txt,3879
PFE,PFIZER INC,0000078003,2022-11-01,0000078003-22-000098,8-K,2.02; 9.01,pfe-20221101.htm,https://www.sec.gov/Archives/edgar/data/78003/000007800322000098/pfe-20221101.htm,filings/PFE_0000078003_2022-11-01_0000078003-22-000098.txt,3891
PFE,PFIZER INC,0000078003,2022-12-13,0000078003-22-000107,8-K,5.03,pfe-20221209.htm,https://www.sec.gov/Archives/edgar/data/78003/000007800322000107/pfe-20221209.htm,filings/PFE_0000078003_2022-12-13_0000078003-22-000107.txt,3859
PFE,PFIZER INC,0000078003,2023-01-31,0000078003-23-000004,8-K,2.02; 9.01,pfe-20230131.htm,https://www.sec.gov/Archives/edgar/data/78003/000007800323000004/pfe-20230131.htm,filings/PFE_0000078003_2023-01-31_0000078003-23-000004.txt,3909
PFE,PFIZER INC,0000078003,2023-02-21,0000078003-23-000019,8-K,8.01,pfe-20230221.htm,https://www.sec.gov/Archives/edgar/data/78003/000007800323000019/pfe-20230221.htm,filings/PFE_0000078003_2023-02-21_0000078003-23-000019.txt,2671
PFE,PFIZER INC,0000078003,2023-03-13,0001193125-23-068538,8-K,1.01; 7.01; 8.01; 9.01,d408093d8k.htm,https://www.sec.gov/Archives/edgar/data/78003/000119312523068538/d408093d8k.htm,filings/PFE_0000078003_2023-03-13_0001193125-23-068538.txt,20120
PFE,PFIZER INC,0000078003,2023-05-01,0001628280-23-014368,8-K,5.07,pfe-20230427.htm,https://www.sec.gov/Archives/edgar/data/78003/000162828023014368/pfe-20230427.htm,filings/PFE_0000078003_2023-05-01_0001628280-23-014368.txt,6150
PFE,PFIZER INC,0000078003,2023-05-02,0001628280-23-014759,8-K,2.02; 9.01,pfe-20230502.htm,https://www.sec.gov/Archives/edgar/data/78003/000162828023014759/pfe-20230502.htm,filings/PFE_0000078003_2023-05-02_0001628280-23-014759.txt,3871
PFE,PFIZER INC,0000078003,2023-05-15,0001193125-23-144089,8-K,8.01,d474141d8k.htm,https://www.sec.gov/Archives/edgar/data/78003/000119312523144089/d474141d8k.htm,filings/PFE_0000078003_2023-05-15_0001193125-23-144089.txt,3436
PFE,PFIZER INC,0000078003,2023-05-19,0001193125-23-149364,8-K,8.01; 9.01,d414076d8k.htm,https://www.sec.gov/Archives/edgar/data/78003/000119312523149364/d414076d8k.htm,filings/PFE_0000078003_2023-05-19_0001193125-23-149364.txt,8742
PFE,PFIZER INC,0000078003,2023-07-27,0000078003-23-000081,8-K,5.02,pfe-20230721.htm,https://www.sec.gov/Archives/edgar/data/78003/000007800323000081/pfe-20230721.htm,filings/PFE_0000078003_2023-07-27_0000078003-23-000081.txt,5015
PFE,PFIZER INC,0000078003,2023-08-01,0000078003-23-000085,8-K,2.02; 9.01,pfe-20230801.htm,https://www.sec.gov/Archives/edgar/data/78003/000007800323000085/pfe-20230801.htm,filings/PFE_0000078003_2023-08-01_0000078003-23-000085.txt,3889
PFE,PFIZER INC,0000078003,2023-10-13,0000078003-23-000099,8-K,2.02; 2.05; 7.01; 9.01,pfe-20231013.htm,https://www.sec.gov/Archives/edgar/data/78003/000007800323000099/pfe-20231013.htm,filings/PFE_0000078003_2023-10-13_0000078003-23-000099.txt,16625
PFE,PFIZER INC,0000078003,2023-10-31,0000078003-23-000111,8-K,2.02; 9.01,pfe-20231031.htm,https://www.sec.gov/Archives/edgar/data/78003/000007800323000111/pfe-20231031.htm,filings/PFE_0000078003_2023-10-31_0000078003-23-000111.txt,3896
PFE,PFIZER INC,0000078003,2023-12-12,0000078003-23-000118,8-K,5.02; 7.01; 9.01,pfe-20231207.htm,https://www.sec.gov/Archives/edgar/data/78003/000007800323000118/pfe-20231207.htm,filings/PFE_0000078003_2023-12-12_0000078003-23-000118.txt,8901
PFE,PFIZER INC,0000078003,2023-12-13,0000078003-23-000120,8-K,7.01; 9.01,pfe-20231213.htm,https://www.sec.gov/Archives/edgar/data/78003/000007800323000120/pfe-20231213.htm,filings/PFE_0000078003_2023-12-13_0000078003-23-000120.txt,3427
PFE,PFIZER INC,0000078003,2023-12-14,0001193125-23-295562,8-K/A,2.01; 7.01; 9.01,d612444d8ka.htm,https://www.sec.gov/Archives/edgar/data/78003/000119312523295562/d612444d8ka.htm,filings/PFE_0000078003_2023-12-14_0001193125-23-295562.txt,6206
PFE,PFIZER INC,0000078003,2023-12-14,0001193125-23-294930,8-K,2.02; 7.01; 9.01,d553734d8k.htm,https://www.sec.gov/Archives/edgar/data/78003/000119312523294930/d553734d8k.htm,filings/PFE_0000078003_2023-12-14_0001193125-23-294930.txt,5675
PFE,PFIZER INC,0000078003,2024-01-10,0000078003-24-000006,8-K,8.01; 9.01,pfe-20240110.htm,https://www.sec.gov/Archives/edgar/data/78003/000007800324000006/pfe-20240110.htm,filings/PFE_0000078003_2024-01-10_0000078003-24-000006.txt,4105
PFE,PFIZER INC,0000078003,2024-01-30,0000078003-24-000017,8-K,2.02; 9.01,pfe-20240130.htm,https://www.sec.gov/Archives/edgar/data/78003/000007800324000017/pfe-20240130.htm,filings/PFE_0000078003_2024-01-30_0000078003-24-000017.txt,3933
PFE,PFIZER INC,0000078003,2024-04-29,0000078003-24-000101,8-K,5.07,pfe-20240425.htm,https://www.sec.gov/Archives/edgar/data/78003/000007800324000101/pfe-20240425.htm,filings/PFE_0000078003_2024-04-29_0000078003-24-000101.txt,5432
PFE,PFIZER INC,0000078003,2024-05-01,0000078003-24-000103,8-K,2.02; 9.01,pfe-20240501.htm,https://www.sec.gov/Archives/edgar/data/78003/000007800324000103/pfe-20240501.htm,filings/PFE_0000078003_2024-05-01_0000078003-24-000103.txt,3884
PFE,PFIZER INC,0000078003,2024-05-22,0000078003-24-000113,8-K,2.05,pfe-20240522.htm,https://www.sec.gov/Archives/edgar/data/78003/000007800324000113/pfe-20240522.htm,filings/PFE_0000078003_2024-05-22_0000078003-24-000113.txt,7567
PFE,PFIZER INC,0000078003,2024-07-01,0000078003-24-000127,8-K,5.02; 9.01,pfe-20240627.htm,https://www.sec.gov/Archives/edgar/data/78003/000007800324000127/pfe-20240627.htm,filings/PFE_0000078003_2024-07-01_0000078003-24-000127.txt,3493
PFE,PFIZER INC,0000078003,2024-07-10,0000078003-24-000130,8-K,5.02,pfe-20240709.htm,https://www.sec.gov/Archives/edgar/data/78003/000007800324000130/pfe-20240709.htm,filings/PFE_0000078003_2024-07-10_0000078003-24-000130.txt,3143
PFE,PFIZER INC,0000078003,2024-07-26,0000078003-24-000144,8-K,5.02; 8.01; 9.01,pfe-20240724.htm,https://www.sec.gov/Archives/edgar/data/78003/000007800324000144/pfe-20240724.htm,filings/PFE_0000078003_2024-07-26_0000078003-24-000144.txt,9780
PFE,PFIZER INC,0000078003,2024-07-30,0000078003-24-000155,8-K,2.02; 9.01,pfe-20240730.htm,https://www.sec.gov/Archives/edgar/data/78003/000007800324000155/pfe-20240730.htm,filings/PFE_0000078003_2024-07-30_0000078003-24-000155.txt,3897
PFE,PFIZER INC,0000078003,2024-10-15,0000078003-24-000185,8-K,5.02; 9.01,pfe-20241010.htm,https://www.sec.gov/Archives/edgar/data/78003/000007800324000185/pfe-20241010.htm,filings/PFE_0000078003_2024-10-15_0000078003-24-000185.txt,3502
PFE,PFIZER INC,0000078003,2024-10-29,0000078003-24-000188,8-K,2.02; 9.01,pfe-20241029.htm,https://www.sec.gov/Archives/edgar/data/78003/000007800324000188/pfe-20241029.htm,filings/PFE_0000078003_2024-10-29_0000078003-24-000188.txt,3909
PFE,PFIZER INC,0000078003,2024-12-17,0000078003-24-000195,8-K,7.01; 9.01,pfe-20241217.htm,https://www.sec.gov/Archives/edgar/data/78003/000007800324000195/pfe-20241217.htm,filings/PFE_0000078003_2024-12-17_0000078003-24-000195.txt,3479
PG,PROCTER & GAMBLE Co,0000080424,2021-01-12,0000080424-21-000007,8-K,7.01; 9.01,jan2021dividend.htm,https://www.sec.gov/Archives/edgar/data/80424/000008042421000007/jan2021dividend.htm,filings/PG_0000080424_2021-01-12_0000080424-21-000007.txt,4104
PG,PROCTER & GAMBLE Co,0000080424,2021-01-20,0000080424-21-000023,8-K,7.01; 9.01,ondq2fy20earningsslides.htm,https://www.sec.gov/Archives/edgar/data/80424/000008042421000023/ondq2fy20earningsslides.htm,filings/PG_0000080424_2021-01-20_0000080424-21-000023.txt,3957
PG,PROCTER & GAMBLE Co,0000080424,2021-01-20,0000080424-21-000021,8-K,2.02; 9.01,pg-20210120.htm,https://www.sec.gov/Archives/edgar/data/80424/000008042421000021/pg-20210120.htm,filings/PG_0000080424_2021-01-20_0000080424-21-000021.txt,3350
PG,PROCTER & GAMBLE Co,0000080424,2021-02-09,0000080424-21-000031,8-K,5.02,homanannouncement.htm,https://www.sec.gov/Archives/edgar/data/80424/000008042421000031/homanannouncement.htm,filings/PG_0000080424_2021-02-09_0000080424-21-000031.txt,4276
PG,PROCTER & GAMBLE Co,0000080424,2021-02-10,0000080424-21-000033,8-K,5.02; 7.01; 9.01,allenappointment.htm,https://www.sec.gov/Archives/edgar/data/80424/000008042421000033/allenappointment.htm,filings/PG_0000080424_2021-02-10_0000080424-21-000033.txt,4822
PG,PROCTER & GAMBLE Co,0000080424,2021-03-26,0000080424-21-000040,8-K,7.01; 9.01,esgreport8k.htm,https://www.sec.gov/Archives/edgar/data/80424/000008042421000040/esgreport8k.htm,filings/PG_0000080424_2021-03-26_0000080424-21-000040.txt,3764
PG,PROCTER & GAMBLE Co,0000080424,2021-03-29,0000080424-21-000044,8-K/A,9.01,forestrypracticesamend.htm,https://www.sec.gov/Archives/edgar/data/80424/000008042421000044/forestrypracticesamend.htm,filings/PG_0000080424_2021-03-29_0000080424-21-000044.txt,3924
PG,PROCTER & GAMBLE Co,0000080424,2021-04-13,0000080424-21-000046,8-K,7.01; 9.01,apr2021dividend.htm,https://www.sec.gov/Archives/edgar/data/80424/000008042421000046/apr2021dividend.htm,filings/PG_0000080424_2021-04-13_0000080424-21-000046.txt,4085
PG,PROCTER & GAMBLE Co,0000080424,2021-04-20,0000080424-21-000059,8-K,7.01; 9.01,jfmq3fy21earningsslides.htm,https://www.sec.gov/Archives/edgar/data/80424/000008042421000059/jfmq3fy21earningsslides.htm,filings/PG_0000080424_2021-04-20_0000080424-21-000059.txt,3948
PG,PROCTER & GAMBLE Co,0000080424,2021-04-20,0000080424-21-000056,8-K,2.02; 9.01,pg-20210420.htm,https://www.sec.gov/Archives/edgar/data/80424/000008042421000056/pg-20210420.htm,filings/PG_0000080424_2021-04-20_0000080424-21-000056.txt,3339
PG,PROCTER & GAMBLE Co,0000080424,2021-04-23,0001193125-21-129074,8-K,8.01; 9.01,d167976d8k.htm,https://www.sec.gov/Archives/edgar/data/80424/000119312521129074/d167976d8k.htm,filings/PG_0000080424_2021-04-23_0001193125-21-129074.txt,4278
PG,PROCTER & GAMBLE Co,0000080424,2021-06-11,0000080424-21-000070,8-K,5.02,bishopferguson.htm,https://www.sec.gov/Archives/edgar/data/80424/000008042421000070/bishopferguson.htm,filings/PG_0000080424_2021-06-11_0000080424-21-000070.txt,3976
PG,PROCTER & GAMBLE Co,0000080424,2021-07-13,0000080424-21-000074,8-K,7.01; 9.01,jul2021dividend.htm,https://www.sec.gov/Archives/edgar/data/80424/000008042421000074/jul2021dividend.htm,filings/PG_0000080424_2021-07-13_0000080424-21-000074.txt,4077
PG,PROCTER & GAMBLE Co,0000080424,2021-07-29,0000080424-21-000078,8-K,5.02; 7.01; 9.01,cooceoannouncement.htm,https://www.sec.gov/Archives/edgar/data/80424/000008042421000078/cooceoannouncement.htm,filings/PG_0000080424_2021-07-29_0000080424-21-000078.txt,9333
PG,PROCTER & GAMBLE Co,0000080424,2021-07-30,0000080424-21-000091,8-K,7.01; 9.01,amjq4fy21earningsslides.htm,https://www.sec.gov/Archives/edgar/data/80424/000008042421000091/amjq4fy21earningsslides.htm,filings/PG_0000080424_2021-07-30_0000080424-21-000091.txt,3962
PG,PROCTER & GAMBLE Co,0000080424,2021-07-30,0000080424-21-000083,8-K,2.02; 9.01,pg-20210730.htm,https://www.sec.gov/Archives/edgar/data/80424/000008042421000083/pg-20210730.htm,filings/PG_0000080424_2021-07-30_0000080424-21-000083.txt,3352
PG,PROCTER & GAMBLE Co,0000080424,2021-08-05,0000080424-21-000096,8-K,5.02; 7.01; 9.01,peltzannouncement.htm,https://www.sec.gov/Archives/edgar/data/80424/000008042421000096/peltzannouncement.htm,filings/PG_0000080424_2021-08-05_0000080424-21-000096.txt,4491
PG,PROCTER & GAMBLE Co,0000080424,2021-10-12,0000080424-21-000114,8-K,7.01; 9.01,oct2021dividenddirector.htm,https://www.sec.gov/Archives/edgar/data/80424/000008042421000114/oct2021dividenddirector.htm,filings/PG_0000080424_2021-10-12_0000080424-21-000114.txt,4530
PG,PROCTER & GAMBLE Co,0000080424,2021-10-15,0000080424-21-000116,8-K,5.07; 9.01,annualmtgvote2021.htm,https://www.sec.gov/Archives/edgar/data/80424/000008042421000116/annualmtgvote2021.htm,filings/PG_0000080424_2021-10-15_0000080424-21-000116.txt,5217
PG,PROCTER & GAMBLE Co,0000080424,2021-10-19,0000080424-21-000125,8-K,7.01; 9.01,jasq122earningsslides.htm,https://www.sec.gov/Archives/edgar/data/80424/000008042421000125/jasq122earningsslides.htm,filings/PG_0000080424_2021-10-19_0000080424-21-000125.txt,3960
PG,PROCTER & GAMBLE Co,0000080424,2021-10-19,0000080424-21-000123,8-K,2.02; 9.01,pg-20211019.htm,https://www.sec.gov/Archives/edgar/data/80424/000008042421000123/pg-20211019.htm,filings/PG_0000080424_2021-10-19_0000080424-21-000123.txt,3352
PG,PROCTER & GAMBLE Co,0000080424,2021-11-05,0001193125-21-321765,8-K,8.01; 9.01,d220071d8k.htm,https://www.sec.gov/Archives/edgar/data/80424/000119312521321765/d220071d8k.htm,filings/PG_0000080424_2021-11-05_0001193125-21-321765.txt,4229
PG,PROCTER & GAMBLE Co,0000080424,2021-11-08,0001193125-21-323196,8-K,8.01; 9.01,d236448d8k.htm,https://www.sec.gov/Archives/edgar/data/80424/000119312521323196/d236448d8k.htm,filings/PG_0000080424_2021-11-08_0001193125-21-323196.txt,4363
PG,PROCTER & GAMBLE Co,0000080424,2021-12-10,0000080424-21-000138,8-K,5.02,whitmanannouncment2021.htm,https://www.sec.gov/Archives/edgar/data/80424/000008042421000138/whitmanannouncment2021.htm,filings/PG_0000080424_2021-12-10_0000080424-21-000138.txt,4064
PG,PROCTER & GAMBLE Co,0000080424,2022-01-11,0000080424-22-000002,8-K,7.01; 9.01,jan2022dividend.htm,https://www.sec.gov/Archives/edgar/data/80424/000008042422000002/jan2022dividend.htm,filings/PG_0000080424_2022-01-11_0000080424-22-000002.txt,4288
PG,PROCTER & GAMBLE Co,0000080424,2022-01-12,0000080424-22-000004,8-K,5.02,caoannouncement.htm,https://www.sec.gov/Archives/edgar/data/80424/000008042422000004/caoannouncement.htm,filings/PG_0000080424_2022-01-12_0000080424-22-000004.txt,4928
PG,PROCTER & GAMBLE Co,0000080424,2022-01-19,0000080424-22-000014,8-K,7.01; 9.01,ondq222earningsslides.htm,https://www.sec.gov/Archives/edgar/data/80424/000008042422000014/ondq222earningsslides.htm,filings/PG_0000080424_2022-01-19_0000080424-22-000014.txt,4091
PG,PROCTER & GAMBLE Co,0000080424,2022-01-19,0000080424-22-000011,8-K,2.02; 9.01,pg-20220119.htm,https://www.sec.gov/Archives/edgar/data/80424/000008042422000011/pg-20220119.htm,filings/PG_0000080424_2022-01-19_0000080424-22-000011.txt,3449
PG,PROCTER & GAMBLE Co,0000080424,2022-02-01,0001193125-22-024644,8-K,8.01; 9.01,d265403d8k.htm,https://www.sec.gov/Archives/edgar/data/80424/000119312522024644/d265403d8k.htm,filings/PG_0000080424_2022-02-01_0001193125-22-024644.txt,4457
PG,PROCTER & GAMBLE Co,0000080424,2022-02-08,0001193125-22-031163,8-K,8.01; 9.01,d226913d8k.htm,https://www.sec.gov/Archives/edgar/data/80424/000119312522031163/d226913d8k.htm,filings/PG_0000080424_2022-02-08_0001193125-22-031163.txt,4410
PG,PROCTER & GAMBLE Co,0000080424,2022-04-12,0000080424-22-000022,8-K,7.01; 9.01,april2022dividend.htm,https://www.sec.gov/Archives/edgar/data/80424/000008042422000022/april2022dividend.htm,filings/PG_0000080424_2022-04-12_0000080424-22-000022.txt,4270
PG,PROCTER & GAMBLE Co,0000080424,2022-04-14,0000080424-22-000025,8-K,5.02; 7.01; 9.01,taylorretirement.htm,https://www.sec.gov/Archives/edgar/data/80424/000008042422000025/taylorretirement.htm,filings/PG_0000080424_2022-04-14_0000080424-22-000025.txt,4967
PG,PROCTER & GAMBLE Co,0000080424,2022-04-20,0000080424-22-000032,8-K,7.01; 9.01,jfmq322earningsslides.htm,https://www.sec.gov/Archives/edgar/data/80424/000008042422000032/jfmq322earningsslides.htm,filings/PG_0000080424_2022-04-20_0000080424-22-000032.txt,4080
PG,PROCTER & GAMBLE Co,0000080424,2022-04-20,0000080424-22-000029,8-K,2.02; 9.01,pg-20220420.htm,https://www.sec.gov/Archives/edgar/data/80424/000008042422000029/pg-20220420.htm,filings/PG_0000080424_2022-04-20_0000080424-22-000029.txt,3438
PG,PROCTER & GAMBLE Co,0000080424,2022-07-12,0000080424-22-000044,8-K,7.01; 9.01,julydividend2022.htm,https://www.sec.gov/Archives/edgar/data/80424/000008042422000044/julydividend2022.htm,filings/PG_0000080424_2022-07-12_0000080424-22-000044.txt,4245
PG,PROCTER & GAMBLE Co,0000080424,2022-07-29,0000080424-22-000053,8-K,7.01; 9.01,amjq422earningsslides.htm,https://www.sec.gov/Archives/edgar/data/80424/000008042422000053/amjq422earningsslides.htm,filings/PG_0000080424_2022-07-29_0000080424-22-000053.txt,4092
PG,PROCTER & GAMBLE Co,0000080424,2022-07-29,0000080424-22-000051,8-K,2.02; 9.01,pg-20220729.htm,https://www.sec.gov/Archives/edgar/data/80424/000008042422000051/pg-20220729.htm,filings/PG_0000080424_2022-07-29_0000080424-22-000051.txt,3453
PG,PROCTER & GAMBLE Co,0000080424,2022-10-11,0000080424-22-000074,8-K,7.01; 9.01,oct22dividendsubramaniam.htm,https://www.sec.gov/Archives/edgar/data/80424/000008042422000074/oct22dividendsubramaniam.htm,filings/PG_0000080424_2022-10-11_0000080424-22-000074.txt,4627
PG,PROCTER & GAMBLE Co,0000080424,2022-10-14,0000080424-22-000086,8-K,5.07; 9.01,annualmtgvote2022.htm,https://www.sec.gov/Archives/edgar/data/80424/000008042422000086/annualmtgvote2022.htm,filings/PG_0000080424_2022-10-14_0000080424-22-000086.txt,5029
PG,PROCTER & GAMBLE Co,0000080424,2022-10-19,0000080424-22-000099,8-K,7.01; 9.01,jasq1fy23earningsslides.htm,https://www.sec.gov/Archives/edgar/data/80424/000008042422000099/jasq1fy23earningsslides.htm,filings/PG_0000080424_2022-10-19_0000080424-22-000099.txt,4035
PG,PROCTER & GAMBLE Co,0000080424,2022-10-19,0000080424-22-000097,8-K,2.02; 9.01,pg-20221019.htm,https://www.sec.gov/Archives/edgar/data/80424/000008042422000097/pg-20221019.htm,filings/PG_0000080424_2022-10-19_0000080424-22-000097.txt,3418
PG,PROCTER & GAMBLE Co,0000080424,2022-12-13,0000080424-22-000109,8-K,5.03; 9.01,regulations2022.htm,https://www.sec.gov/Archives/edgar/data/80424/000008042422000109/regulations2022.htm,filings/PG_0000080424_2022-12-13_0000080424-22-000109.txt,4899
PG,PROCTER & GAMBLE Co,0000080424,2023-01-10,0000080424-23-000003,8-K,7.01; 9.01,januarydividend2023.htm,https://www.sec.gov/Archives/edgar/data/80424/000008042423000003/januarydividend2023.htm,filings/PG_0000080424_2023-01-10_0000080424-23-000003.txt,4196
PG,PROCTER & GAMBLE Co,0000080424,2023-01-19,0000080424-23-000010,8-K,7.01; 9.01,ondq2fy23earningsslides.htm,https://www.sec.gov/Archives/edgar/data/80424/000008042423000010/ondq2fy23earningsslides.htm,filings/PG_0000080424_2023-01-19_0000080424-23-000010.txt,4036
PG,PROCTER & GAMBLE Co,0000080424,2023-01-19,0000080424-23-000008,8-K,2.02; 9.01,pg-20230119.htm,https://www.sec.gov/Archives/edgar/data/80424/000008042423000008/pg-20230119.htm,filings/PG_0000080424_2023-01-19_0000080424-23-000008.txt,3418
PG,PROCTER & GAMBLE Co,0000080424,2023-01-26,0001193125-23-016270,8-K,8.01; 9.01,d440879d8k.htm,https://www.sec.gov/Archives/edgar/data/80424/000119312523016270/d440879d8k.htm,filings/PG_0000080424_2023-01-26_0001193125-23-016270.txt,4479
PG,PROCTER & GAMBLE Co,0000080424,2023-02-03,0001193125-23-024268,8-K,8.01; 9.01,d293337d8k.htm,https://www.sec.gov/Archives/edgar/data/80424/000119312523024268/d293337d8k.htm,filings/PG_0000080424_2023-02-03_0001193125-23-024268.txt,4327
PG,PROCTER & GAMBLE Co,0000080424,2023-04-11,0000080424-23-000027,8-K,5.02; 7.01,boniniportmanappointment.htm,https://www.sec.gov/Archives/edgar/data/80424/000008042423000027/boniniportmanappointment.htm,filings/PG_0000080424_2023-04-11_0000080424-23-000027.txt,6359
PG,PROCTER & GAMBLE Co,0000080424,2023-04-11,0000080424-23-000026,8-K,7.01; 9.01,april2023dividend.htm,https://www.sec.gov/Archives/edgar/data/80424/000008042423000026/april2023dividend.htm,filings/PG_0000080424_2023-04-11_0000080424-23-000026.txt,3892
PG,PROCTER & GAMBLE Co,0000080424,2023-04-21,0000080424-23-000043,8-K,7.01; 9.01,jfmq3fy23earningsslides.htm,https://www.sec.gov/Archives/edgar/data/80424/000008042423000043/jfmq3fy23earningsslides.htm,filings/PG_0000080424_2023-04-21_0000080424-23-000043.txt,3721
PG,PROCTER & GAMBLE Co,0000080424,2023-04-21,0000080424-23-000039,8-K,2.02; 9.01,pg-20230421.htm,https://www.sec.gov/Archives/edgar/data/80424/000008042423000039/pg-20230421.htm,filings/PG_0000080424_2023-04-21_0000080424-23-000039.txt,3407
PG,PROCTER & GAMBLE Co,0000080424,2023-05-02,0001193125-23-132560,8-K,8.01; 9.01,d430441d8k.htm,https://www.sec.gov/Archives/edgar/data/80424/000119312523132560/d430441d8k.htm,filings/PG_0000080424_2023-05-02_0001193125-23-132560.txt,4382
PG,PROCTER & GAMBLE Co,0000080424,2023-07-11,0000080424-23-000056,8-K,7.01; 9.01,july2023dividend.htm,https://www.sec.gov/Archives/edgar/data/80424/000008042423000056/july2023dividend.htm,filings/PG_0000080424_2023-07-11_0000080424-23-000056.txt,3958
PG,PROCTER & GAMBLE Co,0000080424,2023-07-28,0000080424-23-000061,8-K,7.01; 9.01,amjq4fy23earningsslides.htm,https://www.sec.gov/Archives/edgar/data/80424/000008042423000061/amjq4fy23earningsslides.htm,filings/PG_0000080424_2023-07-28_0000080424-23-000061.txt,3783
PG,PROCTER & GAMBLE Co,0000080424,2023-07-28,0000080424-23-000059,8-K,2.02; 9.01,pg-20230728.htm,https://www.sec.gov/Archives/edgar/data/80424/000008042423000059/pg-20230728.htm,filings/PG_0000080424_2023-07-28_0000080424-23-000059.txt,3492
PG,PROCTER & GAMBLE Co,0000080424,2023-10-10,0000080424-23-000088,8-K,7.01; 9.01,oct23dividendbiggs.htm,https://www.sec.gov/Archives/edgar/data/80424/000008042423000088/oct23dividendbiggs.htm,filings/PG_0000080424_2023-10-10_0000080424-23-000088.txt,4409
PG,PROCTER & GAMBLE Co,0000080424,2023-10-13,0000080424-23-000090,8-K,5.07; 9.01,annualmtgvote2023.htm,https://www.sec.gov/Archives/edgar/data/80424/000008042423000090/annualmtgvote2023.htm,filings/PG_0000080424_2023-10-13_0000080424-23-000090.txt,6382
PG,PROCTER & GAMBLE Co,0000080424,2023-10-18,0000080424-23-000096,8-K,7.01; 9.01,jasq1fy24earningsslides.htm,https://www.sec.gov/Archives/edgar/data/80424/000008042423000096/jasq1fy24earningsslides.htm,filings/PG_0000080424_2023-10-18_0000080424-23-000096.txt,3781
PG,PROCTER & GAMBLE Co,0000080424,2023-10-18,0000080424-23-000094,8-K,2.02; 9.01,pg-20231018.htm,https://www.sec.gov/Archives/edgar/data/80424/000008042423000094/pg-20231018.htm,filings/PG_0000080424_2023-10-18_0000080424-23-000094.txt,3494
PG,PROCTER & GAMBLE Co,0000080424,2023-11-01,0001193125-23-268205,8-K,8.01; 9.01,d573847d8k.htm,https://www.sec.gov/Archives/edgar/data/80424/000119312523268205/d573847d8k.htm,filings/PG_0000080424_2023-11-01_0001193125-23-268205.txt,4435
PG,PROCTER & GAMBLE Co,0000080424,2023-12-05,0000080424-23-000107,8-K,2.06; 7.01,emrestructureannouncemnt.htm,https://www.sec.gov/Archives/edgar/data/80424/000008042423000107/emrestructureannouncemnt.htm,filings/PG_0000080424_2023-12-05_0000080424-23-000107.txt,11225
PG,PROCTER & GAMBLE Co,0000080424,2023-12-13,0000080424-23-000114,8-K,5.02; 7.01; 9.01,mcevoyannouncement.htm,https://www.sec.gov/Archives/edgar/data/80424/000008042423000114/mcevoyannouncement.htm,filings/PG_0000080424_2023-12-13_0000080424-23-000114.txt,4728
PG,PROCTER & GAMBLE Co,0000080424,2024-01-09,0000080424-24-000004,8-K,7.01; 9.01,january2024dividend.htm,https://www.sec.gov/Archives/edgar/data/80424/000008042424000004/january2024dividend.htm,filings/PG_0000080424_2024-01-09_0000080424-24-000004.txt,3929
PG,PROCTER & GAMBLE Co,0000080424,2024-01-23,0000080424-24-000015,8-K,7.01; 9.01,ondq2fy24earningsslides.htm,https://www.sec.gov/Archives/edgar/data/80424/000008042424000015/ondq2fy24earningsslides.htm,filings/PG_0000080424_2024-01-23_0000080424-24-000015.txt,3753
PG,PROCTER & GAMBLE Co,0000080424,2024-01-23,0000080424-24-000013,8-K,2.02; 9.01,pg-20240123.htm,https://www.sec.gov/Archives/edgar/data/80424/000008042424000013/pg-20240123.htm,filings/PG_0000080424_2024-01-23_0000080424-24-000013.txt,3459
PG,PROCTER & GAMBLE Co,0000080424,2024-01-29,0001193125-24-018146,8-K,8.01; 9.01,d680446d8k.htm,https://www.sec.gov/Archives/edgar/data/80424/000119312524018146/d680446d8k.htm,filings/PG_0000080424_2024-01-29_0001193125-24-018146.txt,4460
PG,PROCTER & GAMBLE Co,0000080424,2024-04-09,0000080424-24-000030,8-K,5.02,bralyretirement.htm,https://www.sec.gov/Archives/edgar/data/80424/000008042424000030/bralyretirement.htm,filings/PG_0000080424_2024-04-09_0000080424-24-000030.txt,3490
PG,PROCTER & GAMBLE Co,0000080424,2024-04-09,0000080424-24-000029,8-K,7.01; 9.01,april2024dividend.htm,https://www.sec.gov/Archives/edgar/data/80424/000008042424000029/april2024dividend.htm,filings/PG_0000080424_2024-04-09_0000080424-24-000029.txt,3911
PG,PROCTER & GAMBLE Co,0000080424,2024-04-19,0000080424-24-000048,8-K,7.01; 9.01,jfmq3fy24earningsslides.htm,https://www.sec.gov/Archives/edgar/data/80424/000008042424000048/jfmq3fy24earningsslides.htm,filings/PG_0000080424_2024-04-19_0000080424-24-000048.txt,3742
PG,PROCTER & GAMBLE Co,0000080424,2024-04-19,0000080424-24-000046,8-K,2.02; 9.01,pg-20240419.htm,https://www.sec.gov/Archives/edgar/data/80424/000008042424000046/pg-20240419.htm,filings/PG_0000080424_2024-04-19_0000080424-24-000046.txt,3448
PG,PROCTER & GAMBLE Co,0000080424,2024-04-29,0001193125-24-122626,8-K,8.01; 9.01,d794816d8k.htm,https://www.sec.gov/Archives/edgar/data/80424/000119312524122626/d794816d8k.htm,filings/PG_0000080424_2024-04-29_0001193125-24-122626.txt,4456
PG,PROCTER & GAMBLE Co,0000080424,2024-07-09,0000080424-24-000063,8-K,7.01; 9.01,july2024dividends.htm,https://www.sec.gov/Archives/edgar/data/80424/000008042424000063/july2024dividends.htm,filings/PG_0000080424_2024-07-09_0000080424-24-000063.txt,4004
PG,PROCTER & GAMBLE Co,0000080424,2024-07-30,0000080424-24-000073,8-K,7.01; 9.01,amjq4fy2324earningsslides.htm,https://www.sec.gov/Archives/edgar/data/80424/000008042424000073/amjq4fy2324earningsslides.htm,filings/PG_0000080424_2024-07-30_0000080424-24-000073.txt,3825
PG,PROCTER & GAMBLE Co,0000080424,2024-07-30,0000080424-24-000071,8-K,2.02; 9.01,pg-20240730.htm,https://www.sec.gov/Archives/edgar/data/80424/000008042424000071/pg-20240730.htm,filings/PG_0000080424_2024-07-30_0000080424-24-000071.txt,3489
PG,PROCTER & GAMBLE Co,0000080424,2024-10-08,0000080424-24-000098,8-K,7.01; 9.01,october202424dividends.htm,https://www.sec.gov/Archives/edgar/data/80424/000008042424000098/october202424dividends.htm,filings/PG_0000080424_2024-10-08_0000080424-24-000098.txt,4026
PG,PROCTER & GAMBLE Co,0000080424,2024-10-10,0000080424-24-000100,8-K,5.07,annlmtgvote2024.htm,https://www.sec.gov/Archives/edgar/data/80424/000008042424000100/annlmtgvote2024.htm,filings/PG_0000080424_2024-10-10_0000080424-24-000100.txt,5252
PG,PROCTER & GAMBLE Co,0000080424,2024-10-18,0000080424-24-000110,8-K,7.01; 9.01,jasq1fy25earningsslides.htm,https://www.sec.gov/Archives/edgar/data/80424/000008042424000110/jasq1fy25earningsslides.htm,filings/PG_0000080424_2024-10-18_0000080424-24-000110.txt,3829
PG,PROCTER & GAMBLE Co,0000080424,2024-10-18,0000080424-24-000108,8-K,2.02; 9.01,pg-20241018.htm,https://www.sec.gov/Archives/edgar/data/80424/000008042424000108/pg-20241018.htm,filings/PG_0000080424_2024-10-18_0000080424-24-000108.txt,3537
PG,PROCTER & GAMBLE Co,0000080424,2024-10-24,0001193125-24-242887,8-K,8.01; 9.01,d849483d8k.htm,https://www.sec.gov/Archives/edgar/data/80424/000119312524242887/d849483d8k.htm,filings/PG_0000080424_2024-10-24_0001193125-24-242887.txt,4569
PM,Philip Morris International Inc.,0001413329,2021-02-02,0001193125-21-025605,8-K,1.01; 2.03; 9.01,d38077d8k.htm,https://www.sec.gov/Archives/edgar/data/1413329/000119312521025605/d38077d8k.htm,filings/PM_0001413329_2021-02-02_0001193125-21-025605.txt,9129
PM,Philip Morris International Inc.,0001413329,2021-02-04,0001413329-21-000003,8-K,2.02; 7.01; 9.01,pm-20210204.htm,https://www.sec.gov/Archives/edgar/data/1413329/000141332921000003/pm-20210204.htm,filings/PM_0001413329_2021-02-04_0001413329-21-000003.txt,6856
PM,Philip Morris International Inc.,0001413329,2021-02-09,0001413329-21-000010,8-K,5.02; 5.03; 7.01; 9.01,pm-20210203.htm,https://www.sec.gov/Archives/edgar/data/1413329/000141332921000010/pm-20210203.htm,filings/PM_0001413329_2021-02-09_0001413329-21-000010.txt,12493
PM,Philip Morris International Inc.,0001413329,2021-02-10,0001413329-21-000012,8-K,7.01; 9.01,pm-20210210.htm,https://www.sec.gov/Archives/edgar/data/1413329/000141332921000012/pm-20210210.htm,filings/PM_0001413329_2021-02-10_0001413329-21-000012.txt,5538
PM,Philip Morris International Inc.,0001413329,2021-02-22,0001413329-21-000015,8-K,5.02,pm-20210217.htm,https://www.sec.gov/Archives/edgar/data/1413329/000141332921000015/pm-20210217.htm,filings/PM_0001413329_2021-02-22_0001413329-21-000015.txt,4629
PM,Philip Morris International Inc.,0001413329,2021-04-20,0001413329-21-000020,8-K,2.02; 7.01; 9.01,pm-20210420.htm,https://www.sec.gov/Archives/edgar/data/1413329/000141332921000020/pm-20210420.htm,filings/PM_0001413329_2021-04-20_0001413329-21-000020.txt,6689
PM,Philip Morris International Inc.,0001413329,2021-05-10,0001413329-21-000027,8-K,5.07; 7.01; 8.01; 9.01,pm-20210505.htm,https://www.sec.gov/Archives/edgar/data/1413329/000141332921000027/pm-20210505.htm,filings/PM_0001413329_2021-05-10_0001413329-21-000027.txt,6648
PM,Philip Morris International Inc.,0001413329,2021-06-08,0001413329-21-000034,8-K,7.01; 9.01,pm-20210608.htm,https://www.sec.gov/Archives/edgar/data/1413329/000141332921000034/pm-20210608.htm,filings/PM_0001413329_2021-06-08_0001413329-21-000034.txt,5483
PM,Philip Morris International Inc.,0001413329,2021-06-11,0001413329-21-000039,8-K,8.01; 9.01,pm-20210611.htm,https://www.sec.gov/Archives/edgar/data/1413329/000141332921000039/pm-20210611.htm,filings/PM_0001413329_2021-06-11_0001413329-21-000039.txt,5093
PM,Philip Morris International Inc.,0001413329,2021-06-16,0001413329-21-000045,8-K,5.02; 9.01,pm-20210610.htm,https://www.sec.gov/Archives/edgar/data/1413329/000141332921000045/pm-20210610.htm,filings/PM_0001413329_2021-06-16_0001413329-21-000045.txt,7636
PM,Philip Morris International Inc.,0001413329,2021-06-22,0001413329-21-000048,8-K,7.01; 8.01; 9.01,pm-20210622.htm,https://www.sec.gov/Archives/edgar/data/1413329/000141332921000048/pm-20210622.htm,filings/PM_0001413329_2021-06-22_0001413329-21-000048.txt,4927
PM,Philip Morris International Inc.,0001413329,2021-07-07,0001413329-21-000051,8-K,1.01; 7.01; 9.01,pm-20210630.htm,https://www.sec.gov/Archives/edgar/data/1413329/000141332921000051/pm-20210630.htm,filings/PM_0001413329_2021-07-07_0001413329-21-000051.txt,10565
PM,Philip Morris International Inc.,0001413329,2021-07-09,0001413329-21-000053,8-K,7.01; 9.01,pm-20210709.htm,https://www.sec.gov/Archives/edgar/data/1413329/000141332921000053/pm-20210709.htm,filings/PM_0001413329_2021-07-09_0001413329-21-000053.txt,5343
PM,Philip Morris International Inc.,0001413329,2021-07-20,0001413329-21-000055,8-K,2.02; 7.01; 9.01,pm-20210720.htm,https://www.sec.gov/Archives/edgar/data/1413329/000141332921000055/pm-20210720.htm,filings/PM_0001413329_2021-07-20_0001413329-21-000055.txt,6643
PM,Philip Morris International Inc.,0001413329,2021-08-10,0001413329-21-000060,8-K,7.01; 9.01,pm-20210808.htm,https://www.sec.gov/Archives/edgar/data/1413329/000141332921000060/pm-20210808.htm,filings/PM_0001413329_2021-08-10_0001413329-21-000060.txt,6276
PM,Philip Morris International Inc.,0001413329,2021-08-16,0001413329-21-000062,8-K,7.01; 9.01,pm-20210816.htm,https://www.sec.gov/Archives/edgar/data/1413329/000141332921000062/pm-20210816.htm,filings/PM_0001413329_2021-08-16_0001413329-21-000062.txt,5983
PM,Philip Morris International Inc.,0001413329,2021-08-18,0001413329-21-000065,8-K,7.01; 9.01,pm-20210817.htm,https://www.sec.gov/Archives/edgar/data/1413329/000141332921000065/pm-20210817.htm,filings/PM_0001413329_2021-08-18_0001413329-21-000065.txt,5722
PM,Philip Morris International Inc.,0001413329,2021-08-19,0001413329-21-000067,8-K,7.01; 9.01,pm-20210818.htm,https://www.sec.gov/Archives/edgar/data/1413329/000141332921000067/pm-20210818.htm,filings/PM_0001413329_2021-08-19_0001413329-21-000067.txt,5852
PM,Philip Morris International Inc.,0001413329,2021-08-20,0001413329-21-000070,8-K,5.02; 9.01,pm-20210816.htm,https://www.sec.gov/Archives/edgar/data/1413329/000141332921000070/pm-20210816.htm,filings/PM_0001413329_2021-08-20_0001413329-21-000070.txt,6620
PM,Philip Morris International Inc.,0001413329,2021-08-27,0001413329-21-000073,8-K,7.01; 9.01,pm-20210827.htm,https://www.sec.gov/Archives/edgar/data/1413329/000141332921000073/pm-20210827.htm,filings/PM_0001413329_2021-08-27_0001413329-21-000073.txt,5604
PM,Philip Morris International Inc.,0001413329,2021-09-08,0001413329-21-000075,8-K,7.01; 9.01,pm-20210908.htm,https://www.sec.gov/Archives/edgar/data/1413329/000141332921000075/pm-20210908.htm,filings/PM_0001413329_2021-09-08_0001413329-21-000075.txt,5725
PM,Philip Morris International Inc.,0001413329,2021-09-16,0001413329-21-000078,8-K,2.01; 7.01; 9.01,pm-20210914.htm,https://www.sec.gov/Archives/edgar/data/1413329/000141332921000078/pm-20210914.htm,filings/PM_0001413329_2021-09-16_0001413329-21-000078.txt,8760
PM,Philip Morris International Inc.,0001413329,2021-09-21,0001413329-21-000080,8-K,7.01; 9.01,pm-20210920.htm,https://www.sec.gov/Archives/edgar/data/1413329/000141332921000080/pm-20210920.htm,filings/PM_0001413329_2021-09-21_0001413329-21-000080.txt,6628
PM,Philip Morris International Inc.,0001413329,2021-09-30,0001193125-21-287277,8-K,1.01; 1.02; 2.03; 7.01; 9.01,d207680d8k.htm,https://www.sec.gov/Archives/edgar/data/1413329/000119312521287277/d207680d8k.htm,filings/PM_0001413329_2021-09-30_0001193125-21-287277.txt,9590
PM,Philip Morris International Inc.,0001413329,2021-10-01,0001413329-21-000082,8-K,7.01; 9.01,pm-20211001.htm,https://www.sec.gov/Archives/edgar/data/1413329/000141332921000082/pm-20211001.htm,filings/PM_0001413329_2021-10-01_0001413329-21-000082.txt,5985
PM,Philip Morris International Inc.,0001413329,2021-10-19,0001413329-21-000086,8-K,2.02; 7.01; 8.01; 9.01,pm-20211019.htm,https://www.sec.gov/Archives/edgar/data/1413329/000141332921000086/pm-20211019.htm,filings/PM_0001413329_2021-10-19_0001413329-21-000086.txt,7130
PM,Philip Morris International Inc.,0001413329,2021-10-27,0001413329-21-000089,8-K,7.01; 9.01,pm-20211027.htm,https://www.sec.gov/Archives/edgar/data/1413329/000141332921000089/pm-20211027.htm,filings/PM_0001413329_2021-10-27_0001413329-21-000089.txt,5316
PM,Philip Morris International Inc.,0001413329,2021-12-01,0001413329-21-000094,8-K,7.01; 9.01,pm-20211201.htm,https://www.sec.gov/Archives/edgar/data/1413329/000141332921000094/pm-20211201.htm,filings/PM_0001413329_2021-12-01_0001413329-21-000094.txt,5497
PM,Philip Morris International Inc.,0001413329,2021-12-10,0001413329-21-000096,8-K,5.02; 7.01; 9.01,pm-20211206.htm,https://www.sec.gov/Archives/edgar/data/1413329/000141332921000096/pm-20211206.htm,filings/PM_0001413329_2021-12-10_0001413329-21-000096.txt,5911
PM,Philip Morris International Inc.,0001413329,2021-12-13,0001413329-21-000098,8-K,8.01; 9.01,pm-20211213.htm,https://www.sec.gov/Archives/edgar/data/1413329/000141332921000098/pm-20211213.htm,filings/PM_0001413329_2021-12-13_0001413329-21-000098.txt,5510
PM,Philip Morris International Inc.,0001413329,2022-02-01,0001413329-22-000003,8-K,1.01; 2.03; 9.01,pm-20220128.htm,https://www.sec.gov/Archives/edgar/data/1413329/000141332922000003/pm-20220128.htm,filings/PM_0001413329_2022-02-01_0001413329-22-000003.txt,9252
PM,Philip Morris International Inc.,0001413329,2022-02-10,0001413329-22-000007,8-K,2.02; 7.01; 9.01,pm-20220210.htm,https://www.sec.gov/Archives/edgar/data/1413329/000141332922000007/pm-20220210.htm,filings/PM_0001413329_2022-02-10_0001413329-22-000007.txt,6854
PM,Philip Morris International Inc.,0001413329,2022-02-23,0001413329-22-000014,8-K,7.01; 9.01,pm-20220223.htm,https://www.sec.gov/Archives/edgar/data/1413329/000141332922000014/pm-20220223.htm,filings/PM_0001413329_2022-02-23_0001413329-22-000014.txt,5912
PM,Philip Morris International Inc.,0001413329,2022-02-25,0001413329-22-000017,8-K,7.01; 9.01,pm-20220225.htm,https://www.sec.gov/Archives/edgar/data/1413329/000141332922000017/pm-20220225.htm,filings/PM_0001413329_2022-02-25_0001413329-22-000017.txt,5299
PM,Philip Morris International Inc.,0001413329,2022-03-09,0001413329-22-000019,8-K,7.01; 9.01,pm-20220309.htm,https://www.sec.gov/Archives/edgar/data/1413329/000141332922000019/pm-20220309.htm,filings/PM_0001413329_2022-03-09_0001413329-22-000019.txt,5513
PM,Philip Morris International Inc.,0001413329,2022-03-10,0001413329-22-000022,8-K,7.01; 9.01,pm-20220310.htm,https://www.sec.gov/Archives/edgar/data/1413329/000141332922000022/pm-20220310.htm,filings/PM_0001413329_2022-03-10_0001413329-22-000022.txt,5268
PM,Philip Morris International Inc.,0001413329,2022-03-24,0001413329-22-000024,8-K,7.01; 9.01,pm-20220324.htm,https://www.sec.gov/Archives/edgar/data/1413329/000141332922000024/pm-20220324.htm,filings/PM_0001413329_2022-03-24_0001413329-22-000024.txt,5307
PM,Philip Morris International Inc.,0001413329,2022-04-21,0001413329-22-000031,8-K,2.02; 9.01,pm-20220421.htm,https://www.sec.gov/Archives/edgar/data/1413329/000141332922000031/pm-20220421.htm,filings/PM_0001413329_2022-04-21_0001413329-22-000031.txt,5268
PM,Philip Morris International Inc.,0001413329,2022-05-06,0001413329-22-000038,8-K,5.02; 5.07; 9.01,pm-20220504.htm,https://www.sec.gov/Archives/edgar/data/1413329/000141332922000038/pm-20220504.htm,filings/PM_0001413329_2022-05-06_0001413329-22-000038.txt,7466
PM,Philip Morris International Inc.,0001413329,2022-05-09,0001413329-22-000043,8-K,7.01; 9.01,pm-20220509.htm,https://www.sec.gov/Archives/edgar/data/1413329/000141332922000043/pm-20220509.htm,filings/PM_0001413329_2022-05-09_0001413329-22-000043.txt,6438
PM,Philip Morris International Inc.,0001413329,2022-05-11,0001413329-22-000047,8-K,1.01; 2.03; 7.01; 8.01; 9.01,pm-20220511.htm,https://www.sec.gov/Archives/edgar/data/1413329/000141332922000047/pm-20220511.htm,filings/PM_0001413329_2022-05-11_0001413329-22-000047.txt,18137
PM,Philip Morris International Inc.,0001413329,2022-06-14,0001413329-22-000058,8-K,7.01; 9.01,pm-20220614.htm,https://www.sec.gov/Archives/edgar/data/1413329/000141332922000058/pm-20220614.htm,filings/PM_0001413329_2022-06-14_0001413329-22-000058.txt,5674
PM,Philip Morris International Inc.,0001413329,2022-06-17,0001413329-22-000060,8-K,7.01; 9.01,pm-20220617.htm,https://www.sec.gov/Archives/edgar/data/1413329/000141332922000060/pm-20220617.htm,filings/PM_0001413329_2022-06-17_0001413329-22-000060.txt,5263
PM,Philip Morris International Inc.,0001413329,2022-06-28,0001413329-22-000065,8-K,1.01; 9.01,pm-20220623.htm,https://www.sec.gov/Archives/edgar/data/1413329/000141332922000065/pm-20220623.htm,filings/PM_0001413329_2022-06-28_0001413329-22-000065.txt,8317
PM,Philip Morris International Inc.,0001413329,2022-06-28,0001413329-22-000062,8-K,7.01; 9.01,pm-20220628.htm,https://www.sec.gov/Archives/edgar/data/1413329/000141332922000062/pm-20220628.htm,filings/PM_0001413329_2022-06-28_0001413329-22-000062.txt,5322
PM,Philip Morris International Inc.,0001413329,2022-07-21,0001413329-22-000070,8-K,2.02; 9.01,pm-20220721.htm,https://www.sec.gov/Archives/edgar/data/1413329/000141332922000070/pm-20220721.htm,filings/PM_0001413329_2022-07-21_0001413329-22-000070.txt,5285
PM,Philip Morris International Inc.,0001413329,2022-08-09,0001413329-22-000075,8-K,7.01; 9.01,pm-20220809.htm,https://www.sec.gov/Archives/edgar/data/1413329/000141332922000075/pm-20220809.htm,filings/PM_0001413329_2022-08-09_0001413329-22-000075.txt,5593
PM,Philip Morris International Inc.,0001413329,2022-09-02,0001413329-22-000081,8-K,1.01; 9.01,pm-20220902.htm,https://www.sec.gov/Archives/edgar/data/1413329/000141332922000081/pm-20220902.htm,filings/PM_0001413329_2022-09-02_0001413329-22-000081.txt,5324
PM,Philip Morris International Inc.,0001413329,2022-09-06,0001413329-22-000084,8-K,7.01; 9.01,pm-20220906.htm,https://www.sec.gov/Archives/edgar/data/1413329/000141332922000084/pm-20220906.htm,filings/PM_0001413329_2022-09-06_0001413329-22-000084.txt,5433
PM,Philip Morris International Inc.,0001413329,2022-09-14,0001413329-22-000086,8-K,7.01; 9.01,pm-20220914.htm,https://www.sec.gov/Archives/edgar/data/1413329/000141332922000086/pm-20220914.htm,filings/PM_0001413329_2022-09-14_0001413329-22-000086.txt,5101
PM,Philip Morris International Inc.,0001413329,2022-09-19,0001413329-22-000090,8-K,5.03; 9.01,pm-20220913.htm,https://www.sec.gov/Archives/edgar/data/1413329/000141332922000090/pm-20220913.htm,filings/PM_0001413329_2022-09-19_0001413329-22-000090.txt,5434
PM,Philip Morris International Inc.,0001413329,2022-09-23,0001413329-22-000095,8-K,1.01; 2.03; 9.01,pm-20220920.htm,https://www.sec.gov/Archives/edgar/data/1413329/000141332922000095/pm-20220920.htm,filings/PM_0001413329_2022-09-23_0001413329-22-000095.txt,7112
PM,Philip Morris International Inc.,0001413329,2022-10-04,0001413329-22-000099,8-K,7.01; 9.01,pm-20221004.htm,https://www.sec.gov/Archives/edgar/data/1413329/000141332922000099/pm-20221004.htm,filings/PM_0001413329_2022-10-04_0001413329-22-000099.txt,5438
PM,Philip Morris International Inc.,0001413329,2022-10-20,0001413329-22-000109,8-K,2.02; 9.01,pm-20221020.htm,https://www.sec.gov/Archives/edgar/data/1413329/000141332922000109/pm-20221020.htm,filings/PM_0001413329_2022-10-20_0001413329-22-000109.txt,5114
PM,Philip Morris International Inc.,0001413329,2022-10-20,0001413329-22-000105,8-K,1.01; 7.01; 9.01,pm-20221019.htm,https://www.sec.gov/Archives/edgar/data/1413329/000141332922000105/pm-20221019.htm,filings/PM_0001413329_2022-10-20_0001413329-22-000105.txt,6875
PM,Philip Morris International Inc.,0001413329,2022-10-25,0001413329-22-000111,8-K,7.01; 9.01,pm-20221025.htm,https://www.sec.gov/Archives/edgar/data/1413329/000141332922000111/pm-20221025.htm,filings/PM_0001413329_2022-10-25_0001413329-22-000111.txt,5198
PM,Philip Morris International Inc.,0001413329,2022-10-28,0001413329-22-000117,8-K,7.01; 9.01,pm-20221028.htm,https://www.sec.gov/Archives/edgar/data/1413329/000141332922000117/pm-20221028.htm,filings/PM_0001413329_2022-10-28_0001413329-22-000117.txt,5217
PM,Philip Morris International Inc.,0001413329,2022-11-07,0001413329-22-000119,8-K,2.03; 7.01; 9.01,pm-20221107.htm,https://www.sec.gov/Archives/edgar/data/1413329/000141332922000119/pm-20221107.htm,filings/PM_0001413329_2022-11-07_0001413329-22-000119.txt,7356
PM,Philip Morris International Inc.,0001413329,2022-11-10,0001413329-22-000123,8-K,7.01; 9.01,pm-20221110.htm,https://www.sec.gov/Archives/edgar/data/1413329/000141332922000123/pm-20221110.htm,filings/PM_0001413329_2022-11-10_0001413329-22-000123.txt,5595
PM,Philip Morris International Inc.,0001413329,2022-11-14,0001413329-22-000125,8-K,8.01,pm-20221110.htm,https://www.sec.gov/Archives/edgar/data/1413329/000141332922000125/pm-20221110.htm,filings/PM_0001413329_2022-11-14_0001413329-22-000125.txt,4981
PM,Philip Morris International Inc.,0001413329,2022-11-17,0001193125-22-287701,8-K,8.01; 9.01,d417530d8k.htm,https://www.sec.gov/Archives/edgar/data/1413329/000119312522287701/d417530d8k.htm,filings/PM_0001413329_2022-11-17_0001193125-22-287701.txt,10635
PM,Philip Morris International Inc.,0001413329,2022-11-25,0001413329-22-000129,8-K,5.02; 8.01; 9.01,pm-20221125.htm,https://www.sec.gov/Archives/edgar/data/1413329/000141332922000129/pm-20221125.htm,filings/PM_0001413329_2022-11-25_0001413329-22-000129.txt,5960
PM,Philip Morris International Inc.,0001413329,2022-11-28,0001413329-22-000132,8-K,7.01; 9.01,pm-20221128.htm,https://www.sec.gov/Archives/edgar/data/1413329/000141332922000132/pm-20221128.htm,filings/PM_0001413329_2022-11-28_0001413329-22-000132.txt,5705
PM,Philip Morris International Inc.,0001413329,2022-12-08,0001413329-22-000135,8-K,7.01; 9.01,pm-20221208.htm,https://www.sec.gov/Archives/edgar/data/1413329/000141332922000135/pm-20221208.htm,filings/PM_0001413329_2022-12-08_0001413329-22-000135.txt,5052
PM,Philip Morris International Inc.,0001413329,2022-12-14,0001413329-22-000137,8-K,5.02,pm-20221208.htm,https://www.sec.gov/Archives/edgar/data/1413329/000141332922000137/pm-20221208.htm,filings/PM_0001413329_2022-12-14_0001413329-22-000137.txt,5747
PM,Philip Morris International Inc.,0001413329,2023-01-11,0001413329-23-000014,8-K,5.02; 7.01,pm-20230105.htm,https://www.sec.gov/Archives/edgar/data/1413329/000141332923000014/pm-20230105.htm,filings/PM_0001413329_2023-01-11_0001413329-23-000014.txt,10921
PM,Philip Morris International Inc.,0001413329,2023-01-30,0001413329-23-000016,8-K,1.01; 7.01; 9.01,pm-20230125.htm,https://www.sec.gov/Archives/edgar/data/1413329/000141332923000016/pm-20230125.htm,filings/PM_0001413329_2023-01-30_0001413329-23-000016.txt,7730
PM,Philip Morris International Inc.,0001413329,2023-02-09,0001413329-23-000020,8-K,2.02; 9.01,pm-20230209.htm,https://www.sec.gov/Archives/edgar/data/1413329/000141332923000020/pm-20230209.htm,filings/PM_0001413329_2023-02-09_0001413329-23-000020.txt,5077
PM,Philip Morris International Inc.,0001413329,2023-02-17,0001193125-23-041987,8-K,1.02; 8.01; 9.01,d731365d8k.htm,https://www.sec.gov/Archives/edgar/data/1413329/000119312523041987/d731365d8k.htm,filings/PM_0001413329_2023-02-17_0001193125-23-041987.txt,14381
PM,Philip Morris International Inc.,0001413329,2023-02-22,0001413329-23-000089,8-K,7.01; 9.01,pm-20230222.htm,https://www.sec.gov/Archives/edgar/data/1413329/000141332923000089/pm-20230222.htm,filings/PM_0001413329_2023-02-22_0001413329-23-000089.txt,5460
PM,Philip Morris International Inc.,0001413329,2023-03-03,0001413329-23-000098,8-K,5.02; 9.01,pm-20230227.htm,https://www.sec.gov/Archives/edgar/data/1413329/000141332923000098/pm-20230227.htm,filings/PM_0001413329_2023-03-03_0001413329-23-000098.txt,7078
PM,Philip Morris International Inc.,0001413329,2023-03-09,0001413329-23-000103,8-K,7.01; 9.01,pm-20230309.htm,https://www.sec.gov/Archives/edgar/data/1413329/000141332923000103/pm-20230309.htm,filings/PM_0001413329_2023-03-09_0001413329-23-000103.txt,4990
PM,Philip Morris International Inc.,0001413329,2023-03-28,0001413329-23-000106,8-K,7.01; 9.01,pm-20230328.htm,https://www.sec.gov/Archives/edgar/data/1413329/000141332923000106/pm-20230328.htm,filings/PM_0001413329_2023-03-28_0001413329-23-000106.txt,8676
PM,Philip Morris International Inc.,0001413329,2023-04-20,0001413329-23-000114,8-K,2.02; 9.01,pm-20230420.htm,https://www.sec.gov/Archives/edgar/data/1413329/000141332923000114/pm-20230420.htm,filings/PM_0001413329_2023-04-20_0001413329-23-000114.txt,5605
PM,Philip Morris International Inc.,0001413329,2023-05-01,0001104659-23-054345,8-K,8.01; 9.01,tm2314168d1_8k.htm,https://www.sec.gov/Archives/edgar/data/1413329/000110465923054345/tm2314168d1_8k.htm,filings/PM_0001413329_2023-05-01_0001104659-23-054345.txt,11026
PM,Philip Morris International Inc.,0001413329,2023-05-03,0001413329-23-000124,8-K,7.01; 9.01,pm-20230503.htm,https://www.sec.gov/Archives/edgar/data/1413329/000141332923000124/pm-20230503.htm,filings/PM_0001413329_2023-05-03_0001413329-23-000124.txt,4939
PM,Philip Morris International Inc.,0001413329,2023-05-09,0001413329-23-000151,8-K,5.07,pm-20230503.htm,https://www.sec.gov/Archives/edgar/data/1413329/000141332923000151/pm-20230503.htm,filings/PM_0001413329_2023-05-09_0001413329-23-000151.txt,6475
PM,Philip Morris International Inc.,0001413329,2023-05-23,0001413329-23-000153,8-K,7.01; 9.01,pm-20230523.htm,https://www.sec.gov/Archives/edgar/data/1413329/000141332923000153/pm-20230523.htm,filings/PM_0001413329_2023-05-23_0001413329-23-000153.txt,5015
PM,Philip Morris International Inc.,0001413329,2023-06-06,0001413329-23-000158,8-K,7.01; 9.01,pm-20230606.htm,https://www.sec.gov/Archives/edgar/data/1413329/000141332923000158/pm-20230606.htm,filings/PM_0001413329_2023-06-06_0001413329-23-000158.txt,5361
PM,Philip Morris International Inc.,0001413329,2023-06-09,0001413329-23-000160,8-K,7.01; 9.01,pm-20230609.htm,https://www.sec.gov/Archives/edgar/data/1413329/000141332923000160/pm-20230609.htm,filings/PM_0001413329_2023-06-09_0001413329-23-000160.txt,4931
PM,Philip Morris International Inc.,0001413329,2023-07-20,0001413329-23-000173,8-K,2.02; 9.01,pm-20230720.htm,https://www.sec.gov/Archives/edgar/data/1413329/000141332923000173/pm-20230720.htm,filings/PM_0001413329_2023-07-20_0001413329-23-000173.txt,5564
PM,Philip Morris International Inc.,0001413329,2023-07-28,0001413329-23-000178,8-K,8.01,pm-20230728.htm,https://www.sec.gov/Archives/edgar/data/1413329/000141332923000178/pm-20230728.htm,filings/PM_0001413329_2023-07-28_0001413329-23-000178.txt,7080
PM,Philip Morris International Inc.,0001413329,2023-09-07,0001104659-23-098933,8-K,8.01; 9.01,tm2325184d5_8k.htm,https://www.sec.gov/Archives/edgar/data/1413329/000110465923098933/tm2325184d5_8k.htm,filings/PM_0001413329_2023-09-07_0001104659-23-098933.txt,8920
PM,Philip Morris International Inc.,0001413329,2023-09-13,0001413329-23-000182,8-K,7.01; 9.01,pm-20230913.htm,https://www.sec.gov/Archives/edgar/data/1413329/000141332923000182/pm-20230913.htm,filings/PM_0001413329_2023-09-13_0001413329-23-000182.txt,5081
PM,Philip Morris International Inc.,0001413329,2023-09-18,0001413329-23-000186,8-K,5.02; 7.01; 9.01,pm-20230913.htm,https://www.sec.gov/Archives/edgar/data/1413329/000141332923000186/pm-20230913.htm,filings/PM_0001413329_2023-09-18_0001413329-23-000186.txt,5656
PM,Philip Morris International Inc.,0001413329,2023-09-20,0001104659-23-102292,8-K,1.01; 2.03; 9.01,tm2326362d1_8k.htm,https://www.sec.gov/Archives/edgar/data/1413329/000110465923102292/tm2326362d1_8k.htm,filings/PM_0001413329_2023-09-20_0001104659-23-102292.txt,6880
PM,Philip Morris International Inc.,0001413329,2023-09-28,0001413329-23-000191,8-K,7.01; 9.01,pm-20230928.htm,https://www.sec.gov/Archives/edgar/data/1413329/000141332923000191/pm-20230928.htm,filings/PM_0001413329_2023-09-28_0001413329-23-000191.txt,5552
PM,Philip Morris International Inc.,0001413329,2023-10-19,0001413329-23-000196,8-K,2.02; 9.01,pm-20231019.htm,https://www.sec.gov/Archives/edgar/data/1413329/000141332923000196/pm-20231019.htm,filings/PM_0001413329_2023-10-19_0001413329-23-000196.txt,5577
PM,Philip Morris International Inc.,0001413329,2023-12-07,0001413329-23-000207,8-K,7.01; 9.01,pm-20231207.htm,https://www.sec.gov/Archives/edgar/data/1413329/000141332923000207/pm-20231207.htm,filings/PM_0001413329_2023-12-07_0001413329-23-000207.txt,4896
PM,Philip Morris International Inc.,0001413329,2023-12-08,0001413329-23-000209,8-K,5.02; 9.01,pm-20231206.htm,https://www.sec.gov/Archives/edgar/data/1413329/000141332923000209/pm-20231206.htm,filings/PM_0001413329_2023-12-08_0001413329-23-000209.txt,5115
PM,Philip Morris International Inc.,0001413329,2024-01-24,0001104659-24-006244,8-K,1.01; 2.03; 9.01,tm243707d1_8k.htm,https://www.sec.gov/Archives/edgar/data/1413329/000110465924006244/tm243707d1_8k.htm,filings/PM_0001413329_2024-01-24_0001104659-24-006244.txt,6388
PM,Philip Morris International Inc.,0001413329,2024-02-02,0001413329-24-000007,8-K,1.01; 7.01; 9.01,pm-20240201.htm,https://www.sec.gov/Archives/edgar/data/1413329/000141332924000007/pm-20240201.htm,filings/PM_0001413329_2024-02-02_0001413329-24-000007.txt,10165
PM,Philip Morris International Inc.,0001413329,2024-02-08,0001413329-24-000012,8-K,2.02; 9.01,pm-20240208.htm,https://www.sec.gov/Archives/edgar/data/1413329/000141332924000012/pm-20240208.htm,filings/PM_0001413329_2024-02-08_0001413329-24-000012.txt,5520
PM,Philip Morris International Inc.,0001413329,2024-02-13,0001104659-24-019869,8-K,8.01; 9.01,tm245118d5_8k.htm,https://www.sec.gov/Archives/edgar/data/1413329/000110465924019869/tm245118d5_8k.htm,filings/PM_0001413329_2024-02-13_0001104659-24-019869.txt,9820
PM,Philip Morris International Inc.,0001413329,2024-02-21,0001413329-24-000039,8-K,7.01; 9.01,pm-20240221.htm,https://www.sec.gov/Archives/edgar/data/1413329/000141332924000039/pm-20240221.htm,filings/PM_0001413329_2024-02-21_0001413329-24-000039.txt,5338
PM,Philip Morris International Inc.,0001413329,2024-02-27,0001413329-24-000071,8-K,7.01; 9.01,pm-20240227.htm,https://www.sec.gov/Archives/edgar/data/1413329/000141332924000071/pm-20240227.htm,filings/PM_0001413329_2024-02-27_0001413329-24-000071.txt,7266
PM,Philip Morris International Inc.,0001413329,2024-03-07,0001413329-24-000073,8-K,7.01; 9.01,pm-20240307.htm,https://www.sec.gov/Archives/edgar/data/1413329/000141332924000073/pm-20240307.htm,filings/PM_0001413329_2024-03-07_0001413329-24-000073.txt,4885
PM,Philip Morris International Inc.,0001413329,2024-04-23,0001413329-24-000083,8-K,2.02; 9.01,pm-20240423.htm,https://www.sec.gov/Archives/edgar/data/1413329/000141332924000083/pm-20240423.htm,filings/PM_0001413329_2024-04-23_0001413329-24-000083.txt,5487
PM,Philip Morris International Inc.,0001413329,2024-05-08,0001413329-24-000094,8-K,7.01; 9.01,pm-20240508.htm,https://www.sec.gov/Archives/edgar/data/1413329/000141332924000094/pm-20240508.htm,filings/PM_0001413329_2024-05-08_0001413329-24-000094.txt,4780
PM,Philip Morris International Inc.,0001413329,2024-05-09,0001413329-24-000100,8-K,5.07,pm-20240508.htm,https://www.sec.gov/Archives/edgar/data/1413329/000141332924000100/pm-20240508.htm,filings/PM_0001413329_2024-05-09_0001413329-24-000100.txt,5384
PM,Philip Morris International Inc.,0001413329,2024-06-04,0001413329-24-000126,8-K,7.01; 9.01,pm-20240604.htm,https://www.sec.gov/Archives/edgar/data/1413329/000141332924000126/pm-20240604.htm,filings/PM_0001413329_2024-06-04_0001413329-24-000126.txt,5207
PM,Philip Morris International Inc.,0001413329,2024-06-06,0001104659-24-069077,8-K,8.01; 9.01,tm2415908d5_8k.htm,https://www.sec.gov/Archives/edgar/data/1413329/000110465924069077/tm2415908d5_8k.htm,filings/PM_0001413329_2024-06-06_0001104659-24-069077.txt,7317
PM,Philip Morris International Inc.,0001413329,2024-06-07,0001413329-24-000128,8-K,7.01; 9.01,pm-20240607.htm,https://www.sec.gov/Archives/edgar/data/1413329/000141332924000128/pm-20240607.htm,filings/PM_0001413329_2024-06-07_0001413329-24-000128.txt,4828
PM,Philip Morris International Inc.,0001413329,2024-06-17,0001413329-24-000131,8-K,8.01; 9.01,pm-20240617.htm,https://www.sec.gov/Archives/edgar/data/1413329/000141332924000131/pm-20240617.htm,filings/PM_0001413329_2024-06-17_0001413329-24-000131.txt,4167
PM,Philip Morris International Inc.,0001413329,2024-07-23,0001413329-24-000140,8-K,2.02; 9.01,pm-20240723.htm,https://www.sec.gov/Archives/edgar/data/1413329/000141332924000140/pm-20240723.htm,filings/PM_0001413329_2024-07-23_0001413329-24-000140.txt,5461
PM,Philip Morris International Inc.,0001413329,2024-09-03,0001413329-24-000155,8-K,7.01; 9.01,pm-20240903.htm,https://www.sec.gov/Archives/edgar/data/1413329/000141332924000155/pm-20240903.htm,filings/PM_0001413329_2024-09-03_0001413329-24-000155.txt,4973
PM,Philip Morris International Inc.,0001413329,2024-09-12,0001413329-24-000157,8-K,7.01; 9.01,pm-20240912.htm,https://www.sec.gov/Archives/edgar/data/1413329/000141332924000157/pm-20240912.htm,filings/PM_0001413329_2024-09-12_0001413329-24-000157.txt,4852
PM,Philip Morris International Inc.,0001413329,2024-09-17,0001413329-24-000160,8-K,8.01; 9.01,pm-20240917.htm,https://www.sec.gov/Archives/edgar/data/1413329/000141332924000160/pm-20240917.htm,filings/PM_0001413329_2024-09-17_0001413329-24-000160.txt,5195
PM,Philip Morris International Inc.,0001413329,2024-10-18,0001413329-24-000163,8-K,8.01; 9.01,pm-20241018.htm,https://www.sec.gov/Archives/edgar/data/1413329/000141332924000163/pm-20241018.htm,filings/PM_0001413329_2024-10-18_0001413329-24-000163.txt,4722
PM,Philip Morris International Inc.,0001413329,2024-10-22,0001413329-24-000167,8-K,2.02; 9.01,pm-20241022.htm,https://www.sec.gov/Archives/edgar/data/1413329/000141332924000167/pm-20241022.htm,filings/PM_0001413329_2024-10-22_0001413329-24-000167.txt,5473
PM,Philip Morris International Inc.,0001413329,2024-11-01,0001104659-24-113481,8-K,8.01; 9.01,tm2426896d4_8k.htm,https://www.sec.gov/Archives/edgar/data/1413329/000110465924113481/tm2426896d4_8k.htm,filings/PM_0001413329_2024-11-01_0001104659-24-113481.txt,9846
PM,Philip Morris International Inc.,0001413329,2024-11-21,0001104659-24-121514,8-K,8.01,tm2429026d1_8k.htm,https://www.sec.gov/Archives/edgar/data/1413329/000110465924121514/tm2429026d1_8k.htm,filings/PM_0001413329_2024-11-21_0001104659-24-121514.txt,4568
PM,Philip Morris International Inc.,0001413329,2024-12-12,0001413329-24-000185,8-K,7.01; 9.01,pm-20241212.htm,https://www.sec.gov/Archives/edgar/data/1413329/000141332924000185/pm-20241212.htm,filings/PM_0001413329_2024-12-12_0001413329-24-000185.txt,4744
PM,Philip Morris International Inc.,0001413329,2024-12-17,0001104659-24-129362,8-K,1.01; 2.03; 9.01,tm2430819d1_8k.htm,https://www.sec.gov/Archives/edgar/data/1413329/000110465924129362/tm2430819d1_8k.htm,filings/PM_0001413329_2024-12-17_0001104659-24-129362.txt,6812
QCOM,QUALCOMM INC/DE,0000804328,2021-01-08,0001728949-21-000004,8-K,5.02,qcom-20210104.htm,https://www.sec.gov/Archives/edgar/data/804328/000172894921000004/qcom-20210104.htm,filings/QCOM_0000804328_2021-01-08_0001728949-21-000004.txt,6725
QCOM,QUALCOMM INC/DE,0000804328,2021-01-13,0001728949-21-000009,8-K,1.01; 9.01,qcom-20210112.htm,https://www.sec.gov/Archives/edgar/data/804328/000172894921000009/qcom-20210112.htm,filings/QCOM_0000804328_2021-01-13_0001728949-21-000009.txt,7372
QCOM,QUALCOMM INC/DE,0000804328,2021-02-03,0001728949-21-000021,8-K,2.02; 9.01,qcom-20210203.htm,https://www.sec.gov/Archives/edgar/data/804328/000172894921000021/qcom-20210203.htm,filings/QCOM_0000804328_2021-02-03_0001728949-21-000021.txt,3601
QCOM,QUALCOMM INC/DE,0000804328,2021-03-15,0001628280-21-004741,8-K,5.07,qcom-20210310.htm,https://www.sec.gov/Archives/edgar/data/804328/000162828021004741/qcom-20210310.htm,filings/QCOM_0000804328_2021-03-15_0001628280-21-004741.txt,4439
QCOM,QUALCOMM INC/DE,0000804328,2021-04-28,0001728949-21-000042,8-K,2.02; 9.01,qcom-20210428.htm,https://www.sec.gov/Archives/edgar/data/804328/000172894921000042/qcom-20210428.htm,filings/QCOM_0000804328_2021-04-28_0001728949-21-000042.txt,3594
QCOM,QUALCOMM INC/DE,0000804328,2021-05-21,0001728949-21-000048,8-K,5.02,qcom-20210518.htm,https://www.sec.gov/Archives/edgar/data/804328/000172894921000048/qcom-20210518.htm,filings/QCOM_0000804328_2021-05-21_0001728949-21-000048.txt,3785
QCOM,QUALCOMM INC/DE,0000804328,2021-07-23,0001728949-21-000055,8-K,5.03; 9.01,qcom-20210720.htm,https://www.sec.gov/Archives/edgar/data/804328/000172894921000055/qcom-20210720.htm,filings/QCOM_0000804328_2021-07-23_0001728949-21-000055.txt,3556
QCOM,QUALCOMM INC/DE,0000804328,2021-07-28,0001728949-21-000065,8-K,2.02; 9.01,qcom-20210728.htm,https://www.sec.gov/Archives/edgar/data/804328/000172894921000065/qcom-20210728.htm,filings/QCOM_0000804328_2021-07-28_0001728949-21-000065.txt,3560
QCOM,QUALCOMM INC/DE,0000804328,2021-10-04,0001104659-21-122578,8-K,1.01; 7.01; 9.01,tm2129124d1_8k.htm,https://www.sec.gov/Archives/edgar/data/804328/000110465921122578/tm2129124d1_8k.htm,filings/QCOM_0000804328_2021-10-04_0001104659-21-122578.txt,29154
QCOM,QUALCOMM INC/DE,0000804328,2021-11-03,0001728949-21-000075,8-K,2.02; 9.01,qcom-20211103.htm,https://www.sec.gov/Archives/edgar/data/804328/000172894921000075/qcom-20211103.htm,filings/QCOM_0000804328_2021-11-03_0001728949-21-000075.txt,3599
QCOM,QUALCOMM INC/DE,0000804328,2022-02-02,0001728949-22-000011,8-K,2.02; 9.01,qcom-20220202.htm,https://www.sec.gov/Archives/edgar/data/804328/000172894922000011/qcom-20220202.htm,filings/QCOM_0000804328_2022-02-02_0001728949-22-000011.txt,3572
QCOM,QUALCOMM INC/DE,0000804328,2022-03-14,0001728949-22-000016,8-K,5.07,qcom-20220309.htm,https://www.sec.gov/Archives/edgar/data/804328/000172894922000016/qcom-20220309.htm,filings/QCOM_0000804328_2022-03-14_0001728949-22-000016.txt,4341
QCOM,QUALCOMM INC/DE,0000804328,2022-04-27,0001728949-22-000025,8-K,2.02; 9.01,qcom-20220427.htm,https://www.sec.gov/Archives/edgar/data/804328/000172894922000025/qcom-20220427.htm,filings/QCOM_0000804328_2022-04-27_0001728949-22-000025.txt,3565
QCOM,QUALCOMM INC/DE,0000804328,2022-05-09,0001104659-22-057562,8-K,1.01; 8.01; 9.01,tm2213834d4_8k.htm,https://www.sec.gov/Archives/edgar/data/804328/000110465922057562/tm2213834d4_8k.htm,filings/QCOM_0000804328_2022-05-09_0001104659-22-057562.txt,6823
QCOM,QUALCOMM INC/DE,0000804328,2022-07-27,0001728949-22-000039,8-K,2.02; 9.01,qcom-20220727.htm,https://www.sec.gov/Archives/edgar/data/804328/000172894922000039/qcom-20220727.htm,filings/QCOM_0000804328_2022-07-27_0001728949-22-000039.txt,3560
QCOM,QUALCOMM INC/DE,0000804328,2022-11-02,0000804328-22-000020,8-K,2.02; 9.01,qcom-20221102.htm,https://www.sec.gov/Archives/edgar/data/804328/000080432822000020/qcom-20221102.htm,filings/QCOM_0000804328_2022-11-02_0000804328-22-000020.txt,3599
QCOM,QUALCOMM INC/DE,0000804328,2022-11-09,0001104659-22-116535,8-K,1.01; 8.01; 9.01,tm2230101d1_8k.htm,https://www.sec.gov/Archives/edgar/data/804328/000110465922116535/tm2230101d1_8k.htm,filings/QCOM_0000804328_2022-11-09_0001104659-22-116535.txt,6837
QCOM,QUALCOMM INC/DE,0000804328,2022-12-08,0001728949-22-000041,8-K,5.02,qcom-20221205.htm,https://www.sec.gov/Archives/edgar/data/804328/000172894922000041/qcom-20221205.htm,filings/QCOM_0000804328_2022-12-08_0001728949-22-000041.txt,3926
QCOM,QUALCOMM INC/DE,0000804328,2023-02-02,0000804328-23-000005,8-K,2.02; 9.01,qcom-20230202.htm,https://www.sec.gov/Archives/edgar/data/804328/000080432823000005/qcom-20230202.htm,filings/QCOM_0000804328_2023-02-02_0000804328-23-000005.txt,3572
QCOM,QUALCOMM INC/DE,0000804328,2023-03-09,0000804328-23-000014,8-K,5.07,qcom-20230308.htm,https://www.sec.gov/Archives/edgar/data/804328/000080432823000014/qcom-20230308.htm,filings/QCOM_0000804328_2023-03-09_0000804328-23-000014.txt,4636
QCOM,QUALCOMM INC/DE,0000804328,2023-05-03,0000804328-23-000022,8-K,2.02; 9.01,qcom-20230503.htm,https://www.sec.gov/Archives/edgar/data/804328/000080432823000022/qcom-20230503.htm,filings/QCOM_0000804328_2023-05-03_0000804328-23-000022.txt,3553
QCOM,QUALCOMM INC/DE,0000804328,2023-07-21,0000804328-23-000033,8-K,5.03; 9.01,qcom-20230718.htm,https://www.sec.gov/Archives/edgar/data/804328/000080432823000033/qcom-20230718.htm,filings/QCOM_0000804328_2023-07-21_0000804328-23-000033.txt,4793
QCOM,QUALCOMM INC/DE,0000804328,2023-08-02,0000804328-23-000042,8-K,2.02; 9.01,qcom-20230802.htm,https://www.sec.gov/Archives/edgar/data/804328/000080432823000042/qcom-20230802.htm,filings/QCOM_0000804328_2023-08-02_0000804328-23-000042.txt,3564
QCOM,QUALCOMM INC/DE,0000804328,2023-11-01,0000804328-23-000054,8-K,2.02; 9.01,qcom-20231101.htm,https://www.sec.gov/Archives/edgar/data/804328/000080432823000054/qcom-20231101.htm,filings/QCOM_0000804328_2023-11-01_0000804328-23-000054.txt,3607
QCOM,QUALCOMM INC/DE,0000804328,2024-01-23,0000804328-24-000005,8-K,5.02,qcom-20240122.htm,https://www.sec.gov/Archives/edgar/data/804328/000080432824000005/qcom-20240122.htm,filings/QCOM_0000804328_2024-01-23_0000804328-24-000005.txt,4465
QCOM,QUALCOMM INC/DE,0000804328,2024-01-31,0000804328-24-000015,8-K,2.02; 9.01,qcom-20240131.htm,https://www.sec.gov/Archives/edgar/data/804328/000080432824000015/qcom-20240131.htm,filings/QCOM_0000804328_2024-01-31_0000804328-24-000015.txt,3608
QCOM,QUALCOMM INC/DE,0000804328,2024-03-07,0000804328-24-000020,8-K,5.07; 9.01,qcom-20240305.htm,https://www.sec.gov/Archives/edgar/data/804328/000080432824000020/qcom-20240305.htm,filings/QCOM_0000804328_2024-03-07_0000804328-24-000020.txt,6551
QCOM,QUALCOMM INC/DE,0000804328,2024-05-01,0000804328-24-000038,8-K,2.02; 9.01,qcom-20240501.htm,https://www.sec.gov/Archives/edgar/data/804328/000080432824000038/qcom-20240501.htm,filings/QCOM_0000804328_2024-05-01_0000804328-24-000038.txt,3589
QCOM,QUALCOMM INC/DE,0000804328,2024-05-09,0000804328-24-000042,8-K,7.01,qcom-20240509.htm,https://www.sec.gov/Archives/edgar/data/804328/000080432824000042/qcom-20240509.htm,filings/QCOM_0000804328_2024-05-09_0000804328-24-000042.txt,6819
QCOM,QUALCOMM INC/DE,0000804328,2024-07-31,0000804328-24-000055,8-K,2.02; 9.01,qcom-20240731.htm,https://www.sec.gov/Archives/edgar/data/804328/000080432824000055/qcom-20240731.htm,filings/QCOM_0000804328_2024-07-31_0000804328-24-000055.txt,3596
QCOM,QUALCOMM INC/DE,0000804328,2024-08-09,0000804328-24-000061,8-K,1.01; 1.02; 2.03; 9.01,qcom-20240808.htm,https://www.sec.gov/Archives/edgar/data/804328/000080432824000061/qcom-20240808.htm,filings/QCOM_0000804328_2024-08-09_0000804328-24-000061.txt,6766
QCOM,QUALCOMM INC/DE,0000804328,2024-10-09,0000804328-24-000064,8-K,5.02,qcom-20241008.htm,https://www.sec.gov/Archives/edgar/data/804328/000080432824000064/qcom-20241008.htm,filings/QCOM_0000804328_2024-10-09_0000804328-24-000064.txt,3636
QCOM,QUALCOMM INC/DE,0000804328,2024-11-06,0000804328-24-000074,8-K,2.02; 9.01,qcom-20241106.htm,https://www.sec.gov/Archives/edgar/data/804328/000080432824000074/qcom-20241106.htm,filings/QCOM_0000804328_2024-11-06_0000804328-24-000074.txt,3635
QCOM,QUALCOMM INC/DE,0000804328,2024-12-12,0000804328-24-000079,8-K,5.02,qcom-20241210.htm,https://www.sec.gov/Archives/edgar/data/804328/000080432824000079/qcom-20241210.htm,filings/QCOM_0000804328_2024-12-12_0000804328-24-000079.txt,2999
TMO,THERMO FISHER SCIENTIFIC INC.,0000097745,2021-01-11,0000097745-21-000002,8-K,2.02,tmo-20210111.htm,https://www.sec.gov/Archives/edgar/data/97745/000009774521000002/tmo-20210111.htm,filings/TMO_0000097745_2021-01-11_0000097745-21-000002.txt,6870
TMO,THERMO FISHER SCIENTIFIC INC.,0000097745,2021-02-01,0000097745-21-000006,8-K,2.02; 9.01,tmo-20210201.htm,https://www.sec.gov/Archives/edgar/data/97745/000009774521000006/tmo-20210201.htm,filings/TMO_0000097745_2021-02-01_0000097745-21-000006.txt,5948
TMO,THERMO FISHER SCIENTIFIC INC.,0000097745,2021-02-24,0000097745-21-000009,8-K,5.03; 9.01,tmo-20210223.htm,https://www.sec.gov/Archives/edgar/data/97745/000009774521000009/tmo-20210223.htm,filings/TMO_0000097745_2021-02-24_0000097745-21-000009.txt,4780
TMO,THERMO FISHER SCIENTIFIC INC.,0000097745,2021-03-11,0000097745-21-000014,8-K,7.01,tmo-20210311.htm,https://www.sec.gov/Archives/edgar/data/97745/000009774521000014/tmo-20210311.htm,filings/TMO_0000097745_2021-03-11_0000097745-21-000014.txt,3422
TMO,THERMO FISHER SCIENTIFIC INC.,0000097745,2021-04-15,0000950157-21-000419,8-K,8.01; 9.01,form8-k.htm,https://www.sec.gov/Archives/edgar/data/97745/000095015721000419/form8-k.htm,filings/TMO_0000097745_2021-04-15_0000950157-21-000419.txt,7652
TMO,THERMO FISHER SCIENTIFIC INC.,0000097745,2021-04-16,0000950157-21-000428,8-K,1.01; 9.01,form8-k.htm,https://www.sec.gov/Archives/edgar/data/97745/000095015721000428/form8-k.htm,filings/TMO_0000097745_2021-04-16_0000950157-21-000428.txt,17258
TMO,THERMO FISHER SCIENTIFIC INC.,0000097745,2021-04-29,0000097745-21-000023,8-K,2.02; 9.01,tmo-20210429.htm,https://www.sec.gov/Archives/edgar/data/97745/000009774521000023/tmo-20210429.htm,filings/TMO_0000097745_2021-04-29_0000097745-21-000023.txt,5873
TMO,THERMO FISHER SCIENTIFIC INC.,0000097745,2021-05-20,0000097745-21-000028,8-K,5.07,tmo-20210519.htm,https://www.sec.gov/Archives/edgar/data/97745/000009774521000028/tmo-20210519.htm,filings/TMO_0000097745_2021-05-20_0000097745-21-000028.txt,4718
TMO,THERMO FISHER SCIENTIFIC INC.,0000097745,2021-07-09,0000097745-21-000038,8-K,5.03; 9.01,tmo-20210708.htm,https://www.sec.gov/Archives/edgar/data/97745/000009774521000038/tmo-20210708.htm,filings/TMO_0000097745_2021-07-09_0000097745-21-000038.txt,3833
TMO,THERMO FISHER SCIENTIFIC INC.,0000097745,2021-07-28,0000097745-21-000042,8-K,2.02; 9.01,tmo-20210728.htm,https://www.sec.gov/Archives/edgar/data/97745/000009774521000042/tmo-20210728.htm,filings/TMO_0000097745_2021-07-28_0000097745-21-000042.txt,5889
TMO,THERMO FISHER SCIENTIFIC INC.,0000097745,2021-08-23,0001193125-21-253972,8-K,1.01; 8.01; 9.01,d140741d8k.htm,https://www.sec.gov/Archives/edgar/data/97745/000119312521253972/d140741d8k.htm,filings/TMO_0000097745_2021-08-23_0001193125-21-253972.txt,12602
TMO,THERMO FISHER SCIENTIFIC INC.,0000097745,2021-09-17,0000097745-21-000048,8-K,7.01,tmo-20210917.htm,https://www.sec.gov/Archives/edgar/data/97745/000009774521000048/tmo-20210917.htm,filings/TMO_0000097745_2021-09-17_0000097745-21-000048.txt,8596
TMO,THERMO FISHER SCIENTIFIC INC.,0000097745,2021-09-28,0000097745-21-000051,8-K,5.02,tmo-20210923.htm,https://www.sec.gov/Archives/edgar/data/97745/000009774521000051/tmo-20210923.htm,filings/TMO_0000097745_2021-09-28_0000097745-21-000051.txt,4533
TMO,THERMO FISHER SCIENTIFIC INC.,0000097745,2021-10-18,0001193125-21-301063,8-K,1.01; 8.01; 9.01,d282638d8k.htm,https://www.sec.gov/Archives/edgar/data/97745/000119312521301063/d282638d8k.htm,filings/TMO_0000097745_2021-10-18_0001193125-21-301063.txt,14445
TMO,THERMO FISHER SCIENTIFIC INC.,0000097745,2021-10-22,0001193125-21-305403,8-K,1.01; 8.01; 9.01,d245003d8k.htm,https://www.sec.gov/Archives/edgar/data/97745/000119312521305403/d245003d8k.htm,filings/TMO_0000097745_2021-10-22_0001193125-21-305403.txt,13844
TMO,THERMO FISHER SCIENTIFIC INC.,0000097745,2021-10-27,0000097745-21-000054,8-K,2.02; 9.01,tmo-20211027.htm,https://www.sec.gov/Archives/edgar/data/97745/000009774521000054/tmo-20211027.htm,filings/TMO_0000097745_2021-10-27_0000097745-21-000054.txt,5905
TMO,THERMO FISHER SCIENTIFIC INC.,0000097745,2021-11-18,0001193125-21-333790,8-K,1.01; 7.01; 8.01; 9.01,d201403d8k.htm,https://www.sec.gov/Archives/edgar/data/97745/000119312521333790/d201403d8k.htm,filings/TMO_0000097745_2021-11-18_0001193125-21-333790.txt,17555
TMO,THERMO FISHER SCIENTIFIC INC.,0000097745,2021-12-08,0000950157-21-001239,8-K,8.01; 9.01,form8k.htm,https://www.sec.gov/Archives/edgar/data/97745/000095015721001239/form8k.htm,filings/TMO_0000097745_2021-12-08_0000950157-21-001239.txt,3740
TMO,THERMO FISHER SCIENTIFIC INC.,0000097745,2021-12-15,0001193125-21-357356,8-K,7.01,d229743d8k.htm,https://www.sec.gov/Archives/edgar/data/97745/000119312521357356/d229743d8k.htm,filings/TMO_0000097745_2021-12-15_0001193125-21-357356.txt,5972
TMO,THERMO FISHER SCIENTIFIC INC.,0000097745,2022-01-07,0001104659-22-002262,8-K,1.01; 1.02; 2.03; 8.01; 9.01,tm221977d1_8k.htm,https://www.sec.gov/Archives/edgar/data/97745/000110465922002262/tm221977d1_8k.htm,filings/TMO_0000097745_2022-01-07_0001104659-22-002262.txt,11247
TMO,THERMO FISHER SCIENTIFIC INC.,0000097745,2022-01-21,0001193125-22-014316,8-K,7.01,d266900d8k.htm,https://www.sec.gov/Archives/edgar/data/97745/000119312522014316/d266900d8k.htm,filings/TMO_0000097745_2022-01-21_0001193125-22-014316.txt,5860
TMO,THERMO FISHER SCIENTIFIC INC.,0000097745,2022-02-02,0000097745-22-000003,8-K,2.02; 9.01,tmo-20220202.htm,https://www.sec.gov/Archives/edgar/data/97745/000009774522000003/tmo-20220202.htm,filings/TMO_0000097745_2022-02-02_0000097745-22-000003.txt,5867
TMO,THERMO FISHER SCIENTIFIC INC.,0000097745,2022-02-24,0000097745-22-000008,8-K,5.02; 9.01,tmo-20220223.htm,https://www.sec.gov/Archives/edgar/data/97745/000009774522000008/tmo-20220223.htm,filings/TMO_0000097745_2022-02-24_0000097745-22-000008.txt,5385
TMO,THERMO FISHER SCIENTIFIC INC.,0000097745,2022-04-28,0000097745-22-000022,8-K,2.02; 9.01,tmo-20220428.htm,https://www.sec.gov/Archives/edgar/data/97745/000009774522000022/tmo-20220428.htm,filings/TMO_0000097745_2022-04-28_0000097745-22-000022.txt,5836
TMO,THERMO FISHER SCIENTIFIC INC.,0000097745,2022-05-19,0000097745-22-000032,8-K,5.07,tmo-20220518.htm,https://www.sec.gov/Archives/edgar/data/97745/000009774522000032/tmo-20220518.htm,filings/TMO_0000097745_2022-05-19_0000097745-22-000032.txt,4559
TMO,THERMO FISHER SCIENTIFIC INC.,0000097745,2022-07-28,0000097745-22-000044,8-K,2.02; 9.01,tmo-20220728.htm,https://www.sec.gov/Archives/edgar/data/97745/000009774522000044/tmo-20220728.htm,filings/TMO_0000097745_2022-07-28_0000097745-22-000044.txt,3991
TMO,THERMO FISHER SCIENTIFIC INC.,0000097745,2022-10-20,0001140361-22-037956,8-K,1.01; 8.01; 9.01,ny20005499x4_8k.htm,https://www.sec.gov/Archives/edgar/data/97745/000114036122037956/ny20005499x4_8k.htm,filings/TMO_0000097745_2022-10-20_0001140361-22-037956.txt,9904
TMO,THERMO FISHER SCIENTIFIC INC.,0000097745,2022-10-26,0000097745-22-000053,8-K,2.02; 9.01,tmo-20221026.htm,https://www.sec.gov/Archives/edgar/data/97745/000009774522000053/tmo-20221026.htm,filings/TMO_0000097745_2022-10-26_0000097745-22-000053.txt,4006
TMO,THERMO FISHER SCIENTIFIC INC.,0000097745,2022-11-14,0000097745-22-000060,8-K,5.02; 9.01,tmo-20221110.htm,https://www.sec.gov/Archives/edgar/data/97745/000009774522000060/tmo-20221110.htm,filings/TMO_0000097745_2022-11-14_0000097745-22-000060.txt,4552
TMO,THERMO FISHER SCIENTIFIC INC.,0000097745,2022-11-21,0001140361-22-042550,8-K,1.01; 8.01; 9.01,ny20005859x7_8k.htm,https://www.sec.gov/Archives/edgar/data/97745/000114036122042550/ny20005859x7_8k.htm,filings/TMO_0000097745_2022-11-21_0001140361-22-042550.txt,17941
TMO,THERMO FISHER SCIENTIFIC INC.,0000097745,2023-02-01,0000097745-23-000003,8-K,2.02; 9.01,tmo-20230201.htm,https://www.sec.gov/Archives/edgar/data/97745/000009774523000003/tmo-20230201.htm,filings/TMO_0000097745_2023-02-01_0000097745-23-000003.txt,4124
TMO,THERMO FISHER SCIENTIFIC INC.,0000097745,2023-04-26,0001628280-23-013041,8-K,2.02; 9.01,tmo-20230426.htm,https://www.sec.gov/Archives/edgar/data/97745/000162828023013041/tmo-20230426.htm,filings/TMO_0000097745_2023-04-26_0001628280-23-013041.txt,4103
TMO,THERMO FISHER SCIENTIFIC INC.,0000097745,2023-05-26,0000097745-23-000042,8-K,5.02; 5.07; 9.01,tmo-20230524.htm,https://www.sec.gov/Archives/edgar/data/97745/000009774523000042/tmo-20230524.htm,filings/TMO_0000097745_2023-05-26_0000097745-23-000042.txt,7471
TMO,THERMO FISHER SCIENTIFIC INC.,0000097745,2023-07-13,0000097745-23-000051,8-K,5.02,tmo-20230713.htm,https://www.sec.gov/Archives/edgar/data/97745/000009774523000051/tmo-20230713.htm,filings/TMO_0000097745_2023-07-13_0000097745-23-000051.txt,4686
TMO,THERMO FISHER SCIENTIFIC INC.,0000097745,2023-07-26,0000097745-23-000054,8-K,2.02; 9.01,tmo-20230726.htm,https://www.sec.gov/Archives/edgar/data/97745/000009774523000054/tmo-20230726.htm,filings/TMO_0000097745_2023-07-26_0000097745-23-000054.txt,4037
TMO,THERMO FISHER SCIENTIFIC INC.,0000097745,2023-08-08,0001140361-23-038455,8-K,7.01,ny20009949x3_8k.htm,https://www.sec.gov/Archives/edgar/data/97745/000114036123038455/ny20009949x3_8k.htm,filings/TMO_0000097745_2023-08-08_0001140361-23-038455.txt,6988
TMO,THERMO FISHER SCIENTIFIC INC.,0000097745,2023-08-10,0001140361-23-039086,8-K,1.01; 8.01; 9.01,brhc20057279_8k.htm,https://www.sec.gov/Archives/edgar/data/97745/000114036123039086/brhc20057279_8k.htm,filings/TMO_0000097745_2023-08-10_0001140361-23-039086.txt,11847
TMO,THERMO FISHER SCIENTIFIC INC.,0000097745,2023-09-21,0000097745-23-000062,8-K/A,5.02,tmo-20230713.htm,https://www.sec.gov/Archives/edgar/data/97745/000009774523000062/tmo-20230713.htm,filings/TMO_0000097745_2023-09-21_0000097745-23-000062.txt,3691
TMO,THERMO FISHER SCIENTIFIC INC.,0000097745,2023-10-17,0000950157-23-001058,8-K,8.01; 9.01,form8-k.htm,https://www.sec.gov/Archives/edgar/data/97745/000095015723001058/form8-k.htm,filings/TMO_0000097745_2023-10-17_0000950157-23-001058.txt,9663
TMO,THERMO FISHER SCIENTIFIC INC.,0000097745,2023-10-25,0000097745-23-000065,8-K,2.02; 9.01,tmo-20231025.htm,https://www.sec.gov/Archives/edgar/data/97745/000009774523000065/tmo-20231025.htm,filings/TMO_0000097745_2023-10-25_0000097745-23-000065.txt,4054
TMO,THERMO FISHER SCIENTIFIC INC.,0000097745,2023-11-07,0000097745-23-000072,8-K,5.04; 9.01,tmo-20231107.htm,https://www.sec.gov/Archives/edgar/data/97745/000009774523000072/tmo-20231107.htm,filings/TMO_0000097745_2023-11-07_0000097745-23-000072.txt,5774
TMO,THERMO FISHER SCIENTIFIC INC.,0000097745,2023-12-05,0001140361-23-056365,8-K,1.01; 8.01; 9.01,ny20015413x4_8k.htm,https://www.sec.gov/Archives/edgar/data/97745/000114036123056365/ny20015413x4_8k.htm,filings/TMO_0000097745_2023-12-05_0001140361-23-056365.txt,11170
TMO,THERMO FISHER SCIENTIFIC INC.,0000097745,2024-01-31,0000097745-24-000003,8-K,2.02; 9.01,tmo-20240131.htm,https://www.sec.gov/Archives/edgar/data/97745/000009774524000003/tmo-20240131.htm,filings/TMO_0000097745_2024-01-31_0000097745-24-000003.txt,4062
TMO,THERMO FISHER SCIENTIFIC INC.,0000097745,2024-04-24,0000097745-24-000019,8-K,2.02; 9.01,tmo-20240424.htm,https://www.sec.gov/Archives/edgar/data/97745/000009774524000019/tmo-20240424.htm,filings/TMO_0000097745_2024-04-24_0000097745-24-000019.txt,4063
TMO,THERMO FISHER SCIENTIFIC INC.,0000097745,2024-05-24,0000097745-24-000026,8-K,5.07,tmo-20240522.htm,https://www.sec.gov/Archives/edgar/data/97745/000009774524000026/tmo-20240522.htm,filings/TMO_0000097745_2024-05-24_0000097745-24-000026.txt,4705
TMO,THERMO FISHER SCIENTIFIC INC.,0000097745,2024-07-10,0000950157-24-000978,8-K,8.01; 9.01,form8-k.htm,https://www.sec.gov/Archives/edgar/data/97745/000095015724000978/form8-k.htm,filings/TMO_0000097745_2024-07-10_0000950157-24-000978.txt,5187
TMO,THERMO FISHER SCIENTIFIC INC.,0000097745,2024-07-24,0000097745-24-000036,8-K,2.02; 9.01,tmo-20240724.htm,https://www.sec.gov/Archives/edgar/data/97745/000009774524000036/tmo-20240724.htm,filings/TMO_0000097745_2024-07-24_0000097745-24-000036.txt,4058
TMO,THERMO FISHER SCIENTIFIC INC.,0000097745,2024-10-23,0000097745-24-000043,8-K,2.02; 9.01,tmo-20241023.htm,https://www.sec.gov/Archives/edgar/data/97745/000009774524000043/tmo-20241023.htm,filings/TMO_0000097745_2024-10-23_0000097745-24-000043.txt,4021
TSLA,"Tesla, Inc.",0001318605,2021-01-04,0001564590-21-000010,8-K,1.01,tsla-8k_20201229.htm,https://www.sec.gov/Archives/edgar/data/1318605/000156459021000010/tsla-8k_20201229.htm,filings/TSLA_0001318605_2021-01-04_0001564590-21-000010.txt,3244
TSLA,"Tesla, Inc.",0001318605,2021-01-04,0001564590-21-000008,8-K,2.02; 7.01; 9.01,tsla-8k_20210102.htm,https://www.sec.gov/Archives/edgar/data/1318605/000156459021000008/tsla-8k_20210102.htm,filings/TSLA_0001318605_2021-01-04_0001564590-21-000008.txt,3121
TSLA,"Tesla, Inc.",0001318605,2021-01-27,0001564590-21-002645,8-K,2.02; 9.01,tsla-8k_20210127.htm,https://www.sec.gov/Archives/edgar/data/1318605/000156459021002645/tsla-8k_20210127.htm,filings/TSLA_0001318605_2021-01-27_0001564590-21-002645.txt,3294
TSLA,"Tesla, Inc.",0001318605,2021-03-15,0001564590-21-012981,8-K,8.01,tsla-8k_20210315.htm,https://www.sec.gov/Archives/edgar/data/1318605/000156459021012981/tsla-8k_20210315.htm,filings/TSLA_0001318605_2021-03-15_0001564590-21-012981.txt,2525
TSLA,"Tesla, Inc.",0001318605,2021-03-15,0001564590-21-012962,8-K,5.02,tsla-8k_20210311.htm,https://www.sec.gov/Archives/edgar/data/1318605/000156459021012962/tsla-8k_20210311.htm,filings/TSLA_0001318605_2021-03-15_0001564590-21-012962.txt,3077
TSLA,"Tesla, Inc.",0001318605,2021-04-02,0001564590-21-017443,8-K,2.02; 7.01; 9.01,tsla-8k_20210402.htm,https://www.sec.gov/Archives/edgar/data/1318605/000156459021017443/tsla-8k_20210402.htm,filings/TSLA_0001318605_2021-04-02_0001564590-21-017443.txt,3103
TSLA,"Tesla, Inc.",0001318605,2021-04-26,0001564590-21-020558,8-K,2.02; 9.01,tsla-8k_20210426.htm,https://www.sec.gov/Archives/edgar/data/1318605/000156459021020558/tsla-8k_20210426.htm,filings/TSLA_0001318605_2021-04-26_0001564590-21-020558.txt,3242
TSLA,"Tesla, Inc.",0001318605,2021-06-07,0001564590-21-031976,8-K,5.02,tsla-8k_20210603.htm,https://www.sec.gov/Archives/edgar/data/1318605/000156459021031976/tsla-8k_20210603.htm,filings/TSLA_0001318605_2021-06-07_0001564590-21-031976.txt,2549
TSLA,"Tesla, Inc.",0001318605,2021-07-02,0000950170-21-000423,8-K,2.02; 7.01; 9.01,tsla-20210702.htm,https://www.sec.gov/Archives/edgar/data/1318605/000095017021000423/tsla-20210702.htm,filings/TSLA_0001318605_2021-07-02_0000950170-21-000423.txt,3132
TSLA,"Tesla, Inc.",0001318605,2021-07-26,0001564590-21-037953,8-K,2.02; 9.01,tsla-8k_20210726.htm,https://www.sec.gov/Archives/edgar/data/1318605/000156459021037953/tsla-8k_20210726.htm,filings/TSLA_0001318605_2021-07-26_0001564590-21-037953.txt,3239
TSLA,"Tesla, Inc.",0001318605,2021-08-30,0001564590-21-046390,8-K,1.01,tsla-8k_20210827.htm,https://www.sec.gov/Archives/edgar/data/1318605/000156459021046390/tsla-8k_20210827.htm,filings/TSLA_0001318605_2021-08-30_0001564590-21-046390.txt,2693
TSLA,"Tesla, Inc.",0001318605,2021-10-04,0001564590-21-049874,8-K,2.02; 7.01; 9.01,tsla-8k_20211002.htm,https://www.sec.gov/Archives/edgar/data/1318605/000156459021049874/tsla-8k_20211002.htm,filings/TSLA_0001318605_2021-10-04_0001564590-21-049874.txt,3111
TSLA,"Tesla, Inc.",0001318605,2021-10-13,0001564590-21-050737,8-K,5.07,tsla-8k_20211007.htm,https://www.sec.gov/Archives/edgar/data/1318605/000156459021050737/tsla-8k_20211007.htm,filings/TSLA_0001318605_2021-10-13_0001564590-21-050737.txt,5468
TSLA,"Tesla, Inc.",0001318605,2021-10-20,0001564590-21-051307,8-K,2.02; 9.01,tsla-8k_20211020.htm,https://www.sec.gov/Archives/edgar/data/1318605/000156459021051307/tsla-8k_20211020.htm,filings/TSLA_0001318605_2021-10-20_0001564590-21-051307.txt,3254
TSLA,"Tesla, Inc.",0001318605,2021-12-01,0001564590-21-058953,8-K,8.01,tsla-8k_20211201.htm,https://www.sec.gov/Archives/edgar/data/1318605/000156459021058953/tsla-8k_20211201.htm,filings/TSLA_0001318605_2021-12-01_0001564590-21-058953.txt,2404
TSLA,"Tesla, Inc.",0001318605,2022-01-03,0001564590-22-000009,8-K,2.02; 7.01; 9.01,tsla-8k_20220102.htm,https://www.sec.gov/Archives/edgar/data/1318605/000156459022000009/tsla-8k_20220102.htm,filings/TSLA_0001318605_2022-01-03_0001564590-22-000009.txt,3106
TSLA,"Tesla, Inc.",0001318605,2022-01-26,0001564590-22-002476,8-K,2.02; 9.01,tsla-8k_20220126.htm,https://www.sec.gov/Archives/edgar/data/1318605/000156459022002476/tsla-8k_20220126.htm,filings/TSLA_0001318605_2022-01-26_0001564590-22-002476.txt,3282
TSLA,"Tesla, Inc.",0001318605,2022-03-28,0001564590-22-011875,8-K,8.01,tsla-8k_20220328.htm,https://www.sec.gov/Archives/edgar/data/1318605/000156459022011875/tsla-8k_20220328.htm,filings/TSLA_0001318605_2022-03-28_0001564590-22-011875.txt,4217
TSLA,"Tesla, Inc.",0001318605,2022-04-04,0001564590-22-013264,8-K,2.02; 7.01; 9.01,tsla-8k_20220402.htm,https://www.sec.gov/Archives/edgar/data/1318605/000156459022013264/tsla-8k_20220402.htm,filings/TSLA_0001318605_2022-04-04_0001564590-22-013264.txt,3087
TSLA,"Tesla, Inc.",0001318605,2022-04-20,0001564590-22-014917,8-K,2.02; 9.01,tsla-8k_20220420.htm,https://www.sec.gov/Archives/edgar/data/1318605/000156459022014917/tsla-8k_20220420.htm,filings/TSLA_0001318605_2022-04-20_0001564590-22-014917.txt,3226
TSLA,"Tesla, Inc.",0001318605,2022-05-03,0001564590-22-017214,8-K,8.01,tsla-8k_20220502.htm,https://www.sec.gov/Archives/edgar/data/1318605/000156459022017214/tsla-8k_20220502.htm,filings/TSLA_0001318605_2022-05-03_0001564590-22-017214.txt,3891
TSLA,"Tesla, Inc.",0001318605,2022-07-05,0001564590-22-025153,8-K,2.02; 7.01; 9.01,tsla-8k_20220702.htm,https://www.sec.gov/Archives/edgar/data/1318605/000156459022025153/tsla-8k_20220702.htm,filings/TSLA_0001318605_2022-07-05_0001564590-22-025153.txt,3083
TSLA,"Tesla, Inc.",0001318605,2022-07-20,0001564590-22-026048,8-K,2.02; 9.01,tsla-8k_20220720.htm,https://www.sec.gov/Archives/edgar/data/1318605/000156459022026048/tsla-8k_20220720.htm,filings/TSLA_0001318605_2022-07-20_0001564590-22-026048.txt,3223
TSLA,"Tesla, Inc.",0001318605,2022-08-05,0001564590-22-028207,8-K,5.07; 8.01; 9.01,tsla-8k_20220804.htm,https://www.sec.gov/Archives/edgar/data/1318605/000156459022028207/tsla-8k_20220804.htm,filings/TSLA_0001318605_2022-08-05_0001564590-22-028207.txt,7008
TSLA,"Tesla, Inc.",0001318605,2022-09-28,0001564590-22-032575,8-K,5.02; 9.01,tsla-8k_20220925.htm,https://www.sec.gov/Archives/edgar/data/1318605/000156459022032575/tsla-8k_20220925.htm,filings/TSLA_0001318605_2022-09-28_0001564590-22-032575.txt,3610
TSLA,"Tesla, Inc.",0001318605,2022-10-03,0001564590-22-033053,8-K,2.02; 7.01; 9.01,tsla-8k_20221002.htm,https://www.sec.gov/Archives/edgar/data/1318605/000156459022033053/tsla-8k_20221002.htm,filings/TSLA_0001318605_2022-10-03_0001564590-22-033053.txt,3095
TSLA,"Tesla, Inc.",0001318605,2022-10-19,0001564590-22-034639,8-K,2.02; 9.01,tsla-8k_20221019.htm,https://www.sec.gov/Archives/edgar/data/1318605/000156459022034639/tsla-8k_20221019.htm,filings/TSLA_0001318605_2022-10-19_0001564590-22-034639.txt,3238
TSLA,"Tesla, Inc.",0001318605,2023-01-03,0001564590-23-000002,8-K,2.02; 8.01; 9.01,tsla-8k_20230102.htm,https://www.sec.gov/Archives/edgar/data/1318605/000156459023000002/tsla-8k_20230102.htm,filings/TSLA_0001318605_2023-01-03_0001564590-23-000002.txt,3391
TSLA,"Tesla, Inc.",0001318605,2023-01-25,0001564590-23-000799,8-K,1.01; 1.02; 2.02; 2.03; 9.01,tsla-8k_20230120.htm,https://www.sec.gov/Archives/edgar/data/1318605/000156459023000799/tsla-8k_20230120.htm,filings/TSLA_0001318605_2023-01-25_0001564590-23-000799.txt,7055
TSLA,"Tesla, Inc.",0001318605,2023-04-03,0001564590-23-005126,8-K,2.02; 9.01,tsla-8k_20230402.htm,https://www.sec.gov/Archives/edgar/data/1318605/000156459023005126/tsla-8k_20230402.htm,filings/TSLA_0001318605_2023-04-03_0001564590-23-005126.txt,3039
TSLA,"Tesla, Inc.",0001318605,2023-04-05,0001564590-23-005462,8-K,5.03; 9.01,tsla-8k_20230330.htm,https://www.sec.gov/Archives/edgar/data/1318605/000156459023005462/tsla-8k_20230330.htm,filings/TSLA_0001318605_2023-04-05_0001564590-23-005462.txt,4223
TSLA,"Tesla, Inc.",0001318605,2023-04-19,0001564590-23-005959,8-K,2.02; 9.01,tsla-8k_20230419.htm,https://www.sec.gov/Archives/edgar/data/1318605/000156459023005959/tsla-8k_20230419.htm,filings/TSLA_0001318605_2023-04-19_0001564590-23-005959.txt,3226
TSLA,"Tesla, Inc.",0001318605,2023-05-22,0001564590-23-007379,8-K,5.07,tsla-8k_20230516.htm,https://www.sec.gov/Archives/edgar/data/1318605/000156459023007379/tsla-8k_20230516.htm,filings/TSLA_0001318605_2023-05-22_0001564590-23-007379.txt,4536
TSLA,"Tesla, Inc.",0001318605,2023-07-03,0000950170-23-031241,8-K,2.02; 9.01,tsla-20230702.htm,https://www.sec.gov/Archives/edgar/data/1318605/000095017023031241/tsla-20230702.htm,filings/TSLA_0001318605_2023-07-03_0000950170-23-031241.txt,3033
TSLA,"Tesla, Inc.",0001318605,2023-07-19,0000950170-23-033544,8-K,2.02; 9.01,tsla-20230719.htm,https://www.sec.gov/Archives/edgar/data/1318605/000095017023033544/tsla-20230719.htm,filings/TSLA_0001318605_2023-07-19_0000950170-23-033544.txt,3218
TSLA,"Tesla, Inc.",0001318605,2023-07-20,0000950170-23-033695,8-K,8.01; 9.01,tsla-20230719.htm,https://www.sec.gov/Archives/edgar/data/1318605/000095017023033695/tsla-20230719.htm,filings/TSLA_0001318605_2023-07-20_0000950170-23-033695.txt,4167
TSLA,"Tesla, Inc.",0001318605,2023-08-07,0000950170-23-038779,8-K,5.02,tsla-20230804.htm,https://www.sec.gov/Archives/edgar/data/1318605/000095017023038779/tsla-20230804.htm,filings/TSLA_0001318605_2023-08-07_0000950170-23-038779.txt,3392
TSLA,"Tesla, Inc.",0001318605,2023-10-02,0000950170-23-050938,8-K,2.02; 9.01,tsla-20231002.htm,https://www.sec.gov/Archives/edgar/data/1318605/000095017023050938/tsla-20231002.htm,filings/TSLA_0001318605_2023-10-02_0000950170-23-050938.txt,3054
TSLA,"Tesla, Inc.",0001318605,2023-10-10,0000950170-23-052618,8-K/A,5.07,tsla-20230516.htm,https://www.sec.gov/Archives/edgar/data/1318605/000095017023052618/tsla-20230516.htm,filings/TSLA_0001318605_2023-10-10_0000950170-23-052618.txt,3595
TSLA,"Tesla, Inc.",0001318605,2023-10-18,0001628280-23-034588,8-K,2.02; 9.01,tsla-20231018.htm,https://www.sec.gov/Archives/edgar/data/1318605/000162828023034588/tsla-20231018.htm,filings/TSLA_0001318605_2023-10-18_0001628280-23-034588.txt,3193
TSLA,"Tesla, Inc.",0001318605,2024-01-02,0000950170-24-000282,8-K,2.02; 9.01,tsla-20240102.htm,https://www.sec.gov/Archives/edgar/data/1318605/000095017024000282/tsla-20240102.htm,filings/TSLA_0001318605_2024-01-02_0000950170-24-000282.txt,3054
TSLA,"Tesla, Inc.",0001318605,2024-01-24,0000950170-24-007073,8-K,2.02; 9.01,tsla-20240124.htm,https://www.sec.gov/Archives/edgar/data/1318605/000095017024007073/tsla-20240124.htm,filings/TSLA_0001318605_2024-01-24_0000950170-24-007073.txt,3286
TSLA,"Tesla, Inc.",0001318605,2024-04-02,0000950170-24-040274,8-K,2.02; 9.01,tsla-20240402.htm,https://www.sec.gov/Archives/edgar/data/1318605/000095017024040274/tsla-20240402.htm,filings/TSLA_0001318605_2024-04-02_0000950170-24-040274.txt,3046
TSLA,"Tesla, Inc.",0001318605,2024-04-16,0000950170-24-044588,8-K,5.02; 8.01,tsla-20240414.htm,https://www.sec.gov/Archives/edgar/data/1318605/000095017024044588/tsla-20240414.htm,filings/TSLA_0001318605_2024-04-16_0000950170-24-044588.txt,3436
TSLA,"Tesla, Inc.",0001318605,2024-04-23,0000950170-24-046895,8-K,2.02; 9.01,tsla-20240423.htm,https://www.sec.gov/Archives/edgar/data/1318605/000095017024046895/tsla-20240423.htm,filings/TSLA_0001318605_2024-04-23_0000950170-24-046895.txt,3229
TSLA,"Tesla, Inc.",0001318605,2024-06-14,0001104659-24-071439,8-K,5.07,tm2413800d31_8k.htm,https://www.sec.gov/Archives/edgar/data/1318605/000110465924071439/tm2413800d31_8k.htm,filings/TSLA_0001318605_2024-06-14_0001104659-24-071439.txt,9310
TSLA,"Tesla, Inc.",0001318605,2024-07-02,0001628280-24-030714,8-K,2.02; 9.01,tsla-20240702.htm,https://www.sec.gov/Archives/edgar/data/1318605/000162828024030714/tsla-20240702.htm,filings/TSLA_0001318605_2024-07-02_0001628280-24-030714.txt,2995
TSLA,"Tesla, Inc.",0001318605,2024-07-23,0001628280-24-032603,8-K,2.02; 9.01,tsla-20240723.htm,https://www.sec.gov/Archives/edgar/data/1318605/000162828024032603/tsla-20240723.htm,filings/TSLA_0001318605_2024-07-23_0001628280-24-032603.txt,3166
TSLA,"Tesla, Inc.",0001318605,2024-10-02,0001628280-24-041816,8-K,2.02; 9.01,tsla-20241002.htm,https://www.sec.gov/Archives/edgar/data/1318605/000162828024041816/tsla-20241002.htm,filings/TSLA_0001318605_2024-10-02_0001628280-24-041816.txt,3007
TSLA,"Tesla, Inc.",0001318605,2024-10-23,0001628280-24-043432,8-K,2.02; 9.01,tsla-20241023.htm,https://www.sec.gov/Archives/edgar/data/1318605/000162828024043432/tsla-20241023.htm,filings/TSLA_0001318605_2024-10-23_0001628280-24-043432.txt,3181
TXN,TEXAS INSTRUMENTS INC,0000097476,2021-01-26,0000097476-21-000003,8-K,2.02; 9.01,txn-20210126.htm,https://www.sec.gov/Archives/edgar/data/97476/000009747621000003/txn-20210126.htm,filings/TXN_0000097476_2021-01-26_0000097476-21-000003.txt,3425
TXN,TEXAS INSTRUMENTS INC,0000097476,2021-04-27,0000097476-21-000011,8-K,2.02; 9.01,txn-20210427.htm,https://www.sec.gov/Archives/edgar/data/97476/000009747621000011/txn-20210427.htm,filings/TXN_0000097476_2021-04-27_0000097476-21-000011.txt,3407
TXN,TEXAS INSTRUMENTS INC,0000097476,2021-04-28,0001193125-21-136852,8-K,5.02,d180778d8k.htm,https://www.sec.gov/Archives/edgar/data/97476/000119312521136852/d180778d8k.htm,filings/TXN_0000097476_2021-04-28_0001193125-21-136852.txt,2950
TXN,TEXAS INSTRUMENTS INC,0000097476,2021-04-28,0001193125-21-136843,8-K,5.07,d176870d8k.htm,https://www.sec.gov/Archives/edgar/data/97476/000119312521136843/d176870d8k.htm,filings/TXN_0000097476_2021-04-28_0001193125-21-136843.txt,4078
TXN,TEXAS INSTRUMENTS INC,0000097476,2021-07-21,0000097476-21-000019,8-K,2.02; 9.01,txn-20210721.htm,https://www.sec.gov/Archives/edgar/data/97476/000009747621000019/txn-20210721.htm,filings/TXN_0000097476_2021-07-21_0000097476-21-000019.txt,3403
TXN,TEXAS INSTRUMENTS INC,0000097476,2021-09-15,0001193125-21-273955,8-K,8.01; 9.01,d226154d8k.htm,https://www.sec.gov/Archives/edgar/data/97476/000119312521273955/d226154d8k.htm,filings/TXN_0000097476_2021-09-15_0001193125-21-273955.txt,4328
TXN,TEXAS INSTRUMENTS INC,0000097476,2021-09-15,0000097476-21-000025,8-K,8.01,txn-20210915.htm,https://www.sec.gov/Archives/edgar/data/97476/000009747621000025/txn-20210915.htm,filings/TXN_0000097476_2021-09-15_0000097476-21-000025.txt,2658
TXN,TEXAS INSTRUMENTS INC,0000097476,2021-10-26,0000097476-21-000030,8-K,2.02; 9.01,txn-20211026.htm,https://www.sec.gov/Archives/edgar/data/97476/000009747621000030/txn-20211026.htm,filings/TXN_0000097476_2021-10-26_0000097476-21-000030.txt,3415
TXN,TEXAS INSTRUMENTS INC,0000097476,2021-12-07,0001193125-21-350324,8-K,5.02; 7.01; 9.01,d444198d8k.htm,https://www.sec.gov/Archives/edgar/data/97476/000119312521350324/d444198d8k.htm,filings/TXN_0000097476_2021-12-07_0001193125-21-350324.txt,3266
TXN,TEXAS INSTRUMENTS INC,0000097476,2022-01-25,0000097476-22-000004,8-K,2.02; 9.01,txn-20220125.htm,https://www.sec.gov/Archives/edgar/data/97476/000009747622000004/txn-20220125.htm,filings/TXN_0000097476_2022-01-25_0000097476-22-000004.txt,3426
TXN,TEXAS INSTRUMENTS INC,0000097476,2022-01-26,0001193125-22-018409,8-K,5.03; 9.01,d252810d8k.htm,https://www.sec.gov/Archives/edgar/data/97476/000119312522018409/d252810d8k.htm,filings/TXN_0000097476_2022-01-26_0001193125-22-018409.txt,3270
TXN,TEXAS INSTRUMENTS INC,0000097476,2022-04-26,0000097476-22-000026,8-K,2.02; 9.01,txn-20220426.htm,https://www.sec.gov/Archives/edgar/data/97476/000009747622000026/txn-20220426.htm,filings/TXN_0000097476_2022-04-26_0000097476-22-000026.txt,3407
TXN,TEXAS INSTRUMENTS INC,0000097476,2022-04-29,0000097476-22-000034,8-K,5.07,txn-20220428.htm,https://www.sec.gov/Archives/edgar/data/97476/000009747622000034/txn-20220428.htm,filings/TXN_0000097476_2022-04-29_0000097476-22-000034.txt,4033
TXN,TEXAS INSTRUMENTS INC,0000097476,2022-07-26,0000097476-22-000038,8-K,2.02; 9.01,txn-20220726.htm,https://www.sec.gov/Archives/edgar/data/97476/000009747622000038/txn-20220726.htm,filings/TXN_0000097476_2022-07-26_0000097476-22-000038.txt,3404
TXN,TEXAS INSTRUMENTS INC,0000097476,2022-08-16,0001193125-22-222326,8-K,8.01; 9.01,d393354d8k.htm,https://www.sec.gov/Archives/edgar/data/97476/000119312522222326/d393354d8k.htm,filings/TXN_0000097476_2022-08-16_0001193125-22-222326.txt,4239
TXN,TEXAS INSTRUMENTS INC,0000097476,2022-09-15,0000097476-22-000043,8-K,8.01,txn-20220915.htm,https://www.sec.gov/Archives/edgar/data/97476/000009747622000043/txn-20220915.htm,filings/TXN_0000097476_2022-09-15_0000097476-22-000043.txt,2687
TXN,TEXAS INSTRUMENTS INC,0000097476,2022-10-25,0000097476-22-000047,8-K,2.02; 9.01,txn-20221025.htm,https://www.sec.gov/Archives/edgar/data/97476/000009747622000047/txn-20221025.htm,filings/TXN_0000097476_2022-10-25_0000097476-22-000047.txt,3415
TXN,TEXAS INSTRUMENTS INC,0000097476,2022-11-18,0001193125-22-288982,8-K,8.01; 9.01,d105858d8k.htm,https://www.sec.gov/Archives/edgar/data/97476/000119312522288982/d105858d8k.htm,filings/TXN_0000097476_2022-11-18_0001193125-22-288982.txt,4245
TXN,TEXAS INSTRUMENTS INC,0000097476,2023-01-20,0001193125-23-011991,8-K,5.02,d398525d8k.htm,https://www.sec.gov/Archives/edgar/data/97476/000119312523011991/d398525d8k.htm,filings/TXN_0000097476_2023-01-20_0001193125-23-011991.txt,3170
TXN,TEXAS INSTRUMENTS INC,0000097476,2023-01-24,0000097476-23-000003,8-K,2.02; 9.01,txn-20230124.htm,https://www.sec.gov/Archives/edgar/data/97476/000009747623000003/txn-20230124.htm,filings/TXN_0000097476_2023-01-24_0000097476-23-000003.txt,3425
TXN,TEXAS INSTRUMENTS INC,0000097476,2023-02-16,0001193125-23-041080,8-K,5.02; 7.01; 9.01,d457016d8k.htm,https://www.sec.gov/Archives/edgar/data/97476/000119312523041080/d457016d8k.htm,filings/TXN_0000097476_2023-02-16_0001193125-23-041080.txt,3944
TXN,TEXAS INSTRUMENTS INC,0000097476,2023-03-14,0001193125-23-070157,8-K,8.01; 9.01,d443336d8k.htm,https://www.sec.gov/Archives/edgar/data/97476/000119312523070157/d443336d8k.htm,filings/TXN_0000097476_2023-03-14_0001193125-23-070157.txt,4214
TXN,TEXAS INSTRUMENTS INC,0000097476,2023-04-25,0000097476-23-000023,8-K,2.02; 9.01,txn-20230425.htm,https://www.sec.gov/Archives/edgar/data/97476/000009747623000023/txn-20230425.htm,filings/TXN_0000097476_2023-04-25_0000097476-23-000023.txt,3407
TXN,TEXAS INSTRUMENTS INC,0000097476,2023-05-03,0000097476-23-000029,8-K,5.07,txn-20230427.htm,https://www.sec.gov/Archives/edgar/data/97476/000009747623000029/txn-20230427.htm,filings/TXN_0000097476_2023-05-03_0000097476-23-000029.txt,4823
TXN,TEXAS INSTRUMENTS INC,0000097476,2023-05-18,0001193125-23-148183,8-K,8.01; 9.01,d468248d8k.htm,https://www.sec.gov/Archives/edgar/data/97476/000119312523148183/d468248d8k.htm,filings/TXN_0000097476_2023-05-18_0001193125-23-148183.txt,4784
TXN,TEXAS INSTRUMENTS INC,0000097476,2023-07-25,0000097476-23-000033,8-K,2.02; 9.01,txn-20230725.htm,https://www.sec.gov/Archives/edgar/data/97476/000009747623000033/txn-20230725.htm,filings/TXN_0000097476_2023-07-25_0000097476-23-000033.txt,3404
TXN,TEXAS INSTRUMENTS INC,0000097476,2023-09-21,0000950103-23-013859,8-K,8.01; 9.01,dp200197_8k.htm,https://www.sec.gov/Archives/edgar/data/97476/000095010323013859/dp200197_8k.htm,filings/TXN_0000097476_2023-09-21_0000950103-23-013859.txt,2841
TXN,TEXAS INSTRUMENTS INC,0000097476,2023-10-24,0000097476-23-000039,8-K,2.02; 9.01,txn-20231024.htm,https://www.sec.gov/Archives/edgar/data/97476/000009747623000039/txn-20231024.htm,filings/TXN_0000097476_2023-10-24_0000097476-23-000039.txt,3416
TXN,TEXAS INSTRUMENTS INC,0000097476,2024-01-12,0001193125-24-007559,8-K,5.02,d154904d8k.htm,https://www.sec.gov/Archives/edgar/data/97476/000119312524007559/d154904d8k.htm,filings/TXN_0000097476_2024-01-12_0001193125-24-007559.txt,2579
TXN,TEXAS INSTRUMENTS INC,0000097476,2024-01-23,0000097476-24-000004,8-K,2.02; 9.01,txn-20240123.htm,https://www.sec.gov/Archives/edgar/data/97476/000009747624000004/txn-20240123.htm,filings/TXN_0000097476_2024-01-23_0000097476-24-000004.txt,3426
TXN,TEXAS INSTRUMENTS INC,0000097476,2024-02-08,0001193125-24-028127,8-K,8.01; 9.01,d770733d8k.htm,https://www.sec.gov/Archives/edgar/data/97476/000119312524028127/d770733d8k.htm,filings/TXN_0000097476_2024-02-08_0001193125-24-028127.txt,4905
TXN,TEXAS INSTRUMENTS INC,0000097476,2024-02-20,0001193125-24-040151,8-K,5.02; 7.01; 9.01,d778571d8k.htm,https://www.sec.gov/Archives/edgar/data/97476/000119312524040151/d778571d8k.htm,filings/TXN_0000097476_2024-02-20_0001193125-24-040151.txt,3871
TXN,TEXAS INSTRUMENTS INC,0000097476,2024-04-23,0000097476-24-000020,8-K,2.02; 9.01,txn-20240423.htm,https://www.sec.gov/Archives/edgar/data/97476/000009747624000020/txn-20240423.htm,filings/TXN_0000097476_2024-04-23_0000097476-24-000020.txt,3408
TXN,TEXAS INSTRUMENTS INC,0000097476,2024-04-26,0000097476-24-000024,8-K,5.02; 5.07,txn-20240425.htm,https://www.sec.gov/Archives/edgar/data/97476/000009747624000024/txn-20240425.htm,filings/TXN_0000097476_2024-04-26_0000097476-24-000024.txt,5802
TXN,TEXAS INSTRUMENTS INC,0000097476,2024-07-23,0000097476-24-000029,8-K,2.02; 9.01,txn-20240723.htm,https://www.sec.gov/Archives/edgar/data/97476/000009747624000029/txn-20240723.htm,filings/TXN_0000097476_2024-07-23_0000097476-24-000029.txt,3405
TXN,TEXAS INSTRUMENTS INC,0000097476,2024-09-19,0000097476-24-000036,8-K,8.01; 9.01,txn-20240919.htm,https://www.sec.gov/Archives/edgar/data/97476/000009747624000036/txn-20240919.htm,filings/TXN_0000097476_2024-09-19_0000097476-24-000036.txt,2686
TXN,TEXAS INSTRUMENTS INC,0000097476,2024-10-22,0000097476-24-000040,8-K,2.02; 9.01,txn-20241022.htm,https://www.sec.gov/Archives/edgar/data/97476/000009747624000040/txn-20241022.htm,filings/TXN_0000097476_2024-10-22_0000097476-24-000040.txt,3416
UNH,UNITEDHEALTH GROUP INC,0000731766,2021-01-06,0001193125-21-002419,8-K,7.01; 9.01,d60247d8k.htm,https://www.sec.gov/Archives/edgar/data/731766/000119312521002419/d60247d8k.htm,filings/UNH_0000731766_2021-01-06_0001193125-21-002419.txt,3498
UNH,UNITEDHEALTH GROUP INC,0000731766,2021-01-20,0000731766-21-000002,8-K,2.02; 9.01,unh-20210120.htm,https://www.sec.gov/Archives/edgar/data/731766/000073176621000002/unh-20210120.htm,filings/UNH_0000731766_2021-01-20_0000731766-21-000002.txt,3242
UNH,UNITEDHEALTH GROUP INC,0000731766,2021-02-08,0000731766-21-000004,8-K,5.02; 9.01,unh-20210202.htm,https://www.sec.gov/Archives/edgar/data/731766/000073176621000004/unh-20210202.htm,filings/UNH_0000731766_2021-02-08_0000731766-21-000004.txt,5104
UNH,UNITEDHEALTH GROUP INC,0000731766,2021-02-26,0000731766-21-000010,8-K,5.02; 5.03; 9.01,unh-20210222.htm,https://www.sec.gov/Archives/edgar/data/731766/000073176621000010/unh-20210222.htm,filings/UNH_0000731766_2021-02-26_0000731766-21-000010.txt,3868
UNH,UNITEDHEALTH GROUP INC,0000731766,2021-03-08,0000731766-21-000015,8-K,7.01,unh-20210308.htm,https://www.sec.gov/Archives/edgar/data/731766/000073176621000015/unh-20210308.htm,filings/UNH_0000731766_2021-03-08_0000731766-21-000015.txt,3289
UNH,UNITEDHEALTH GROUP INC,0000731766,2021-04-15,0000731766-21-000018,8-K,2.02; 9.01,unh-20210415.htm,https://www.sec.gov/Archives/edgar/data/731766/000073176621000018/unh-20210415.htm,filings/UNH_0000731766_2021-04-15_0000731766-21-000018.txt,3218
UNH,UNITEDHEALTH GROUP INC,0000731766,2021-05-07,0000731766-21-000023,8-K,7.01,unh-20210507.htm,https://www.sec.gov/Archives/edgar/data/731766/000073176621000023/unh-20210507.htm,filings/UNH_0000731766_2021-05-07_0000731766-21-000023.txt,3300
UNH,UNITEDHEALTH GROUP INC,0000731766,2021-05-19,0001193125-21-166654,8-K,8.01; 9.01,d146030d8k.htm,https://www.sec.gov/Archives/edgar/data/731766/000119312521166654/d146030d8k.htm,filings/UNH_0000731766_2021-05-19_0001193125-21-166654.txt,6854
UNH,UNITEDHEALTH GROUP INC,0000731766,2021-05-28,0000731766-21-000025,8-K,7.01,unh-20210528.htm,https://www.sec.gov/Archives/edgar/data/731766/000073176621000025/unh-20210528.htm,filings/UNH_0000731766_2021-05-28_0000731766-21-000025.txt,3300
UNH,UNITEDHEALTH GROUP INC,0000731766,2021-06-11,0000731766-21-000028,8-K,5.07,unh-20210607.htm,https://www.sec.gov/Archives/edgar/data/731766/000073176621000028/unh-20210607.htm,filings/UNH_0000731766_2021-06-11_0000731766-21-000028.txt,4617
UNH,UNITEDHEALTH GROUP INC,0000731766,2021-07-15,0000731766-21-000033,8-K,2.02; 9.01,unh-20210715.htm,https://www.sec.gov/Archives/edgar/data/731766/000073176621000033/unh-20210715.htm,filings/UNH_0000731766_2021-07-15_0000731766-21-000033.txt,3216
UNH,UNITEDHEALTH GROUP INC,0000731766,2021-10-14,0000731766-21-000040,8-K,2.02; 9.01,unh-20211014.htm,https://www.sec.gov/Archives/edgar/data/731766/000073176621000040/unh-20211014.htm,filings/UNH_0000731766_2021-10-14_0000731766-21-000040.txt,3227
UNH,UNITEDHEALTH GROUP INC,0000731766,2021-11-08,0000731766-21-000053,8-K,5.02,unh-20211102.htm,https://www.sec.gov/Archives/edgar/data/731766/000073176621000053/unh-20211102.htm,filings/UNH_0000731766_2021-11-08_0000731766-21-000053.txt,4964
UNH,UNITEDHEALTH GROUP INC,0000731766,2021-11-23,0000731766-21-000055,8-K,7.01; 9.01,unh-20211123.htm,https://www.sec.gov/Archives/edgar/data/731766/000073176621000055/unh-20211123.htm,filings/UNH_0000731766_2021-11-23_0000731766-21-000055.txt,3609
UNH,UNITEDHEALTH GROUP INC,0000731766,2021-11-29,0000731766-21-000057,8-K,7.01; 9.01,unh-20211129.htm,https://www.sec.gov/Archives/edgar/data/731766/000073176621000057/unh-20211129.htm,filings/UNH_0000731766_2021-11-29_0000731766-21-000057.txt,3649
UNH,UNITEDHEALTH GROUP INC,0000731766,2022-01-19,0000731766-22-000004,8-K,2.02; 9.01,unh-20220119.htm,https://www.sec.gov/Archives/edgar/data/731766/000073176622000004/unh-20220119.htm,filings/UNH_0000731766_2022-01-19_0000731766-22-000004.txt,3244
UNH,UNITEDHEALTH GROUP INC,0000731766,2022-02-17,0000731766-22-000010,8-K,5.02,unh-20220214.htm,https://www.sec.gov/Archives/edgar/data/731766/000073176622000010/unh-20220214.htm,filings/UNH_0000731766_2022-02-17_0000731766-22-000010.txt,2911
UNH,UNITEDHEALTH GROUP INC,0000731766,2022-03-29,0001193125-22-087427,8-K,7.01; 9.01,d281867d8k.htm,https://www.sec.gov/Archives/edgar/data/731766/000119312522087427/d281867d8k.htm,filings/UNH_0000731766_2022-03-29_0001193125-22-087427.txt,3459
UNH,UNITEDHEALTH GROUP INC,0000731766,2022-04-05,0000731766-22-000013,8-K,7.01; 9.01,unh-20220404.htm,https://www.sec.gov/Archives/edgar/data/731766/000073176622000013/unh-20220404.htm,filings/UNH_0000731766_2022-04-05_0000731766-22-000013.txt,3716
UNH,UNITEDHEALTH GROUP INC,0000731766,2022-04-14,0000731766-22-000016,8-K,2.02; 9.01,unh-20220414.htm,https://www.sec.gov/Archives/edgar/data/731766/000073176622000016/unh-20220414.htm,filings/UNH_0000731766_2022-04-14_0000731766-22-000016.txt,3194
UNH,UNITEDHEALTH GROUP INC,0000731766,2022-05-06,0000731766-22-000021,8-K,7.01,unh-20220506.htm,https://www.sec.gov/Archives/edgar/data/731766/000073176622000021/unh-20220506.htm,filings/UNH_0000731766_2022-05-06_0000731766-22-000021.txt,3293
UNH,UNITEDHEALTH GROUP INC,0000731766,2022-05-20,0001193125-22-156291,8-K,8.01; 9.01,d288958d8k.htm,https://www.sec.gov/Archives/edgar/data/731766/000119312522156291/d288958d8k.htm,filings/UNH_0000731766_2022-05-20_0001193125-22-156291.txt,6766
UNH,UNITEDHEALTH GROUP INC,0000731766,2022-05-31,0000731766-22-000026,8-K,7.01,unh-20220531.htm,https://www.sec.gov/Archives/edgar/data/731766/000073176622000026/unh-20220531.htm,filings/UNH_0000731766_2022-05-31_0000731766-22-000026.txt,3268
UNH,UNITEDHEALTH GROUP INC,0000731766,2022-06-10,0000731766-22-000028,8-K,5.07,unh-20220606.htm,https://www.sec.gov/Archives/edgar/data/731766/000073176622000028/unh-20220606.htm,filings/UNH_0000731766_2022-06-10_0000731766-22-000028.txt,4439
UNH,UNITEDHEALTH GROUP INC,0000731766,2022-07-15,0000731766-22-000033,8-K,2.02; 9.01,unh-20220715.htm,https://www.sec.gov/Archives/edgar/data/731766/000073176622000033/unh-20220715.htm,filings/UNH_0000731766_2022-07-15_0000731766-22-000033.txt,3202
UNH,UNITEDHEALTH GROUP INC,0000731766,2022-09-09,0000731766-22-000038,8-K,7.01,unh-20220909.htm,https://www.sec.gov/Archives/edgar/data/731766/000073176622000038/unh-20220909.htm,filings/UNH_0000731766_2022-09-09_0000731766-22-000038.txt,3263
UNH,UNITEDHEALTH GROUP INC,0000731766,2022-10-03,0001104659-22-104936,8-K,7.01; 9.01,tm2226855d2_8k.htm,https://www.sec.gov/Archives/edgar/data/731766/000110465922104936/tm2226855d2_8k.htm,filings/UNH_0000731766_2022-10-03_0001104659-22-104936.txt,3211
UNH,UNITEDHEALTH GROUP INC,0000731766,2022-10-14,0000731766-22-000041,8-K,2.02; 9.01,unh-20221014.htm,https://www.sec.gov/Archives/edgar/data/731766/000073176622000041/unh-20221014.htm,filings/UNH_0000731766_2022-10-14_0000731766-22-000041.txt,3210
UNH,UNITEDHEALTH GROUP INC,0000731766,2022-10-28,0001193125-22-272540,8-K,8.01; 9.01,d363790d8k.htm,https://www.sec.gov/Archives/edgar/data/731766/000119312522272540/d363790d8k.htm,filings/UNH_0000731766_2022-10-28_0001193125-22-272540.txt,7455
UNH,UNITEDHEALTH GROUP INC,0000731766,2022-11-22,0000731766-22-000046,8-K,7.01; 9.01,unh-20221122.htm,https://www.sec.gov/Archives/edgar/data/731766/000073176622000046/unh-20221122.htm,filings/UNH_0000731766_2022-11-22_0000731766-22-000046.txt,3592
UNH,UNITEDHEALTH GROUP INC,0000731766,2022-11-28,0000731766-22-000048,8-K,7.01; 9.01,unh-20221128.htm,https://www.sec.gov/Archives/edgar/data/731766/000073176622000048/unh-20221128.htm,filings/UNH_0000731766_2022-11-28_0000731766-22-000048.txt,3632
UNH,UNITEDHEALTH GROUP INC,0000731766,2022-12-12,0000731766-22-000051,8-K,5.02; 9.01,unh-20221212.htm,https://www.sec.gov/Archives/edgar/data/731766/000073176622000051/unh-20221212.htm,filings/UNH_0000731766_2022-12-12_0000731766-22-000051.txt,4265
UNH,UNITEDHEALTH GROUP INC,0000731766,2023-01-13,0000731766-23-000003,8-K,2.02; 9.01,unh-20230113.htm,https://www.sec.gov/Archives/edgar/data/731766/000073176623000003/unh-20230113.htm,filings/UNH_0000731766_2023-01-13_0000731766-23-000003.txt,3224
UNH,UNITEDHEALTH GROUP INC,0000731766,2023-03-28,0001193125-23-082238,8-K,8.01; 9.01,d492182d8k.htm,https://www.sec.gov/Archives/edgar/data/731766/000119312523082238/d492182d8k.htm,filings/UNH_0000731766_2023-03-28_0001193125-23-082238.txt,6532
UNH,UNITEDHEALTH GROUP INC,0000731766,2023-04-14,0000731766-23-000026,8-K,2.02; 9.01,unh-20230414.htm,https://www.sec.gov/Archives/edgar/data/731766/000073176623000026/unh-20230414.htm,filings/UNH_0000731766_2023-04-14_0000731766-23-000026.txt,3201
UNH,UNITEDHEALTH GROUP INC,0000731766,2023-04-24,0001193125-23-113025,8-K,1.01; 3.03; 9.01,d499160d8k.htm,https://www.sec.gov/Archives/edgar/data/731766/000119312523113025/d499160d8k.htm,filings/UNH_0000731766_2023-04-24_0001193125-23-113025.txt,4549
UNH,UNITEDHEALTH GROUP INC,0000731766,2023-04-28,0001193125-23-127633,8-K,1.01; 3.03; 9.01,d485677d8k.htm,https://www.sec.gov/Archives/edgar/data/731766/000119312523127633/d485677d8k.htm,filings/UNH_0000731766_2023-04-28_0001193125-23-127633.txt,5418
UNH,UNITEDHEALTH GROUP INC,0000731766,2023-05-05,0000731766-23-000031,8-K,7.01,unh-20230505.htm,https://www.sec.gov/Archives/edgar/data/731766/000073176623000031/unh-20230505.htm,filings/UNH_0000731766_2023-05-05_0000731766-23-000031.txt,3311
UNH,UNITEDHEALTH GROUP INC,0000731766,2023-05-30,0000731766-23-000042,8-K,7.01,unh-20230530.htm,https://www.sec.gov/Archives/edgar/data/731766/000073176623000042/unh-20230530.htm,filings/UNH_0000731766_2023-05-30_0000731766-23-000042.txt,3284
UNH,UNITEDHEALTH GROUP INC,0000731766,2023-06-09,0000731766-23-000044,8-K,5.07; 7.01,unh-20230605.htm,https://www.sec.gov/Archives/edgar/data/731766/000073176623000044/unh-20230605.htm,filings/UNH_0000731766_2023-06-09_0000731766-23-000044.txt,5963
UNH,UNITEDHEALTH GROUP INC,0000731766,2023-07-14,0000731766-23-000049,8-K,2.02; 9.01,unh-20230714.htm,https://www.sec.gov/Archives/edgar/data/731766/000073176623000049/unh-20230714.htm,filings/UNH_0000731766_2023-07-14_0000731766-23-000049.txt,3198
UNH,UNITEDHEALTH GROUP INC,0000731766,2023-09-22,0000731766-23-000055,8-K/A,5.07,unh-20230605.htm,https://www.sec.gov/Archives/edgar/data/731766/000073176623000055/unh-20230605.htm,filings/UNH_0000731766_2023-09-22_0000731766-23-000055.txt,3302
UNH,UNITEDHEALTH GROUP INC,0000731766,2023-10-13,0000731766-23-000058,8-K,2.02; 9.01,unh-20231013.htm,https://www.sec.gov/Archives/edgar/data/731766/000073176623000058/unh-20231013.htm,filings/UNH_0000731766_2023-10-13_0000731766-23-000058.txt,3209
UNH,UNITEDHEALTH GROUP INC,0000731766,2023-11-03,0000731766-23-000061,8-K,5.02; 9.01,unh-20231103.htm,https://www.sec.gov/Archives/edgar/data/731766/000073176623000061/unh-20231103.htm,filings/UNH_0000731766_2023-11-03_0000731766-23-000061.txt,4342
UNH,UNITEDHEALTH GROUP INC,0000731766,2023-11-22,0000731766-23-000075,8-K,7.01; 9.01,unh-20231122.htm,https://www.sec.gov/Archives/edgar/data/731766/000073176623000075/unh-20231122.htm,filings/UNH_0000731766_2023-11-22_0000731766-23-000075.txt,3606
UNH,UNITEDHEALTH GROUP INC,0000731766,2023-11-28,0000731766-23-000080,8-K,7.01; 9.01,unh-20231128.htm,https://www.sec.gov/Archives/edgar/data/731766/000073176623000080/unh-20231128.htm,filings/UNH_0000731766_2023-11-28_0000731766-23-000080.txt,3637
UNH,UNITEDHEALTH GROUP INC,0000731766,2023-12-29,0000731766-23-000115,8-K,8.01,unh-20231222.htm,https://www.sec.gov/Archives/edgar/data/731766/000073176623000115/unh-20231222.htm,filings/UNH_0000731766_2023-12-29_0000731766-23-000115.txt,3596
UNH,UNITEDHEALTH GROUP INC,0000731766,2024-01-12,0000731766-24-000023,8-K,2.02; 9.01,unh-20240112.htm,https://www.sec.gov/Archives/edgar/data/731766/000073176624000023/unh-20240112.htm,filings/UNH_0000731766_2024-01-12_0000731766-24-000023.txt,3224
UNH,UNITEDHEALTH GROUP INC,0000731766,2024-02-07,0000731766-24-000026,8-K,5.02,unh-20240206.htm,https://www.sec.gov/Archives/edgar/data/731766/000073176624000026/unh-20240206.htm,filings/UNH_0000731766_2024-02-07_0000731766-24-000026.txt,3466
UNH,UNITEDHEALTH GROUP INC,0000731766,2024-02-09,0000731766-24-000028,8-K,8.01,unh-20240206.htm,https://www.sec.gov/Archives/edgar/data/731766/000073176624000028/unh-20240206.htm,filings/UNH_0000731766_2024-02-09_0000731766-24-000028.txt,2631
UNH,UNITEDHEALTH GROUP INC,0000731766,2024-02-22,0000731766-24-000045,8-K,1.05,unh-20240221.htm,https://www.sec.gov/Archives/edgar/data/731766/000073176624000045/unh-20240221.htm,filings/UNH_0000731766_2024-02-22_0000731766-24-000045.txt,4977
UNH,UNITEDHEALTH GROUP INC,0000731766,2024-03-08,0000731766-24-000085,8-K/A,1.05; 9.01,unh-20240221.htm,https://www.sec.gov/Archives/edgar/data/731766/000073176624000085/unh-20240221.htm,filings/UNH_0000731766_2024-03-08_0000731766-24-000085.txt,5595
UNH,UNITEDHEALTH GROUP INC,0000731766,2024-03-21,0001193125-24-073887,8-K,8.01; 9.01,d800516d8k.htm,https://www.sec.gov/Archives/edgar/data/731766/000119312524073887/d800516d8k.htm,filings/UNH_0000731766_2024-03-21_0001193125-24-073887.txt,6836
UNH,UNITEDHEALTH GROUP INC,0000731766,2024-03-28,0000731766-24-000122,8-K,5.02,unh-20240328.htm,https://www.sec.gov/Archives/edgar/data/731766/000073176624000122/unh-20240328.htm,filings/UNH_0000731766_2024-03-28_0000731766-24-000122.txt,3009
UNH,UNITEDHEALTH GROUP INC,0000731766,2024-04-16,0000731766-24-000146,8-K,2.02; 9.01,unh-20240416.htm,https://www.sec.gov/Archives/edgar/data/731766/000073176624000146/unh-20240416.htm,filings/UNH_0000731766_2024-04-16_0000731766-24-000146.txt,3203
UNH,UNITEDHEALTH GROUP INC,0000731766,2024-04-17,0000731766-24-000148,8-K/A,5.02,unh-20240328.htm,https://www.sec.gov/Archives/edgar/data/731766/000073176624000148/unh-20240328.htm,filings/UNH_0000731766_2024-04-17_0000731766-24-000148.txt,3390
UNH,UNITEDHEALTH GROUP INC,0000731766,2024-04-24,0000731766-24-000150,8-K/A,1.05; 9.01,unh-20240221.htm,https://www.sec.gov/Archives/edgar/data/731766/000073176624000150/unh-20240221.htm,filings/UNH_0000731766_2024-04-24_0000731766-24-000150.txt,4774
UNH,UNITEDHEALTH GROUP INC,0000731766,2024-05-09,0000731766-24-000157,8-K,7.01,unh-20240509.htm,https://www.sec.gov/Archives/edgar/data/731766/000073176624000157/unh-20240509.htm,filings/UNH_0000731766_2024-05-09_0000731766-24-000157.txt,3189
UNH,UNITEDHEALTH GROUP INC,0000731766,2024-05-15,0000731766-24-000159,8-K,5.02,unh-20240515.htm,https://www.sec.gov/Archives/edgar/data/731766/000073176624000159/unh-20240515.htm,filings/UNH_0000731766_2024-05-15_0000731766-24-000159.txt,3137
UNH,UNITEDHEALTH GROUP INC,0000731766,2024-05-24,0000731766-24-000161,8-K,7.01,unh-20240524.htm,https://www.sec.gov/Archives/edgar/data/731766/000073176624000161/unh-20240524.htm,filings/UNH_0000731766_2024-05-24_0000731766-24-000161.txt,3196
UNH,UNITEDHEALTH GROUP INC,0000731766,2024-06-07,0000731766-24-000167,8-K,5.07,unh-20240603.htm,https://www.sec.gov/Archives/edgar/data/731766/000073176624000167/unh-20240603.htm,filings/UNH_0000731766_2024-06-07_0000731766-24-000167.txt,4338
UNH,UNITEDHEALTH GROUP INC,0000731766,2024-07-16,0000731766-24-000242,8-K,2.02; 9.01,unh-20240716.htm,https://www.sec.gov/Archives/edgar/data/731766/000073176624000242/unh-20240716.htm,filings/UNH_0000731766_2024-07-16_0000731766-24-000242.txt,3234
UNH,UNITEDHEALTH GROUP INC,0000731766,2024-07-25,0000731766-24-000255,8-K,8.01; 9.01,unh-20240723.htm,https://www.sec.gov/Archives/edgar/data/731766/000073176624000255/unh-20240723.htm,filings/UNH_0000731766_2024-07-25_0000731766-24-000255.txt,7732
UNH,UNITEDHEALTH GROUP INC,0000731766,2024-10-15,0000731766-24-000320,8-K,2.02; 9.01,unh-20241015.htm,https://www.sec.gov/Archives/edgar/data/731766/000073176624000320/unh-20241015.htm,filings/UNH_0000731766_2024-10-15_0000731766-24-000320.txt,3314
UNH,UNITEDHEALTH GROUP INC,0000731766,2024-11-26,0000731766-24-000334,8-K,7.01; 9.01,unh-20241126.htm,https://www.sec.gov/Archives/edgar/data/731766/000073176624000334/unh-20241126.htm,filings/UNH_0000731766_2024-11-26_0000731766-24-000334.txt,3732
UNH,UNITEDHEALTH GROUP INC,0000731766,2024-12-03,0000731766-24-000338,8-K,7.01; 9.01,unh-20241203.htm,https://www.sec.gov/Archives/edgar/data/731766/000073176624000338/unh-20241203.htm,filings/UNH_0000731766_2024-12-03_0000731766-24-000338.txt,3731
UNH,UNITEDHEALTH GROUP INC,0000731766,2024-12-04,0000731766-24-000340,8-K,8.01; 9.01,unh-20241204.htm,https://www.sec.gov/Archives/edgar/data/731766/000073176624000340/unh-20241204.htm,filings/UNH_0000731766_2024-12-04_0000731766-24-000340.txt,2950
V,VISA INC.,0001403161,2021-01-27,0001403161-21-000005,8-K,5.02; 5.03; 5.07; 9.01,v-20210126.htm,https://www.sec.gov/Archives/edgar/data/1403161/000140316121000005/v-20210126.htm,filings/V_0001403161_2021-01-27_0001403161-21-000005.txt,9423
V,VISA INC.,0001403161,2021-01-28,0001403161-21-000009,8-K,2.02; 8.01; 9.01,v-20210126.htm,https://www.sec.gov/Archives/edgar/data/1403161/000140316121000009/v-20210126.htm,filings/V_0001403161_2021-01-28_0001403161-21-000009.txt,3387
V,VISA INC.,0001403161,2021-03-09,0001403161-21-000017,8-K,7.01,v-20210309.htm,https://www.sec.gov/Archives/edgar/data/1403161/000140316121000017/v-20210309.htm,filings/V_0001403161_2021-03-09_0001403161-21-000017.txt,8159
V,VISA INC.,0001403161,2021-03-19,0001403161-21-000020,8-K,7.01,v-20210319.htm,https://www.sec.gov/Archives/edgar/data/1403161/000140316121000020/v-20210319.htm,filings/V_0001403161_2021-03-19_0001403161-21-000020.txt,3062
V,VISA INC.,0001403161,2021-04-27,0001403161-21-000023,8-K,2.02; 8.01; 9.01,v-20210423.htm,https://www.sec.gov/Archives/edgar/data/1403161/000140316121000023/v-20210423.htm,filings/V_0001403161_2021-04-27_0001403161-21-000023.txt,3365
V,VISA INC.,0001403161,2021-06-01,0001403161-21-000033,8-K,7.01,v-20210601.htm,https://www.sec.gov/Archives/edgar/data/1403161/000140316121000033/v-20210601.htm,filings/V_0001403161_2021-06-01_0001403161-21-000033.txt,8214
V,VISA INC.,0001403161,2021-07-27,0001403161-21-000038,8-K,2.02; 8.01; 9.01,v-20210723.htm,https://www.sec.gov/Archives/edgar/data/1403161/000140316121000038/v-20210723.htm,filings/V_0001403161_2021-07-27_0001403161-21-000038.txt,3389
V,VISA INC.,0001403161,2021-09-03,0001403161-21-000048,8-K,7.01,v-20210903.htm,https://www.sec.gov/Archives/edgar/data/1403161/000140316121000048/v-20210903.htm,filings/V_0001403161_2021-09-03_0001403161-21-000048.txt,7999
V,VISA INC.,0001403161,2021-09-22,0001403161-21-000052,8-K,8.01; 9.01,v-20210922.htm,https://www.sec.gov/Archives/edgar/data/1403161/000140316121000052/v-20210922.htm,filings/V_0001403161_2021-09-22_0001403161-21-000052.txt,2976
V,VISA INC.,0001403161,2021-10-26,0001403161-21-000056,8-K,2.02; 8.01; 9.01,v-20211022.htm,https://www.sec.gov/Archives/edgar/data/1403161/000140316121000056/v-20211022.htm,filings/V_0001403161_2021-10-26_0001403161-21-000056.txt,3464
V,VISA INC.,0001403161,2021-12-01,0001403161-21-000065,8-K,7.01,v-20211201.htm,https://www.sec.gov/Archives/edgar/data/1403161/000140316121000065/v-20211201.htm,filings/V_0001403161_2021-12-01_0001403161-21-000065.txt,8251
V,VISA INC.,0001403161,2021-12-15,0001403161-21-000069,8-K,8.01,v-20211213.htm,https://www.sec.gov/Archives/edgar/data/1403161/000140316121000069/v-20211213.htm,filings/V_0001403161_2021-12-15_0001403161-21-000069.txt,3204
V,VISA INC.,0001403161,2021-12-30,0001403161-21-000072,8-K,8.01,v-20211227.htm,https://www.sec.gov/Archives/edgar/data/1403161/000140316121000072/v-20211227.htm,filings/V_0001403161_2021-12-30_0001403161-21-000072.txt,3629
V,VISA INC.,0001403161,2022-01-26,0001403161-22-000005,8-K,5.07,v-20220125.htm,https://www.sec.gov/Archives/edgar/data/1403161/000140316122000005/v-20220125.htm,filings/V_0001403161_2022-01-26_0001403161-22-000005.txt,4431
V,VISA INC.,0001403161,2022-01-27,0001403161-22-000009,8-K,2.02; 8.01; 9.01,v-20220125.htm,https://www.sec.gov/Archives/edgar/data/1403161/000140316122000009/v-20220125.htm,filings/V_0001403161_2022-01-27_0001403161-22-000009.txt,3407
V,VISA INC.,0001403161,2022-03-02,0001403161-22-000016,8-K,7.01,v-20220302.htm,https://www.sec.gov/Archives/edgar/data/1403161/000140316122000016/v-20220302.htm,filings/V_0001403161_2022-03-02_0001403161-22-000016.txt,8980
V,VISA INC.,0001403161,2022-04-11,0001403161-22-000020,8-K,5.02; 9.01,v-20220411.htm,https://www.sec.gov/Archives/edgar/data/1403161/000140316122000020/v-20220411.htm,filings/V_0001403161_2022-04-11_0001403161-22-000020.txt,5022
V,VISA INC.,0001403161,2022-04-26,0001403161-22-000023,8-K,2.02; 8.01; 9.01,v-20220422.htm,https://www.sec.gov/Archives/edgar/data/1403161/000140316122000023/v-20220422.htm,filings/V_0001403161_2022-04-26_0001403161-22-000023.txt,3375
V,VISA INC.,0001403161,2022-06-01,0001403161-22-000032,8-K,7.01,v-20220601.htm,https://www.sec.gov/Archives/edgar/data/1403161/000140316122000032/v-20220601.htm,filings/V_0001403161_2022-06-01_0001403161-22-000032.txt,9566
V,VISA INC.,0001403161,2022-06-01,0001193125-22-165274,8-K,8.01; 9.01,d309621d8k.htm,https://www.sec.gov/Archives/edgar/data/1403161/000119312522165274/d309621d8k.htm,filings/V_0001403161_2022-06-01_0001193125-22-165274.txt,7143
V,VISA INC.,0001403161,2022-06-27,0001403161-22-000038,8-K,5.02,v-20220623.htm,https://www.sec.gov/Archives/edgar/data/1403161/000140316122000038/v-20220623.htm,filings/V_0001403161_2022-06-27_0001403161-22-000038.txt,4947
V,VISA INC.,0001403161,2022-06-28,0001403161-22-000043,8-K,8.01,v-20220624.htm,https://www.sec.gov/Archives/edgar/data/1403161/000140316122000043/v-20220624.htm,filings/V_0001403161_2022-06-28_0001403161-22-000043.txt,3487
V,VISA INC.,0001403161,2022-07-06,0001403161-22-000045,8-K,8.01,v-20220706.htm,https://www.sec.gov/Archives/edgar/data/1403161/000140316122000045/v-20220706.htm,filings/V_0001403161_2022-07-06_0001403161-22-000045.txt,3481
V,VISA INC.,0001403161,2022-07-08,0001403161-22-000047,8-K,3.02,v-20220708.htm,https://www.sec.gov/Archives/edgar/data/1403161/000140316122000047/v-20220708.htm,filings/V_0001403161_2022-07-08_0001403161-22-000047.txt,6136
V,VISA INC.,0001403161,2022-07-26,0001403161-22-000055,8-K,2.02; 8.01; 9.01,v-20220722.htm,https://www.sec.gov/Archives/edgar/data/1403161/000140316122000055/v-20220722.htm,filings/V_0001403161_2022-07-26_0001403161-22-000055.txt,3538
V,VISA INC.,0001403161,2022-08-05,0001403161-22-000065,8-K,5.03; 9.01,v-20220801.htm,https://www.sec.gov/Archives/edgar/data/1403161/000140316122000065/v-20220801.htm,filings/V_0001403161_2022-08-05_0001403161-22-000065.txt,5064
V,VISA INC.,0001403161,2022-08-30,0001403161-22-000069,8-K,7.01,v-20220830.htm,https://www.sec.gov/Archives/edgar/data/1403161/000140316122000069/v-20220830.htm,filings/V_0001403161_2022-08-30_0001403161-22-000069.txt,9206
V,VISA INC.,0001403161,2022-10-11,0001403161-22-000072,8-K,5.02; 9.01,v-20221007.htm,https://www.sec.gov/Archives/edgar/data/1403161/000140316122000072/v-20221007.htm,filings/V_0001403161_2022-10-11_0001403161-22-000072.txt,4541
V,VISA INC.,0001403161,2022-10-25,0001403161-22-000076,8-K,2.02; 8.01; 9.01,v-20221021.htm,https://www.sec.gov/Archives/edgar/data/1403161/000140316122000076/v-20221021.htm,filings/V_0001403161_2022-10-25_0001403161-22-000076.txt,3587
V,VISA INC.,0001403161,2022-11-17,0000898822-22-000008,8-K,5.02; 9.01,visa8k1117.htm,https://www.sec.gov/Archives/edgar/data/1403161/000089882222000008/visa8k1117.htm,filings/V_0001403161_2022-11-17_0000898822-22-000008.txt,4327
V,VISA INC.,0001403161,2022-11-23,0001403161-22-000083,8-K,7.01,v-20221123.htm,https://www.sec.gov/Archives/edgar/data/1403161/000140316122000083/v-20221123.htm,filings/V_0001403161_2022-11-23_0001403161-22-000083.txt,11657
V,VISA INC.,0001403161,2023-01-05,0001403161-23-000003,8-K,8.01,v-20221229.htm,https://www.sec.gov/Archives/edgar/data/1403161/000140316123000003/v-20221229.htm,filings/V_0001403161_2023-01-05_0001403161-23-000003.txt,3764
V,VISA INC.,0001403161,2023-01-25,0001403161-23-000008,8-K,5.07,v-20230124.htm,https://www.sec.gov/Archives/edgar/data/1403161/000140316123000008/v-20230124.htm,filings/V_0001403161_2023-01-25_0001403161-23-000008.txt,5337
V,VISA INC.,0001403161,2023-01-26,0001403161-23-000010,8-K,2.02; 8.01; 9.01,v-20230124.htm,https://www.sec.gov/Archives/edgar/data/1403161/000140316123000010/v-20230124.htm,filings/V_0001403161_2023-01-26_0001403161-23-000010.txt,3561
V,VISA INC.,0001403161,2023-02-01,0001403161-23-000017,8-K,5.02,v-20230130.htm,https://www.sec.gov/Archives/edgar/data/1403161/000140316123000017/v-20230130.htm,filings/V_0001403161_2023-02-01_0001403161-23-000017.txt,7651
V,VISA INC.,0001403161,2023-02-16,0000898822-23-000007,8-K,5.02; 9.01,visa8k.htm,https://www.sec.gov/Archives/edgar/data/1403161/000089882223000007/visa8k.htm,filings/V_0001403161_2023-02-16_0000898822-23-000007.txt,3856
V,VISA INC.,0001403161,2023-03-03,0001403161-23-000022,8-K,7.01,v-20230303.htm,https://www.sec.gov/Archives/edgar/data/1403161/000140316123000022/v-20230303.htm,filings/V_0001403161_2023-03-03_0001403161-23-000022.txt,8640
V,VISA INC.,0001403161,2023-04-10,0001403161-23-000024,8-K,5.02; 9.01,v-20230410.htm,https://www.sec.gov/Archives/edgar/data/1403161/000140316123000024/v-20230410.htm,filings/V_0001403161_2023-04-10_0001403161-23-000024.txt,4440
V,VISA INC.,0001403161,2023-04-25,0001403161-23-000027,8-K,2.02; 8.01; 9.01,v-20230425.htm,https://www.sec.gov/Archives/edgar/data/1403161/000140316123000027/v-20230425.htm,filings/V_0001403161_2023-04-25_0001403161-23-000027.txt,3539
V,VISA INC.,0001403161,2023-05-30,0001403161-23-000043,8-K,7.01,v-20230530.htm,https://www.sec.gov/Archives/edgar/data/1403161/000140316123000043/v-20230530.htm,filings/V_0001403161_2023-05-30_0001403161-23-000043.txt,8673
V,VISA INC.,0001403161,2023-06-20,0001403161-23-000051,8-K,5.02; 9.01,v-20230620.htm,https://www.sec.gov/Archives/edgar/data/1403161/000140316123000051/v-20230620.htm,filings/V_0001403161_2023-06-20_0001403161-23-000051.txt,9469
V,VISA INC.,0001403161,2023-06-23,0001403161-23-000055,8-K,8.01,v-20230623.htm,https://www.sec.gov/Archives/edgar/data/1403161/000140316123000055/v-20230623.htm,filings/V_0001403161_2023-06-23_0001403161-23-000055.txt,3329
V,VISA INC.,0001403161,2023-06-29,0001403161-23-000064,8-K,8.01,v-20230629.htm,https://www.sec.gov/Archives/edgar/data/1403161/000140316123000064/v-20230629.htm,filings/V_0001403161_2023-06-29_0001403161-23-000064.txt,3484
V,VISA INC.,0001403161,2023-07-25,0001403161-23-000069,8-K,2.02; 8.01; 9.01,v-20230725.htm,https://www.sec.gov/Archives/edgar/data/1403161/000140316123000069/v-20230725.htm,filings/V_0001403161_2023-07-25_0001403161-23-000069.txt,3538
V,VISA INC.,0001403161,2023-08-30,0001403161-23-000080,8-K,7.01,v-20230830.htm,https://www.sec.gov/Archives/edgar/data/1403161/000140316123000080/v-20230830.htm,filings/V_0001403161_2023-08-30_0001403161-23-000080.txt,8591
V,VISA INC.,0001403161,2023-09-13,0001193125-23-234352,8-K,7.01; 9.01,d450315d8k.htm,https://www.sec.gov/Archives/edgar/data/1403161/000119312523234352/d450315d8k.htm,filings/V_0001403161_2023-09-13_0001193125-23-234352.txt,20842
V,VISA INC.,0001403161,2023-10-02,0001403161-23-000085,8-K,8.01,v-20230928.htm,https://www.sec.gov/Archives/edgar/data/1403161/000140316123000085/v-20230928.htm,filings/V_0001403161_2023-10-02_0001403161-23-000085.txt,3762
V,VISA INC.,0001403161,2023-10-18,0001403161-23-000087,8-K,5.02; 9.01,v-20231016.htm,https://www.sec.gov/Archives/edgar/data/1403161/000140316123000087/v-20231016.htm,filings/V_0001403161_2023-10-18_0001403161-23-000087.txt,3747
V,VISA INC.,0001403161,2023-10-24,0001403161-23-000092,8-K,2.02; 8.01; 9.01,v-20231024.htm,https://www.sec.gov/Archives/edgar/data/1403161/000140316123000092/v-20231024.htm,filings/V_0001403161_2023-10-24_0001403161-23-000092.txt,3550
V,VISA INC.,0001403161,2024-01-24,0001403161-24-000005,8-K,5.03; 5.07; 9.01,v-20240123.htm,https://www.sec.gov/Archives/edgar/data/1403161/000140316124000005/v-20240123.htm,filings/V_0001403161_2024-01-24_0001403161-24-000005.txt,9758
V,VISA INC.,0001403161,2024-01-25,0001403161-24-000013,8-K,2.02; 8.01; 9.01,v-20240123.htm,https://www.sec.gov/Archives/edgar/data/1403161/000140316124000013/v-20240123.htm,filings/V_0001403161_2024-01-25_0001403161-24-000013.txt,3538
V,VISA INC.,0001403161,2024-03-26,0001403161-24-000021,8-K,7.01; 8.01; 9.01,v-20240326.htm,https://www.sec.gov/Archives/edgar/data/1403161/000140316124000021/v-20240326.htm,filings/V_0001403161_2024-03-26_0001403161-24-000021.txt,3461
V,VISA INC.,0001403161,2024-04-23,0001403161-24-000027,8-K,2.02; 8.01; 9.01,v-20240423.htm,https://www.sec.gov/Archives/edgar/data/1403161/000140316124000027/v-20240423.htm,filings/V_0001403161_2024-04-23_0001403161-24-000027.txt,3472
V,VISA INC.,0001403161,2024-05-06,0001193125-24-131519,8-K,7.01; 9.01,d835374d8k.htm,https://www.sec.gov/Archives/edgar/data/1403161/000119312524131519/d835374d8k.htm,filings/V_0001403161_2024-05-06_0001193125-24-131519.txt,3313
V,VISA INC.,0001403161,2024-05-08,0001193125-24-133824,8-K,1.01; 8.01; 9.01,d829007d8k.htm,https://www.sec.gov/Archives/edgar/data/1403161/000119312524133824/d829007d8k.htm,filings/V_0001403161_2024-05-08_0001193125-24-133824.txt,4961
V,VISA INC.,0001403161,2024-07-10,0001403161-24-000035,8-K,3.02,v-20240710.htm,https://www.sec.gov/Archives/edgar/data/1403161/000140316124000035/v-20240710.htm,filings/V_0001403161_2024-07-10_0001403161-24-000035.txt,6132
V,VISA INC.,0001403161,2024-07-23,0001403161-24-000040,8-K,2.02; 8.01; 9.01,v-20240723.htm,https://www.sec.gov/Archives/edgar/data/1403161/000140316124000040/v-20240723.htm,filings/V_0001403161_2024-07-23_0001403161-24-000040.txt,3469
V,VISA INC.,0001403161,2024-09-26,0001403161-24-000047,8-K,8.01,v-20240924.htm,https://www.sec.gov/Archives/edgar/data/1403161/000140316124000047/v-20240924.htm,filings/V_0001403161_2024-09-26_0001403161-24-000047.txt,3356
V,VISA INC.,0001403161,2024-10-11,0001403161-24-000050,8-K,8.01,v-20241011.htm,https://www.sec.gov/Archives/edgar/data/1403161/000140316124000050/v-20241011.htm,filings/V_0001403161_2024-10-11_0001403161-24-000050.txt,3739
V,VISA INC.,0001403161,2024-10-29,0001403161-24-000053,8-K,2.02; 8.01; 9.01,v-20241029.htm,https://www.sec.gov/Archives/edgar/data/1403161/000140316124000053/v-20241029.htm,filings/V_0001403161_2024-10-29_0001403161-24-000053.txt,3509
VZ,VERIZON COMMUNICATIONS INC,0000732712,2021-01-26,0000732712-21-000003,8-K,2.02; 9.01,a2020q48-k.htm,https://www.sec.gov/Archives/edgar/data/732712/000073271221000003/a2020q48-k.htm,filings/VZ_0000732712_2021-01-26_0000732712-21-000003.txt,12392
VZ,VERIZON COMMUNICATIONS INC,0000732712,2021-02-16,0001193125-21-044142,8-K,5.02,d140069d8k.htm,https://www.sec.gov/Archives/edgar/data/732712/000119312521044142/d140069d8k.htm,filings/VZ_0000732712_2021-02-16_0001193125-21-044142.txt,4195
VZ,VERIZON COMMUNICATIONS INC,0000732712,2021-02-24,0000732712-21-000006,8-K,1.01; 8.01,a022420218-k.htm,https://www.sec.gov/Archives/edgar/data/732712/000073271221000006/a022420218-k.htm,filings/VZ_0000732712_2021-02-24_0000732712-21-000006.txt,8974
VZ,VERIZON COMMUNICATIONS INC,0000732712,2021-03-11,0000732712-21-000015,8-K,7.01; 9.01,vz-20210310.htm,https://www.sec.gov/Archives/edgar/data/732712/000073271221000015/vz-20210310.htm,filings/VZ_0000732712_2021-03-11_0000732712-21-000015.txt,7216
VZ,VERIZON COMMUNICATIONS INC,0000732712,2021-03-22,0001193125-21-089114,8-K,8.01; 9.01,d125747d8k.htm,https://www.sec.gov/Archives/edgar/data/732712/000119312521089114/d125747d8k.htm,filings/VZ_0000732712_2021-03-22_0001193125-21-089114.txt,6407
VZ,VERIZON COMMUNICATIONS INC,0000732712,2021-04-21,0000732712-21-000019,8-K,2.02; 9.01,a2021q18-k.htm,https://www.sec.gov/Archives/edgar/data/732712/000073271221000019/a2021q18-k.htm,filings/VZ_0000732712_2021-04-21_0000732712-21-000019.txt,11892
VZ,VERIZON COMMUNICATIONS INC,0000732712,2021-05-03,0001193125-21-146756,8-K,5.02; 8.01,d312278d8k.htm,https://www.sec.gov/Archives/edgar/data/732712/000119312521146756/d312278d8k.htm,filings/VZ_0000732712_2021-05-03_0001193125-21-146756.txt,6061
VZ,VERIZON COMMUNICATIONS INC,0000732712,2021-05-13,0001193125-21-160418,8-K/A,5.02,d528712d8ka.htm,https://www.sec.gov/Archives/edgar/data/732712/000119312521160418/d528712d8ka.htm,filings/VZ_0000732712_2021-05-13_0001193125-21-160418.txt,4788
VZ,VERIZON COMMUNICATIONS INC,0000732712,2021-05-18,0001193125-21-165314,8-K,5.07,d166259d8k.htm,https://www.sec.gov/Archives/edgar/data/732712/000119312521165314/d166259d8k.htm,filings/VZ_0000732712_2021-05-18_0001193125-21-165314.txt,6116
VZ,VERIZON COMMUNICATIONS INC,0000732712,2021-06-25,0001193125-21-199523,8-K,5.02,d139513d8k.htm,https://www.sec.gov/Archives/edgar/data/732712/000119312521199523/d139513d8k.htm,filings/VZ_0000732712_2021-06-25_0001193125-21-199523.txt,4661
VZ,VERIZON COMMUNICATIONS INC,0000732712,2021-07-21,0000732712-21-000042,8-K,2.02; 9.01,a2021q28-k.htm,https://www.sec.gov/Archives/edgar/data/732712/000073271221000042/a2021q28-k.htm,filings/VZ_0000732712_2021-07-21_0000732712-21-000042.txt,10820
VZ,VERIZON COMMUNICATIONS INC,0000732712,2021-08-13,0001193125-21-245801,8-K,5.02,d216962d8k.htm,https://www.sec.gov/Archives/edgar/data/732712/000119312521245801/d216962d8k.htm,filings/VZ_0000732712_2021-08-13_0001193125-21-245801.txt,5075
VZ,VERIZON COMMUNICATIONS INC,0000732712,2021-09-01,0001193125-21-262922,8-K,5.02; 8.01,d198679d8k.htm,https://www.sec.gov/Archives/edgar/data/732712/000119312521262922/d198679d8k.htm,filings/VZ_0000732712_2021-09-01_0001193125-21-262922.txt,5535
VZ,VERIZON COMMUNICATIONS INC,0000732712,2021-09-02,0001193125-21-264561,8-K,8.01; 9.01,d200963d8k.htm,https://www.sec.gov/Archives/edgar/data/732712/000119312521264561/d200963d8k.htm,filings/VZ_0000732712_2021-09-02_0001193125-21-264561.txt,4608
VZ,VERIZON COMMUNICATIONS INC,0000732712,2021-09-17,0001193125-21-276236,8-K,8.01; 9.01,d216884d8k.htm,https://www.sec.gov/Archives/edgar/data/732712/000119312521276236/d216884d8k.htm,filings/VZ_0000732712_2021-09-17_0001193125-21-276236.txt,4698
VZ,VERIZON COMMUNICATIONS INC,0000732712,2021-10-20,0000732712-21-000050,8-K,2.02; 9.01,a2021q38-k.htm,https://www.sec.gov/Archives/edgar/data/732712/000073271221000050/a2021q38-k.htm,filings/VZ_0000732712_2021-10-20_0000732712-21-000050.txt,12509
VZ,VERIZON COMMUNICATIONS INC,0000732712,2021-11-08,0001193125-21-323046,8-K,5.02,d231208d8k.htm,https://www.sec.gov/Archives/edgar/data/732712/000119312521323046/d231208d8k.htm,filings/VZ_0000732712_2021-11-08_0001193125-21-323046.txt,4635
VZ,VERIZON COMMUNICATIONS INC,0000732712,2021-11-23,0001193125-21-337924,8-K,3.02; 8.01,d233139d8k.htm,https://www.sec.gov/Archives/edgar/data/732712/000119312521337924/d233139d8k.htm,filings/VZ_0000732712_2021-11-23_0001193125-21-337924.txt,6138
VZ,VERIZON COMMUNICATIONS INC,0000732712,2021-12-02,0001193125-21-346654,8-K/A,5.02,d228353d8ka.htm,https://www.sec.gov/Archives/edgar/data/732712/000119312521346654/d228353d8ka.htm,filings/VZ_0000732712_2021-12-02_0001193125-21-346654.txt,5026
VZ,VERIZON COMMUNICATIONS INC,0000732712,2021-12-02,0001193125-21-346650,8-K/A,5.02,d228333d8ka.htm,https://www.sec.gov/Archives/edgar/data/732712/000119312521346650/d228333d8ka.htm,filings/VZ_0000732712_2021-12-02_0001193125-21-346650.txt,4971
VZ,VERIZON COMMUNICATIONS INC,0000732712,2022-01-25,0000732712-22-000004,8-K,2.02; 9.01,a2021q48-k.htm,https://www.sec.gov/Archives/edgar/data/732712/000073271222000004/a2021q48-k.htm,filings/VZ_0000732712_2022-01-25_0000732712-22-000004.txt,13053
VZ,VERIZON COMMUNICATIONS INC,0000732712,2022-02-14,0001193125-22-039753,8-K,8.01; 9.01,d255250d8k.htm,https://www.sec.gov/Archives/edgar/data/732712/000119312522039753/d255250d8k.htm,filings/VZ_0000732712_2022-02-14_0001193125-22-039753.txt,5435
VZ,VERIZON COMMUNICATIONS INC,0000732712,2022-03-03,0000732712-22-000012,8-K,7.01; 9.01,vz-20220303.htm,https://www.sec.gov/Archives/edgar/data/732712/000073271222000012/vz-20220303.htm,filings/VZ_0000732712_2022-03-03_0000732712-22-000012.txt,9107
VZ,VERIZON COMMUNICATIONS INC,0000732712,2022-04-22,0000732712-22-000015,8-K,2.02; 9.01,a2022q18-k.htm,https://www.sec.gov/Archives/edgar/data/732712/000073271222000015/a2022q18-k.htm,filings/VZ_0000732712_2022-04-22_0000732712-22-000015.txt,12872
VZ,VERIZON COMMUNICATIONS INC,0000732712,2022-05-16,0001193125-22-151826,8-K,5.02,d340833d8k.htm,https://www.sec.gov/Archives/edgar/data/732712/000119312522151826/d340833d8k.htm,filings/VZ_0000732712_2022-05-16_0001193125-22-151826.txt,4684
VZ,VERIZON COMMUNICATIONS INC,0000732712,2022-05-17,0001193125-22-152993,8-K,5.07,d426076d8k.htm,https://www.sec.gov/Archives/edgar/data/732712/000119312522152993/d426076d8k.htm,filings/VZ_0000732712_2022-05-17_0001193125-22-152993.txt,6648
VZ,VERIZON COMMUNICATIONS INC,0000732712,2022-06-06,0001193125-22-168378,8-K,5.02,d366918d8k.htm,https://www.sec.gov/Archives/edgar/data/732712/000119312522168378/d366918d8k.htm,filings/VZ_0000732712_2022-06-06_0001193125-22-168378.txt,4670
VZ,VERIZON COMMUNICATIONS INC,0000732712,2022-07-22,0000732712-22-000040,8-K,2.02; 9.01,vz-20220722.htm,https://www.sec.gov/Archives/edgar/data/732712/000073271222000040/vz-20220722.htm,filings/VZ_0000732712_2022-07-22_0000732712-22-000040.txt,11855
VZ,VERIZON COMMUNICATIONS INC,0000732712,2022-08-25,0001193125-22-230055,8-K,5.02,d373006d8k.htm,https://www.sec.gov/Archives/edgar/data/732712/000119312522230055/d373006d8k.htm,filings/VZ_0000732712_2022-08-25_0001193125-22-230055.txt,4541
VZ,VERIZON COMMUNICATIONS INC,0000732712,2022-08-25,0001193125-22-230053,8-K/A,5.02,d375293d8ka.htm,https://www.sec.gov/Archives/edgar/data/732712/000119312522230053/d375293d8ka.htm,filings/VZ_0000732712_2022-08-25_0001193125-22-230053.txt,4761
VZ,VERIZON COMMUNICATIONS INC,0000732712,2022-09-30,0001193125-22-255484,8-K,5.03; 9.01,d365763d8k.htm,https://www.sec.gov/Archives/edgar/data/732712/000119312522255484/d365763d8k.htm,filings/VZ_0000732712_2022-09-30_0001193125-22-255484.txt,5310
VZ,VERIZON COMMUNICATIONS INC,0000732712,2022-10-21,0000732712-22-000046,8-K,2.02; 9.01,vz-20221021.htm,https://www.sec.gov/Archives/edgar/data/732712/000073271222000046/vz-20221021.htm,filings/VZ_0000732712_2022-10-21_0000732712-22-000046.txt,12994
VZ,VERIZON COMMUNICATIONS INC,0000732712,2022-11-07,0001193125-22-278771,8-K,5.02,d416800d8k.htm,https://www.sec.gov/Archives/edgar/data/732712/000119312522278771/d416800d8k.htm,filings/VZ_0000732712_2022-11-07_0001193125-22-278771.txt,5197
VZ,VERIZON COMMUNICATIONS INC,0000732712,2023-01-24,0000732712-23-000007,8-K,2.02; 9.01,vz-20230124.htm,https://www.sec.gov/Archives/edgar/data/732712/000073271223000007/vz-20230124.htm,filings/VZ_0000732712_2023-01-24_0000732712-23-000007.txt,14225
VZ,VERIZON COMMUNICATIONS INC,0000732712,2023-03-03,0001193125-23-058988,8-K,5.02,d461784d8k.htm,https://www.sec.gov/Archives/edgar/data/732712/000119312523058988/d461784d8k.htm,filings/VZ_0000732712_2023-03-03_0001193125-23-058988.txt,6507
VZ,VERIZON COMMUNICATIONS INC,0000732712,2023-04-25,0000732712-23-000026,8-K,2.02; 9.01,vz-20230425.htm,https://www.sec.gov/Archives/edgar/data/732712/000073271223000026/vz-20230425.htm,filings/VZ_0000732712_2023-04-25_0000732712-23-000026.txt,13982
VZ,VERIZON COMMUNICATIONS INC,0000732712,2023-05-16,0001193125-23-146084,8-K,5.07,d443538d8k.htm,https://www.sec.gov/Archives/edgar/data/732712/000119312523146084/d443538d8k.htm,filings/VZ_0000732712_2023-05-16_0001193125-23-146084.txt,7556
VZ,VERIZON COMMUNICATIONS INC,0000732712,2023-07-25,0000732712-23-000051,8-K,2.02; 9.01,vz-20230725.htm,https://www.sec.gov/Archives/edgar/data/732712/000073271223000051/vz-20230725.htm,filings/VZ_0000732712_2023-07-25_0000732712-23-000051.txt,14593
VZ,VERIZON COMMUNICATIONS INC,0000732712,2023-08-10,0001193125-23-208283,8-K,8.01,d585232d8k.htm,https://www.sec.gov/Archives/edgar/data/732712/000119312523208283/d585232d8k.htm,filings/VZ_0000732712_2023-08-10_0001193125-23-208283.txt,6054
VZ,VERIZON COMMUNICATIONS INC,0000732712,2023-10-24,0000732712-23-000060,8-K,2.02; 9.01,vz-20231024.htm,https://www.sec.gov/Archives/edgar/data/732712/000073271223000060/vz-20231024.htm,filings/VZ_0000732712_2023-10-24_0000732712-23-000060.txt,15264
VZ,VERIZON COMMUNICATIONS INC,0000732712,2024-01-17,0000732712-24-000003,8-K,8.01,vz-20240117.htm,https://www.sec.gov/Archives/edgar/data/732712/000073271224000003/vz-20240117.htm,filings/VZ_0000732712_2024-01-17_0000732712-24-000003.txt,5473
VZ,VERIZON COMMUNICATIONS INC,0000732712,2024-01-23,0000732712-24-000007,8-K,2.02; 9.01,vz-20240123.htm,https://www.sec.gov/Archives/edgar/data/732712/000073271224000007/vz-20240123.htm,filings/VZ_0000732712_2024-01-23_0000732712-24-000007.txt,15695
VZ,VERIZON COMMUNICATIONS INC,0000732712,2024-01-24,0001193125-24-013874,8-K,5.02,d701168d8k.htm,https://www.sec.gov/Archives/edgar/data/732712/000119312524013874/d701168d8k.htm,filings/VZ_0000732712_2024-01-24_0001193125-24-013874.txt,4627
VZ,VERIZON COMMUNICATIONS INC,0000732712,2024-02-02,0001193125-24-022476,8-K,5.02,d745812d8k.htm,https://www.sec.gov/Archives/edgar/data/732712/000119312524022476/d745812d8k.htm,filings/VZ_0000732712_2024-02-02_0001193125-24-022476.txt,4799
VZ,VERIZON COMMUNICATIONS INC,0000732712,2024-03-06,0000732712-24-000015,8-K,7.01,vz-20240229.htm,https://www.sec.gov/Archives/edgar/data/732712/000073271224000015/vz-20240229.htm,filings/VZ_0000732712_2024-03-06_0000732712-24-000015.txt,8576
VZ,VERIZON COMMUNICATIONS INC,0000732712,2024-04-22,0000732712-24-000025,8-K,2.02; 9.01,vz-20240422.htm,https://www.sec.gov/Archives/edgar/data/732712/000073271224000025/vz-20240422.htm,filings/VZ_0000732712_2024-04-22_0000732712-24-000025.txt,15467
VZ,VERIZON COMMUNICATIONS INC,0000732712,2024-05-13,0001193125-24-137239,8-K,5.07,d804766d8k.htm,https://www.sec.gov/Archives/edgar/data/732712/000119312524137239/d804766d8k.htm,filings/VZ_0000732712_2024-05-13_0001193125-24-137239.txt,7350
VZ,VERIZON COMMUNICATIONS INC,0000732712,2024-05-23,0001193125-24-146021,8-K,5.02,d770164d8k.htm,https://www.sec.gov/Archives/edgar/data/732712/000119312524146021/d770164d8k.htm,filings/VZ_0000732712_2024-05-23_0001193125-24-146021.txt,4822
VZ,VERIZON COMMUNICATIONS INC,0000732712,2024-06-27,0001193125-24-170544,8-K,5.02,d858119d8k.htm,https://www.sec.gov/Archives/edgar/data/732712/000119312524170544/d858119d8k.htm,filings/VZ_0000732712_2024-06-27_0001193125-24-170544.txt,4984
VZ,VERIZON COMMUNICATIONS INC,0000732712,2024-07-22,0001193125-24-182250,8-K,8.01; 9.01,d810927d8k.htm,https://www.sec.gov/Archives/edgar/data/732712/000119312524182250/d810927d8k.htm,filings/VZ_0000732712_2024-07-22_0001193125-24-182250.txt,4674
VZ,VERIZON COMMUNICATIONS INC,0000732712,2024-07-22,0000732712-24-000049,8-K,2.02; 9.01,vz-20240722.htm,https://www.sec.gov/Archives/edgar/data/732712/000073271224000049/vz-20240722.htm,filings/VZ_0000732712_2024-07-22_0000732712-24-000049.txt,15479
VZ,VERIZON COMMUNICATIONS INC,0000732712,2024-07-31,0001193125-24-189129,8-K,8.01; 9.01,d876375d8k.htm,https://www.sec.gov/Archives/edgar/data/732712/000119312524189129/d876375d8k.htm,filings/VZ_0000732712_2024-07-31_0001193125-24-189129.txt,4677
VZ,VERIZON COMMUNICATIONS INC,0000732712,2024-08-05,0001193125-24-193907,8-K,8.01; 9.01,d859370d8k.htm,https://www.sec.gov/Archives/edgar/data/732712/000119312524193907/d859370d8k.htm,filings/VZ_0000732712_2024-08-05_0001193125-24-193907.txt,4759
VZ,VERIZON COMMUNICATIONS INC,0000732712,2024-08-20,0001193125-24-203259,8-K,8.01; 9.01,d885719d8k.htm,https://www.sec.gov/Archives/edgar/data/732712/000119312524203259/d885719d8k.htm,filings/VZ_0000732712_2024-08-20_0001193125-24-203259.txt,4684
VZ,VERIZON COMMUNICATIONS INC,0000732712,2024-09-05,0001193125-24-214318,8-K,7.01; 9.01,d869096d8k.htm,https://www.sec.gov/Archives/edgar/data/732712/000119312524214318/d869096d8k.htm,filings/VZ_0000732712_2024-09-05_0001193125-24-214318.txt,12126
VZ,VERIZON COMMUNICATIONS INC,0000732712,2024-09-05,0001193125-24-213664,8-K,1.01; 7.01; 9.01,d828371d8k.htm,https://www.sec.gov/Archives/edgar/data/732712/000119312524213664/d828371d8k.htm,filings/VZ_0000732712_2024-09-05_0001193125-24-213664.txt,14855
VZ,VERIZON COMMUNICATIONS INC,0000732712,2024-09-09,0001193125-24-216012,8-K,7.01; 9.01,d876956d8k.htm,https://www.sec.gov/Archives/edgar/data/732712/000119312524216012/d876956d8k.htm,filings/VZ_0000732712_2024-09-09_0001193125-24-216012.txt,11326
VZ,VERIZON COMMUNICATIONS INC,0000732712,2024-09-12,0000732712-24-000056,8-K,8.01,vz-20240912.htm,https://www.sec.gov/Archives/edgar/data/732712/000073271224000056/vz-20240912.htm,filings/VZ_0000732712_2024-09-12_0000732712-24-000056.txt,6520
VZ,VERIZON COMMUNICATIONS INC,0000732712,2024-09-30,0001193125-24-228402,8-K,7.01; 9.01,d889681d8k.htm,https://www.sec.gov/Archives/edgar/data/732712/000119312524228402/d889681d8k.htm,filings/VZ_0000732712_2024-09-30_0001193125-24-228402.txt,6217
VZ,VERIZON COMMUNICATIONS INC,0000732712,2024-10-22,0000732712-24-000065,8-K,7.01; 9.01,vz-20241022.htm,https://www.sec.gov/Archives/edgar/data/732712/000073271224000065/vz-20241022.htm,filings/VZ_0000732712_2024-10-22_0000732712-24-000065.txt,10989
VZ,VERIZON COMMUNICATIONS INC,0000732712,2024-10-22,0000732712-24-000062,8-K,2.02; 9.01,vz-20241022.htm,https://www.sec.gov/Archives/edgar/data/732712/000073271224000062/vz-20241022.htm,filings/VZ_0000732712_2024-10-22_0000732712-24-000062.txt,16066
VZ,VERIZON COMMUNICATIONS INC,0000732712,2024-12-06,0001193125-24-272452,8-K,5.03; 9.01,d835176d8k.htm,https://www.sec.gov/Archives/edgar/data/732712/000119312524272452/d835176d8k.htm,filings/VZ_0000732712_2024-12-06_0001193125-24-272452.txt,5309
WFC,WELLS FARGO & COMPANY/MN,0000072971,2021-01-08,0000072971-21-000003,8-K,8.01; 9.01,wfc-20210108.htm,https://www.sec.gov/Archives/edgar/data/72971/000007297121000003/wfc-20210108.htm,filings/WFC_0000072971_2021-01-08_0000072971-21-000003.txt,5376
WFC,WELLS FARGO & COMPANY/MN,0000072971,2021-01-15,0000072971-21-000008,8-K,2.02; 7.01; 9.01,wfc-20210115.htm,https://www.sec.gov/Archives/edgar/data/72971/000007297121000008/wfc-20210115.htm,filings/WFC_0000072971_2021-01-15_0000072971-21-000008.txt,6213
WFC,WELLS FARGO & COMPANY/MN,0000072971,2021-01-19,0001193125-21-010889,8-K,8.01; 9.01,d108900d8k.htm,https://www.sec.gov/Archives/edgar/data/72971/000119312521010889/d108900d8k.htm,filings/WFC_0000072971_2021-01-19_0001193125-21-010889.txt,4797
WFC,WELLS FARGO & COMPANY/MN,0000072971,2021-01-22,0001193125-21-014338,8-K,5.03; 9.01,d104333d8k.htm,https://www.sec.gov/Archives/edgar/data/72971/000119312521014338/d104333d8k.htm,filings/WFC_0000072971_2021-01-22_0001193125-21-014338.txt,5738
WFC,WELLS FARGO & COMPANY/MN,0000072971,2021-01-26,0001193125-21-017280,8-K,8.01; 9.01,d108472d8k.htm,https://www.sec.gov/Archives/edgar/data/72971/000119312521017280/d108472d8k.htm,filings/WFC_0000072971_2021-01-26_0001193125-21-017280.txt,7346
WFC,WELLS FARGO & COMPANY/MN,0000072971,2021-01-26,0001193125-21-017127,8-K,8.01; 9.01,d108216d8k.htm,https://www.sec.gov/Archives/edgar/data/72971/000119312521017127/d108216d8k.htm,filings/WFC_0000072971_2021-01-26_0001193125-21-017127.txt,4881
WFC,WELLS FARGO & COMPANY/MN,0000072971,2021-01-29,0001193125-21-021930,8-K,8.01; 9.01,d137272d8k.htm,https://www.sec.gov/Archives/edgar/data/72971/000119312521021930/d137272d8k.htm,filings/WFC_0000072971_2021-01-29_0001193125-21-021930.txt,4798
WFC,WELLS FARGO & COMPANY/MN,0000072971,2021-01-29,0000072971-21-000019,8-K,5.02,wfc-20210126.htm,https://www.sec.gov/Archives/edgar/data/72971/000007297121000019/wfc-20210126.htm,filings/WFC_0000072971_2021-01-29_0000072971-21-000019.txt,7474
WFC,WELLS FARGO & COMPANY/MN,0000072971,2021-02-01,0001193125-21-024026,8-K,5.03; 9.01,d123569d8k.htm,https://www.sec.gov/Archives/edgar/data/72971/000119312521024026/d123569d8k.htm,filings/WFC_0000072971_2021-02-01_0001193125-21-024026.txt,7569
WFC,WELLS FARGO & COMPANY/MN,0000072971,2021-02-09,0001193125-21-033639,8-K,8.01; 9.01,d120871d8k.htm,https://www.sec.gov/Archives/edgar/data/72971/000119312521033639/d120871d8k.htm,filings/WFC_0000072971_2021-02-09_0001193125-21-033639.txt,7191
WFC,WELLS FARGO & COMPANY/MN,0000072971,2021-02-10,0001193125-21-035451,8-K,8.01; 9.01,d58419d8k.htm,https://www.sec.gov/Archives/edgar/data/72971/000119312521035451/d58419d8k.htm,filings/WFC_0000072971_2021-02-10_0001193125-21-035451.txt,7523
WFC,WELLS FARGO & COMPANY/MN,0000072971,2021-02-12,0001193125-21-041571,8-K,8.01; 9.01,d45079d8k.htm,https://www.sec.gov/Archives/edgar/data/72971/000119312521041571/d45079d8k.htm,filings/WFC_0000072971_2021-02-12_0001193125-21-041571.txt,5030
WFC,WELLS FARGO & COMPANY/MN,0000072971,2021-03-01,0001193125-21-062463,8-K,8.01; 9.01,d600088d8k.htm,https://www.sec.gov/Archives/edgar/data/72971/000119312521062463/d600088d8k.htm,filings/WFC_0000072971_2021-03-01_0001193125-21-062463.txt,4932
WFC,WELLS FARGO & COMPANY/MN,0000072971,2021-03-16,0001193125-21-082405,8-K,5.03; 9.01,d152535d8k.htm,https://www.sec.gov/Archives/edgar/data/72971/000119312521082405/d152535d8k.htm,filings/WFC_0000072971_2021-03-16_0001193125-21-082405.txt,7038
WFC,WELLS FARGO & COMPANY/MN,0000072971,2021-04-14,0000072971-21-000206,8-K,2.02; 7.01; 9.01,wfc-20210414.htm,https://www.sec.gov/Archives/edgar/data/72971/000007297121000206/wfc-20210414.htm,filings/WFC_0000072971_2021-04-14_0000072971-21-000206.txt,6023
WFC,WELLS FARGO & COMPANY/MN,0000072971,2021-04-30,0000072971-21-000219,8-K,5.07,wfc-20210427.htm,https://www.sec.gov/Archives/edgar/data/72971/000007297121000219/wfc-20210427.htm,filings/WFC_0000072971_2021-04-30_0000072971-21-000219.txt,7007
WFC,WELLS FARGO & COMPANY/MN,0000072971,2021-05-12,0001193125-21-158402,8-K,8.01; 9.01,d55331d8k.htm,https://www.sec.gov/Archives/edgar/data/72971/000119312521158402/d55331d8k.htm,filings/WFC_0000072971_2021-05-12_0001193125-21-158402.txt,4854
WFC,WELLS FARGO & COMPANY/MN,0000072971,2021-05-19,0001193125-21-166476,8-K,9.01,d175131d8k.htm,https://www.sec.gov/Archives/edgar/data/72971/000119312521166476/d175131d8k.htm,filings/WFC_0000072971_2021-05-19_0001193125-21-166476.txt,4930
WFC,WELLS FARGO & COMPANY/MN,0000072971,2021-05-20,0001193125-21-167314,8-K,8.01; 9.01,d112661d8k.htm,https://www.sec.gov/Archives/edgar/data/72971/000119312521167314/d112661d8k.htm,filings/WFC_0000072971_2021-05-20_0001193125-21-167314.txt,6422
WFC,WELLS FARGO & COMPANY/MN,0000072971,2021-06-16,0001193125-21-192121,8-K,5.03; 9.01,d580343d8k.htm,https://www.sec.gov/Archives/edgar/data/72971/000119312521192121/d580343d8k.htm,filings/WFC_0000072971_2021-06-16_0001193125-21-192121.txt,5588
WFC,WELLS FARGO & COMPANY/MN,0000072971,2021-07-14,0000072971-21-000254,8-K,2.02; 7.01; 9.01,wfc-20210714.htm,https://www.sec.gov/Archives/edgar/data/72971/000007297121000254/wfc-20210714.htm,filings/WFC_0000072971_2021-07-14_0000072971-21-000254.txt,5492
WFC,WELLS FARGO & COMPANY/MN,0000072971,2021-07-27,0001193125-21-225184,8-K,5.03; 9.01,d166615d8k.htm,https://www.sec.gov/Archives/edgar/data/72971/000119312521225184/d166615d8k.htm,filings/WFC_0000072971_2021-07-27_0001193125-21-225184.txt,7122
WFC,WELLS FARGO & COMPANY/MN,0000072971,2021-08-03,0000072971-21-000270,8-K,8.01; 9.01,wfc-20210803.htm,https://www.sec.gov/Archives/edgar/data/72971/000007297121000270/wfc-20210803.htm,filings/WFC_0000072971_2021-08-03_0000072971-21-000270.txt,5214
WFC,WELLS FARGO & COMPANY/MN,0000072971,2021-08-10,0000072971-21-000272,8-K,5.02; 9.01,wfc-20210809.htm,https://www.sec.gov/Archives/edgar/data/72971/000007297121000272/wfc-20210809.htm,filings/WFC_0000072971_2021-08-10_0000072971-21-000272.txt,5126
WFC,WELLS FARGO & COMPANY/MN,0000072971,2021-09-09,0000072971-21-000289,8-K,8.01; 9.01,wfc-20210909.htm,https://www.sec.gov/Archives/edgar/data/72971/000007297121000289/wfc-20210909.htm,filings/WFC_0000072971_2021-09-09_0000072971-21-000289.txt,5006
WFC,WELLS FARGO & COMPANY/MN,0000072971,2021-09-16,0001193125-21-275177,8-K,5.03; 9.01,d148755d8k.htm,https://www.sec.gov/Archives/edgar/data/72971/000119312521275177/d148755d8k.htm,filings/WFC_0000072971_2021-09-16_0001193125-21-275177.txt,5611
WFC,WELLS FARGO & COMPANY/MN,0000072971,2021-10-14,0000072971-21-000294,8-K,2.02; 7.01; 9.01,wfc-20211014.htm,https://www.sec.gov/Archives/edgar/data/72971/000007297121000294/wfc-20211014.htm,filings/WFC_0000072971_2021-10-14_0000072971-21-000294.txt,5374
WFC,WELLS FARGO & COMPANY/MN,0000072971,2022-01-14,0000072971-22-000003,8-K,2.02; 7.01; 9.01,wfc-20220114.htm,https://www.sec.gov/Archives/edgar/data/72971/000007297122000003/wfc-20220114.htm,filings/WFC_0000072971_2022-01-14_0000072971-22-000003.txt,5648
WFC,WELLS FARGO & COMPANY/MN,0000072971,2022-01-18,0001193125-22-010597,8-K,8.01; 9.01,d291182d8k.htm,https://www.sec.gov/Archives/edgar/data/72971/000119312522010597/d291182d8k.htm,filings/WFC_0000072971_2022-01-18_0001193125-22-010597.txt,4235
WFC,WELLS FARGO & COMPANY/MN,0000072971,2022-01-25,0001193125-22-016577,8-K,8.01; 9.01,d293492d8k.htm,https://www.sec.gov/Archives/edgar/data/72971/000119312522016577/d293492d8k.htm,filings/WFC_0000072971_2022-01-25_0001193125-22-016577.txt,4319
WFC,WELLS FARGO & COMPANY/MN,0000072971,2022-03-02,0001193125-22-063098,8-K,9.01,d311271d8k.htm,https://www.sec.gov/Archives/edgar/data/72971/000119312522063098/d311271d8k.htm,filings/WFC_0000072971_2022-03-02_0001193125-22-063098.txt,4670
WFC,WELLS FARGO & COMPANY/MN,0000072971,2022-03-24,0001193125-22-083978,8-K,9.01,d329459d8k.htm,https://www.sec.gov/Archives/edgar/data/72971/000119312522083978/d329459d8k.htm,filings/WFC_0000072971_2022-03-24_0001193125-22-083978.txt,4676
WFC,WELLS FARGO & COMPANY/MN,0000072971,2022-04-14,0000072971-22-000107,8-K,2.02; 7.01; 9.01,wfc-20220414.htm,https://www.sec.gov/Archives/edgar/data/72971/000007297122000107/wfc-20220414.htm,filings/WFC_0000072971_2022-04-14_0000072971-22-000107.txt,5356
WFC,WELLS FARGO & COMPANY/MN,0000072971,2022-04-25,0001193125-22-117785,8-K,9.01,d142409d8k.htm,https://www.sec.gov/Archives/edgar/data/72971/000119312522117785/d142409d8k.htm,filings/WFC_0000072971_2022-04-25_0001193125-22-117785.txt,5114
WFC,WELLS FARGO & COMPANY/MN,0000072971,2022-04-27,0001193125-22-123773,8-K,9.01,d894312d8k.htm,https://www.sec.gov/Archives/edgar/data/72971/000119312522123773/d894312d8k.htm,filings/WFC_0000072971_2022-04-27_0001193125-22-123773.txt,4736
WFC,WELLS FARGO & COMPANY/MN,0000072971,2022-04-29,0000072971-22-000111,8-K,5.02; 5.07; 9.01,wfc-20220426.htm,https://www.sec.gov/Archives/edgar/data/72971/000007297122000111/wfc-20220426.htm,filings/WFC_0000072971_2022-04-29_0000072971-22-000111.txt,8652
WFC,WELLS FARGO & COMPANY/MN,0000072971,2022-07-15,0000072971-22-000155,8-K,2.02; 7.01; 9.01,wfc-20220715.htm,https://www.sec.gov/Archives/edgar/data/72971/000007297122000155/wfc-20220715.htm,filings/WFC_0000072971_2022-07-15_0000072971-22-000155.txt,5351
WFC,WELLS FARGO & COMPANY/MN,0000072971,2022-07-25,0001193125-22-200939,8-K,9.01,d384589d8k.htm,https://www.sec.gov/Archives/edgar/data/72971/000119312522200939/d384589d8k.htm,filings/WFC_0000072971_2022-07-25_0001193125-22-200939.txt,4913
WFC,WELLS FARGO & COMPANY/MN,0000072971,2022-08-15,0001193125-22-221329,8-K,9.01,d477710d8k.htm,https://www.sec.gov/Archives/edgar/data/72971/000119312522221329/d477710d8k.htm,filings/WFC_0000072971_2022-08-15_0001193125-22-221329.txt,4681
WFC,WELLS FARGO & COMPANY/MN,0000072971,2022-10-14,0000072971-22-000190,8-K,2.02; 7.01; 9.01,wfc-20221014.htm,https://www.sec.gov/Archives/edgar/data/72971/000007297122000190/wfc-20221014.htm,filings/WFC_0000072971_2022-10-14_0000072971-22-000190.txt,5375
WFC,WELLS FARGO & COMPANY/MN,0000072971,2022-10-17,0001839882-22-023759,8-K,9.01,wfc-8k_101722.htm,https://www.sec.gov/Archives/edgar/data/72971/000183988222023759/wfc-8k_101722.htm,filings/WFC_0000072971_2022-10-17_0001839882-22-023759.txt,4835
WFC,WELLS FARGO & COMPANY/MN,0000072971,2022-10-19,0000950123-22-010332,8-K,5.03; 9.01,d391613d8k.htm,https://www.sec.gov/Archives/edgar/data/72971/000095012322010332/d391613d8k.htm,filings/WFC_0000072971_2022-10-19_0000950123-22-010332.txt,6299
WFC,WELLS FARGO & COMPANY/MN,0000072971,2022-12-20,0000072971-22-000220,8-K,8.01; 9.01,wfc-20221220.htm,https://www.sec.gov/Archives/edgar/data/72971/000007297122000220/wfc-20221220.htm,filings/WFC_0000072971_2022-12-20_0000072971-22-000220.txt,5358
WFC,WELLS FARGO & COMPANY/MN,0000072971,2023-01-13,0000072971-23-000003,8-K,2.02; 7.01; 9.01,wfc-20230113.htm,https://www.sec.gov/Archives/edgar/data/72971/000007297123000003/wfc-20230113.htm,filings/WFC_0000072971_2023-01-13_0000072971-23-000003.txt,5653
WFC,WELLS FARGO & COMPANY/MN,0000072971,2023-01-26,0000072971-23-000024,8-K,8.01; 9.01,wfc-20230124.htm,https://www.sec.gov/Archives/edgar/data/72971/000007297123000024/wfc-20230124.htm,filings/WFC_0000072971_2023-01-26_0000072971-23-000024.txt,8166
WFC,WELLS FARGO & COMPANY/MN,0000072971,2023-02-17,0001193125-23-042049,8-K,9.01,d452277d8k.htm,https://www.sec.gov/Archives/edgar/data/72971/000119312523042049/d452277d8k.htm,filings/WFC_0000072971_2023-02-17_0001193125-23-042049.txt,4213
WFC,WELLS FARGO & COMPANY/MN,0000072971,2023-02-24,0000072971-23-000073,8-K,5.02,wfc-20230222.htm,https://www.sec.gov/Archives/edgar/data/72971/000007297123000073/wfc-20230222.htm,filings/WFC_0000072971_2023-02-24_0000072971-23-000073.txt,4105
WFC,WELLS FARGO & COMPANY/MN,0000072971,2023-04-13,0000072971-23-000081,8-K,5.02; 9.01,wfc-20230413.htm,https://www.sec.gov/Archives/edgar/data/72971/000007297123000081/wfc-20230413.htm,filings/WFC_0000072971_2023-04-13_0000072971-23-000081.txt,4247
WFC,WELLS FARGO & COMPANY/MN,0000072971,2023-04-14,0000072971-23-000083,8-K,2.02; 7.01; 9.01,wfc-20230414.htm,https://www.sec.gov/Archives/edgar/data/72971/000007297123000083/wfc-20230414.htm,filings/WFC_0000072971_2023-04-14_0000072971-23-000083.txt,5357
WFC,WELLS FARGO & COMPANY/MN,0000072971,2023-04-24,0001193125-23-113019,8-K,9.01,d470215d8k.htm,https://www.sec.gov/Archives/edgar/data/72971/000119312523113019/d470215d8k.htm,filings/WFC_0000072971_2023-04-24_0001193125-23-113019.txt,4677
WFC,WELLS FARGO & COMPANY/MN,0000072971,2023-04-27,0001387131-23-005553,8-K,9.01,wfc-8k_042723.htm,https://www.sec.gov/Archives/edgar/data/72971/000138713123005553/wfc-8k_042723.htm,filings/WFC_0000072971_2023-04-27_0001387131-23-005553.txt,4759
WFC,WELLS FARGO & COMPANY/MN,0000072971,2023-04-27,0000072971-23-000097,8-K,5.05; 5.07,wfc-20230425.htm,https://www.sec.gov/Archives/edgar/data/72971/000007297123000097/wfc-20230425.htm,filings/WFC_0000072971_2023-04-27_0000072971-23-000097.txt,9590
WFC,WELLS FARGO & COMPANY/MN,0000072971,2023-05-12,0001193125-23-142793,8-K,8.01; 9.01,d493694d8k.htm,https://www.sec.gov/Archives/edgar/data/72971/000119312523142793/d493694d8k.htm,filings/WFC_0000072971_2023-05-12_0001193125-23-142793.txt,4101
WFC,WELLS FARGO & COMPANY/MN,0000072971,2023-06-29,0000072971-23-000122,8-K,5.03; 9.01,wfc-20230627.htm,https://www.sec.gov/Archives/edgar/data/72971/000007297123000122/wfc-20230627.htm,filings/WFC_0000072971_2023-06-29_0000072971-23-000122.txt,7230
WFC,WELLS FARGO & COMPANY/MN,0000072971,2023-07-14,0000072971-23-000126,8-K,2.02; 7.01; 9.01,wfc-20230714.htm,https://www.sec.gov/Archives/edgar/data/72971/000007297123000126/wfc-20230714.htm,filings/WFC_0000072971_2023-07-14_0000072971-23-000126.txt,5351
WFC,WELLS FARGO & COMPANY/MN,0000072971,2023-07-24,0001193125-23-192252,8-K,5.03; 9.01,d504599d8k.htm,https://www.sec.gov/Archives/edgar/data/72971/000119312523192252/d504599d8k.htm,filings/WFC_0000072971_2023-07-24_0001193125-23-192252.txt,6954
WFC,WELLS FARGO & COMPANY/MN,0000072971,2023-07-25,0001193125-23-193498,8-K,9.01,d511021d8k.htm,https://www.sec.gov/Archives/edgar/data/72971/000119312523193498/d511021d8k.htm,filings/WFC_0000072971_2023-07-25_0001193125-23-193498.txt,4917
WFC,WELLS FARGO & COMPANY/MN,0000072971,2023-08-10,0001193125-23-208143,8-K,8.01; 9.01,d457514d8k.htm,https://www.sec.gov/Archives/edgar/data/72971/000119312523208143/d457514d8k.htm,filings/WFC_0000072971_2023-08-10_0001193125-23-208143.txt,4502
WFC,WELLS FARGO & COMPANY/MN,0000072971,2023-09-18,0001193125-23-236970,8-K,8.01; 9.01,d518134d8k.htm,https://www.sec.gov/Archives/edgar/data/72971/000119312523236970/d518134d8k.htm,filings/WFC_0000072971_2023-09-18_0001193125-23-236970.txt,4607
WFC,WELLS FARGO & COMPANY/MN,0000072971,2023-10-13,0000072971-23-000158,8-K,2.02; 7.01; 9.01,wfc-20231013.htm,https://www.sec.gov/Archives/edgar/data/72971/000007297123000158/wfc-20231013.htm,filings/WFC_0000072971_2023-10-13_0000072971-23-000158.txt,5202
WFC,WELLS FARGO & COMPANY/MN,0000072971,2023-10-23,0001193125-23-260849,8-K,9.01,d475658d8k.htm,https://www.sec.gov/Archives/edgar/data/72971/000119312523260849/d475658d8k.htm,filings/WFC_0000072971_2023-10-23_0001193125-23-260849.txt,4760
WFC,WELLS FARGO & COMPANY/MN,0000072971,2023-12-13,0000072971-23-000190,8-K,5.02,wfc-20231213.htm,https://www.sec.gov/Archives/edgar/data/72971/000007297123000190/wfc-20231213.htm,filings/WFC_0000072971_2023-12-13_0000072971-23-000190.txt,3937
WFC,WELLS FARGO & COMPANY/MN,0000072971,2024-01-12,0000072971-24-000004,8-K,2.02; 7.01; 9.01,wfc-20240112.htm,https://www.sec.gov/Archives/edgar/data/72971/000007297124000004/wfc-20240112.htm,filings/WFC_0000072971_2024-01-12_0000072971-24-000004.txt,5480
WFC,WELLS FARGO & COMPANY/MN,0000072971,2024-01-23,0001193125-24-013029,8-K,9.01,d739879d8k.htm,https://www.sec.gov/Archives/edgar/data/72971/000119312524013029/d739879d8k.htm,filings/WFC_0000072971_2024-01-23_0001193125-24-013029.txt,4761
WFC,WELLS FARGO & COMPANY/MN,0000072971,2024-01-24,0000072971-24-000031,8-K,5.03; 9.01,wfc-20240123.htm,https://www.sec.gov/Archives/edgar/data/72971/000007297124000031/wfc-20240123.htm,filings/WFC_0000072971_2024-01-24_0000072971-24-000031.txt,4783
WFC,WELLS FARGO & COMPANY/MN,0000072971,2024-01-25,0000072971-24-000034,8-K,8.01,wfc-20240123.htm,https://www.sec.gov/Archives/edgar/data/72971/000007297124000034/wfc-20240123.htm,filings/WFC_0000072971_2024-01-25_0000072971-24-000034.txt,6450
WFC,WELLS FARGO & COMPANY/MN,0000072971,2024-02-06,0001193125-24-024829,8-K,8.01; 9.01,d649120d8k.htm,https://www.sec.gov/Archives/edgar/data/72971/000119312524024829/d649120d8k.htm,filings/WFC_0000072971_2024-02-06_0001193125-24-024829.txt,4356
WFC,WELLS FARGO & COMPANY/MN,0000072971,2024-03-18,0001193125-24-070208,8-K,5.03; 9.01,d791871d8k.htm,https://www.sec.gov/Archives/edgar/data/72971/000119312524070208/d791871d8k.htm,filings/WFC_0000072971_2024-03-18_0001193125-24-070208.txt,4458
WFC,WELLS FARGO & COMPANY/MN,0000072971,2024-04-12,0000072971-24-000115,8-K,2.02; 7.01; 9.01,wfc-20240412.htm,https://www.sec.gov/Archives/edgar/data/72971/000007297124000115/wfc-20240412.htm,filings/WFC_0000072971_2024-04-12_0000072971-24-000115.txt,5011
WFC,WELLS FARGO & COMPANY/MN,0000072971,2024-04-22,0001193125-24-105007,8-K,9.01,d818646d8k.htm,https://www.sec.gov/Archives/edgar/data/72971/000119312524105007/d818646d8k.htm,filings/WFC_0000072971_2024-04-22_0001193125-24-105007.txt,4730
WFC,WELLS FARGO & COMPANY/MN,0000072971,2024-04-23,0001193125-24-107105,8-K,9.01,d67905d8k.htm,https://www.sec.gov/Archives/edgar/data/72971/000119312524107105/d67905d8k.htm,filings/WFC_0000072971_2024-04-23_0001193125-24-107105.txt,4393
WFC,WELLS FARGO & COMPANY/MN,0000072971,2024-05-02,0000072971-24-000130,8-K,5.03; 5.07; 9.01,wfc-20240430.htm,https://www.sec.gov/Archives/edgar/data/72971/000007297124000130/wfc-20240430.htm,filings/WFC_0000072971_2024-05-02_0000072971-24-000130.txt,9860
WFC,WELLS FARGO & COMPANY/MN,0000072971,2024-05-09,0001193125-24-134794,8-K,8.01; 9.01,d794343d8k.htm,https://www.sec.gov/Archives/edgar/data/72971/000119312524134794/d794343d8k.htm,filings/WFC_0000072971_2024-05-09_0001193125-24-134794.txt,4238
WFC,WELLS FARGO & COMPANY/MN,0000072971,2024-06-18,0001193125-24-163462,8-K,5.03; 9.01,d742246d8k.htm,https://www.sec.gov/Archives/edgar/data/72971/000119312524163462/d742246d8k.htm,filings/WFC_0000072971_2024-06-18_0001193125-24-163462.txt,4452
WFC,WELLS FARGO & COMPANY/MN,0000072971,2024-07-12,0000072971-24-000170,8-K,2.02; 7.01; 9.01,wfc-20240712.htm,https://www.sec.gov/Archives/edgar/data/72971/000007297124000170/wfc-20240712.htm,filings/WFC_0000072971_2024-07-12_0000072971-24-000170.txt,5005
WFC,WELLS FARGO & COMPANY/MN,0000072971,2024-07-23,0001193125-24-182694,8-K,5.03; 9.01,d854856d8k.htm,https://www.sec.gov/Archives/edgar/data/72971/000119312524182694/d854856d8k.htm,filings/WFC_0000072971_2024-07-23_0001193125-24-182694.txt,6598
WFC,WELLS FARGO & COMPANY/MN,0000072971,2024-09-12,0000072971-24-000206,8-K,8.01; 9.01,wfc-20240912.htm,https://www.sec.gov/Archives/edgar/data/72971/000007297124000206/wfc-20240912.htm,filings/WFC_0000072971_2024-09-12_0000072971-24-000206.txt,3896
WFC,WELLS FARGO & COMPANY/MN,0000072971,2024-10-11,0000072971-24-000218,8-K,2.02; 7.01; 9.01,wfc-20241011.htm,https://www.sec.gov/Archives/edgar/data/72971/000007297124000218/wfc-20241011.htm,filings/WFC_0000072971_2024-10-11_0000072971-24-000218.txt,5029
WFC,WELLS FARGO & COMPANY/MN,0000072971,2024-12-03,0001193125-24-269996,8-K,9.01,d902889d8k.htm,https://www.sec.gov/Archives/edgar/data/72971/000119312524269996/d902889d8k.htm,filings/WFC_0000072971_2024-12-03_0001193125-24-269996.txt,4345
WMT,Walmart Inc.,0000104169,2021-01-15,0000104169-21-000005,8-K,8.01,wmt-20210114.htm,https://www.sec.gov/Archives/edgar/data/104169/000010416921000005/wmt-20210114.htm,filings/WMT_0000104169_2021-01-15_0000104169-21-000005.txt,3685
WMT,Walmart Inc.,0000104169,2021-01-29,0000104169-21-000011,8-K/A,8.01,wmt-20210114.htm,https://www.sec.gov/Archives/edgar/data/104169/000010416921000011/wmt-20210114.htm,filings/WMT_0000104169_2021-01-29_0000104169-21-000011.txt,3752
WMT,Walmart Inc.,0000104169,2021-02-05,0000104169-21-000013,8-K,7.01; 9.01,wmt-20210204.htm,https://www.sec.gov/Archives/edgar/data/104169/000010416921000013/wmt-20210204.htm,filings/WMT_0000104169_2021-02-05_0000104169-21-000013.txt,3657
WMT,Walmart Inc.,0000104169,2021-02-18,0000104169-21-000024,8-K,7.01,wmt-20210216.htm,https://www.sec.gov/Archives/edgar/data/104169/000010416921000024/wmt-20210216.htm,filings/WMT_0000104169_2021-02-18_0000104169-21-000024.txt,4398
WMT,Walmart Inc.,0000104169,2021-02-18,0000104169-21-000022,8-K,2.02; 9.01,wmt-20210218.htm,https://www.sec.gov/Archives/edgar/data/104169/000010416921000022/wmt-20210218.htm,filings/WMT_0000104169_2021-02-18_0000104169-21-000022.txt,4165
WMT,Walmart Inc.,0000104169,2021-03-05,0000104169-21-000027,8-K,5.02; 9.01,wmt-20210303.htm,https://www.sec.gov/Archives/edgar/data/104169/000010416921000027/wmt-20210303.htm,filings/WMT_0000104169_2021-03-05_0000104169-21-000027.txt,4411
WMT,Walmart Inc.,0000104169,2021-03-12,0000104169-21-000030,8-K,8.01,wmt-20210312.htm,https://www.sec.gov/Archives/edgar/data/104169/000010416921000030/wmt-20210312.htm,filings/WMT_0000104169_2021-03-12_0000104169-21-000030.txt,4445
WMT,Walmart Inc.,0000104169,2021-05-18,0000104169-21-000037,8-K,2.02; 9.01,wmt-20210518.htm,https://www.sec.gov/Archives/edgar/data/104169/000010416921000037/wmt-20210518.htm,filings/WMT_0000104169_2021-05-18_0000104169-21-000037.txt,4140
WMT,Walmart Inc.,0000104169,2021-06-04,0000104169-21-000041,8-K,5.07,wmt-20210602.htm,https://www.sec.gov/Archives/edgar/data/104169/000010416921000041/wmt-20210602.htm,filings/WMT_0000104169_2021-06-04_0000104169-21-000041.txt,6461
WMT,Walmart Inc.,0000104169,2021-08-17,0000104169-21-000054,8-K,2.02; 9.01,wmt-20210817.htm,https://www.sec.gov/Archives/edgar/data/104169/000010416921000054/wmt-20210817.htm,filings/WMT_0000104169_2021-08-17_0000104169-21-000054.txt,4158
WMT,Walmart Inc.,0000104169,2021-09-08,0001193125-21-267343,8-K,8.01; 9.01,d199878d8k.htm,https://www.sec.gov/Archives/edgar/data/104169/000119312521267343/d199878d8k.htm,filings/WMT_0000104169_2021-09-08_0001193125-21-267343.txt,4755
WMT,Walmart Inc.,0000104169,2021-09-15,0001193125-21-274145,8-K,8.01; 9.01,d225374d8k.htm,https://www.sec.gov/Archives/edgar/data/104169/000119312521274145/d225374d8k.htm,filings/WMT_0000104169_2021-09-15_0001193125-21-274145.txt,17318
WMT,Walmart Inc.,0000104169,2021-09-22,0001193125-21-279535,8-K,8.01; 9.01,d172606d8k.htm,https://www.sec.gov/Archives/edgar/data/104169/000119312521279535/d172606d8k.htm,filings/WMT_0000104169_2021-09-22_0001193125-21-279535.txt,5910
WMT,Walmart Inc.,0000104169,2021-11-16,0000104169-21-000063,8-K,2.02; 9.01,wmt-20211116.htm,https://www.sec.gov/Archives/edgar/data/104169/000010416921000063/wmt-20211116.htm,filings/WMT_0000104169_2021-11-16_0000104169-21-000063.txt,4246
WMT,Walmart Inc.,0000104169,2021-11-23,0000104169-21-000065,8-K,7.01; 9.01,wmt-20211123.htm,https://www.sec.gov/Archives/edgar/data/104169/000010416921000065/wmt-20211123.htm,filings/WMT_0000104169_2021-11-23_0000104169-21-000065.txt,3538
WMT,Walmart Inc.,0000104169,2021-11-29,0000104169-21-000068,8-K,5.02; 9.01,wmt-20211126.htm,https://www.sec.gov/Archives/edgar/data/104169/000010416921000068/wmt-20211126.htm,filings/WMT_0000104169_2021-11-29_0000104169-21-000068.txt,5585
WMT,Walmart Inc.,0000104169,2022-02-17,0000104169-22-000009,8-K,2.02; 9.01,wmt-20220217.htm,https://www.sec.gov/Archives/edgar/data/104169/000010416922000009/wmt-20220217.htm,filings/WMT_0000104169_2022-02-17_0000104169-22-000009.txt,4238
WMT,Walmart Inc.,0000104169,2022-04-12,0000104169-22-000014,8-K,5.02; 9.01,wmt-20220407.htm,https://www.sec.gov/Archives/edgar/data/104169/000010416922000014/wmt-20220407.htm,filings/WMT_0000104169_2022-04-12_0000104169-22-000014.txt,7397
WMT,Walmart Inc.,0000104169,2022-05-17,0000104169-22-000024,8-K,2.02; 9.01,wmt-20220517.htm,https://www.sec.gov/Archives/edgar/data/104169/000010416922000024/wmt-20220517.htm,filings/WMT_0000104169_2022-05-17_0000104169-22-000024.txt,4180
WMT,Walmart Inc.,0000104169,2022-06-03,0000104169-22-000030,8-K,5.07,wmt-20220601.htm,https://www.sec.gov/Archives/edgar/data/104169/000010416922000030/wmt-20220601.htm,filings/WMT_0000104169_2022-06-03_0000104169-22-000030.txt,6808
WMT,Walmart Inc.,0000104169,2022-06-28,0000104169-22-000047,8-K,7.01; 9.01,wmt-20220628.htm,https://www.sec.gov/Archives/edgar/data/104169/000010416922000047/wmt-20220628.htm,filings/WMT_0000104169_2022-06-28_0000104169-22-000047.txt,3547
WMT,Walmart Inc.,0000104169,2022-07-25,0000104169-22-000058,8-K,7.01; 9.01,wmt-20220725.htm,https://www.sec.gov/Archives/edgar/data/104169/000010416922000058/wmt-20220725.htm,filings/WMT_0000104169_2022-07-25_0000104169-22-000058.txt,3806
WMT,Walmart Inc.,0000104169,2022-08-16,0000104169-22-000065,8-K,2.02; 9.01,wmt-20220816.htm,https://www.sec.gov/Archives/edgar/data/104169/000010416922000065/wmt-20220816.htm,filings/WMT_0000104169_2022-08-16_0000104169-22-000065.txt,4189
WMT,Walmart Inc.,0000104169,2022-08-17,0000104169-22-000069,8-K,8.01,wmt-20220817.htm,https://www.sec.gov/Archives/edgar/data/104169/000010416922000069/wmt-20220817.htm,filings/WMT_0000104169_2022-08-17_0000104169-22-000069.txt,4351
WMT,Walmart Inc.,0000104169,2022-08-17,0000104169-22-000067,8-K,7.01; 9.01,wmt-20220817.htm,https://www.sec.gov/Archives/edgar/data/104169/000010416922000067/wmt-20220817.htm,filings/WMT_0000104169_2022-08-17_0000104169-22-000067.txt,4227
WMT,Walmart Inc.,0000104169,2022-09-09,0001193125-22-241984,8-K,8.01; 9.01,d359217d8k.htm,https://www.sec.gov/Archives/edgar/data/104169/000119312522241984/d359217d8k.htm,filings/WMT_0000104169_2022-09-09_0001193125-22-241984.txt,13189
WMT,Walmart Inc.,0000104169,2022-11-15,0000104169-22-000077,8-K,2.02; 7.01; 9.01,wmt-20221115.htm,https://www.sec.gov/Archives/edgar/data/104169/000010416922000077/wmt-20221115.htm,filings/WMT_0000104169_2022-11-15_0000104169-22-000077.txt,10616
WMT,Walmart Inc.,0000104169,2022-11-16,0000104169-22-000080,8-K,5.03; 9.01,wmt-20221110.htm,https://www.sec.gov/Archives/edgar/data/104169/000010416922000080/wmt-20221110.htm,filings/WMT_0000104169_2022-11-16_0000104169-22-000080.txt,5852
WMT,Walmart Inc.,0000104169,2022-12-20,0000104169-22-000085,8-K,7.01,wmt-20221220.htm,https://www.sec.gov/Archives/edgar/data/104169/000010416922000085/wmt-20221220.htm,filings/WMT_0000104169_2022-12-20_0000104169-22-000085.txt,3735
WMT,Walmart Inc.,0000104169,2022-12-23,0000104169-22-000088,8-K,7.01; 9.01,wmt-20221223.htm,https://www.sec.gov/Archives/edgar/data/104169/000010416922000088/wmt-20221223.htm,filings/WMT_0000104169_2022-12-23_0000104169-22-000088.txt,4146
WMT,Walmart Inc.,0000104169,2023-02-21,0000104169-23-000010,8-K,2.02; 9.01,wmt-20230221.htm,https://www.sec.gov/Archives/edgar/data/104169/000010416923000010/wmt-20230221.htm,filings/WMT_0000104169_2023-02-21_0000104169-23-000010.txt,4220
WMT,Walmart Inc.,0000104169,2023-02-24,0000104169-23-000013,8-K,8.01,wmt-20230224.htm,https://www.sec.gov/Archives/edgar/data/104169/000010416923000013/wmt-20230224.htm,filings/WMT_0000104169_2023-02-24_0000104169-23-000013.txt,4357
WMT,Walmart Inc.,0000104169,2023-03-06,0000104169-23-000015,8-K,8.01,wmt-20230306.htm,https://www.sec.gov/Archives/edgar/data/104169/000010416923000015/wmt-20230306.htm,filings/WMT_0000104169_2023-03-06_0000104169-23-000015.txt,4512
WMT,Walmart Inc.,0000104169,2023-03-24,0000104169-23-000022,8-K,8.01,wmt-20230324.htm,https://www.sec.gov/Archives/edgar/data/104169/000010416923000022/wmt-20230324.htm,filings/WMT_0000104169_2023-03-24_0000104169-23-000022.txt,4563
WMT,Walmart Inc.,0000104169,2023-04-04,0000104169-23-000026,8-K,7.01; 9.01,wmt-20230404.htm,https://www.sec.gov/Archives/edgar/data/104169/000010416923000026/wmt-20230404.htm,filings/WMT_0000104169_2023-04-04_0000104169-23-000026.txt,3849
WMT,Walmart Inc.,0000104169,2023-04-17,0001193125-23-103832,8-K,8.01; 9.01,d484375d8k.htm,https://www.sec.gov/Archives/edgar/data/104169/000119312523103832/d484375d8k.htm,filings/WMT_0000104169_2023-04-17_0001193125-23-103832.txt,14360
WMT,Walmart Inc.,0000104169,2023-05-18,0000104169-23-000043,8-K,2.02; 9.01,wmt-20230518.htm,https://www.sec.gov/Archives/edgar/data/104169/000010416923000043/wmt-20230518.htm,filings/WMT_0000104169_2023-05-18_0000104169-23-000043.txt,4196
WMT,Walmart Inc.,0000104169,2023-06-02,0000104169-23-000054,8-K,5.07,wmt-20230531.htm,https://www.sec.gov/Archives/edgar/data/104169/000010416923000054/wmt-20230531.htm,filings/WMT_0000104169_2023-06-02_0000104169-23-000054.txt,8094
WMT,Walmart Inc.,0000104169,2023-08-16,0000104169-23-000082,8-K,5.02,wmt-20230814.htm,https://www.sec.gov/Archives/edgar/data/104169/000010416923000082/wmt-20230814.htm,filings/WMT_0000104169_2023-08-16_0000104169-23-000082.txt,10442
WMT,Walmart Inc.,0000104169,2023-08-17,0000104169-23-000088,8-K,2.02; 9.01,wmt-20230817.htm,https://www.sec.gov/Archives/edgar/data/104169/000010416923000088/wmt-20230817.htm,filings/WMT_0000104169_2023-08-17_0000104169-23-000088.txt,4204
WMT,Walmart Inc.,0000104169,2023-08-22,0000104169-23-000091,8-K,7.01,wmt-20230822.htm,https://www.sec.gov/Archives/edgar/data/104169/000010416923000091/wmt-20230822.htm,filings/WMT_0000104169_2023-08-22_0000104169-23-000091.txt,4263
WMT,Walmart Inc.,0000104169,2023-11-16,0000104169-23-000124,8-K,2.02; 9.01,wmt-20231116.htm,https://www.sec.gov/Archives/edgar/data/104169/000010416923000124/wmt-20231116.htm,filings/WMT_0000104169_2023-11-16_0000104169-23-000124.txt,4679
WMT,Walmart Inc.,0000104169,2024-01-31,0000104169-24-000004,8-K,7.01; 9.01,wmt-20240130.htm,https://www.sec.gov/Archives/edgar/data/104169/000010416924000004/wmt-20240130.htm,filings/WMT_0000104169_2024-01-31_0000104169-24-000004.txt,4618
WMT,Walmart Inc.,0000104169,2024-02-20,0000104169-24-000019,8-K,2.02; 9.01,wmt-20240220.htm,https://www.sec.gov/Archives/edgar/data/104169/000010416924000019/wmt-20240220.htm,filings/WMT_0000104169_2024-02-20_0000104169-24-000019.txt,4686
WMT,Walmart Inc.,0000104169,2024-02-23,0000104169-24-000033,8-K,5.03; 9.01,wmt-20240223.htm,https://www.sec.gov/Archives/edgar/data/104169/000010416924000033/wmt-20240223.htm,filings/WMT_0000104169_2024-02-23_0000104169-24-000033.txt,4669
WMT,Walmart Inc.,0000104169,2024-02-28,0000104169-24-000039,8-K,8.01,wmt-20240228.htm,https://www.sec.gov/Archives/edgar/data/104169/000010416924000039/wmt-20240228.htm,filings/WMT_0000104169_2024-02-28_0000104169-24-000039.txt,5007
WMT,Walmart Inc.,0000104169,2024-03-28,0000104169-24-000064,8-K,8.01,wmt-20240328.htm,https://www.sec.gov/Archives/edgar/data/104169/000010416924000064/wmt-20240328.htm,filings/WMT_0000104169_2024-03-28_0000104169-24-000064.txt,4935
WMT,Walmart Inc.,0000104169,2024-05-16,0000104169-24-000088,8-K,2.02; 9.01,wmt-20240516.htm,https://www.sec.gov/Archives/edgar/data/104169/000010416924000088/wmt-20240516.htm,filings/WMT_0000104169_2024-05-16_0000104169-24-000088.txt,4646
WMT,Walmart Inc.,0000104169,2024-06-07,0000104169-24-000103,8-K,5.07,wmt-20240605.htm,https://www.sec.gov/Archives/edgar/data/104169/000010416924000103/wmt-20240605.htm,filings/WMT_0000104169_2024-06-07_0000104169-24-000103.txt,7585
WMT,Walmart Inc.,0000104169,2024-08-15,0000104169-24-000132,8-K,5.02; 9.01,wmt-20240815.htm,https://www.sec.gov/Archives/edgar/data/104169/000010416924000132/wmt-20240815.htm,filings/WMT_0000104169_2024-08-15_0000104169-24-000132.txt,4873
WMT,Walmart Inc.,0000104169,2024-08-15,0000104169-24-000131,8-K,2.02; 9.01,wmt-20240815.htm,https://www.sec.gov/Archives/edgar/data/104169/000010416924000131/wmt-20240815.htm,filings/WMT_0000104169_2024-08-15_0000104169-24-000131.txt,4664
WMT,Walmart Inc.,0000104169,2024-09-06,0000104169-24-000146,8-K,8.01,wmt-20240906.htm,https://www.sec.gov/Archives/edgar/data/104169/000010416924000146/wmt-20240906.htm,filings/WMT_0000104169_2024-09-06_0000104169-24-000146.txt,5133
WMT,Walmart Inc.,0000104169,2024-10-18,0000104169-24-000166,8-K,7.01; 9.01,wmt-20241018.htm,https://www.sec.gov/Archives/edgar/data/104169/000010416924000166/wmt-20241018.htm,filings/WMT_0000104169_2024-10-18_0000104169-24-000166.txt,7351
WMT,Walmart Inc.,0000104169,2024-11-19,0000104169-24-000170,8-K,2.02; 9.01,wmt-20241119.htm,https://www.sec.gov/Archives/edgar/data/104169/000010416924000170/wmt-20241119.htm,filings/WMT_0000104169_2024-11-19_0000104169-24-000170.txt,4679
WMT,Walmart Inc.,0000104169,2024-11-22,0000104169-24-000173,8-K,8.01,wmt-20241122.htm,https://www.sec.gov/Archives/edgar/data/104169/000010416924000173/wmt-20241122.htm,filings/WMT_0000104169_2024-11-22_0000104169-24-000173.txt,4878
XOM,EXXON MOBIL CORP,0000034088,2021-02-02,0000034088-21-000006,8-K,5.02,xom-20210127.htm,https://www.sec.gov/Archives/edgar/data/34088/000003408821000006/xom-20210127.htm,filings/XOM_0000034088_2021-02-02_0000034088-21-000006.txt,4441
XOM,EXXON MOBIL CORP,0000034088,2021-02-02,0000034088-21-000004,8-K,2.02; 7.01,xom-20210202.htm,https://www.sec.gov/Archives/edgar/data/34088/000003408821000004/xom-20210202.htm,filings/XOM_0000034088_2021-02-02_0000034088-21-000004.txt,3433
XOM,EXXON MOBIL CORP,0000034088,2021-03-01,0000034088-21-000014,8-K,5.02,xom-20210224.htm,https://www.sec.gov/Archives/edgar/data/34088/000003408821000014/xom-20210224.htm,filings/XOM_0000034088_2021-03-01_0000034088-21-000014.txt,4033
XOM,EXXON MOBIL CORP,0000034088,2021-03-31,0000034088-21-000017,8-K,7.01,xom-20210331.htm,https://www.sec.gov/Archives/edgar/data/34088/000003408821000017/xom-20210331.htm,filings/XOM_0000034088_2021-03-31_0000034088-21-000017.txt,2808
XOM,EXXON MOBIL CORP,0000034088,2021-04-30,0000034088-21-000021,8-K,2.02; 7.01,xom-20210430.htm,https://www.sec.gov/Archives/edgar/data/34088/000003408821000021/xom-20210430.htm,filings/XOM_0000034088_2021-04-30_0000034088-21-000021.txt,3406
XOM,EXXON MOBIL CORP,0000034088,2021-06-02,0000034088-21-000031,8-K,5.07,xom-20210526.htm,https://www.sec.gov/Archives/edgar/data/34088/000003408821000031/xom-20210526.htm,filings/XOM_0000034088_2021-06-02_0000034088-21-000031.txt,7937
XOM,EXXON MOBIL CORP,0000034088,2021-06-21,0000034088-21-000037,8-K/A,5.07,xom-20210526.htm,https://www.sec.gov/Archives/edgar/data/34088/000003408821000037/xom-20210526.htm,filings/XOM_0000034088_2021-06-21_0000034088-21-000037.txt,6824
XOM,EXXON MOBIL CORP,0000034088,2021-06-30,0000034088-21-000041,8-K,7.01,xom-20210630.htm,https://www.sec.gov/Archives/edgar/data/34088/000003408821000041/xom-20210630.htm,filings/XOM_0000034088_2021-06-30_0000034088-21-000041.txt,2806
XOM,EXXON MOBIL CORP,0000034088,2021-07-22,0000034088-21-000043,8-K,5.02,xom-20210716.htm,https://www.sec.gov/Archives/edgar/data/34088/000003408821000043/xom-20210716.htm,filings/XOM_0000034088_2021-07-22_0000034088-21-000043.txt,5692
XOM,EXXON MOBIL CORP,0000034088,2021-07-30,0000034088-21-000046,8-K,2.02; 7.01,xom-20210730.htm,https://www.sec.gov/Archives/edgar/data/34088/000003408821000046/xom-20210730.htm,filings/XOM_0000034088_2021-07-30_0000034088-21-000046.txt,3403
XOM,EXXON MOBIL CORP,0000034088,2021-09-30,0000034088-21-000057,8-K,7.01,xom-20210930.htm,https://www.sec.gov/Archives/edgar/data/34088/000003408821000057/xom-20210930.htm,filings/XOM_0000034088_2021-09-30_0000034088-21-000057.txt,2816
XOM,EXXON MOBIL CORP,0000034088,2021-10-29,0000034088-21-000061,8-K,2.02; 7.01,xom-20211029.htm,https://www.sec.gov/Archives/edgar/data/34088/000003408821000061/xom-20211029.htm,filings/XOM_0000034088_2021-10-29_0000034088-21-000061.txt,3413
XOM,EXXON MOBIL CORP,0000034088,2021-11-17,0000034088-21-000066,8-K,8.01,xom-20211117.htm,https://www.sec.gov/Archives/edgar/data/34088/000003408821000066/xom-20211117.htm,filings/XOM_0000034088_2021-11-17_0000034088-21-000066.txt,2934
XOM,EXXON MOBIL CORP,0000034088,2021-11-30,0000034088-21-000069,8-K,5.02,xom-20211123.htm,https://www.sec.gov/Archives/edgar/data/34088/000003408821000069/xom-20211123.htm,filings/XOM_0000034088_2021-11-30_0000034088-21-000069.txt,5005
XOM,EXXON MOBIL CORP,0000034088,2021-12-17,0000950103-21-019926,8-K,1.02; 2.04; 8.01,dp163764_8k.htm,https://www.sec.gov/Archives/edgar/data/34088/000095010321019926/dp163764_8k.htm,filings/XOM_0000034088_2021-12-17_0000950103-21-019926.txt,4524
XOM,EXXON MOBIL CORP,0000034088,2021-12-30,0000034088-21-000072,8-K,7.01,xom-20211230.htm,https://www.sec.gov/Archives/edgar/data/34088/000003408821000072/xom-20211230.htm,filings/XOM_0000034088_2021-12-30_0000034088-21-000072.txt,2814
XOM,EXXON MOBIL CORP,0000034088,2022-01-31,0000034088-22-000002,8-K,7.01,xom-20220131.htm,https://www.sec.gov/Archives/edgar/data/34088/000003408822000002/xom-20220131.htm,filings/XOM_0000034088_2022-01-31_0000034088-22-000002.txt,3141
XOM,EXXON MOBIL CORP,0000034088,2022-02-01,0000034088-22-000005,8-K,2.02; 7.01,xom-20220201.htm,https://www.sec.gov/Archives/edgar/data/34088/000003408822000005/xom-20220201.htm,filings/XOM_0000034088_2022-02-01_0000034088-22-000005.txt,3415
XOM,EXXON MOBIL CORP,0000034088,2022-03-03,0000034088-22-000013,8-K,7.01,xom-20220301.htm,https://www.sec.gov/Archives/edgar/data/34088/000003408822000013/xom-20220301.htm,filings/XOM_0000034088_2022-03-03_0000034088-22-000013.txt,3136
XOM,EXXON MOBIL CORP,0000034088,2022-03-22,0000034088-22-000016,8-K,5.02; 7.01,xom-20220317.htm,https://www.sec.gov/Archives/edgar/data/34088/000003408822000016/xom-20220317.htm,filings/XOM_0000034088_2022-03-22_0000034088-22-000016.txt,3294
XOM,EXXON MOBIL CORP,0000034088,2022-04-04,0000034088-22-000018,8-K,7.01,xom-20220404.htm,https://www.sec.gov/Archives/edgar/data/34088/000003408822000018/xom-20220404.htm,filings/XOM_0000034088_2022-04-04_0000034088-22-000018.txt,2806
XOM,EXXON MOBIL CORP,0000034088,2022-04-29,0000034088-22-000023,8-K,2.02; 7.01,xom-20220429.htm,https://www.sec.gov/Archives/edgar/data/34088/000003408822000023/xom-20220429.htm,filings/XOM_0000034088_2022-04-29_0000034088-22-000023.txt,3405
XOM,EXXON MOBIL CORP,0000034088,2022-06-01,0000034088-22-000034,8-K,5.07,xom-20220525.htm,https://www.sec.gov/Archives/edgar/data/34088/000003408822000034/xom-20220525.htm,filings/XOM_0000034088_2022-06-01_0000034088-22-000034.txt,6463
XOM,EXXON MOBIL CORP,0000034088,2022-06-17,0000034088-22-000040,8-K,7.01,xom-20220617.htm,https://www.sec.gov/Archives/edgar/data/34088/000003408822000040/xom-20220617.htm,filings/XOM_0000034088_2022-06-17_0000034088-22-000040.txt,4089
XOM,EXXON MOBIL CORP,0000034088,2022-07-01,0000034088-22-000044,8-K,7.01,xom-20220701.htm,https://www.sec.gov/Archives/edgar/data/34088/000003408822000044/xom-20220701.htm,filings/XOM_0000034088_2022-07-01_0000034088-22-000044.txt,2804
XOM,EXXON MOBIL CORP,0000034088,2022-07-29,0000034088-22-000048,8-K,2.02; 7.01,xom-20220729.htm,https://www.sec.gov/Archives/edgar/data/34088/000003408822000048/xom-20220729.htm,filings/XOM_0000034088_2022-07-29_0000034088-22-000048.txt,3403
XOM,EXXON MOBIL CORP,0000034088,2022-10-04,0000034088-22-000054,8-K,7.01,xom-20221004.htm,https://www.sec.gov/Archives/edgar/data/34088/000003408822000054/xom-20221004.htm,filings/XOM_0000034088_2022-10-04_0000034088-22-000054.txt,2810
XOM,EXXON MOBIL CORP,0000034088,2022-10-28,0000034088-22-000057,8-K,2.02; 7.01,xom-20221028.htm,https://www.sec.gov/Archives/edgar/data/34088/000003408822000057/xom-20221028.htm,filings/XOM_0000034088_2022-10-28_0000034088-22-000057.txt,3413
XOM,EXXON MOBIL CORP,0000034088,2022-10-31,0000034088-22-000062,8-K,7.01,xom-20221028.htm,https://www.sec.gov/Archives/edgar/data/34088/000003408822000062/xom-20221028.htm,filings/XOM_0000034088_2022-10-31_0000034088-22-000062.txt,2905
XOM,EXXON MOBIL CORP,0000034088,2022-10-31,0000034088-22-000060,8-K,5.03,xom-20221025.htm,https://www.sec.gov/Archives/edgar/data/34088/000003408822000060/xom-20221025.htm,filings/XOM_0000034088_2022-10-31_0000034088-22-000060.txt,3619
XOM,EXXON MOBIL CORP,0000034088,2022-11-18,0000034088-22-000067,8-K,8.01,xom-20221118.htm,https://www.sec.gov/Archives/edgar/data/34088/000003408822000067/xom-20221118.htm,filings/XOM_0000034088_2022-11-18_0000034088-22-000067.txt,2967
XOM,EXXON MOBIL CORP,0000034088,2022-12-02,0000034088-22-000069,8-K,5.02,xom-20221130.htm,https://www.sec.gov/Archives/edgar/data/34088/000003408822000069/xom-20221130.htm,filings/XOM_0000034088_2022-12-02_0000034088-22-000069.txt,3754
XOM,EXXON MOBIL CORP,0000034088,2022-12-05,0000034088-22-000071,8-K,5.02,xom-20221130.htm,https://www.sec.gov/Archives/edgar/data/34088/000003408822000071/xom-20221130.htm,filings/XOM_0000034088_2022-12-05_0000034088-22-000071.txt,3221
XOM,EXXON MOBIL CORP,0000034088,2022-12-23,0000950103-22-021377,8-K,1.02; 8.01,dp185948_8k.htm,https://www.sec.gov/Archives/edgar/data/34088/000095010322021377/dp185948_8k.htm,filings/XOM_0000034088_2022-12-23_0000950103-22-021377.txt,4303
XOM,EXXON MOBIL CORP,0000034088,2023-01-04,0000034088-23-000003,8-K,7.01,xom-20230104.htm,https://www.sec.gov/Archives/edgar/data/34088/000003408823000003/xom-20230104.htm,filings/XOM_0000034088_2023-01-04_0000034088-23-000003.txt,2810
XOM,EXXON MOBIL CORP,0000034088,2023-01-26,0000034088-23-000008,8-K/A,5.02,xom-20221130.htm,https://www.sec.gov/Archives/edgar/data/34088/000003408823000008/xom-20221130.htm,filings/XOM_0000034088_2023-01-26_0000034088-23-000008.txt,3802
XOM,EXXON MOBIL CORP,0000034088,2023-01-31,0000034088-23-000011,8-K,2.02; 7.01,xom-20230131.htm,https://www.sec.gov/Archives/edgar/data/34088/000003408823000011/xom-20230131.htm,filings/XOM_0000034088_2023-01-31_0000034088-23-000011.txt,3405
XOM,EXXON MOBIL CORP,0000034088,2023-02-24,0000034088-23-000022,8-K,5.02,xom-20230221.htm,https://www.sec.gov/Archives/edgar/data/34088/000003408823000022/xom-20230221.htm,filings/XOM_0000034088_2023-02-24_0000034088-23-000022.txt,3463
XOM,EXXON MOBIL CORP,0000034088,2023-04-04,0000034088-23-000025,8-K,7.01,xom-20230404.htm,https://www.sec.gov/Archives/edgar/data/34088/000003408823000025/xom-20230404.htm,filings/XOM_0000034088_2023-04-04_0000034088-23-000025.txt,2806
XOM,EXXON MOBIL CORP,0000034088,2023-04-28,0000034088-23-000028,8-K,2.02; 7.01,xom-20230428.htm,https://www.sec.gov/Archives/edgar/data/34088/000003408823000028/xom-20230428.htm,filings/XOM_0000034088_2023-04-28_0000034088-23-000028.txt,3405
XOM,EXXON MOBIL CORP,0000034088,2023-06-06,0000034088-23-000036,8-K,5.07,xom-20230531.htm,https://www.sec.gov/Archives/edgar/data/34088/000003408823000036/xom-20230531.htm,filings/XOM_0000034088_2023-06-06_0000034088-23-000036.txt,8207
XOM,EXXON MOBIL CORP,0000034088,2023-07-05,0000034088-23-000043,8-K,7.01,xom-20230705.htm,https://www.sec.gov/Archives/edgar/data/34088/000003408823000043/xom-20230705.htm,filings/XOM_0000034088_2023-07-05_0000034088-23-000043.txt,2811
XOM,EXXON MOBIL CORP,0000034088,2023-07-13,0000950103-23-010291,8-K,8.01; 9.01,dp196727_8k.htm,https://www.sec.gov/Archives/edgar/data/34088/000095010323010291/dp196727_8k.htm,filings/XOM_0000034088_2023-07-13_0000950103-23-010291.txt,14684
XOM,EXXON MOBIL CORP,0000034088,2023-07-28,0000034088-23-000046,8-K,2.02; 7.01,xom-20230728.htm,https://www.sec.gov/Archives/edgar/data/34088/000003408823000046/xom-20230728.htm,filings/XOM_0000034088_2023-07-28_0000034088-23-000046.txt,3410
XOM,EXXON MOBIL CORP,0000034088,2023-10-04,0000034088-23-000051,8-K,7.01,xom-20231004.htm,https://www.sec.gov/Archives/edgar/data/34088/000003408823000051/xom-20231004.htm,filings/XOM_0000034088_2023-10-04_0000034088-23-000051.txt,2817
XOM,EXXON MOBIL CORP,0000034088,2023-10-11,0000950103-23-014885,8-K,1.01; 8.01; 9.01,dp201349_8k.htm,https://www.sec.gov/Archives/edgar/data/34088/000095010323014885/dp201349_8k.htm,filings/XOM_0000034088_2023-10-11_0000950103-23-014885.txt,23457
XOM,EXXON MOBIL CORP,0000034088,2023-10-20,0001193125-23-260004,8-K,8.01,d564047d8k.htm,https://www.sec.gov/Archives/edgar/data/34088/000119312523260004/d564047d8k.htm,filings/XOM_0000034088_2023-10-20_0001193125-23-260004.txt,16009
XOM,EXXON MOBIL CORP,0000034088,2023-10-27,0000034088-23-000054,8-K,2.02; 7.01,xom-20231027.htm,https://www.sec.gov/Archives/edgar/data/34088/000003408823000054/xom-20231027.htm,filings/XOM_0000034088_2023-10-27_0000034088-23-000054.txt,3420
XOM,EXXON MOBIL CORP,0000034088,2023-11-02,0001193125-23-268938,8-K,7.01,d566751d8k.htm,https://www.sec.gov/Archives/edgar/data/34088/000119312523268938/d566751d8k.htm,filings/XOM_0000034088_2023-11-02_0001193125-23-268938.txt,3697
XOM,EXXON MOBIL CORP,0000034088,2023-11-07,0000034088-23-000059,8-K,5.02,xom-20231106.htm,https://www.sec.gov/Archives/edgar/data/34088/000003408823000059/xom-20231106.htm,filings/XOM_0000034088_2023-11-07_0000034088-23-000059.txt,3554
XOM,EXXON MOBIL CORP,0000034088,2023-11-15,0000034088-23-000062,8-K,8.01,xom-20231115.htm,https://www.sec.gov/Archives/edgar/data/34088/000003408823000062/xom-20231115.htm,filings/XOM_0000034088_2023-11-15_0000034088-23-000062.txt,3020
XOM,EXXON MOBIL CORP,0000034088,2023-12-06,0000950103-23-017257,8-K,8.01,dp203718_8k.htm,https://www.sec.gov/Archives/edgar/data/34088/000095010323017257/dp203718_8k.htm,filings/XOM_0000034088_2023-12-06_0000950103-23-017257.txt,18321
XOM,EXXON MOBIL CORP,0000034088,2024-01-04,0000034088-24-000003,8-K,7.01,xom-20240104.htm,https://www.sec.gov/Archives/edgar/data/34088/000003408824000003/xom-20240104.htm,filings/XOM_0000034088_2024-01-04_0000034088-24-000003.txt,2817
XOM,EXXON MOBIL CORP,0000034088,2024-02-02,0000034088-24-000007,8-K,2.02; 7.01,xom-20240202.htm,https://www.sec.gov/Archives/edgar/data/34088/000003408824000007/xom-20240202.htm,filings/XOM_0000034088_2024-02-02_0000034088-24-000007.txt,3412
XOM,EXXON MOBIL CORP,0000034088,2024-02-28,0000034088-24-000017,8-K/A,5.02,xom-20231106.htm,https://www.sec.gov/Archives/edgar/data/34088/000003408824000017/xom-20231106.htm,filings/XOM_0000034088_2024-02-28_0000034088-24-000017.txt,3702
XOM,EXXON MOBIL CORP,0000034088,2024-02-28,0000034088-24-000015,8-K,5.02,xom-20240227.htm,https://www.sec.gov/Archives/edgar/data/34088/000003408824000015/xom-20240227.htm,filings/XOM_0000034088_2024-02-28_0000034088-24-000015.txt,2995
XOM,EXXON MOBIL CORP,0000034088,2024-04-03,0000034088-24-000021,8-K,7.01,xom-20240403.htm,https://www.sec.gov/Archives/edgar/data/34088/000003408824000021/xom-20240403.htm,filings/XOM_0000034088_2024-04-03_0000034088-24-000021.txt,2813
XOM,EXXON MOBIL CORP,0000034088,2024-04-26,0000034088-24-000025,8-K,2.02; 7.01,xom-20240426.htm,https://www.sec.gov/Archives/edgar/data/34088/000003408824000025/xom-20240426.htm,filings/XOM_0000034088_2024-04-26_0000034088-24-000025.txt,3412
XOM,EXXON MOBIL CORP,0000034088,2024-05-03,0000950103-24-006322,8-K,2.01; 5.02; 7.01; 8.01; 9.01,dp210867_8k.htm,https://www.sec.gov/Archives/edgar/data/34088/000095010324006322/dp210867_8k.htm,filings/XOM_0000034088_2024-05-03_0000950103-24-006322.txt,11463
XOM,EXXON MOBIL CORP,0000034088,2024-05-10,0000950103-24-006564,8-K,8.01; 9.01,dp211023_8k.htm,https://www.sec.gov/Archives/edgar/data/34088/000095010324006564/dp211023_8k.htm,filings/XOM_0000034088_2024-05-10_0000950103-24-006564.txt,4767
XOM,EXXON MOBIL CORP,0000034088,2024-05-31,0000034088-24-000036,8-K,5.02; 5.07,xom-20240529.htm,https://www.sec.gov/Archives/edgar/data/34088/000003408824000036/xom-20240529.htm,filings/XOM_0000034088_2024-05-31_0000034088-24-000036.txt,7073
XOM,EXXON MOBIL CORP,0000034088,2024-07-08,0000034088-24-000042,8-K,7.01,xom-20240708.htm,https://www.sec.gov/Archives/edgar/data/34088/000003408824000042/xom-20240708.htm,filings/XOM_0000034088_2024-07-08_0000034088-24-000042.txt,2763
XOM,EXXON MOBIL CORP,0000034088,2024-08-01,0000034088-24-000045,8-K/A,5.02,xom-20240503.htm,https://www.sec.gov/Archives/edgar/data/34088/000003408824000045/xom-20240503.htm,filings/XOM_0000034088_2024-08-01_0000034088-24-000045.txt,3550
XOM,EXXON MOBIL CORP,0000034088,2024-08-02,0000034088-24-000048,8-K,2.02; 7.01,xom-20240802.htm,https://www.sec.gov/Archives/edgar/data/34088/000003408824000048/xom-20240802.htm,filings/XOM_0000034088_2024-08-02_0000034088-24-000048.txt,3366
XOM,EXXON MOBIL CORP,0000034088,2024-10-03,0000034088-24-000059,8-K,7.01,xom-20241003.htm,https://www.sec.gov/Archives/edgar/data/34088/000003408824000059/xom-20241003.htm,filings/XOM_0000034088_2024-10-03_0000034088-24-000059.txt,2769
XOM,EXXON MOBIL CORP,0000034088,2024-10-08,0001193125-24-234137,8-K,8.01; 9.01,d888049d8k.htm,https://www.sec.gov/Archives/edgar/data/34088/000119312524234137/d888049d8k.htm,filings/XOM_0000034088_2024-10-08_0001193125-24-234137.txt,5419
XOM,EXXON MOBIL CORP,0000034088,2024-10-18,0000034088-24-000062,8-K,5.02,xom-20241017.htm,https://www.sec.gov/Archives/edgar/data/34088/000003408824000062/xom-20241017.htm,filings/XOM_0000034088_2024-10-18_0000034088-24-000062.txt,2817
XOM,EXXON MOBIL CORP,0000034088,2024-11-01,0000034088-24-000066,8-K,2.02; 7.01,xom-20241101.htm,https://www.sec.gov/Archives/edgar/data/34088/000003408824000066/xom-20241101.htm,filings/XOM_0000034088_2024-11-01_0000034088-24-000066.txt,3372
XOM,EXXON MOBIL CORP,0000034088,2024-11-12,0000034088-24-000071,8-K,8.01,xom-20241112.htm,https://www.sec.gov/Archives/edgar/data/34088/000003408824000071/xom-20241112.htm,filings/XOM_0000034088_2024-11-12_0000034088-24-000071.txt,2989
